Time_s,MotionPhase,LeftSideSpeed_mps,RightSideSpeed_mps,LeftFrontRearWheelSpeed_radps,RightFrontRearWheelSpeed_radps,LinearSpeed_mps,IdealYawRate_radps,SkidAdjustedYawRate_radps,IdealX_m,IdealY_m,IdealHeading_rad,SkidX_m,SkidY_m,SkidHeading_rad
0,Straight 1,0.25,0.25,7.14285714285714,7.14285714285714,0.25,0,0,0,0,0,0,0,0
0.02,Straight 1,0.25,0.25,7.14285714285714,7.14285714285714,0.25,0,0,0.005,0,0,0.005,0,0
0.04,Straight 1,0.25,0.25,7.14285714285714,7.14285714285714,0.25,0,0,0.01,0,0,0.01,0,0
0.06,Straight 1,0.25,0.25,7.14285714285714,7.14285714285714,0.25,0,0,0.015,0,0,0.015,0,0
0.08,Straight 1,0.25,0.25,7.14285714285714,7.14285714285714,0.25,0,0,0.02,0,0,0.02,0,0
0.1,Straight 1,0.25,0.25,7.14285714285714,7.14285714285714,0.25,0,0,0.025,0,0,0.025,0,0
0.12,Straight 1,0.25,0.25,7.14285714285714,7.14285714285714,0.25,0,0,0.03,0,0,0.03,0,0
0.14,Straight 1,0.25,0.25,7.14285714285714,7.14285714285714,0.25,0,0,0.035,0,0,0.035,0,0
0.16,Straight 1,0.25,0.25,7.14285714285714,7.14285714285714,0.25,0,0,0.04,0,0,0.04,0,0
0.18,Straight 1,0.25,0.25,7.14285714285714,7.14285714285714,0.25,0,0,0.045,0,0,0.045,0,0
0.2,Straight 1,0.25,0.25,7.14285714285714,7.14285714285714,0.25,0,0,0.05,0,0,0.05,0,0
0.22,Straight 1,0.25,0.25,7.14285714285714,7.14285714285714,0.25,0,0,0.055,0,0,0.055,0,0
0.24,Straight 1,0.25,0.25,7.14285714285714,7.14285714285714,0.25,0,0,0.06,0,0,0.06,0,0
0.26,Straight 1,0.25,0.25,7.14285714285714,7.14285714285714,0.25,0,0,0.065,0,0,0.065,0,0
0.28,Straight 1,0.25,0.25,7.14285714285714,7.14285714285714,0.25,0,0,0.07,0,0,0.07,0,0
0.3,Straight 1,0.25,0.25,7.14285714285714,7.14285714285714,0.25,0,0,0.075,0,0,0.075,0,0
0.32,Straight 1,0.25,0.25,7.14285714285714,7.14285714285714,0.25,0,0,0.08,0,0,0.08,0,0
0.34,Straight 1,0.25,0.25,7.14285714285714,7.14285714285714,0.25,0,0,0.085,0,0,0.085,0,0
0.36,Straight 1,0.25,0.25,7.14285714285714,7.14285714285714,0.25,0,0,0.09,0,0,0.09,0,0
0.38,Straight 1,0.25,0.25,7.14285714285714,7.14285714285714,0.25,0,0,0.095,0,0,0.095,0,0
0.4,Straight 1,0.25,0.25,7.14285714285714,7.14285714285714,0.25,0,0,0.1,0,0,0.1,0,0
0.42,Straight 1,0.25,0.25,7.14285714285714,7.14285714285714,0.25,0,0,0.105,0,0,0.105,0,0
0.44,Straight 1,0.25,0.25,7.14285714285714,7.14285714285714,0.25,0,0,0.11,0,0,0.11,0,0
0.46,Straight 1,0.25,0.25,7.14285714285714,7.14285714285714,0.25,0,0,0.115,0,0,0.115,0,0
0.48,Straight 1,0.25,0.25,7.14285714285714,7.14285714285714,0.25,0,0,0.12,0,0,0.12,0,0
0.5,Straight 1,0.25,0.25,7.14285714285714,7.14285714285714,0.25,0,0,0.125,0,0,0.125,0,0
0.52,Straight 1,0.25,0.25,7.14285714285714,7.14285714285714,0.25,0,0,0.13,0,0,0.13,0,0
0.54,Straight 1,0.25,0.25,7.14285714285714,7.14285714285714,0.25,0,0,0.135,0,0,0.135,0,0
0.56,Straight 1,0.25,0.25,7.14285714285714,7.14285714285714,0.25,0,0,0.14,0,0,0.14,0,0
0.58,Straight 1,0.25,0.25,7.14285714285714,7.14285714285714,0.25,0,0,0.145,0,0,0.145,0,0
0.6,Straight 1,0.25,0.25,7.14285714285714,7.14285714285714,0.25,0,0,0.15,0,0,0.15,0,0
0.62,Straight 1,0.25,0.25,7.14285714285714,7.14285714285714,0.25,0,0,0.155,0,0,0.155,0,0
0.64,Straight 1,0.25,0.25,7.14285714285714,7.14285714285714,0.25,0,0,0.16,0,0,0.16,0,0
0.66,Straight 1,0.25,0.25,7.14285714285714,7.14285714285714,0.25,0,0,0.165,0,0,0.165,0,0
0.68,Straight 1,0.25,0.25,7.14285714285714,7.14285714285714,0.25,0,0,0.17,0,0,0.17,0,0
0.7,Straight 1,0.25,0.25,7.14285714285714,7.14285714285714,0.25,0,0,0.175,0,0,0.175,0,0
0.72,Straight 1,0.25,0.25,7.14285714285714,7.14285714285714,0.25,0,0,0.18,0,0,0.18,0,0
0.74,Straight 1,0.25,0.25,7.14285714285714,7.14285714285714,0.25,0,0,0.185,0,0,0.185,0,0
0.76,Straight 1,0.25,0.25,7.14285714285714,7.14285714285714,0.25,0,0,0.19,0,0,0.19,0,0
0.78,Straight 1,0.25,0.25,7.14285714285714,7.14285714285714,0.25,0,0,0.195,0,0,0.195,0,0
0.8,Straight 1,0.25,0.25,7.14285714285714,7.14285714285714,0.25,0,0,0.2,0,0,0.2,0,0
0.82,Straight 1,0.25,0.25,7.14285714285714,7.14285714285714,0.25,0,0,0.205,0,0,0.205,0,0
0.84,Straight 1,0.25,0.25,7.14285714285714,7.14285714285714,0.25,0,0,0.21,0,0,0.21,0,0
0.86,Straight 1,0.25,0.25,7.14285714285714,7.14285714285714,0.25,0,0,0.215,0,0,0.215,0,0
0.88,Straight 1,0.25,0.25,7.14285714285714,7.14285714285714,0.25,0,0,0.22,0,0,0.22,0,0
0.9,Straight 1,0.25,0.25,7.14285714285714,7.14285714285714,0.25,0,0,0.225,0,0,0.225,0,0
0.92,Straight 1,0.25,0.25,7.14285714285714,7.14285714285714,0.25,0,0,0.23,0,0,0.23,0,0
0.94,Straight 1,0.25,0.25,7.14285714285714,7.14285714285714,0.25,0,0,0.235,0,0,0.235,0,0
0.96,Straight 1,0.25,0.25,7.14285714285714,7.14285714285714,0.25,0,0,0.24,0,0,0.24,0,0
0.98,Straight 1,0.25,0.25,7.14285714285714,7.14285714285714,0.25,0,0,0.245,0,0,0.245,0,0
1,Straight 1,0.25,0.25,7.14285714285714,7.14285714285714,0.25,0,0,0.25,0,0,0.25,0,0
1.02,Straight 1,0.25,0.25,7.14285714285714,7.14285714285714,0.25,0,0,0.255,0,0,0.255,0,0
1.04,Straight 1,0.25,0.25,7.14285714285714,7.14285714285714,0.25,0,0,0.26,0,0,0.26,0,0
1.06,Straight 1,0.25,0.25,7.14285714285714,7.14285714285714,0.25,0,0,0.265,0,0,0.265,0,0
1.08,Straight 1,0.25,0.25,7.14285714285714,7.14285714285714,0.25,0,0,0.27,0,0,0.27,0,0
1.1,Straight 1,0.25,0.25,7.14285714285714,7.14285714285714,0.25,0,0,0.275,0,0,0.275,0,0
1.12,Straight 1,0.25,0.25,7.14285714285714,7.14285714285714,0.25,0,0,0.28,0,0,0.28,0,0
1.14,Straight 1,0.25,0.25,7.14285714285714,7.14285714285714,0.25,0,0,0.285,0,0,0.285,0,0
1.16,Straight 1,0.25,0.25,7.14285714285714,7.14285714285714,0.25,0,0,0.29,0,0,0.29,0,0
1.18,Straight 1,0.25,0.25,7.14285714285714,7.14285714285714,0.25,0,0,0.295,0,0,0.295,0,0
1.2,Straight 1,0.25,0.25,7.14285714285714,7.14285714285714,0.25,0,0,0.3,0,0,0.3,0,0
1.22,Straight 1,0.25,0.25,7.14285714285714,7.14285714285714,0.25,0,0,0.305,0,0,0.305,0,0
1.24,Straight 1,0.25,0.25,7.14285714285714,7.14285714285714,0.25,0,0,0.31,0,0,0.31,0,0
1.26,Straight 1,0.25,0.25,7.14285714285714,7.14285714285714,0.25,0,0,0.315,0,0,0.315,0,0
1.28,Straight 1,0.25,0.25,7.14285714285714,7.14285714285714,0.25,0,0,0.32,0,0,0.32,0,0
1.3,Straight 1,0.25,0.25,7.14285714285714,7.14285714285714,0.25,0,0,0.325,0,0,0.325,0,0
1.32,Straight 1,0.25,0.25,7.14285714285714,7.14285714285714,0.25,0,0,0.33,0,0,0.33,0,0
1.34,Straight 1,0.25,0.25,7.14285714285714,7.14285714285714,0.25,0,0,0.335,0,0,0.335,0,0
1.36,Straight 1,0.25,0.25,7.14285714285714,7.14285714285714,0.25,0,0,0.34,0,0,0.34,0,0
1.38,Straight 1,0.25,0.25,7.14285714285714,7.14285714285714,0.25,0,0,0.345,0,0,0.345,0,0
1.4,Straight 1,0.25,0.25,7.14285714285714,7.14285714285714,0.25,0,0,0.35,0,0,0.35,0,0
1.42,Straight 1,0.25,0.25,7.14285714285714,7.14285714285714,0.25,0,0,0.355,0,0,0.355,0,0
1.44,Straight 1,0.25,0.25,7.14285714285714,7.14285714285714,0.25,0,0,0.36,0,0,0.36,0,0
1.46,Straight 1,0.25,0.25,7.14285714285714,7.14285714285714,0.25,0,0,0.365,0,0,0.365,0,0
1.48,Straight 1,0.25,0.25,7.14285714285714,7.14285714285714,0.25,0,0,0.37,0,0,0.37,0,0
1.5,Straight 1,0.25,0.25,7.14285714285714,7.14285714285714,0.25,0,0,0.375,0,0,0.375,0,0
1.52,Straight 1,0.25,0.25,7.14285714285714,7.14285714285714,0.25,0,0,0.38,0,0,0.38,0,0
1.54,Straight 1,0.25,0.25,7.14285714285714,7.14285714285714,0.25,0,0,0.385,0,0,0.385,0,0
1.56,Straight 1,0.25,0.25,7.14285714285714,7.14285714285714,0.25,0,0,0.39,0,0,0.39,0,0
1.58,Straight 1,0.25,0.25,7.14285714285714,7.14285714285714,0.25,0,0,0.395,0,0,0.395,0,0
1.6,Straight 1,0.25,0.25,7.14285714285714,7.14285714285714,0.25,0,0,0.4,0,0,0.4,0,0
1.62,Straight 1,0.25,0.25,7.14285714285714,7.14285714285714,0.25,0,0,0.405,0,0,0.405,0,0
1.64,Straight 1,0.25,0.25,7.14285714285714,7.14285714285714,0.25,0,0,0.41,0,0,0.41,0,0
1.66,Straight 1,0.25,0.25,7.14285714285714,7.14285714285714,0.25,0,0,0.415,0,0,0.415,0,0
1.68,Straight 1,0.25,0.25,7.14285714285714,7.14285714285714,0.25,0,0,0.42,0,0,0.42,0,0
1.7,Straight 1,0.25,0.25,7.14285714285714,7.14285714285714,0.25,0,0,0.425,0,0,0.425,0,0
1.72,Straight 1,0.25,0.25,7.14285714285714,7.14285714285714,0.25,0,0,0.43,0,0,0.43,0,0
1.74,Straight 1,0.25,0.25,7.14285714285714,7.14285714285714,0.25,0,0,0.435,0,0,0.435,0,0
1.76,Straight 1,0.25,0.25,7.14285714285714,7.14285714285714,0.25,0,0,0.44,0,0,0.44,0,0
1.78,Straight 1,0.25,0.25,7.14285714285714,7.14285714285714,0.25,0,0,0.445,0,0,0.445,0,0
1.8,Straight 1,0.25,0.25,7.14285714285714,7.14285714285714,0.25,0,0,0.45,0,0,0.45,0,0
1.82,Straight 1,0.25,0.25,7.14285714285714,7.14285714285714,0.25,0,0,0.455,0,0,0.455,0,0
1.84,Straight 1,0.25,0.25,7.14285714285714,7.14285714285714,0.25,0,0,0.46,0,0,0.46,0,0
1.86,Straight 1,0.25,0.25,7.14285714285714,7.14285714285714,0.25,0,0,0.465,0,0,0.465,0,0
1.88,Straight 1,0.25,0.25,7.14285714285714,7.14285714285714,0.25,0,0,0.47,0,0,0.47,0,0
1.9,Straight 1,0.25,0.25,7.14285714285714,7.14285714285714,0.25,0,0,0.475,0,0,0.475,0,0
1.92,Straight 1,0.25,0.25,7.14285714285714,7.14285714285714,0.25,0,0,0.48,0,0,0.48,0,0
1.94,Straight 1,0.25,0.25,7.14285714285714,7.14285714285714,0.25,0,0,0.485,0,0,0.485,0,0
1.96,Straight 1,0.25,0.25,7.14285714285714,7.14285714285714,0.25,0,0,0.49,0,0,0.49,0,0
1.98,Straight 1,0.25,0.25,7.14285714285714,7.14285714285714,0.25,0,0,0.495,0,0,0.495,0,0
2,Straight 1,0.25,0.25,7.14285714285714,7.14285714285714,0.25,0,0,0.5,0,0,0.5,0,0
2.02,Straight 1,0.25,0.25,7.14285714285714,7.14285714285714,0.25,0,0,0.505,0,0,0.505,0,0
2.04,Straight 1,0.25,0.25,7.14285714285714,7.14285714285714,0.25,0,0,0.51,0,0,0.51,0,0
2.06,Straight 1,0.25,0.25,7.14285714285714,7.14285714285714,0.25,0,0,0.515,0,0,0.515,0,0
2.08,Straight 1,0.25,0.25,7.14285714285714,7.14285714285714,0.25,0,0,0.52,0,0,0.52,0,0
2.1,Straight 1,0.25,0.25,7.14285714285714,7.14285714285714,0.25,0,0,0.525,0,0,0.525,0,0
2.12,Straight 1,0.25,0.25,7.14285714285714,7.14285714285714,0.25,0,0,0.53,0,0,0.53,0,0
2.14,Straight 1,0.25,0.25,7.14285714285714,7.14285714285714,0.25,0,0,0.535,0,0,0.535,0,0
2.16,Straight 1,0.25,0.25,7.14285714285714,7.14285714285714,0.25,0,0,0.54,0,0,0.54,0,0
2.18,Straight 1,0.25,0.25,7.14285714285714,7.14285714285714,0.25,0,0,0.545,0,0,0.545,0,0
2.2,Straight 1,0.25,0.25,7.14285714285714,7.14285714285714,0.25,0,0,0.55,0,0,0.55,0,0
2.22,Straight 1,0.25,0.25,7.14285714285714,7.14285714285714,0.25,0,0,0.555,0,0,0.555,0,0
2.24,Straight 1,0.25,0.25,7.14285714285714,7.14285714285714,0.25,0,0,0.56,0,0,0.56,0,0
2.26,Straight 1,0.25,0.25,7.14285714285714,7.14285714285714,0.25,0,0,0.565,0,0,0.565,0,0
2.28,Straight 1,0.25,0.25,7.14285714285714,7.14285714285714,0.25,0,0,0.57,0,0,0.57,0,0
2.3,Straight 1,0.25,0.25,7.14285714285714,7.14285714285714,0.25,0,0,0.575,0,0,0.575,0,0
2.32,Straight 1,0.25,0.25,7.14285714285714,7.14285714285714,0.25,0,0,0.58,0,0,0.58,0,0
2.34,Straight 1,0.25,0.25,7.14285714285714,7.14285714285714,0.25,0,0,0.585,0,0,0.585,0,0
2.36,Straight 1,0.25,0.25,7.14285714285714,7.14285714285714,0.25,0,0,0.59,0,0,0.59,0,0
2.38,Straight 1,0.25,0.25,7.14285714285714,7.14285714285714,0.25,0,0,0.595,0,0,0.595,0,0
2.4,Straight 1,0.25,0.25,7.14285714285714,7.14285714285714,0.25,0,0,0.6,0,0,0.6,0,0
2.42,Straight 1,0.25,0.25,7.14285714285714,7.14285714285714,0.25,0,0,0.605,0,0,0.605,0,0
2.44,Straight 1,0.25,0.25,7.14285714285714,7.14285714285714,0.25,0,0,0.61,0,0,0.61,0,0
2.46,Straight 1,0.25,0.25,7.14285714285714,7.14285714285714,0.25,0,0,0.615,0,0,0.615,0,0
2.48,Straight 1,0.25,0.25,7.14285714285714,7.14285714285714,0.25,0,0,0.62,0,0,0.62,0,0
2.5,Straight 1,0.25,0.25,7.14285714285714,7.14285714285714,0.25,0,0,0.625,0,0,0.625,0,0
2.52,Straight 1,0.25,0.25,7.14285714285714,7.14285714285714,0.25,0,0,0.63,0,0,0.63,0,0
2.54,Straight 1,0.25,0.25,7.14285714285714,7.14285714285714,0.25,0,0,0.635,0,0,0.635,0,0
2.56,Straight 1,0.25,0.25,7.14285714285714,7.14285714285714,0.25,0,0,0.64,0,0,0.64,0,0
2.58,Straight 1,0.25,0.25,7.14285714285714,7.14285714285714,0.25,0,0,0.645,0,0,0.645,0,0
2.6,Straight 1,0.25,0.25,7.14285714285714,7.14285714285714,0.25,0,0,0.65,0,0,0.65,0,0
2.62,Straight 1,0.25,0.25,7.14285714285714,7.14285714285714,0.25,0,0,0.655,0,0,0.655,0,0
2.64,Straight 1,0.25,0.25,7.14285714285714,7.14285714285714,0.25,0,0,0.66,0,0,0.66,0,0
2.66,Straight 1,0.25,0.25,7.14285714285714,7.14285714285714,0.25,0,0,0.665,0,0,0.665,0,0
2.68,Straight 1,0.25,0.25,7.14285714285714,7.14285714285714,0.25,0,0,0.67,0,0,0.67,0,0
2.7,Straight 1,0.25,0.25,7.14285714285714,7.14285714285714,0.25,0,0,0.675,0,0,0.675,0,0
2.72,Straight 1,0.25,0.25,7.14285714285714,7.14285714285714,0.25,0,0,0.68,0,0,0.68,0,0
2.74,Straight 1,0.25,0.25,7.14285714285714,7.14285714285714,0.25,0,0,0.685,0,0,0.685,0,0
2.76,Straight 1,0.25,0.25,7.14285714285714,7.14285714285714,0.25,0,0,0.69,0,0,0.69,0,0
2.78,Straight 1,0.25,0.25,7.14285714285714,7.14285714285714,0.25,0,0,0.695,0,0,0.695,0,0
2.8,Straight 1,0.25,0.25,7.14285714285714,7.14285714285714,0.25,0,0,0.7,0,0,0.7,0,0
2.82,Straight 1,0.25,0.25,7.14285714285714,7.14285714285714,0.25,0,0,0.705,0,0,0.705,0,0
2.84,Straight 1,0.25,0.25,7.14285714285714,7.14285714285714,0.25,0,0,0.71,0,0,0.71,0,0
2.86,Straight 1,0.25,0.25,7.14285714285714,7.14285714285714,0.25,0,0,0.715,0,0,0.715,0,0
2.88,Straight 1,0.25,0.25,7.14285714285714,7.14285714285714,0.25,0,0,0.72,0,0,0.72,0,0
2.9,Straight 1,0.25,0.25,7.14285714285714,7.14285714285714,0.25,0,0,0.725,0,0,0.725,0,0
2.92,Straight 1,0.25,0.25,7.14285714285714,7.14285714285714,0.25,0,0,0.73,0,0,0.73,0,0
2.94,Straight 1,0.25,0.25,7.14285714285714,7.14285714285714,0.25,0,0,0.735,0,0,0.735,0,0
2.96,Straight 1,0.25,0.25,7.14285714285714,7.14285714285714,0.25,0,0,0.74,0,0,0.74,0,0
2.98,Straight 1,0.25,0.25,7.14285714285714,7.14285714285714,0.25,0,0,0.745,0,0,0.745,0,0
3,Straight 1,0.25,0.25,7.14285714285714,7.14285714285714,0.25,0,0,0.75,0,0,0.75,0,0
3.02,Straight 1,0.25,0.25,7.14285714285714,7.14285714285714,0.25,0,0,0.755,0,0,0.755,0,0
3.04,Straight 1,0.25,0.25,7.14285714285714,7.14285714285714,0.25,0,0,0.76,0,0,0.76,0,0
3.06,Straight 1,0.25,0.25,7.14285714285714,7.14285714285714,0.25,0,0,0.765,0,0,0.765,0,0
3.08,Straight 1,0.25,0.25,7.14285714285714,7.14285714285714,0.25,0,0,0.77,0,0,0.77,0,0
3.1,Straight 1,0.25,0.25,7.14285714285714,7.14285714285714,0.25,0,0,0.775,0,0,0.775,0,0
3.12,Straight 1,0.25,0.25,7.14285714285714,7.14285714285714,0.25,0,0,0.78,0,0,0.78,0,0
3.14,Straight 1,0.25,0.25,7.14285714285714,7.14285714285714,0.25,0,0,0.785,0,0,0.785,0,0
3.16,Straight 1,0.25,0.25,7.14285714285714,7.14285714285714,0.25,0,0,0.79,0,0,0.79,0,0
3.18,Straight 1,0.25,0.25,7.14285714285714,7.14285714285714,0.25,0,0,0.795,0,0,0.795,0,0
3.2,Straight 1,0.25,0.25,7.14285714285714,7.14285714285714,0.25,0,0,0.8,0,0,0.8,0,0
3.22,Straight 1,0.25,0.25,7.14285714285714,7.14285714285714,0.25,0,0,0.805,0,0,0.805,0,0
3.24,Straight 1,0.25,0.25,7.14285714285714,7.14285714285714,0.25,0,0,0.81,0,0,0.81,0,0
3.26,Straight 1,0.25,0.25,7.14285714285714,7.14285714285714,0.25,0,0,0.815,0,0,0.815,0,0
3.28,Straight 1,0.25,0.25,7.14285714285714,7.14285714285714,0.25,0,0,0.82,0,0,0.82,0,0
3.3,Straight 1,0.25,0.25,7.14285714285714,7.14285714285714,0.25,0,0,0.825,0,0,0.825,0,0
3.32,Straight 1,0.25,0.25,7.14285714285714,7.14285714285714,0.25,0,0,0.83,0,0,0.83,0,0
3.34,Straight 1,0.25,0.25,7.14285714285714,7.14285714285714,0.25,0,0,0.835,0,0,0.835,0,0
3.36,Straight 1,0.25,0.25,7.14285714285714,7.14285714285714,0.25,0,0,0.84,0,0,0.84,0,0
3.38,Straight 1,0.25,0.25,7.14285714285714,7.14285714285714,0.25,0,0,0.845,0,0,0.845,0,0
3.4,Straight 1,0.25,0.25,7.14285714285714,7.14285714285714,0.25,0,0,0.85,0,0,0.85,0,0
3.42,Straight 1,0.25,0.25,7.14285714285714,7.14285714285714,0.25,0,0,0.855,0,0,0.855,0,0
3.44,Straight 1,0.25,0.25,7.14285714285714,7.14285714285714,0.25,0,0,0.86,0,0,0.86,0,0
3.46,Straight 1,0.25,0.25,7.14285714285714,7.14285714285714,0.25,0,0,0.865,0,0,0.865,0,0
3.48,Straight 1,0.25,0.25,7.14285714285714,7.14285714285714,0.25,0,0,0.87,0,0,0.87,0,0
3.5,Straight 1,0.25,0.25,7.14285714285714,7.14285714285714,0.25,0,0,0.875,0,0,0.875,0,0
3.52,Straight 1,0.25,0.25,7.14285714285714,7.14285714285714,0.25,0,0,0.88,0,0,0.88,0,0
3.54,Straight 1,0.25,0.25,7.14285714285714,7.14285714285714,0.25,0,0,0.885,0,0,0.885,0,0
3.56,Straight 1,0.25,0.25,7.14285714285714,7.14285714285714,0.25,0,0,0.89,0,0,0.89,0,0
3.58,Straight 1,0.25,0.25,7.14285714285714,7.14285714285714,0.25,0,0,0.895,0,0,0.895,0,0
3.6,Straight 1,0.25,0.25,7.14285714285714,7.14285714285714,0.25,0,0,0.9,0,0,0.9,0,0
3.62,Straight 1,0.25,0.25,7.14285714285714,7.14285714285714,0.25,0,0,0.905,0,0,0.905,0,0
3.64,Straight 1,0.25,0.25,7.14285714285714,7.14285714285714,0.25,0,0,0.91,0,0,0.91,0,0
3.66,Straight 1,0.25,0.25,7.14285714285714,7.14285714285714,0.25,0,0,0.915,0,0,0.915,0,0
3.68,Straight 1,0.25,0.25,7.14285714285714,7.14285714285714,0.25,0,0,0.92,0,0,0.92,0,0
3.7,Straight 1,0.25,0.25,7.14285714285714,7.14285714285714,0.25,0,0,0.925,0,0,0.925,0,0
3.72,Straight 1,0.25,0.25,7.14285714285714,7.14285714285714,0.25,0,0,0.93,0,0,0.93,0,0
3.74,Straight 1,0.25,0.25,7.14285714285714,7.14285714285714,0.25,0,0,0.935,0,0,0.935,0,0
3.76,Straight 1,0.25,0.25,7.14285714285714,7.14285714285714,0.25,0,0,0.94,0,0,0.94,0,0
3.78,Straight 1,0.25,0.25,7.14285714285714,7.14285714285714,0.25,0,0,0.945,0,0,0.945,0,0
3.8,Straight 1,0.25,0.25,7.14285714285714,7.14285714285714,0.25,0,0,0.95,0,0,0.95,0,0
3.82,Straight 1,0.25,0.25,7.14285714285714,7.14285714285714,0.25,0,0,0.955,0,0,0.955,0,0
3.84,Straight 1,0.25,0.25,7.14285714285714,7.14285714285714,0.25,0,0,0.96,0,0,0.96,0,0
3.86,Straight 1,0.25,0.25,7.14285714285714,7.14285714285714,0.25,0,0,0.965,0,0,0.965,0,0
3.88,Straight 1,0.25,0.25,7.14285714285714,7.14285714285714,0.25,0,0,0.97,0,0,0.97,0,0
3.9,Straight 1,0.25,0.25,7.14285714285714,7.14285714285714,0.25,0,0,0.975,0,0,0.975,0,0
3.92,Straight 1,0.25,0.25,7.14285714285714,7.14285714285714,0.25,0,0,0.98,0,0,0.98,0,0
3.94,Straight 1,0.25,0.25,7.14285714285714,7.14285714285714,0.25,0,0,0.985,0,0,0.985,0,0
3.96,Straight 1,0.25,0.25,7.14285714285714,7.14285714285714,0.25,0,0,0.99,0,0,0.99,0,0
3.98,Straight 1,0.25,0.25,7.14285714285714,7.14285714285714,0.25,0,0,0.995,0,0,0.995,0,0
4,Left arc,0.12,0.28,3.42857142857143,8,0.2,0.592592592592593,0.474074074074074,1,0,0,1,0,0
4.02,Left arc,0.12,0.28,3.42857142857143,8,0.2,0.592592592592593,0.474074074074074,1.00399992976701,2.37035649717091e-05,0.0118518518518521,1.00399995505084,1.89628919321371e-05,0.0094814814814817
4.04,Left arc,0.12,0.28,3.42857142857143,8,0.2,0.592592592592593,0.474074074074074,1.00799929768489,9.48109303715494e-05,0.0237037037037037,1.00799955051445,7.58498630059449e-05,0.018962962962963
4.06,Left arc,0.12,0.28,3.42857142857143,8,0.2,0.592592592592593,0.474074074074074,1.01199754198344,0.000213312108121359,0.0355555555555559,1.01199842683592,0.000170655799206879,0.0284444444444447
4.08,Left arc,0.12,0.28,3.42857142857143,8,0.2,0.592592592592593,0.474074074074074,1.01599410105028,0.000379190452983046,0.0474074074074075,1.01599622452501,0.000303372177688169,0.037925925925926
4.1,Left arc,0.12,0.28,3.42857142857143,8,0.2,0.592592592592593,0.474074074074074,1.01998841350974,0.00059242266489669,0.0592592592592591,1.01999258418843,0.000473987067537033,0.0474074074074073
4.12,Left arc,0.12,0.28,3.42857142857143,8,0.2,0.592592592592593,0.474074074074074,1.02397991830173,0.000852978792253372,0.0711111111111112,1.02398714656215,0.000682485130847233,0.056888888888889
4.14,Left arc,0.12,0.28,3.42857142857143,8,0.2,0.592592592592593,0.474074074074074,1.02796805476054,0.00116082223610228,0.0829629629629628,1.02797955254375,0.000928847624097882,0.0663703703703702
4.16,Left arc,0.12,0.28,3.42857142857143,8,0.2,0.592592592592593,0.474074074074074,1.03195226269358,0.00151590975529164,0.0948148148148149,1.03196944322464,0.00121305239983852,0.0758518518518519
4.18,Left arc,0.12,0.28,3.42857142857143,8,0.2,0.592592592592593,0.474074074074074,1.03593198246009,0.00191819147254249,0.106666666666667,1.03595645992236,0.00153507390868003,0.0853333333333332
4.2,Left arc,0.12,0.28,3.42857142857143,8,0.2,0.592592592592593,0.474074074074074,1.03990665504974,0.00236761088145479,0.118518518518519,1.03994024421279,0.00189488320159157,0.0948148148148149
4.22,Left arc,0.12,0.28,3.42857142857143,8,0.2,0.592592592592593,0.474074074074074,1.04387572216114,0.00286410485444445,0.13037037037037,1.04392043796244,0.00229244793250292,0.104296296296296
4.24,Left arc,0.12,0.28,3.42857142857143,8,0.2,0.592592592592593,0.474074074074074,1.04783862628027,0.00340760365161066,0.142222222222222,1.04789668336057,0.00272773236121245,0.113777777777778
4.26,Left arc,0.12,0.28,3.42857142857143,8,0.2,0.592592592592593,0.474074074074074,1.05179481075882,0.00399803093053173,0.154074074074074,1.05186862295139,0.00320069735659994,0.123259259259259
4.28,Left arc,0.12,0.28,3.42857142857143,8,0.2,0.592592592592593,0.474074074074074,1.05574371989233,0.00463530375698873,0.165925925925926,1.05583589966621,0.00371130040014455,0.132740740740741
4.3,Left arc,0.12,0.28,3.42857142857143,8,0.2,0.592592592592593,0.474074074074074,1.05968479899826,0.00531933261661456,0.177777777777778,1.0597981568555,0.00425949558974694,0.142222222222222
4.32,Left arc,0.12,0.28,3.42857142857143,8,0.2,0.592592592592593,0.474074074074074,1.06361749449393,0.00605002142746783,0.18962962962963,1.06375503832099,0.00484523364385601,0.151703703703704
4.34,Left arc,0.12,0.28,3.42857142857143,8,0.2,0.592592592592593,0.474074074074074,1.06754125397426,0.00682726755352872,0.201481481481482,1.06770618834768,0.00546846190589895,0.161185185185185
4.36,Left arc,0.12,0.28,3.42857142857143,8,0.2,0.592592592592593,0.474074074074074,1.07145552628938,0.007650961819116,0.213333333333334,1.0716512517358,0.00612912434901517,0.170666666666667
4.38,Left arc,0.12,0.28,3.42857142857143,8,0.2,0.592592592592593,0.474074074074074,1.07535976162199,0.00852098852422207,0.225185185185185,1.07558987383275,0.00682716158109281,0.180148148148148
4.4,Left arc,0.12,0.28,3.42857142857143,8,0.2,0.592592592592593,0.474074074074074,1.07925341156466,0.00943722546076505,0.237037037037037,1.07952170056502,0.00756251085010817,0.18962962962963
4.42,Left arc,0.12,0.28,3.42857142857143,8,0.2,0.592592592592593,0.474074074074074,1.08313592919685,0.0103995439297544,0.248888888888889,1.08344637846995,0.00833510604976671,0.199111111111111
4.44,Left arc,0.12,0.28,3.42857142857143,8,0.2,0.592592592592593,0.474074074074074,1.08700676916168,0.0114078087593688,0.260740740740741,1.08736355472757,0.00914487772544615,0.208592592592593
4.46,Left arc,0.12,0.28,3.42857142857143,8,0.2,0.592592592592593,0.474074074074074,1.09086538774261,0.0124618783239429,0.272592592592593,1.09127287719228,0.00999175308044003,0.218074074074074
4.48,Left arc,0.12,0.28,3.42857142857143,8,0.2,0.592592592592593,0.474074074074074,1.09471124293973,0.013561604563861,0.284444444444445,1.09517399442453,0.0108756559825022,0.227555555555556
4.5,Left arc,0.12,0.28,3.42857142857143,8,0.2,0.592592592592593,0.474074074074074,1.09854379454597,0.0147068330063536,0.296296296296297,1.09906655572238,0.0117965069706907,0.237037037037037
4.52,Left arc,0.12,0.28,3.42857142857143,8,0.2,0.592592592592593,0.474074074074074,1.10236250422294,0.0158974027871962,0.308148148148149,1.10295021115308,0.0127542232625115,0.246518518518519
4.54,Left arc,0.12,0.28,3.42857142857143,8,0.2,0.592592592592593,0.474074074074074,1.10616683557653,0.0171331466733044,0.32,1.10682461158447,0.01374871876136,0.256
4.56,Left arc,0.12,0.28,3.42857142857143,8,0.2,0.592592592592593,0.474074074074074,1.10995625423231,0.0184138910862246,0.331851851851852,1.11068940871642,0.0147799040642612,0.265481481481482
4.58,Left arc,0.12,0.28,3.42857142857143,8,0.2,0.592592592592593,0.474074074074074,1.11373022791054,0.0197394561265153,0.343703703703704,1.11454425511208,0.0158476864699068,0.274962962962963
4.6,Left arc,0.12,0.28,3.42857142857143,8,0.2,0.592592592592593,0.474074074074074,1.11748822650095,0.0211096555990172,0.355555555555556,1.1183888042292,0.016951969986989,0.284444444444445
4.62,Left arc,0.12,0.28,3.42857142857143,8,0.2,0.592592592592593,0.474074074074074,1.12122972213723,0.0225242970390064,0.367407407407408,1.12222271045118,0.0180926553428294,0.293925925925926
4.64,Left arc,0.12,0.28,3.42857142857143,8,0.2,0.592592592592593,0.474074074074074,1.12495418927112,0.0239831817392295,0.379259259259259,1.12604562911823,0.0192696399923041,0.303407407407407
4.66,Left arc,0.12,0.28,3.42857142857143,8,0.2,0.592592592592593,0.474074074074074,1.1286611047463,0.0254861047778146,0.391111111111111,1.12985721655831,0.0204828181270616,0.312888888888889
4.68,Left arc,0.12,0.28,3.42857142857143,8,0.2,0.592592592592593,0.474074074074074,1.1323499478718,0.0270328550470556,0.402962962962963,1.13365713011802,0.0217320806850354,0.32237037037037
4.7,Left arc,0.12,0.28,3.42857142857143,8,0.2,0.592592592592593,0.474074074074074,1.13602020049522,0.0286232152830658,0.414814814814815,1.13744502819342,0.0230173153602477,0.331851851851852
4.72,Left arc,0.12,0.28,3.42857142857143,8,0.2,0.592592592592593,0.474074074074074,1.13967134707545,0.0302569620962949,0.426666666666667,1.14122057026074,0.0243384066129063,0.341333333333333
4.74,Left arc,0.12,0.28,3.42857142857143,8,0.2,0.592592592592593,0.474074074074074,1.14330287475508,0.0319338660029087,0.438518518518519,1.144983416907,0.0256952356797906,0.350814814814815
4.76,Left arc,0.12,0.28,3.42857142857143,8,0.2,0.592592592592593,0.474074074074074,1.14691427343252,0.033653691457022,0.45037037037037,1.14873322986049,0.0270876805849286,0.360296296296296
4.78,Left arc,0.12,0.28,3.42857142857143,8,0.2,0.592592592592593,0.474074074074074,1.15050503583355,0.035416196883786,0.462222222222223,1.15246967202121,0.0285156161505624,0.369777777777778
4.8,Left arc,0.12,0.28,3.42857142857143,8,0.2,0.592592592592593,0.474074074074074,1.15407465758263,0.0372211347133197,0.474074074074074,1.15619240749116,0.0299789140084006,0.379259259259259
4.82,Left arc,0.12,0.28,3.42857142857143,8,0.2,0.592592592592593,0.474074074074074,1.15762263727375,0.0390682514154857,0.485925925925926,1.15990110160456,0.0314774426111596,0.388740740740741
4.84,Left arc,0.12,0.28,3.42857142857143,8,0.2,0.592592592592593,0.474074074074074,1.16114847654082,0.0409572875355015,0.497777777777778,1.16359542095788,0.0330110672443882,0.398222222222222
4.86,Left arc,0.12,0.28,3.42857142857143,8,0.2,0.592592592592593,0.474074074074074,1.16465168012774,0.0428879777303847,0.50962962962963,1.16727503343989,0.034579650038579,0.407703703703704
4.88,Left arc,0.12,0.28,3.42857142857143,8,0.2,0.592592592592593,0.474074074074074,1.16813175595788,0.0448600508062231,0.521481481481482,1.17093960826146,0.0361830499815619,0.417185185185185
4.9,Left arc,0.12,0.28,3.42857142857143,8,0.2,0.592592592592593,0.474074074074074,1.17158821520328,0.0468732297562691,0.533333333333334,1.1745888159853,0.0378211229311814,0.426666666666667
4.92,Left arc,0.12,0.28,3.42857142857143,8,0.2,0.592592592592593,0.474074074074074,1.17502057235326,0.0489272317998484,0.545185185185185,1.1782223285556,0.0394937216282541,0.436148148148148
4.94,Left arc,0.12,0.28,3.42857142857143,8,0.2,0.592592592592593,0.474074074074074,1.17842834528262,0.0510217684220817,0.557037037037037,1.18183981932752,0.0412006957098076,0.44562962962963
4.96,Left arc,0.12,0.28,3.42857142857143,8,0.2,0.592592592592593,0.474074074074074,1.18181105531942,0.0531565454144096,0.568888888888889,1.18544096309652,0.0429418917225971,0.455111111111111
4.98,Left arc,0.12,0.28,3.42857142857143,8,0.2,0.592592592592593,0.474074074074074,1.18516822731212,0.05533126291592,0.580740740740741,1.18902543612765,0.0447171531369011,0.464592592592593
5,Left arc,0.12,0.28,3.42857142857143,8,0.2,0.592592592592593,0.474074074074074,1.18849938969643,0.0575456154554667,0.592592592592593,1.1925929161846,0.0465263203605927,0.474074074074074
5.02,Left arc,0.12,0.28,3.42857142857143,8,0.2,0.592592592592593,0.474074074074074,1.19180407456144,0.0597992919945781,0.604444444444445,1.19614308255869,0.0483692307534869,0.483555555555556
5.04,Left arc,0.12,0.28,3.42857142857143,8,0.2,0.592592592592593,0.474074074074074,1.19508181771544,0.0620919759711467,0.616296296296296,1.19967561609773,0.0502457186419612,0.493037037037037
5.06,Left arc,0.12,0.28,3.42857142857143,8,0.2,0.592592592592593,0.474074074074074,1.19833215875106,0.0644233453438955,0.628148148148148,1.20319019923465,0.0521556153338498,0.502518518518519
5.08,Left arc,0.12,0.28,3.42857142857143,8,0.2,0.592592592592593,0.474074074074074,1.20155464110996,0.0667930726376126,0.64,1.2066865160161,0.0540987491336082,0.512
5.1,Left arc,0.12,0.28,3.42857142857143,8,0.2,0.592592592592593,0.474074074074074,1.20474881214696,0.0692008249891509,0.651851851851852,1.21016425213083,0.0560749453577485,0.521481481481482
5.12,Left arc,0.12,0.28,3.42857142857143,8,0.2,0.592592592592593,0.474074074074074,1.20791422319365,0.0716462641941827,0.663703703703704,1.21362309493795,0.0580840263505428,0.530962962962963
5.14,Left arc,0.12,0.28,3.42857142857143,8,0.2,0.592592592592593,0.474074074074074,1.21105042962135,0.0741290467547061,0.675555555555555,1.21706273349505,0.0601258114999947,0.540444444444444
5.16,Left arc,0.12,0.28,3.42857142857143,8,0.2,0.592592592592593,0.474074074074074,1.21415699090363,0.0766488239272944,0.687407407407407,1.22048285858612,0.0622001172540752,0.549925925925926
5.18,Left arc,0.12,0.28,3.42857142857143,8,0.2,0.592592592592593,0.474074074074074,1.21723347067812,0.0792052417720815,0.699259259259259,1.22388316274939,0.0643067571372238,0.559407407407407
5.2,Left arc,0.12,0.28,3.42857142857143,8,0.2,0.592592592592593,0.474074074074074,1.22027943680787,0.081797941202479,0.711111111111111,1.22726334030492,0.0664455417671127,0.568888888888889
5.22,Left arc,0.12,0.28,3.42857142857143,8,0.2,0.592592592592593,0.474074074074074,1.22329446144203,0.0844265580356143,0.722962962962963,1.23062308738214,0.0686162788716712,0.57837037037037
5.24,Left arc,0.12,0.28,3.42857142857143,8,0.2,0.592592592592593,0.474074074074074,1.2262781210759,0.0870907230434865,0.734814814814815,1.23396210194712,0.0708187733063712,0.587851851851852
5.26,Left arc,0.12,0.28,3.42857142857143,8,0.2,0.592592592592593,0.474074074074074,1.22922999661051,0.0897900620048284,0.746666666666666,1.23728008382973,0.0730528270717694,0.597333333333333
5.28,Left arc,0.12,0.28,3.42857142857143,8,0.2,0.592592592592593,0.474074074074074,1.23214967341138,0.0925241957576733,0.758518518518518,1.24057673475064,0.0753182393313082,0.606814814814815
5.3,Left arc,0.12,0.28,3.42857142857143,8,0.2,0.592592592592593,0.474074074074074,1.23503674136686,0.0952927402526119,0.77037037037037,1.24385175834812,0.0776148064293693,0.616296296296297
5.32,Left arc,0.12,0.28,3.42857142857143,8,0.2,0.592592592592593,0.474074074074074,1.23789079494566,0.0980953066067395,0.782222222222222,1.24710486020472,0.0799423219095827,0.625777777777778
5.34,Left arc,0.12,0.28,3.42857142857143,8,0.2,0.592592592592593,0.474074074074074,1.24071143325389,0.100931501158279,0.794074074074074,1.25033574787366,0.0823005765333861,0.63525925925926
5.36,Left arc,0.12,0.28,3.42857142857143,8,0.2,0.592592592592593,0.474074074074074,1.24349826009128,0.103800925521877,0.805925925925926,1.25354413090519,0.0846893582988358,0.644740740740741
5.38,Left arc,0.12,0.28,3.42857142857143,8,0.2,0.592592592592593,0.474074074074074,1.2462508840069,0.106703176644563,0.817777777777777,1.2567297208727,0.0871084524596639,0.654222222222223
5.4,Left arc,0.12,0.28,3.42857142857143,8,0.2,0.592592592592593,0.474074074074074,1.24896891835414,0.109637846862365,0.829629629629629,1.25989223139858,0.0895576415445852,0.663703703703704
5.42,Left arc,0.12,0.28,3.42857142857143,8,0.2,0.592592592592593,0.474074074074074,1.25165198134497,0.112604523957569,0.841481481481481,1.26303137818004,0.0920367053768456,0.673185185185186
5.44,Left arc,0.12,0.28,3.42857142857143,8,0.2,0.592592592592593,0.474074074074074,1.25429969610364,0.115602791216626,0.853333333333333,1.26614687901464,0.0945454210940173,0.682666666666668
5.46,Left arc,0.12,0.28,3.42857142857143,8,0.2,0.592592592592593,0.474074074074074,1.25691169071956,0.118632227488678,0.865185185185185,1.26923845382566,0.0970835631680321,0.692148148148149
5.48,Left arc,0.12,0.28,3.42857142857143,8,0.2,0.592592592592593,0.474074074074074,1.25948759829955,0.121692407244724,0.877037037037037,1.27230582468726,0.0996509034254568,0.701629629629631
5.5,Left arc,0.12,0.28,3.42857142857143,8,0.2,0.592592592592593,0.474074074074074,1.26202705701942,0.124782900637385,0.888888888888888,1.2753487158495,0.102247211068005,0.711111111111112
5.52,Left arc,0.12,0.28,3.42857142857143,8,0.2,0.592592592592593,0.474074074074074,1.26452971017473,0.127903273561286,0.90074074074074,1.27836685376311,0.104872252693286,0.720592592592594
5.54,Left arc,0.12,0.28,3.42857142857143,8,0.2,0.592592592592593,0.474074074074074,1.26699520623094,0.131053087714028,0.912592592592592,1.28135996710407,0.107525792315787,0.730074074074075
5.56,Left arc,0.12,0.28,3.42857142857143,8,0.2,0.592592592592593,0.474074074074074,1.26942319887277,0.134231900657762,0.924444444444444,1.28432778679802,0.110207591388087,0.739555555555557
5.58,Left arc,0.12,0.28,3.42857142857143,8,0.2,0.592592592592593,0.474074074074074,1.27181334705283,0.137439265881328,0.936296296296296,1.28727004604445,0.112917408822301,0.749037037037038
5.6,Left arc,0.12,0.28,3.42857142857143,8,0.2,0.592592592592593,0.474074074074074,1.27416531503957,0.140674732862977,0.948148148148148,1.29018648034069,0.115655001011756,0.75851851851852
5.62,Left arc,0.12,0.28,3.42857142857143,8,0.2,0.592592592592593,0.474074074074074,1.2764787724644,0.143937847133654,0.959999999999999,1.29307682750564,0.118420121852889,0.768000000000001
5.64,Left arc,0.12,0.28,3.42857142857143,8,0.2,0.592592592592593,0.474074074074074,1.2787533943681,0.147228150340837,0.971851851851851,1.2959408277034,0.121212522767371,0.777481481481482
5.66,Left arc,0.12,0.28,3.42857142857143,8,0.2,0.592592592592593,0.474074074074074,1.28098886124649,0.150545180312914,0.983703703703703,1.29877822346661,0.124031952724454,0.786962962962964
5.68,Left arc,0.12,0.28,3.42857142857143,8,0.2,0.592592592592593,0.474074074074074,1.28318485909526,0.153888471124104,0.995555555555555,1.30158875971959,0.126878158263538,0.796444444444446
5.7,Left arc,0.12,0.28,3.42857142857143,8,0.2,0.592592592592593,0.474074074074074,1.28534107945413,0.157257553159908,1.00740740740741,1.30437218380125,0.129750883516956,0.805925925925927
5.72,Left arc,0.12,0.28,3.42857142857143,8,0.2,0.592592592592593,0.474074074074074,1.28745721945016,0.160651953183064,1.01925925925926,1.30712824548785,0.132649870232977,0.815407407407409
5.74,Left arc,0.12,0.28,3.42857142857143,8,0.2,0.592592592592593,0.474074074074074,1.28953298184027,0.16407119440003,1.03111111111111,1.30985669701545,0.135574857799023,0.82488888888889
5.76,Left arc,0.12,0.28,3.42857142857143,8,0.2,0.592592592592593,0.474074074074074,1.29156807505303,0.167514796527949,1.04296296296296,1.31255729310222,0.138525583265095,0.834370370370372
5.78,Left arc,0.12,0.28,3.42857142857143,8,0.2,0.592592592592593,0.474074074074074,1.29356221322957,0.170982275862115,1.05481481481481,1.31522979097046,0.141501781367412,0.843851851851853
5.8,Left arc,0.12,0.28,3.42857142857143,8,0.2,0.592592592592593,0.474074074074074,1.29551511626377,0.174473145343917,1.06666666666667,1.31787395036845,0.144503184552261,0.853333333333335
5.82,Left arc,0.12,0.28,3.42857142857143,8,0.2,0.592592592592593,0.474074074074074,1.29742650984162,0.177986914629253,1.07851851851852,1.32048953359203,0.147529523000046,0.862814814814816
5.84,Left arc,0.12,0.28,3.42857142857143,8,0.2,0.592592592592593,0.474074074074074,1.29929612547968,0.181523090157406,1.09037037037037,1.32307630550597,0.150580524649545,0.872296296296298
5.86,Left arc,0.12,0.28,3.42857142857143,8,0.2,0.592592592592593,0.474074074074074,1.30112370056288,0.18508117522037,1.10222222222222,1.32563403356513,0.153655915222368,0.88177777777778
5.88,Left arc,0.12,0.28,3.42857142857143,8,0.2,0.592592592592593,0.474074074074074,1.30290897838133,0.188660670032624,1.11407407407407,1.32816248783533,0.156755418247615,0.891259259259261
5.9,Left arc,0.12,0.28,3.42857142857143,8,0.2,0.592592592592593,0.474074074074074,1.30465170816644,0.19226107180133,1.12592592592593,1.33066144101405,0.159878755086727,0.900740740740743
5.92,Left arc,0.12,0.28,3.42857142857143,8,0.2,0.592592592592593,0.474074074074074,1.3063516451261,0.195881874796961,1.13777777777778,1.33313066845086,0.163025644958539,0.910222222222224
5.94,Left arc,0.12,0.28,3.42857142857143,8,0.2,0.592592592592593,0.474074074074074,1.3080085504791,0.199522570424336,1.14962962962963,1.33556994816759,0.166195804964519,0.919703703703706
5.96,Left arc,0.12,0.28,3.42857142857143,8,0.2,0.592592592592593,0.474074074074074,1.30962219148865,0.203182647294061,1.16148148148148,1.33797906087833,0.169388950114202,0.929185185185187
5.98,Left arc,0.12,0.28,3.42857142857143,8,0.2,0.592592592592593,0.474074074074074,1.31119234149507,0.206861591294361,1.17333333333333,1.34035779000911,0.172604793350807,0.938666666666669
6,Left arc,0.12,0.28,3.42857142857143,8,0.2,0.592592592592593,0.474074074074074,1.31271877994763,0.210558885663293,1.18518518518518,1.34270592171735,0.175843045577046,0.94814814814815
6.02,Left arc,0.12,0.28,3.42857142857143,8,0.2,0.592592592592593,0.474074074074074,1.31420129243555,0.214274011061336,1.19703703703704,1.34502324491115,0.17910341568111,0.957629629629632
6.04,Left arc,0.12,0.28,3.42857142857143,8,0.2,0.592592592592593,0.474074074074074,1.31563967071807,0.218006445644335,1.20888888888889,1.34730955126821,0.182385610562843,0.967111111111113
6.06,Left arc,0.12,0.28,3.42857142857143,8,0.2,0.592592592592593,0.474074074074074,1.31703371275376,0.221755665136808,1.22074074074074,1.34956463525458,0.185689335160087,0.976592592592595
6.08,Left arc,0.12,0.28,3.42857142857143,8,0.2,0.592592592592593,0.474074074074074,1.31838322272884,0.225521142905583,1.23259259259259,1.35178829414312,0.189014292475211,0.986074074074076
6.1,Left arc,0.12,0.28,3.42857142857143,8,0.2,0.592592592592593,0.474074074074074,1.31968801108475,0.229302350033774,1.24444444444444,1.35398032803176,0.19236018360181,0.995555555555558
6.12,Left arc,0.12,0.28,3.42857142857143,8,0.2,0.592592592592593,0.474074074074074,1.32094789454472,0.233098755395074,1.2562962962963,1.35614053986143,0.195726707751573,1.00503703703704
6.14,Left arc,0.12,0.28,3.42857142857143,8,0.2,0.592592592592593,0.474074074074074,1.32216269613953,0.23690982572836,1.26814814814815,1.35826873543381,0.199113562281326,1.01451851851852
6.16,Left arc,0.12,0.28,3.42857142857143,8,0.2,0.592592592592593,0.474074074074074,1.32333224523238,0.240735025712598,1.28,1.36036472342876,0.202520442720237,1.024
6.18,Left arc,0.12,0.28,3.42857142857143,8,0.2,0.592592592592593,0.474074074074074,1.32445637754285,0.244573818042036,1.29185185185185,1.36242831542153,0.205947042797192,1.03348148148148
6.2,Left arc,0.12,0.28,3.42857142857143,8,0.2,0.592592592592593,0.474074074074074,1.32553493516998,0.248425663501676,1.3037037037037,1.3644593258997,0.20939305446832,1.04296296296296
6.22,Left arc,0.12,0.28,3.42857142857143,8,0.2,0.592592592592593,0.474074074074074,1.32656776661445,0.252290021043016,1.31555555555556,1.36645757227987,0.212858167944694,1.05244444444445
6.24,Left arc,0.12,0.28,3.42857142857143,8,0.2,0.592592592592593,0.474074074074074,1.32755472679985,0.256166347860048,1.32740740740741,1.36842287492404,0.216342071720175,1.06192592592593
6.26,Left arc,0.12,0.28,3.42857142857143,8,0.2,0.592592592592593,0.474074074074074,1.32849567709306,0.260054099465501,1.33925925925926,1.3703550571558,0.219844452599415,1.07140740740741
6.28,Left arc,0.12,0.28,3.42857142857143,8,0.2,0.592592592592593,0.474074074074074,1.32939048532374,0.263952729767326,1.35111111111111,1.37225394527618,0.223364995726017,1.08088888888889
6.3,Left arc,0.12,0.28,3.42857142857143,8,0.2,0.592592592592593,0.474074074074074,1.33023902580288,0.267861691145399,1.36296296296296,1.37411936857929,0.226903384610838,1.09037037037037
6.32,Left arc,0.12,0.28,3.42857142857143,8,0.2,0.592592592592593,0.474074074074074,1.33104117934044,0.271780434528446,1.37481481481481,1.37595115936764,0.23045930116044,1.09985185185185
6.34,Left arc,0.12,0.28,3.42857142857143,8,0.2,0.592592592592593,0.474074074074074,1.33179683326214,0.275708409471164,1.38666666666667,1.37774915296723,0.234032425705683,1.10933333333333
6.36,Left arc,0.12,0.28,3.42857142857143,8,0.2,0.592592592592593,0.474074074074074,1.33250588142524,0.279645064231542,1.39851851851852,1.37951318774237,0.237622437030471,1.11881481481482
6.38,Left arc,0.12,0.28,3.42857142857143,8,0.2,0.592592592592593,0.474074074074074,1.33316822423347,0.28358984584836,1.41037037037037,1.38124310511018,0.24122901240062,1.1282962962963
6.4,Left arc,0.12,0.28,3.42857142857143,8,0.2,0.592592592592593,0.474074074074074,1.33378376865101,0.287542200218864,1.42222222222222,1.38293874955485,0.244851827592874,1.13777777777778
6.42,Left arc,0.12,0.28,3.42857142857143,8,0.2,0.592592592592593,0.474074074074074,1.33435242821556,0.291501572176592,1.43407407407407,1.38459996864167,0.248490556924055,1.14725925925926
6.44,Left arc,0.12,0.28,3.42857142857143,8,0.2,0.592592592592593,0.474074074074074,1.33487412305051,0.295467405569358,1.44592592592593,1.38622661303066,0.252144873280336,1.15674074074074
6.46,Left arc,0.12,0.28,3.42857142857143,8,0.2,0.592592592592593,0.474074074074074,1.33534877987613,0.299439143337376,1.45777777777778,1.38781853649003,0.255814448146653,1.16622222222222
6.48,Left arc,0.12,0.28,3.42857142857143,8,0.2,0.592592592592593,0.474074074074074,1.33577633201986,0.303416227591499,1.46962962962963,1.38937559590934,0.259498951636233,1.1757037037037
6.5,Left arc,0.12,0.28,3.42857142857143,8,0.2,0.592592592592593,0.474074074074074,1.33615671942569,0.30739809969159,1.48148148148148,1.39089765131235,0.263198052520254,1.18518518518519
6.52,Left arc,0.12,0.28,3.42857142857143,8,0.2,0.592592592592593,0.474074074074074,1.33648988866261,0.311384200324987,1.49333333333333,1.3923845658696,0.26691141825762,1.19466666666667
6.54,Left arc,0.12,0.28,3.42857142857143,8,0.2,0.592592592592593,0.474074074074074,1.33677579293209,0.315373969585069,1.50518518518519,1.39383620591071,0.270638715024853,1.20414814814815
6.56,Left arc,0.12,0.28,3.42857142857143,8,0.2,0.592592592592593,0.474074074074074,1.33701439207465,0.319366847049902,1.51703703703704,1.39525244093642,0.274379607746111,1.21362962962963
6.58,Left arc,0.12,0.28,3.42857142857143,8,0.2,0.592592592592593,0.474074074074074,1.33720565257552,0.323362271860958,1.52888888888889,1.39663314363029,0.2781337601233,1.22311111111111
6.6,Left arc,0.12,0.28,3.42857142857143,8,0.2,0.592592592592593,0.474074074074074,1.33734954756935,0.327359682801899,1.54074074074074,1.39797818987015,0.281900834666315,1.23259259259259
6.62,Left arc,0.12,0.28,3.42857142857143,8,0.2,0.592592592592593,0.474074074074074,1.33744605684395,0.331358518377403,1.55259259259259,1.39928745873929,0.285680492723376,1.24207407407407
6.64,Left arc,0.12,0.28,3.42857142857143,8,0.2,0.592592592592593,0.474074074074074,1.33749516684319,0.335358216892038,1.56444444444445,1.40056083253729,0.289472394511473,1.25155555555556
6.66,Left arc,0.12,0.28,3.42857142857143,8,0.2,0.592592592592593,0.474074074074074,1.33749687066884,0.33935821652916,1.5762962962963,1.40179819679062,0.29327619914691,1.26103703703704
6.68,Left arc,0.12,0.28,3.42857142857143,8,0.2,0.592592592592593,0.474074074074074,1.33745116808157,0.343357955429828,1.58814814814815,1.40299944026295,0.297091564675951,1.27051851851852
6.7,Left arc,0.12,0.28,3.42857142857143,8,0.2,0.592592592592593,0.474074074074074,1.33735806550097,0.347356871771725,1.6,1.40416445496509,0.300918148105563,1.28
6.72,Left arc,0.12,0.28,3.42857142857143,8,0.2,0.592592592592593,0.474074074074074,1.3372175760047,0.351354403848073,1.61185185185185,1.40529313616478,0.304755605434246,1.28948148148148
6.74,Left arc,0.12,0.28,3.42857142857143,8,0.2,0.592592592592593,0.474074074074074,1.33702971932655,0.355349990146538,1.6237037037037,1.40638538239604,0.308603591682961,1.29896296296296
6.76,Left arc,0.12,0.28,3.42857142857143,8,0.2,0.592592592592593,0.474074074074074,1.33679452185378,0.359343069428095,1.63555555555556,1.40744109546832,0.312461760926142,1.30844444444444
6.78,Left arc,0.12,0.28,3.42857142857143,8,0.2,0.592592592592593,0.474074074074074,1.33651201662334,0.36333308080587,1.64740740740741,1.40846018047531,0.316329766322795,1.31792592592593
6.8,Left arc,0.12,0.28,3.42857142857143,8,0.2,0.592592592592593,0.474074074074074,1.33618224331726,0.367319463823919,1.65925925925926,1.40944254580349,0.320207260147675,1.32740740740741
6.82,Left arc,0.12,0.28,3.42857142857143,8,0.2,0.592592592592593,0.474074074074074,1.33580524825705,0.371301658535957,1.67111111111111,1.41038810314037,0.32409389382255,1.33688888888889
6.84,Left arc,0.12,0.28,3.42857142857143,8,0.2,0.592592592592593,0.474074074074074,1.33538108439724,0.375279105584006,1.68296296296296,1.41129676748241,0.327989317947534,1.34637037037037
6.86,Left arc,0.12,0.28,3.42857142857143,8,0.2,0.592592592592593,0.474074074074074,1.33490981131789,0.379251246276968,1.69481481481482,1.41216845714266,0.331893182332501,1.35585185185185
6.88,Left arc,0.12,0.28,3.42857142857143,8,0.2,0.592592592592593,0.474074074074074,1.33439149521627,0.383217522669101,1.70666666666667,1.41300309375812,0.335805136028562,1.36533333333333
6.9,Left arc,0.12,0.28,3.42857142857143,8,0.2,0.592592592592593,0.474074074074074,1.3338262088975,0.387177377638392,1.71851851851852,1.4138006022968,0.339724827359616,1.37481481481481
6.92,Left arc,0.12,0.28,3.42857142857143,8,0.2,0.592592592592593,0.474074074074074,1.3332140317644,0.391130254964809,1.73037037037037,1.4145609110644,0.343651903953968,1.3842962962963
6.94,Left arc,0.12,0.28,3.42857142857143,8,0.2,0.592592592592593,0.474074074074074,1.33255504980626,0.395075599408435,1.74222222222222,1.41528395171083,0.347586012776003,1.39377777777778
6.96,Left arc,0.12,0.28,3.42857142857143,8,0.2,0.592592592592593,0.474074074074074,1.33184935558683,0.399012856787457,1.75407407407407,1.41596965923631,0.351526800157922,1.40325925925926
6.98,Left arc,0.12,0.28,3.42857142857143,8,0.2,0.592592592592593,0.474074074074074,1.33109704823126,0.402941474056007,1.76592592592593,1.41661797199724,0.355473911831541,1.41274074074074
7,Left arc,0.12,0.28,3.42857142857143,8,0.2,0.592592592592593,0.474074074074074,1.33029823341221,0.406860899381852,1.77777777777778,1.41722883171171,0.359426992960134,1.42222222222222
7.02,Left arc,0.12,0.28,3.42857142857143,8,0.2,0.592592592592593,0.474074074074074,1.32945302333501,0.4107705822239,1.78962962962963,1.41780218346477,0.363385688170334,1.4317037037037
7.04,Left arc,0.12,0.28,3.42857142857143,8,0.2,0.592592592592593,0.474074074074074,1.32856153672189,0.414669973409536,1.80148148148148,1.41833797571334,0.367349641584083,1.44118518518518
7.06,Left arc,0.12,0.28,3.42857142857143,8,0.2,0.592592592592593,0.474074074074074,1.32762389879527,0.418558525211759,1.81333333333333,1.41883616029087,0.371318496850619,1.45066666666667
7.08,Left arc,0.12,0.28,3.42857142857143,8,0.2,0.592592592592593,0.474074074074074,1.32664024126024,0.422435691426119,1.82518518518519,1.41929669241166,0.375291897178515,1.46014814814815
7.1,Left arc,0.12,0.28,3.42857142857143,8,0.2,0.592592592592593,0.474074074074074,1.32561070228601,0.426300927447442,1.83703703703704,1.41971953067487,0.379269485367753,1.46962962962963
7.12,Left arc,0.12,0.28,3.42857142857143,8,0.2,0.592592592592593,0.474074074074074,1.3245354264865,0.430153690346323,1.84888888888889,1.42010463706826,0.383250903841836,1.47911111111111
7.14,Left arc,0.12,0.28,3.42857142857143,8,0.2,0.592592592592593,0.474074074074074,1.32341456490006,0.433993438945392,1.86074074074074,1.42045197697162,0.387235794679931,1.48859259259259
7.16,Left arc,0.12,0.28,3.42857142857143,8,0.2,0.592592592592593,0.474074074074074,1.32224827496824,0.43781963389533,1.87259259259259,1.42076151915983,0.39122379964905,1.49807407407407
7.18,Left arc,0.12,0.28,3.42857142857143,8,0.2,0.592592592592593,0.474074074074074,1.32103672051365,0.441631737750626,1.88444444444445,1.42103323580575,0.395214560236248,1.50755555555555
7.2,Left arc,0.12,0.28,3.42857142857143,8,0.2,0.592592592592593,0.474074074074074,1.31978007171698,0.445429215045073,1.8962962962963,1.42126710248262,0.399207717680858,1.51703703703704
7.22,Left arc,0.12,0.28,3.42857142857143,8,0.2,0.592592592592593,0.474074074074074,1.3184785050931,0.449211532366979,1.90814814814815,1.42146309816635,0.403202913006742,1.52651851851852
7.24,Left arc,0.12,0.28,3.42857142857143,8,0.2,0.592592592592593,0.474074074074074,1.31713220346623,0.452978158434094,1.92,1.42162120523735,0.407199787054557,1.536
7.26,Left arc,0.12,0.28,3.42857142857143,8,0.2,0.592592592592593,0.474074074074074,1.31574135594428,0.456728564168238,1.93185185185185,1.42174140948214,0.41119798051405,1.54548148148148
7.28,Left arc,0.12,0.28,3.42857142857143,8,0.2,0.592592592592593,0.474074074074074,1.31430615789231,0.460462222769612,1.94370370370371,1.42182370009463,0.415197133956355,1.55496296296296
7.3,Left arc,0.12,0.28,3.42857142857143,8,0.2,0.592592592592593,0.474074074074074,1.31282681090505,0.464178609790803,1.95555555555556,1.42186806967706,0.419196887866304,1.56444444444444
7.32,Left arc,0.12,0.28,3.42857142857143,8,0.2,0.592592592592593,0.474074074074074,1.31130352277859,0.467877203210443,1.96740740740741,1.42187451424071,0.423196882674751,1.57392592592592
7.34,Left arc,0.12,0.28,3.42857142857143,8,0.2,0.592592592592593,0.474074074074074,1.30973650748123,0.47155748350654,1.97925925925926,1.42184303320623,0.427196758790891,1.58340740740741
7.36,Left arc,0.12,0.28,3.42857142857143,8,0.2,0.592592592592593,0.474074074074074,1.30812598512337,0.475218933729449,1.99111111111111,1.42177362940369,0.431196156634591,1.59288888888889
7.38,Left arc,0.12,0.28,3.42857142857143,8,0.2,0.592592592592593,0.474074074074074,1.30647218192663,0.478861039574486,2.00296296296296,1.42166630907234,0.435194716668713,1.60237037037037
7.4,Left arc,0.12,0.28,3.42857142857143,8,0.2,0.592592592592593,0.474074074074074,1.30477533019206,0.482483289454171,2.01481481481482,1.42152108186004,0.439192079431437,1.61185185185185
7.42,Left arc,0.12,0.28,3.42857142857143,8,0.2,0.592592592592593,0.474074074074074,1.30303566826751,0.486085174570088,2.02666666666667,1.42133796082241,0.443187885568573,1.62133333333333
7.44,Left arc,0.12,0.28,3.42857142857143,8,0.2,0.592592592592593,0.474074074074074,1.30125344051415,0.489666188984352,2.03851851851852,1.42111696242163,0.447181775865871,1.63081481481481
7.46,Left arc,0.12,0.28,3.42857142857143,8,0.2,0.592592592592593,0.474074074074074,1.29942889727216,0.493225829690673,2.05037037037037,1.42085810652497,0.451173391281309,1.64029629629629
7.48,Left arc,0.12,0.28,3.42857142857143,8,0.2,0.592592592592593,0.474074074074074,1.29756229482554,0.496763596685019,2.06222222222222,1.42056141640301,0.455162372977373,1.64977777777778
7.5,Left arc,0.12,0.28,3.42857142857143,8,0.2,0.592592592592593,0.474074074074074,1.29565389536614,0.500278993035838,2.07407407407408,1.42022691872755,0.459148362353313,1.65925925925926
7.52,Left arc,0.12,0.28,3.42857142857143,8,0.2,0.592592592592593,0.474074074074074,1.2937039669568,0.503771524953868,2.08592592592593,1.41985464356919,0.463131001077384,1.66874074074074
7.54,Left arc,0.12,0.28,3.42857142857143,8,0.2,0.592592592592593,0.474074074074074,1.29171278349373,0.507240701861493,2.09777777777778,1.41944462439466,0.467109931119056,1.67822222222222
7.56,Left arc,0.12,0.28,3.42857142857143,8,0.2,0.592592592592593,0.474074074074074,1.28968062466801,0.510686036461652,2.10962962962963,1.4189968980638,0.471084794781202,1.6877037037037
7.58,Left arc,0.12,0.28,3.42857142857143,8,0.2,0.592592592592593,0.474074074074074,1.28760777592633,0.514107044806289,2.12148148148148,1.41851150482621,0.475055234732253,1.69718518518518
7.6,Left arc,0.12,0.28,3.42857142857143,8,0.2,0.592592592592593,0.474074074074074,1.28549452843084,0.517503246364329,2.13333333333334,1.41798848831769,0.479020894038324,1.70666666666666
7.62,Left arc,0.12,0.28,3.42857142857143,8,0.2,0.592592592592593,0.474074074074074,1.28334117901834,0.520874164089174,2.14518518518519,1.41742789555629,0.482981416195296,1.71614814814815
7.64,Left arc,0.12,0.28,3.42857142857143,8,0.2,0.592592592592593,0.474074074074074,1.2811480301585,0.524219324485717,2.15703703703704,1.41682977693807,0.486936445160871,1.72562962962963
7.66,Left arc,0.12,0.28,3.42857142857143,8,0.2,0.592592592592593,0.474074074074074,1.27891538991143,0.527538257676844,2.16888888888889,1.41619418623259,0.490885625386577,1.73511111111111
7.68,Left arc,0.12,0.28,3.42857142857143,8,0.2,0.592592592592593,0.474074074074074,1.27664357188438,0.530830497469441,2.18074074074074,1.41552118057807,0.49482860184973,1.74459259259259
7.7,Left arc,0.12,0.28,3.42857142857143,8,0.2,0.592592592592593,0.474074074074074,1.27433289518769,0.534095581419875,2.1925925925926,1.41481082047624,0.498765020085352,1.75407407407407
7.72,Left arc,0.12,0.28,3.42857142857143,8,0.2,0.592592592592593,0.474074074074074,1.27198368438999,0.537333050898951,2.20444444444445,1.41406316978694,0.502694526218033,1.76355555555555
7.74,Left arc,0.12,0.28,3.42857142857143,8,0.2,0.592592592592593,0.474074074074074,1.26959626947257,0.540542451156334,2.2162962962963,1.41327829572231,0.506616766993748,1.77303703703703
7.76,Left arc,0.12,0.28,3.42857142857143,8,0.2,0.592592592592593,0.474074074074074,1.26717098578307,0.543723331384427,2.22814814814815,1.41245626884084,0.510531389811611,1.78251851851852
7.78,Left arc,0.12,0.28,3.42857142857143,8,0.2,0.592592592592593,0.474074074074074,1.26470817398836,0.546875244781688,2.24,1.41159716304094,0.514438042755575,1.792
7.8,Left arc,0.12,0.28,3.42857142857143,8,0.2,0.592592592592593,0.474074074074074,1.26220818002668,0.549997748615396,2.25185185185186,1.41070105555435,0.518336374626064,1.80148148148148
7.82,Left arc,0.12,0.28,3.42857142857143,8,0.2,0.592592592592593,0.474074074074074,1.25967135505903,0.553090404283837,2.26370370370371,1.40976802693918,0.522226034971553,1.81096296296296
7.84,Left arc,0.12,0.28,3.42857142857143,8,0.2,0.592592592592593,0.474074074074074,1.25709805541991,0.556152777377912,2.27555555555556,1.40879816107266,0.526106674120064,1.82044444444444
7.86,Left arc,0.12,0.28,3.42857142857143,8,0.2,0.592592592592593,0.474074074074074,1.25448864256721,0.559184437742156,2.28740740740741,1.40779154514361,0.529977943210607,1.82992592592592
7.88,Left arc,0.12,0.28,3.42857142857143,8,0.2,0.592592592592593,0.474074074074074,1.25184348303143,0.562184959535158,2.29925925925926,1.40674826964462,0.53383949422454,1.8394074074074
7.9,Left arc,0.12,0.28,3.42857142857143,8,0.2,0.592592592592593,0.474074074074074,1.24916294836425,0.565153921289381,2.31111111111112,1.40566842836387,0.537690980016854,1.84888888888889
7.92,Left arc,0.12,0.28,3.42857142857143,8,0.2,0.592592592592593,0.474074074074074,1.24644741508629,0.568090905970361,2.32296296296297,1.40455211837674,0.541532054347381,1.85837037037037
7.94,Left arc,0.12,0.28,3.42857142857143,8,0.2,0.592592592592593,0.474074074074074,1.24369726463426,0.570995501035284,2.33481481481482,1.40339944003706,0.545362371911922,1.86785185185185
7.96,Left arc,0.12,0.28,3.42857142857143,8,0.2,0.592592592592593,0.474074074074074,1.24091288330733,0.573867298490935,2.34666666666667,1.4022104969681,0.549181588373287,1.87733333333333
7.98,Left arc,0.12,0.28,3.42857142857143,8,0.2,0.592592592592593,0.474074074074074,1.23809466221295,0.57670589495101,2.35851851851852,1.40098539605324,0.552989360392252,1.88681481481481
8,Pivot left,-0.16,0.16,-4.57142857142857,4.57142857142857,0,1.18518518518519,0.948148148148148,1.23524299721181,0.57951089169277,2.37037037037038,1.39972424742638,0.556785345658421,1.89629629629629
8.02,Pivot left,-0.16,0.16,-4.57142857142857,4.57142857142857,0,1.18518518518519,0.948148148148148,1.23524299721181,0.57951089169277,2.39407407407408,1.39972424742638,0.556785345658421,1.91525925925925
8.04,Pivot left,-0.16,0.16,-4.57142857142857,4.57142857142857,0,1.18518518518519,0.948148148148148,1.23524299721181,0.57951089169277,2.41777777777778,1.39972424742638,0.556785345658421,1.93422222222222
8.06,Pivot left,-0.16,0.16,-4.57142857142857,4.57142857142857,0,1.18518518518519,0.948148148148148,1.23524299721181,0.57951089169277,2.44148148148149,1.39972424742638,0.556785345658421,1.95318518518518
8.08,Pivot left,-0.16,0.16,-4.57142857142857,4.57142857142857,0,1.18518518518519,0.948148148148148,1.23524299721181,0.57951089169277,2.46518518518519,1.39972424742638,0.556785345658421,1.97214814814814
8.1,Pivot left,-0.16,0.16,-4.57142857142857,4.57142857142857,0,1.18518518518519,0.948148148148148,1.23524299721181,0.57951089169277,2.48888888888889,1.39972424742638,0.556785345658421,1.99111111111111
8.12,Pivot left,-0.16,0.16,-4.57142857142857,4.57142857142857,0,1.18518518518519,0.948148148148148,1.23524299721181,0.57951089169277,2.5125925925926,1.39972424742638,0.556785345658421,2.01007407407407
8.14,Pivot left,-0.16,0.16,-4.57142857142857,4.57142857142857,0,1.18518518518519,0.948148148148148,1.23524299721181,0.57951089169277,2.5362962962963,1.39972424742638,0.556785345658421,2.02903703703703
8.16,Pivot left,-0.16,0.16,-4.57142857142857,4.57142857142857,0,1.18518518518519,0.948148148148148,1.23524299721181,0.57951089169277,2.56000000000001,1.39972424742638,0.556785345658421,2.048
8.18,Pivot left,-0.16,0.16,-4.57142857142857,4.57142857142857,0,1.18518518518519,0.948148148148148,1.23524299721181,0.57951089169277,2.58370370370371,1.39972424742638,0.556785345658421,2.06696296296296
8.2,Pivot left,-0.16,0.16,-4.57142857142857,4.57142857142857,0,1.18518518518519,0.948148148148148,1.23524299721181,0.57951089169277,2.60740740740741,1.39972424742638,0.556785345658421,2.08592592592592
8.22,Pivot left,-0.16,0.16,-4.57142857142857,4.57142857142857,0,1.18518518518519,0.948148148148148,1.23524299721181,0.57951089169277,2.63111111111112,1.39972424742638,0.556785345658421,2.10488888888889
8.24,Pivot left,-0.16,0.16,-4.57142857142857,4.57142857142857,0,1.18518518518519,0.948148148148148,1.23524299721181,0.57951089169277,2.65481481481482,1.39972424742638,0.556785345658421,2.12385185185185
8.26,Pivot left,-0.16,0.16,-4.57142857142857,4.57142857142857,0,1.18518518518519,0.948148148148148,1.23524299721181,0.57951089169277,2.67851851851852,1.39972424742638,0.556785345658421,2.14281481481481
8.28,Pivot left,-0.16,0.16,-4.57142857142857,4.57142857142857,0,1.18518518518519,0.948148148148148,1.23524299721181,0.57951089169277,2.70222222222223,1.39972424742638,0.556785345658421,2.16177777777777
8.3,Pivot left,-0.16,0.16,-4.57142857142857,4.57142857142857,0,1.18518518518519,0.948148148148148,1.23524299721181,0.57951089169277,2.72592592592593,1.39972424742638,0.556785345658421,2.18074074074074
8.32,Pivot left,-0.16,0.16,-4.57142857142857,4.57142857142857,0,1.18518518518519,0.948148148148148,1.23524299721181,0.57951089169277,2.74962962962963,1.39972424742638,0.556785345658421,2.1997037037037
8.34,Pivot left,-0.16,0.16,-4.57142857142857,4.57142857142857,0,1.18518518518519,0.948148148148148,1.23524299721181,0.57951089169277,2.77333333333334,1.39972424742638,0.556785345658421,2.21866666666666
8.36,Pivot left,-0.16,0.16,-4.57142857142857,4.57142857142857,0,1.18518518518519,0.948148148148148,1.23524299721181,0.57951089169277,2.79703703703704,1.39972424742638,0.556785345658421,2.23762962962962
8.38,Pivot left,-0.16,0.16,-4.57142857142857,4.57142857142857,0,1.18518518518519,0.948148148148148,1.23524299721181,0.57951089169277,2.82074074074075,1.39972424742638,0.556785345658421,2.25659259259259
8.4,Pivot left,-0.16,0.16,-4.57142857142857,4.57142857142857,0,1.18518518518519,0.948148148148148,1.23524299721181,0.57951089169277,2.84444444444445,1.39972424742638,0.556785345658421,2.27555555555555
8.42,Pivot left,-0.16,0.16,-4.57142857142857,4.57142857142857,0,1.18518518518519,0.948148148148148,1.23524299721181,0.57951089169277,2.86814814814815,1.39972424742638,0.556785345658421,2.29451851851851
8.44,Pivot left,-0.16,0.16,-4.57142857142857,4.57142857142857,0,1.18518518518519,0.948148148148148,1.23524299721181,0.57951089169277,2.89185185185186,1.39972424742638,0.556785345658421,2.31348148148148
8.46,Pivot left,-0.16,0.16,-4.57142857142857,4.57142857142857,0,1.18518518518519,0.948148148148148,1.23524299721181,0.57951089169277,2.91555555555556,1.39972424742638,0.556785345658421,2.33244444444444
8.48,Pivot left,-0.16,0.16,-4.57142857142857,4.57142857142857,0,1.18518518518519,0.948148148148148,1.23524299721181,0.57951089169277,2.93925925925926,1.39972424742638,0.556785345658421,2.3514074074074
8.5,Pivot left,-0.16,0.16,-4.57142857142857,4.57142857142857,0,1.18518518518519,0.948148148148148,1.23524299721181,0.57951089169277,2.96296296296297,1.39972424742638,0.556785345658421,2.37037037037036
8.52,Pivot left,-0.16,0.16,-4.57142857142857,4.57142857142857,0,1.18518518518519,0.948148148148148,1.23524299721181,0.57951089169277,2.98666666666667,1.39972424742638,0.556785345658421,2.38933333333333
8.54,Pivot left,-0.16,0.16,-4.57142857142857,4.57142857142857,0,1.18518518518519,0.948148148148148,1.23524299721181,0.57951089169277,3.01037037037038,1.39972424742638,0.556785345658421,2.40829629629629
8.56,Pivot left,-0.16,0.16,-4.57142857142857,4.57142857142857,0,1.18518518518519,0.948148148148148,1.23524299721181,0.57951089169277,3.03407407407408,1.39972424742638,0.556785345658421,2.42725925925925
8.58,Pivot left,-0.16,0.16,-4.57142857142857,4.57142857142857,0,1.18518518518519,0.948148148148148,1.23524299721181,0.57951089169277,3.05777777777778,1.39972424742638,0.556785345658421,2.44622222222222
8.6,Pivot left,-0.16,0.16,-4.57142857142857,4.57142857142857,0,1.18518518518519,0.948148148148148,1.23524299721181,0.57951089169277,3.08148148148149,1.39972424742638,0.556785345658421,2.46518518518518
8.62,Pivot left,-0.16,0.16,-4.57142857142857,4.57142857142857,0,1.18518518518519,0.948148148148148,1.23524299721181,0.57951089169277,3.10518518518519,1.39972424742638,0.556785345658421,2.48414814814814
8.64,Pivot left,-0.16,0.16,-4.57142857142857,4.57142857142857,0,1.18518518518519,0.948148148148148,1.23524299721181,0.57951089169277,3.12888888888889,1.39972424742638,0.556785345658421,2.5031111111111
8.66,Pivot left,-0.16,0.16,-4.57142857142857,4.57142857142857,0,1.18518518518519,0.948148148148148,1.23524299721181,0.57951089169277,3.1525925925926,1.39972424742638,0.556785345658421,2.52207407407407
8.68,Pivot left,-0.16,0.16,-4.57142857142857,4.57142857142857,0,1.18518518518519,0.948148148148148,1.23524299721181,0.57951089169277,3.1762962962963,1.39972424742638,0.556785345658421,2.54103703703703
8.7,Pivot left,-0.16,0.16,-4.57142857142857,4.57142857142857,0,1.18518518518519,0.948148148148148,1.23524299721181,0.57951089169277,3.20000000000001,1.39972424742638,0.556785345658421,2.55999999999999
8.72,Pivot left,-0.16,0.16,-4.57142857142857,4.57142857142857,0,1.18518518518519,0.948148148148148,1.23524299721181,0.57951089169277,3.22370370370371,1.39972424742638,0.556785345658421,2.57896296296296
8.74,Pivot left,-0.16,0.16,-4.57142857142857,4.57142857142857,0,1.18518518518519,0.948148148148148,1.23524299721181,0.57951089169277,3.24740740740741,1.39972424742638,0.556785345658421,2.59792592592592
8.76,Pivot left,-0.16,0.16,-4.57142857142857,4.57142857142857,0,1.18518518518519,0.948148148148148,1.23524299721181,0.57951089169277,3.27111111111111,1.39972424742638,0.556785345658421,2.61688888888888
8.78,Pivot left,-0.16,0.16,-4.57142857142857,4.57142857142857,0,1.18518518518519,0.948148148148148,1.23524299721181,0.57951089169277,3.29481481481482,1.39972424742638,0.556785345658421,2.63585185185184
8.8,Pivot left,-0.16,0.16,-4.57142857142857,4.57142857142857,0,1.18518518518519,0.948148148148148,1.23524299721181,0.57951089169277,3.31851851851852,1.39972424742638,0.556785345658421,2.65481481481481
8.82,Pivot left,-0.16,0.16,-4.57142857142857,4.57142857142857,0,1.18518518518519,0.948148148148148,1.23524299721181,0.57951089169277,3.34222222222223,1.39972424742638,0.556785345658421,2.67377777777777
8.84,Pivot left,-0.16,0.16,-4.57142857142857,4.57142857142857,0,1.18518518518519,0.948148148148148,1.23524299721181,0.57951089169277,3.36592592592593,1.39972424742638,0.556785345658421,2.69274074074073
8.86,Pivot left,-0.16,0.16,-4.57142857142857,4.57142857142857,0,1.18518518518519,0.948148148148148,1.23524299721181,0.57951089169277,3.38962962962963,1.39972424742638,0.556785345658421,2.71170370370369
8.88,Pivot left,-0.16,0.16,-4.57142857142857,4.57142857142857,0,1.18518518518519,0.948148148148148,1.23524299721181,0.57951089169277,3.41333333333334,1.39972424742638,0.556785345658421,2.73066666666666
8.9,Pivot left,-0.16,0.16,-4.57142857142857,4.57142857142857,0,1.18518518518519,0.948148148148148,1.23524299721181,0.57951089169277,3.43703703703704,1.39972424742638,0.556785345658421,2.74962962962962
8.92,Pivot left,-0.16,0.16,-4.57142857142857,4.57142857142857,0,1.18518518518519,0.948148148148148,1.23524299721181,0.57951089169277,3.46074074074074,1.39972424742638,0.556785345658421,2.76859259259258
8.94,Pivot left,-0.16,0.16,-4.57142857142857,4.57142857142857,0,1.18518518518519,0.948148148148148,1.23524299721181,0.57951089169277,3.48444444444445,1.39972424742638,0.556785345658421,2.78755555555555
8.96,Pivot left,-0.16,0.16,-4.57142857142857,4.57142857142857,0,1.18518518518519,0.948148148148148,1.23524299721181,0.57951089169277,3.50814814814815,1.39972424742638,0.556785345658421,2.80651851851851
8.98,Pivot left,-0.16,0.16,-4.57142857142857,4.57142857142857,0,1.18518518518519,0.948148148148148,1.23524299721181,0.57951089169277,3.53185185185186,1.39972424742638,0.556785345658421,2.82548148148147
9,Pivot left,-0.16,0.16,-4.57142857142857,4.57142857142857,0,1.18518518518519,0.948148148148148,1.23524299721181,0.57951089169277,3.55555555555556,1.39972424742638,0.556785345658421,2.84444444444443
9.02,Pivot left,-0.16,0.16,-4.57142857142857,4.57142857142857,0,1.18518518518519,0.948148148148148,1.23524299721181,0.57951089169277,3.57925925925926,1.39972424742638,0.556785345658421,2.8634074074074
9.04,Pivot left,-0.16,0.16,-4.57142857142857,4.57142857142857,0,1.18518518518519,0.948148148148148,1.23524299721181,0.57951089169277,3.60296296296297,1.39972424742638,0.556785345658421,2.88237037037036
9.06,Pivot left,-0.16,0.16,-4.57142857142857,4.57142857142857,0,1.18518518518519,0.948148148148148,1.23524299721181,0.57951089169277,3.62666666666667,1.39972424742638,0.556785345658421,2.90133333333332
9.08,Pivot left,-0.16,0.16,-4.57142857142857,4.57142857142857,0,1.18518518518519,0.948148148148148,1.23524299721181,0.57951089169277,3.65037037037037,1.39972424742638,0.556785345658421,2.92029629629629
9.1,Pivot left,-0.16,0.16,-4.57142857142857,4.57142857142857,0,1.18518518518519,0.948148148148148,1.23524299721181,0.57951089169277,3.67407407407408,1.39972424742638,0.556785345658421,2.93925925925925
9.12,Pivot left,-0.16,0.16,-4.57142857142857,4.57142857142857,0,1.18518518518519,0.948148148148148,1.23524299721181,0.57951089169277,3.69777777777778,1.39972424742638,0.556785345658421,2.95822222222221
9.14,Pivot left,-0.16,0.16,-4.57142857142857,4.57142857142857,0,1.18518518518519,0.948148148148148,1.23524299721181,0.57951089169277,3.72148148148148,1.39972424742638,0.556785345658421,2.97718518518518
9.16,Pivot left,-0.16,0.16,-4.57142857142857,4.57142857142857,0,1.18518518518519,0.948148148148148,1.23524299721181,0.57951089169277,3.74518518518519,1.39972424742638,0.556785345658421,2.99614814814814
9.18,Pivot left,-0.16,0.16,-4.57142857142857,4.57142857142857,0,1.18518518518519,0.948148148148148,1.23524299721181,0.57951089169277,3.76888888888889,1.39972424742638,0.556785345658421,3.0151111111111
9.2,Pivot left,-0.16,0.16,-4.57142857142857,4.57142857142857,0,1.18518518518519,0.948148148148148,1.23524299721181,0.57951089169277,3.7925925925926,1.39972424742638,0.556785345658421,3.03407407407406
9.22,Pivot left,-0.16,0.16,-4.57142857142857,4.57142857142857,0,1.18518518518519,0.948148148148148,1.23524299721181,0.57951089169277,3.8162962962963,1.39972424742638,0.556785345658421,3.05303703703703
9.24,Pivot left,-0.16,0.16,-4.57142857142857,4.57142857142857,0,1.18518518518519,0.948148148148148,1.23524299721181,0.57951089169277,3.84,1.39972424742638,0.556785345658421,3.07199999999999
9.26,Pivot left,-0.16,0.16,-4.57142857142857,4.57142857142857,0,1.18518518518519,0.948148148148148,1.23524299721181,0.57951089169277,3.86370370370371,1.39972424742638,0.556785345658421,3.09096296296295
9.28,Pivot left,-0.16,0.16,-4.57142857142857,4.57142857142857,0,1.18518518518519,0.948148148148148,1.23524299721181,0.57951089169277,3.88740740740741,1.39972424742638,0.556785345658421,3.10992592592591
9.3,Pivot left,-0.16,0.16,-4.57142857142857,4.57142857142857,0,1.18518518518519,0.948148148148148,1.23524299721181,0.57951089169277,3.91111111111111,1.39972424742638,0.556785345658421,3.12888888888888
9.32,Pivot left,-0.16,0.16,-4.57142857142857,4.57142857142857,0,1.18518518518519,0.948148148148148,1.23524299721181,0.57951089169277,3.93481481481482,1.39972424742638,0.556785345658421,3.14785185185184
9.34,Pivot left,-0.16,0.16,-4.57142857142857,4.57142857142857,0,1.18518518518519,0.948148148148148,1.23524299721181,0.57951089169277,3.95851851851852,1.39972424742638,0.556785345658421,3.1668148148148
9.36,Pivot left,-0.16,0.16,-4.57142857142857,4.57142857142857,0,1.18518518518519,0.948148148148148,1.23524299721181,0.57951089169277,3.98222222222222,1.39972424742638,0.556785345658421,3.18577777777777
9.38,Pivot left,-0.16,0.16,-4.57142857142857,4.57142857142857,0,1.18518518518519,0.948148148148148,1.23524299721181,0.57951089169277,4.00592592592593,1.39972424742638,0.556785345658421,3.20474074074073
9.4,Pivot left,-0.16,0.16,-4.57142857142857,4.57142857142857,0,1.18518518518519,0.948148148148148,1.23524299721181,0.57951089169277,4.02962962962963,1.39972424742638,0.556785345658421,3.22370370370369
9.42,Pivot left,-0.16,0.16,-4.57142857142857,4.57142857142857,0,1.18518518518519,0.948148148148148,1.23524299721181,0.57951089169277,4.05333333333334,1.39972424742638,0.556785345658421,3.24266666666665
9.44,Pivot left,-0.16,0.16,-4.57142857142857,4.57142857142857,0,1.18518518518519,0.948148148148148,1.23524299721181,0.57951089169277,4.07703703703704,1.39972424742638,0.556785345658421,3.26162962962962
9.46,Pivot left,-0.16,0.16,-4.57142857142857,4.57142857142857,0,1.18518518518519,0.948148148148148,1.23524299721181,0.57951089169277,4.10074074074074,1.39972424742638,0.556785345658421,3.28059259259258
9.48,Pivot left,-0.16,0.16,-4.57142857142857,4.57142857142857,0,1.18518518518519,0.948148148148148,1.23524299721181,0.57951089169277,4.12444444444445,1.39972424742638,0.556785345658421,3.29955555555554
9.5,Pivot left,-0.16,0.16,-4.57142857142857,4.57142857142857,0,1.18518518518519,0.948148148148148,1.23524299721181,0.57951089169277,4.14814814814815,1.39972424742638,0.556785345658421,3.31851851851851
9.52,Pivot left,-0.16,0.16,-4.57142857142857,4.57142857142857,0,1.18518518518519,0.948148148148148,1.23524299721181,0.57951089169277,4.17185185185186,1.39972424742638,0.556785345658421,3.33748148148147
9.54,Pivot left,-0.16,0.16,-4.57142857142857,4.57142857142857,0,1.18518518518519,0.948148148148148,1.23524299721181,0.57951089169277,4.19555555555556,1.39972424742638,0.556785345658421,3.35644444444443
9.56,Pivot left,-0.16,0.16,-4.57142857142857,4.57142857142857,0,1.18518518518519,0.948148148148148,1.23524299721181,0.57951089169277,4.21925925925926,1.39972424742638,0.556785345658421,3.37540740740739
9.58,Pivot left,-0.16,0.16,-4.57142857142857,4.57142857142857,0,1.18518518518519,0.948148148148148,1.23524299721181,0.57951089169277,4.24296296296297,1.39972424742638,0.556785345658421,3.39437037037036
9.6,Pivot left,-0.16,0.16,-4.57142857142857,4.57142857142857,0,1.18518518518519,0.948148148148148,1.23524299721181,0.57951089169277,4.26666666666667,1.39972424742638,0.556785345658421,3.41333333333332
9.62,Pivot left,-0.16,0.16,-4.57142857142857,4.57142857142857,0,1.18518518518519,0.948148148148148,1.23524299721181,0.57951089169277,4.29037037037038,1.39972424742638,0.556785345658421,3.43229629629628
9.64,Pivot left,-0.16,0.16,-4.57142857142857,4.57142857142857,0,1.18518518518519,0.948148148148148,1.23524299721181,0.57951089169277,4.31407407407408,1.39972424742638,0.556785345658421,3.45125925925925
9.66,Pivot left,-0.16,0.16,-4.57142857142857,4.57142857142857,0,1.18518518518519,0.948148148148148,1.23524299721181,0.57951089169277,4.33777777777778,1.39972424742638,0.556785345658421,3.47022222222221
9.68,Pivot left,-0.16,0.16,-4.57142857142857,4.57142857142857,0,1.18518518518519,0.948148148148148,1.23524299721181,0.57951089169277,4.36148148148149,1.39972424742638,0.556785345658421,3.48918518518517
9.7,Pivot left,-0.16,0.16,-4.57142857142857,4.57142857142857,0,1.18518518518519,0.948148148148148,1.23524299721181,0.57951089169277,4.38518518518519,1.39972424742638,0.556785345658421,3.50814814814813
9.72,Pivot left,-0.16,0.16,-4.57142857142857,4.57142857142857,0,1.18518518518519,0.948148148148148,1.23524299721181,0.57951089169277,4.4088888888889,1.39972424742638,0.556785345658421,3.5271111111111
9.74,Pivot left,-0.16,0.16,-4.57142857142857,4.57142857142857,0,1.18518518518519,0.948148148148148,1.23524299721181,0.57951089169277,4.4325925925926,1.39972424742638,0.556785345658421,3.54607407407406
9.76,Pivot left,-0.16,0.16,-4.57142857142857,4.57142857142857,0,1.18518518518519,0.948148148148148,1.23524299721181,0.57951089169277,4.4562962962963,1.39972424742638,0.556785345658421,3.56503703703702
9.78,Pivot left,-0.16,0.16,-4.57142857142857,4.57142857142857,0,1.18518518518519,0.948148148148148,1.23524299721181,0.57951089169277,4.48000000000001,1.39972424742638,0.556785345658421,3.58399999999998
9.8,Pivot left,-0.16,0.16,-4.57142857142857,4.57142857142857,0,1.18518518518519,0.948148148148148,1.23524299721181,0.57951089169277,4.50370370370371,1.39972424742638,0.556785345658421,3.60296296296295
9.82,Pivot left,-0.16,0.16,-4.57142857142857,4.57142857142857,0,1.18518518518519,0.948148148148148,1.23524299721181,0.57951089169277,4.52740740740742,1.39972424742638,0.556785345658421,3.62192592592591
9.84,Pivot left,-0.16,0.16,-4.57142857142857,4.57142857142857,0,1.18518518518519,0.948148148148148,1.23524299721181,0.57951089169277,4.55111111111112,1.39972424742638,0.556785345658421,3.64088888888887
9.86,Pivot left,-0.16,0.16,-4.57142857142857,4.57142857142857,0,1.18518518518519,0.948148148148148,1.23524299721181,0.57951089169277,4.57481481481482,1.39972424742638,0.556785345658421,3.65985185185184
9.88,Pivot left,-0.16,0.16,-4.57142857142857,4.57142857142857,0,1.18518518518519,0.948148148148148,1.23524299721181,0.57951089169277,4.59851851851853,1.39972424742638,0.556785345658421,3.6788148148148
9.9,Pivot left,-0.16,0.16,-4.57142857142857,4.57142857142857,0,1.18518518518519,0.948148148148148,1.23524299721181,0.57951089169277,4.62222222222223,1.39972424742638,0.556785345658421,3.69777777777776
9.92,Pivot left,-0.16,0.16,-4.57142857142857,4.57142857142857,0,1.18518518518519,0.948148148148148,1.23524299721181,0.57951089169277,4.64592592592594,1.39972424742638,0.556785345658421,3.71674074074072
9.94,Pivot left,-0.16,0.16,-4.57142857142857,4.57142857142857,0,1.18518518518519,0.948148148148148,1.23524299721181,0.57951089169277,4.66962962962964,1.39972424742638,0.556785345658421,3.73570370370369
9.96,Pivot left,-0.16,0.16,-4.57142857142857,4.57142857142857,0,1.18518518518519,0.948148148148148,1.23524299721181,0.57951089169277,4.69333333333334,1.39972424742638,0.556785345658421,3.75466666666665
9.98,Pivot left,-0.16,0.16,-4.57142857142857,4.57142857142857,0,1.18518518518519,0.948148148148148,1.23524299721181,0.57951089169277,4.71703703703705,1.39972424742638,0.556785345658421,3.77362962962961
10,Pivot left,-0.16,0.16,-4.57142857142857,4.57142857142857,0,1.18518518518519,0.948148148148148,1.23524299721181,0.57951089169277,4.74074074074075,1.39972424742638,0.556785345658421,3.79259259259258
10.02,Pivot left,-0.16,0.16,-4.57142857142857,4.57142857142857,0,1.18518518518519,0.948148148148148,1.23524299721181,0.57951089169277,4.76444444444445,1.39972424742638,0.556785345658421,3.81155555555554
10.04,Pivot left,-0.16,0.16,-4.57142857142857,4.57142857142857,0,1.18518518518519,0.948148148148148,1.23524299721181,0.57951089169277,4.78814814814816,1.39972424742638,0.556785345658421,3.8305185185185
10.06,Pivot left,-0.16,0.16,-4.57142857142857,4.57142857142857,0,1.18518518518519,0.948148148148148,1.23524299721181,0.57951089169277,4.81185185185186,1.39972424742638,0.556785345658421,3.84948148148147
10.08,Pivot left,-0.16,0.16,-4.57142857142857,4.57142857142857,0,1.18518518518519,0.948148148148148,1.23524299721181,0.57951089169277,4.83555555555557,1.39972424742638,0.556785345658421,3.86844444444443
10.1,Pivot left,-0.16,0.16,-4.57142857142857,4.57142857142857,0,1.18518518518519,0.948148148148148,1.23524299721181,0.57951089169277,4.85925925925927,1.39972424742638,0.556785345658421,3.88740740740739
10.12,Pivot left,-0.16,0.16,-4.57142857142857,4.57142857142857,0,1.18518518518519,0.948148148148148,1.23524299721181,0.57951089169277,4.88296296296298,1.39972424742638,0.556785345658421,3.90637037037035
10.14,Pivot left,-0.16,0.16,-4.57142857142857,4.57142857142857,0,1.18518518518519,0.948148148148148,1.23524299721181,0.57951089169277,4.90666666666668,1.39972424742638,0.556785345658421,3.92533333333332
10.16,Pivot left,-0.16,0.16,-4.57142857142857,4.57142857142857,0,1.18518518518519,0.948148148148148,1.23524299721181,0.57951089169277,4.93037037037038,1.39972424742638,0.556785345658421,3.94429629629628
10.18,Pivot left,-0.16,0.16,-4.57142857142857,4.57142857142857,0,1.18518518518519,0.948148148148148,1.23524299721181,0.57951089169277,4.95407407407409,1.39972424742638,0.556785345658421,3.96325925925924
10.2,Pivot left,-0.16,0.16,-4.57142857142857,4.57142857142857,0,1.18518518518519,0.948148148148148,1.23524299721181,0.57951089169277,4.97777777777779,1.39972424742638,0.556785345658421,3.98222222222221
10.22,Pivot left,-0.16,0.16,-4.57142857142857,4.57142857142857,0,1.18518518518519,0.948148148148148,1.23524299721181,0.57951089169277,5.0014814814815,1.39972424742638,0.556785345658421,4.00118518518517
10.24,Pivot left,-0.16,0.16,-4.57142857142857,4.57142857142857,0,1.18518518518519,0.948148148148148,1.23524299721181,0.57951089169277,5.0251851851852,1.39972424742638,0.556785345658421,4.02014814814813
10.26,Pivot left,-0.16,0.16,-4.57142857142857,4.57142857142857,0,1.18518518518519,0.948148148148148,1.23524299721181,0.57951089169277,5.0488888888889,1.39972424742638,0.556785345658421,4.03911111111109
10.28,Pivot left,-0.16,0.16,-4.57142857142857,4.57142857142857,0,1.18518518518519,0.948148148148148,1.23524299721181,0.57951089169277,5.07259259259261,1.39972424742638,0.556785345658421,4.05807407407406
10.3,Pivot left,-0.16,0.16,-4.57142857142857,4.57142857142857,0,1.18518518518519,0.948148148148148,1.23524299721181,0.57951089169277,5.09629629629631,1.39972424742638,0.556785345658421,4.07703703703702
10.32,Pivot left,-0.16,0.16,-4.57142857142857,4.57142857142857,0,1.18518518518519,0.948148148148148,1.23524299721181,0.57951089169277,5.12000000000002,1.39972424742638,0.556785345658421,4.09599999999998
10.34,Pivot left,-0.16,0.16,-4.57142857142857,4.57142857142857,0,1.18518518518519,0.948148148148148,1.23524299721181,0.57951089169277,5.14370370370372,1.39972424742638,0.556785345658421,4.11496296296295
10.36,Pivot left,-0.16,0.16,-4.57142857142857,4.57142857142857,0,1.18518518518519,0.948148148148148,1.23524299721181,0.57951089169277,5.16740740740742,1.39972424742638,0.556785345658421,4.13392592592591
10.38,Pivot left,-0.16,0.16,-4.57142857142857,4.57142857142857,0,1.18518518518519,0.948148148148148,1.23524299721181,0.57951089169277,5.19111111111113,1.39972424742638,0.556785345658421,4.15288888888887
10.4,Pivot left,-0.16,0.16,-4.57142857142857,4.57142857142857,0,1.18518518518519,0.948148148148148,1.23524299721181,0.57951089169277,5.21481481481483,1.39972424742638,0.556785345658421,4.17185185185184
10.42,Pivot left,-0.16,0.16,-4.57142857142857,4.57142857142857,0,1.18518518518519,0.948148148148148,1.23524299721181,0.57951089169277,5.23851851851853,1.39972424742638,0.556785345658421,4.1908148148148
10.44,Pivot left,-0.16,0.16,-4.57142857142857,4.57142857142857,0,1.18518518518519,0.948148148148148,1.23524299721181,0.57951089169277,5.26222222222224,1.39972424742638,0.556785345658421,4.20977777777776
10.46,Pivot left,-0.16,0.16,-4.57142857142857,4.57142857142857,0,1.18518518518519,0.948148148148148,1.23524299721181,0.57951089169277,5.28592592592594,1.39972424742638,0.556785345658421,4.22874074074073
10.48,Pivot left,-0.16,0.16,-4.57142857142857,4.57142857142857,0,1.18518518518519,0.948148148148148,1.23524299721181,0.57951089169277,5.30962962962965,1.39972424742638,0.556785345658421,4.24770370370369
10.5,Pivot left,-0.16,0.16,-4.57142857142857,4.57142857142857,0,1.18518518518519,0.948148148148148,1.23524299721181,0.57951089169277,5.33333333333335,1.39972424742638,0.556785345658421,4.26666666666665
10.52,Pivot left,-0.16,0.16,-4.57142857142857,4.57142857142857,0,1.18518518518519,0.948148148148148,1.23524299721181,0.57951089169277,5.35703703703705,1.39972424742638,0.556785345658421,4.28562962962962
10.54,Pivot left,-0.16,0.16,-4.57142857142857,4.57142857142857,0,1.18518518518519,0.948148148148148,1.23524299721181,0.57951089169277,5.38074074074076,1.39972424742638,0.556785345658421,4.30459259259258
10.56,Pivot left,-0.16,0.16,-4.57142857142857,4.57142857142857,0,1.18518518518519,0.948148148148148,1.23524299721181,0.57951089169277,5.40444444444446,1.39972424742638,0.556785345658421,4.32355555555554
10.58,Pivot left,-0.16,0.16,-4.57142857142857,4.57142857142857,0,1.18518518518519,0.948148148148148,1.23524299721181,0.57951089169277,5.42814814814817,1.39972424742638,0.556785345658421,4.34251851851851
10.6,Pivot left,-0.16,0.16,-4.57142857142857,4.57142857142857,0,1.18518518518519,0.948148148148148,1.23524299721181,0.57951089169277,5.45185185185187,1.39972424742638,0.556785345658421,4.36148148148147
10.62,Pivot left,-0.16,0.16,-4.57142857142857,4.57142857142857,0,1.18518518518519,0.948148148148148,1.23524299721181,0.57951089169277,5.47555555555558,1.39972424742638,0.556785345658421,4.38044444444443
10.64,Pivot left,-0.16,0.16,-4.57142857142857,4.57142857142857,0,1.18518518518519,0.948148148148148,1.23524299721181,0.57951089169277,5.49925925925928,1.39972424742638,0.556785345658421,4.3994074074074
10.66,Pivot left,-0.16,0.16,-4.57142857142857,4.57142857142857,0,1.18518518518519,0.948148148148148,1.23524299721181,0.57951089169277,5.52296296296298,1.39972424742638,0.556785345658421,4.41837037037036
10.68,Pivot left,-0.16,0.16,-4.57142857142857,4.57142857142857,0,1.18518518518519,0.948148148148148,1.23524299721181,0.57951089169277,5.54666666666669,1.39972424742638,0.556785345658421,4.43733333333332
10.7,Pivot left,-0.16,0.16,-4.57142857142857,4.57142857142857,0,1.18518518518519,0.948148148148148,1.23524299721181,0.57951089169277,5.57037037037039,1.39972424742638,0.556785345658421,4.45629629629629
10.72,Pivot left,-0.16,0.16,-4.57142857142857,4.57142857142857,0,1.18518518518519,0.948148148148148,1.23524299721181,0.57951089169277,5.5940740740741,1.39972424742638,0.556785345658421,4.47525925925925
10.74,Pivot left,-0.16,0.16,-4.57142857142857,4.57142857142857,0,1.18518518518519,0.948148148148148,1.23524299721181,0.57951089169277,5.6177777777778,1.39972424742638,0.556785345658421,4.49422222222221
10.76,Pivot left,-0.16,0.16,-4.57142857142857,4.57142857142857,0,1.18518518518519,0.948148148148148,1.23524299721181,0.57951089169277,5.6414814814815,1.39972424742638,0.556785345658421,4.51318518518518
10.78,Pivot left,-0.16,0.16,-4.57142857142857,4.57142857142857,0,1.18518518518519,0.948148148148148,1.23524299721181,0.57951089169277,5.66518518518521,1.39972424742638,0.556785345658421,4.53214814814814
10.8,Pivot left,-0.16,0.16,-4.57142857142857,4.57142857142857,0,1.18518518518519,0.948148148148148,1.23524299721181,0.57951089169277,5.68888888888891,1.39972424742638,0.556785345658421,4.5511111111111
10.82,Pivot left,-0.16,0.16,-4.57142857142857,4.57142857142857,0,1.18518518518519,0.948148148148148,1.23524299721181,0.57951089169277,5.71259259259261,1.39972424742638,0.556785345658421,4.57007407407407
10.84,Pivot left,-0.16,0.16,-4.57142857142857,4.57142857142857,0,1.18518518518519,0.948148148148148,1.23524299721181,0.57951089169277,5.73629629629632,1.39972424742638,0.556785345658421,4.58903703703703
10.86,Pivot left,-0.16,0.16,-4.57142857142857,4.57142857142857,0,1.18518518518519,0.948148148148148,1.23524299721181,0.57951089169277,5.76000000000002,1.39972424742638,0.556785345658421,4.60799999999999
10.88,Pivot left,-0.16,0.16,-4.57142857142857,4.57142857142857,0,1.18518518518519,0.948148148148148,1.23524299721181,0.57951089169277,5.78370370370373,1.39972424742638,0.556785345658421,4.62696296296296
10.9,Pivot left,-0.16,0.16,-4.57142857142857,4.57142857142857,0,1.18518518518519,0.948148148148148,1.23524299721181,0.57951089169277,5.80740740740743,1.39972424742638,0.556785345658421,4.64592592592592
10.92,Pivot left,-0.16,0.16,-4.57142857142857,4.57142857142857,0,1.18518518518519,0.948148148148148,1.23524299721181,0.57951089169277,5.83111111111113,1.39972424742638,0.556785345658421,4.66488888888888
10.94,Pivot left,-0.16,0.16,-4.57142857142857,4.57142857142857,0,1.18518518518519,0.948148148148148,1.23524299721181,0.57951089169277,5.85481481481484,1.39972424742638,0.556785345658421,4.68385185185184
10.96,Pivot left,-0.16,0.16,-4.57142857142857,4.57142857142857,0,1.18518518518519,0.948148148148148,1.23524299721181,0.57951089169277,5.87851851851854,1.39972424742638,0.556785345658421,4.70281481481481
10.98,Pivot left,-0.16,0.16,-4.57142857142857,4.57142857142857,0,1.18518518518519,0.948148148148148,1.23524299721181,0.57951089169277,5.90222222222225,1.39972424742638,0.556785345658421,4.72177777777777
11,Straight 2,0.22,0.22,6.28571428571429,6.28571428571429,0.22,0,0,1.23524299721181,0.57951089169277,5.92592592592595,1.39972424742638,0.556785345658421,4.74074074074074
11.02,Straight 2,0.22,0.22,6.28571428571429,6.28571428571429,0.22,0,0,1.23936517574297,0.577972176593341,5.92592592592595,1.39984897846012,0.552387113949061,4.74074074074074
11.04,Straight 2,0.22,0.22,6.28571428571429,6.28571428571429,0.22,0,0,1.24348735427414,0.576433461493913,5.92592592592595,1.39997370949385,0.5479888822397,4.74074074074074
11.06,Straight 2,0.22,0.22,6.28571428571429,6.28571428571429,0.22,0,0,1.2476095328053,0.574894746394484,5.92592592592595,1.40009844052759,0.54359065053034,4.74074074074074
11.08,Straight 2,0.22,0.22,6.28571428571429,6.28571428571429,0.22,0,0,1.25173171133646,0.573356031295056,5.92592592592595,1.40022317156132,0.539192418820979,4.74074074074074
11.1,Straight 2,0.22,0.22,6.28571428571429,6.28571428571429,0.22,0,0,1.25585388986763,0.571817316195627,5.92592592592595,1.40034790259506,0.534794187111619,4.74074074074074
11.12,Straight 2,0.22,0.22,6.28571428571429,6.28571428571429,0.22,0,0,1.25997606839879,0.570278601096199,5.92592592592595,1.40047263362879,0.530395955402259,4.74074074074074
11.14,Straight 2,0.22,0.22,6.28571428571429,6.28571428571429,0.22,0,0,1.26409824692996,0.56873988599677,5.92592592592595,1.40059736466253,0.525997723692898,4.74074074074074
11.16,Straight 2,0.22,0.22,6.28571428571429,6.28571428571429,0.22,0,0,1.26822042546112,0.567201170897342,5.92592592592595,1.40072209569626,0.521599491983537,4.74074074074074
11.18,Straight 2,0.22,0.22,6.28571428571429,6.28571428571429,0.22,0,0,1.27234260399229,0.565662455797913,5.92592592592595,1.40084682673,0.517201260274177,4.74074074074074
11.2,Straight 2,0.22,0.22,6.28571428571429,6.28571428571429,0.22,0,0,1.27646478252345,0.564123740698485,5.92592592592595,1.40097155776373,0.512803028564817,4.74074074074074
11.22,Straight 2,0.22,0.22,6.28571428571429,6.28571428571429,0.22,0,0,1.28058696105461,0.562585025599056,5.92592592592595,1.40109628879746,0.508404796855456,4.74074074074074
11.24,Straight 2,0.22,0.22,6.28571428571429,6.28571428571429,0.22,0,0,1.28470913958578,0.561046310499627,5.92592592592595,1.4012210198312,0.504006565146096,4.74074074074074
11.26,Straight 2,0.22,0.22,6.28571428571429,6.28571428571429,0.22,0,0,1.28883131811694,0.559507595400199,5.92592592592595,1.40134575086493,0.499608333436735,4.74074074074074
11.28,Straight 2,0.22,0.22,6.28571428571429,6.28571428571429,0.22,0,0,1.29295349664811,0.557968880300771,5.92592592592595,1.40147048189867,0.495210101727375,4.74074074074074
11.3,Straight 2,0.22,0.22,6.28571428571429,6.28571428571429,0.22,0,0,1.29707567517927,0.556430165201342,5.92592592592595,1.4015952129324,0.490811870018015,4.74074074074074
11.32,Straight 2,0.22,0.22,6.28571428571429,6.28571428571429,0.22,0,0,1.30119785371043,0.554891450101913,5.92592592592595,1.40171994396614,0.486413638308654,4.74074074074074
11.34,Straight 2,0.22,0.22,6.28571428571429,6.28571428571429,0.22,0,0,1.3053200322416,0.553352735002485,5.92592592592595,1.40184467499987,0.482015406599294,4.74074074074074
11.36,Straight 2,0.22,0.22,6.28571428571429,6.28571428571429,0.22,0,0,1.30944221077276,0.551814019903056,5.92592592592595,1.40196940603361,0.477617174889933,4.74074074074074
11.38,Straight 2,0.22,0.22,6.28571428571429,6.28571428571429,0.22,0,0,1.31356438930393,0.550275304803628,5.92592592592595,1.40209413706734,0.473218943180573,4.74074074074074
11.4,Straight 2,0.22,0.22,6.28571428571429,6.28571428571429,0.22,0,0,1.31768656783509,0.548736589704199,5.92592592592595,1.40221886810108,0.468820711471212,4.74074074074074
11.42,Straight 2,0.22,0.22,6.28571428571429,6.28571428571429,0.22,0,0,1.32180874636626,0.547197874604771,5.92592592592595,1.40234359913481,0.464422479761852,4.74074074074074
11.44,Straight 2,0.22,0.22,6.28571428571429,6.28571428571429,0.22,0,0,1.32593092489742,0.545659159505342,5.92592592592595,1.40246833016855,0.460024248052492,4.74074074074074
11.46,Straight 2,0.22,0.22,6.28571428571429,6.28571428571429,0.22,0,0,1.33005310342858,0.544120444405914,5.92592592592595,1.40259306120228,0.455626016343131,4.74074074074074
11.48,Straight 2,0.22,0.22,6.28571428571429,6.28571428571429,0.22,0,0,1.33417528195975,0.542581729306485,5.92592592592595,1.40271779223602,0.451227784633771,4.74074074074074
11.5,Straight 2,0.22,0.22,6.28571428571429,6.28571428571429,0.22,0,0,1.33829746049091,0.541043014207057,5.92592592592595,1.40284252326975,0.44682955292441,4.74074074074074
11.52,Straight 2,0.22,0.22,6.28571428571429,6.28571428571429,0.22,0,0,1.34241963902208,0.539504299107628,5.92592592592595,1.40296725430348,0.44243132121505,4.74074074074074
11.54,Straight 2,0.22,0.22,6.28571428571429,6.28571428571429,0.22,0,0,1.34654181755324,0.5379655840082,5.92592592592595,1.40309198533722,0.43803308950569,4.74074074074074
11.56,Straight 2,0.22,0.22,6.28571428571429,6.28571428571429,0.22,0,0,1.3506639960844,0.536426868908771,5.92592592592595,1.40321671637095,0.433634857796329,4.74074074074074
11.58,Straight 2,0.22,0.22,6.28571428571429,6.28571428571429,0.22,0,0,1.35478617461557,0.534888153809343,5.92592592592595,1.40334144740469,0.429236626086969,4.74074074074074
11.6,Straight 2,0.22,0.22,6.28571428571429,6.28571428571429,0.22,0,0,1.35890835314673,0.533349438709914,5.92592592592595,1.40346617843842,0.424838394377608,4.74074074074074
11.62,Straight 2,0.22,0.22,6.28571428571429,6.28571428571429,0.22,0,0,1.3630305316779,0.531810723610486,5.92592592592595,1.40359090947216,0.420440162668248,4.74074074074074
11.64,Straight 2,0.22,0.22,6.28571428571429,6.28571428571429,0.22,0,0,1.36715271020906,0.530272008511057,5.92592592592595,1.40371564050589,0.416041930958887,4.74074074074074
11.66,Straight 2,0.22,0.22,6.28571428571429,6.28571428571429,0.22,0,0,1.37127488874022,0.528733293411629,5.92592592592595,1.40384037153963,0.411643699249527,4.74074074074074
11.68,Straight 2,0.22,0.22,6.28571428571429,6.28571428571429,0.22,0,0,1.37539706727139,0.5271945783122,5.92592592592595,1.40396510257336,0.407245467540167,4.74074074074074
11.7,Straight 2,0.22,0.22,6.28571428571429,6.28571428571429,0.22,0,0,1.37951924580255,0.525655863212772,5.92592592592595,1.4040898336071,0.402847235830806,4.74074074074074
11.72,Straight 2,0.22,0.22,6.28571428571429,6.28571428571429,0.22,0,0,1.38364142433372,0.524117148113343,5.92592592592595,1.40421456464083,0.398449004121446,4.74074074074074
11.74,Straight 2,0.22,0.22,6.28571428571429,6.28571428571429,0.22,0,0,1.38776360286488,0.522578433013915,5.92592592592595,1.40433929567457,0.394050772412085,4.74074074074074
11.76,Straight 2,0.22,0.22,6.28571428571429,6.28571428571429,0.22,0,0,1.39188578139605,0.521039717914486,5.92592592592595,1.4044640267083,0.389652540702725,4.74074074074074
11.78,Straight 2,0.22,0.22,6.28571428571429,6.28571428571429,0.22,0,0,1.39600795992721,0.519501002815058,5.92592592592595,1.40458875774204,0.385254308993365,4.74074074074074
11.8,Straight 2,0.22,0.22,6.28571428571429,6.28571428571429,0.22,0,0,1.40013013845837,0.517962287715629,5.92592592592595,1.40471348877577,0.380856077284004,4.74074074074074
11.82,Straight 2,0.22,0.22,6.28571428571429,6.28571428571429,0.22,0,0,1.40425231698954,0.516423572616201,5.92592592592595,1.4048382198095,0.376457845574644,4.74074074074074
11.84,Straight 2,0.22,0.22,6.28571428571429,6.28571428571429,0.22,0,0,1.4083744955207,0.514884857516772,5.92592592592595,1.40496295084324,0.372059613865283,4.74074074074074
11.86,Straight 2,0.22,0.22,6.28571428571429,6.28571428571429,0.22,0,0,1.41249667405187,0.513346142417344,5.92592592592595,1.40508768187697,0.367661382155923,4.74074074074074
11.88,Straight 2,0.22,0.22,6.28571428571429,6.28571428571429,0.22,0,0,1.41661885258303,0.511807427317915,5.92592592592595,1.40521241291071,0.363263150446563,4.74074074074074
11.9,Straight 2,0.22,0.22,6.28571428571429,6.28571428571429,0.22,0,0,1.42074103111419,0.510268712218486,5.92592592592595,1.40533714394444,0.358864918737202,4.74074074074074
11.92,Straight 2,0.22,0.22,6.28571428571429,6.28571428571429,0.22,0,0,1.42486320964536,0.508729997119058,5.92592592592595,1.40546187497818,0.354466687027842,4.74074074074074
11.94,Straight 2,0.22,0.22,6.28571428571429,6.28571428571429,0.22,0,0,1.42898538817652,0.507191282019629,5.92592592592595,1.40558660601191,0.350068455318481,4.74074074074074
11.96,Straight 2,0.22,0.22,6.28571428571429,6.28571428571429,0.22,0,0,1.43310756670769,0.505652566920201,5.92592592592595,1.40571133704565,0.345670223609121,4.74074074074074
11.98,Straight 2,0.22,0.22,6.28571428571429,6.28571428571429,0.22,0,0,1.43722974523885,0.504113851820772,5.92592592592595,1.40583606807938,0.34127199189976,4.74074074074074
12,Straight 2,0.22,0.22,6.28571428571429,6.28571428571429,0.22,0,0,1.44135192377002,0.502575136721344,5.92592592592595,1.40596079911312,0.3368737601904,4.74074074074074
12.02,Straight 2,0.22,0.22,6.28571428571429,6.28571428571429,0.22,0,0,1.44547410230118,0.501036421621915,5.92592592592595,1.40608553014685,0.33247552848104,4.74074074074074
12.04,Straight 2,0.22,0.22,6.28571428571429,6.28571428571429,0.22,0,0,1.44959628083234,0.499497706522487,5.92592592592595,1.40621026118059,0.328077296771679,4.74074074074074
12.06,Straight 2,0.22,0.22,6.28571428571429,6.28571428571429,0.22,0,0,1.45371845936351,0.497958991423058,5.92592592592595,1.40633499221432,0.323679065062319,4.74074074074074
12.08,Straight 2,0.22,0.22,6.28571428571429,6.28571428571429,0.22,0,0,1.45784063789467,0.49642027632363,5.92592592592595,1.40645972324806,0.319280833352958,4.74074074074074
12.1,Straight 2,0.22,0.22,6.28571428571429,6.28571428571429,0.22,0,0,1.46196281642584,0.494881561224202,5.92592592592595,1.40658445428179,0.314882601643598,4.74074074074074
12.12,Straight 2,0.22,0.22,6.28571428571429,6.28571428571429,0.22,0,0,1.466084994957,0.493342846124773,5.92592592592595,1.40670918531552,0.310484369934238,4.74074074074074
12.14,Straight 2,0.22,0.22,6.28571428571429,6.28571428571429,0.22,0,0,1.47020717348816,0.491804131025344,5.92592592592595,1.40683391634926,0.306086138224877,4.74074074074074
12.16,Straight 2,0.22,0.22,6.28571428571429,6.28571428571429,0.22,0,0,1.47432935201933,0.490265415925916,5.92592592592595,1.40695864738299,0.301687906515517,4.74074074074074
12.18,Straight 2,0.22,0.22,6.28571428571429,6.28571428571429,0.22,0,0,1.47845153055049,0.488726700826488,5.92592592592595,1.40708337841673,0.297289674806156,4.74074074074074
12.2,Straight 2,0.22,0.22,6.28571428571429,6.28571428571429,0.22,0,0,1.48257370908166,0.487187985727059,5.92592592592595,1.40720810945046,0.292891443096796,4.74074074074074
12.22,Straight 2,0.22,0.22,6.28571428571429,6.28571428571429,0.22,0,0,1.48669588761282,0.485649270627631,5.92592592592595,1.4073328404842,0.288493211387435,4.74074074074074
12.24,Straight 2,0.22,0.22,6.28571428571429,6.28571428571429,0.22,0,0,1.49081806614398,0.484110555528202,5.92592592592595,1.40745757151793,0.284094979678075,4.74074074074074
12.26,Straight 2,0.22,0.22,6.28571428571429,6.28571428571429,0.22,0,0,1.49494024467515,0.482571840428774,5.92592592592595,1.40758230255167,0.279696747968715,4.74074074074074
12.28,Straight 2,0.22,0.22,6.28571428571429,6.28571428571429,0.22,0,0,1.49906242320631,0.481033125329345,5.92592592592595,1.4077070335854,0.275298516259354,4.74074074074074
12.3,Straight 2,0.22,0.22,6.28571428571429,6.28571428571429,0.22,0,0,1.50318460173748,0.479494410229917,5.92592592592595,1.40783176461914,0.270900284549994,4.74074074074074
12.32,Straight 2,0.22,0.22,6.28571428571429,6.28571428571429,0.22,0,0,1.50730678026864,0.477955695130488,5.92592592592595,1.40795649565287,0.266502052840633,4.74074074074074
12.34,Straight 2,0.22,0.22,6.28571428571429,6.28571428571429,0.22,0,0,1.51142895879981,0.47641698003106,5.92592592592595,1.40808122668661,0.262103821131273,4.74074074074074
12.36,Straight 2,0.22,0.22,6.28571428571429,6.28571428571429,0.22,0,0,1.51555113733097,0.474878264931631,5.92592592592595,1.40820595772034,0.257705589421913,4.74074074074074
12.38,Straight 2,0.22,0.22,6.28571428571429,6.28571428571429,0.22,0,0,1.51967331586213,0.473339549832203,5.92592592592595,1.40833068875408,0.253307357712552,4.74074074074074
12.4,Straight 2,0.22,0.22,6.28571428571429,6.28571428571429,0.22,0,0,1.5237954943933,0.471800834732774,5.92592592592595,1.40845541978781,0.248909126003191,4.74074074074074
12.42,Straight 2,0.22,0.22,6.28571428571429,6.28571428571429,0.22,0,0,1.52791767292446,0.470262119633346,5.92592592592595,1.40858015082154,0.244510894293831,4.74074074074074
12.44,Straight 2,0.22,0.22,6.28571428571429,6.28571428571429,0.22,0,0,1.53203985145563,0.468723404533917,5.92592592592595,1.40870488185528,0.240112662584471,4.74074074074074
12.46,Straight 2,0.22,0.22,6.28571428571429,6.28571428571429,0.22,0,0,1.53616202998679,0.467184689434489,5.92592592592595,1.40882961288901,0.235714430875111,4.74074074074074
12.48,Straight 2,0.22,0.22,6.28571428571429,6.28571428571429,0.22,0,0,1.54028420851795,0.46564597433506,5.92592592592595,1.40895434392275,0.23131619916575,4.74074074074074
12.5,Straight 2,0.22,0.22,6.28571428571429,6.28571428571429,0.22,0,0,1.54440638704912,0.464107259235632,5.92592592592595,1.40907907495648,0.226917967456389,4.74074074074074
12.52,Straight 2,0.22,0.22,6.28571428571429,6.28571428571429,0.22,0,0,1.54852856558028,0.462568544136204,5.92592592592595,1.40920380599022,0.222519735747029,4.74074074074074
12.54,Straight 2,0.22,0.22,6.28571428571429,6.28571428571429,0.22,0,0,1.55265074411145,0.461029829036775,5.92592592592595,1.40932853702395,0.218121504037669,4.74074074074074
12.56,Straight 2,0.22,0.22,6.28571428571429,6.28571428571429,0.22,0,0,1.55677292264261,0.459491113937347,5.92592592592595,1.40945326805769,0.213723272328308,4.74074074074074
12.58,Straight 2,0.22,0.22,6.28571428571429,6.28571428571429,0.22,0,0,1.56089510117378,0.457952398837918,5.92592592592595,1.40957799909142,0.209325040618948,4.74074074074074
12.6,Straight 2,0.22,0.22,6.28571428571429,6.28571428571429,0.22,0,0,1.56501727970494,0.45641368373849,5.92592592592595,1.40970273012516,0.204926808909587,4.74074074074074
12.62,Straight 2,0.22,0.22,6.28571428571429,6.28571428571429,0.22,0,0,1.5691394582361,0.454874968639061,5.92592592592595,1.40982746115889,0.200528577200227,4.74074074074074
12.64,Straight 2,0.22,0.22,6.28571428571429,6.28571428571429,0.22,0,0,1.57326163676727,0.453336253539633,5.92592592592595,1.40995219219263,0.196130345490866,4.74074074074074
12.66,Straight 2,0.22,0.22,6.28571428571429,6.28571428571429,0.22,0,0,1.57738381529843,0.451797538440204,5.92592592592595,1.41007692322636,0.191732113781506,4.74074074074074
12.68,Straight 2,0.22,0.22,6.28571428571429,6.28571428571429,0.22,0,0,1.5815059938296,0.450258823340776,5.92592592592595,1.4102016542601,0.187333882072146,4.74074074074074
12.7,Straight 2,0.22,0.22,6.28571428571429,6.28571428571429,0.22,0,0,1.58562817236076,0.448720108241347,5.92592592592595,1.41032638529383,0.182935650362785,4.74074074074074
12.72,Straight 2,0.22,0.22,6.28571428571429,6.28571428571429,0.22,0,0,1.58975035089192,0.447181393141919,5.92592592592595,1.41045111632756,0.178537418653425,4.74074074074074
12.74,Straight 2,0.22,0.22,6.28571428571429,6.28571428571429,0.22,0,0,1.59387252942309,0.44564267804249,5.92592592592595,1.4105758473613,0.174139186944064,4.74074074074074
12.76,Straight 2,0.22,0.22,6.28571428571429,6.28571428571429,0.22,0,0,1.59799470795425,0.444103962943062,5.92592592592595,1.41070057839503,0.169740955234704,4.74074074074074
12.78,Straight 2,0.22,0.22,6.28571428571429,6.28571428571429,0.22,0,0,1.60211688648542,0.442565247843633,5.92592592592595,1.41082530942877,0.165342723525344,4.74074074074074
12.8,Straight 2,0.22,0.22,6.28571428571429,6.28571428571429,0.22,0,0,1.60623906501658,0.441026532744205,5.92592592592595,1.4109500404625,0.160944491815983,4.74074074074074
12.82,Straight 2,0.22,0.22,6.28571428571429,6.28571428571429,0.22,0,0,1.61036124354775,0.439487817644776,5.92592592592595,1.41107477149624,0.156546260106623,4.74074074074074
12.84,Straight 2,0.22,0.22,6.28571428571429,6.28571428571429,0.22,0,0,1.61448342207891,0.437949102545348,5.92592592592595,1.41119950252997,0.152148028397262,4.74074074074074
12.86,Straight 2,0.22,0.22,6.28571428571429,6.28571428571429,0.22,0,0,1.61860560061007,0.43641038744592,5.92592592592595,1.41132423356371,0.147749796687902,4.74074074074074
12.88,Straight 2,0.22,0.22,6.28571428571429,6.28571428571429,0.22,0,0,1.62272777914124,0.434871672346491,5.92592592592595,1.41144896459744,0.143351564978542,4.74074074074074
12.9,Straight 2,0.22,0.22,6.28571428571429,6.28571428571429,0.22,0,0,1.6268499576724,0.433332957247063,5.92592592592595,1.41157369563118,0.138953333269181,4.74074074074074
12.92,Straight 2,0.22,0.22,6.28571428571429,6.28571428571429,0.22,0,0,1.63097213620357,0.431794242147634,5.92592592592595,1.41169842666491,0.134555101559821,4.74074074074074
12.94,Straight 2,0.22,0.22,6.28571428571429,6.28571428571429,0.22,0,0,1.63509431473473,0.430255527048206,5.92592592592595,1.41182315769865,0.13015686985046,4.74074074074074
12.96,Straight 2,0.22,0.22,6.28571428571429,6.28571428571429,0.22,0,0,1.63921649326589,0.428716811948777,5.92592592592595,1.41194788873238,0.1257586381411,4.74074074074074
12.98,Straight 2,0.22,0.22,6.28571428571429,6.28571428571429,0.22,0,0,1.64333867179706,0.427178096849349,5.92592592592595,1.41207261976612,0.121360406431739,4.74074074074074
13,Straight 2,0.22,0.22,6.28571428571429,6.28571428571429,0.22,0,0,1.64746085032822,0.42563938174992,5.92592592592595,1.41219735079985,0.116962174722379,4.74074074074074
13.02,Straight 2,0.22,0.22,6.28571428571429,6.28571428571429,0.22,0,0,1.65158302885939,0.424100666650492,5.92592592592595,1.41232208183358,0.112563943013019,4.74074074074074
13.04,Straight 2,0.22,0.22,6.28571428571429,6.28571428571429,0.22,0,0,1.65570520739055,0.422561951551063,5.92592592592595,1.41244681286732,0.108165711303658,4.74074074074074
13.06,Straight 2,0.22,0.22,6.28571428571429,6.28571428571429,0.22,0,0,1.65982738592171,0.421023236451635,5.92592592592595,1.41257154390105,0.103767479594298,4.74074074074074
13.08,Straight 2,0.22,0.22,6.28571428571429,6.28571428571429,0.22,0,0,1.66394956445288,0.419484521352206,5.92592592592595,1.41269627493479,0.0993692478849374,4.74074074074074
13.1,Straight 2,0.22,0.22,6.28571428571429,6.28571428571429,0.22,0,0,1.66807174298404,0.417945806252778,5.92592592592595,1.41282100596852,0.0949710161755771,4.74074074074074
13.12,Straight 2,0.22,0.22,6.28571428571429,6.28571428571429,0.22,0,0,1.67219392151521,0.416407091153349,5.92592592592595,1.41294573700226,0.0905727844662167,4.74074074074074
13.14,Straight 2,0.22,0.22,6.28571428571429,6.28571428571429,0.22,0,0,1.67631610004637,0.414868376053921,5.92592592592595,1.41307046803599,0.086174552756856,4.74074074074074
13.16,Straight 2,0.22,0.22,6.28571428571429,6.28571428571429,0.22,0,0,1.68043827857754,0.413329660954492,5.92592592592595,1.41319519906973,0.0817763210474957,4.74074074074074
13.18,Straight 2,0.22,0.22,6.28571428571429,6.28571428571429,0.22,0,0,1.6845604571087,0.411790945855064,5.92592592592595,1.41331993010346,0.0773780893381354,4.74074074074074
13.2,Straight 2,0.22,0.22,6.28571428571429,6.28571428571429,0.22,0,0,1.68868263563986,0.410252230755635,5.92592592592595,1.4134446611372,0.0729798576287751,4.74074074074074
13.22,Straight 2,0.22,0.22,6.28571428571429,6.28571428571429,0.22,0,0,1.69280481417103,0.408713515656207,5.92592592592595,1.41356939217093,0.0685816259194144,4.74074074074074
13.24,Straight 2,0.22,0.22,6.28571428571429,6.28571428571429,0.22,0,0,1.69692699270219,0.407174800556778,5.92592592592595,1.41369412320467,0.064183394210054,4.74074074074074
13.26,Straight 2,0.22,0.22,6.28571428571429,6.28571428571429,0.22,0,0,1.70104917123336,0.40563608545735,5.92592592592595,1.4138188542384,0.0597851625006937,4.74074074074074
13.28,Straight 2,0.22,0.22,6.28571428571429,6.28571428571429,0.22,0,0,1.70517134976452,0.404097370357922,5.92592592592595,1.41394358527214,0.0553869307913334,4.74074074074074
13.3,Straight 2,0.22,0.22,6.28571428571429,6.28571428571429,0.22,0,0,1.70929352829568,0.402558655258493,5.92592592592595,1.41406831630587,0.0509886990819731,4.74074074074074
13.32,Straight 2,0.22,0.22,6.28571428571429,6.28571428571429,0.22,0,0,1.71341570682685,0.401019940159065,5.92592592592595,1.4141930473396,0.0465904673726123,4.74074074074074
13.34,Straight 2,0.22,0.22,6.28571428571429,6.28571428571429,0.22,0,0,1.71753788535801,0.399481225059636,5.92592592592595,1.41431777837334,0.042192235663252,4.74074074074074
13.36,Straight 2,0.22,0.22,6.28571428571429,6.28571428571429,0.22,0,0,1.72166006388918,0.397942509960208,5.92592592592595,1.41444250940707,0.0377940039538917,4.74074074074074
13.38,Straight 2,0.22,0.22,6.28571428571429,6.28571428571429,0.22,0,0,1.72578224242034,0.396403794860779,5.92592592592595,1.41456724044081,0.0333957722445314,4.74074074074074
13.4,Straight 2,0.22,0.22,6.28571428571429,6.28571428571429,0.22,0,0,1.72990442095151,0.394865079761351,5.92592592592595,1.41469197147454,0.0289975405351707,4.74074074074074
13.42,Straight 2,0.22,0.22,6.28571428571429,6.28571428571429,0.22,0,0,1.73402659948267,0.393326364661922,5.92592592592595,1.41481670250828,0.0245993088258103,4.74074074074074
13.44,Straight 2,0.22,0.22,6.28571428571429,6.28571428571429,0.22,0,0,1.73814877801383,0.391787649562494,5.92592592592595,1.41494143354201,0.02020107711645,4.74074074074074
13.46,Straight 2,0.22,0.22,6.28571428571429,6.28571428571429,0.22,0,0,1.742270956545,0.390248934463065,5.92592592592595,1.41506616457575,0.0158028454070897,4.74074074074074
13.48,Straight 2,0.22,0.22,6.28571428571429,6.28571428571429,0.22,0,0,1.74639313507616,0.388710219363637,5.92592592592595,1.41519089560948,0.011404613697729,4.74074074074074
13.5,Straight 2,0.22,0.22,6.28571428571429,6.28571428571429,0.22,0,0,1.75051531360733,0.387171504264208,5.92592592592595,1.41531562664322,0.00700638198836863,4.74074074074074
13.52,Straight 2,0.22,0.22,6.28571428571429,6.28571428571429,0.22,0,0,1.75463749213849,0.38563278916478,5.92592592592595,1.41544035767695,0.0026081502790083,4.74074074074074
13.54,Straight 2,0.22,0.22,6.28571428571429,6.28571428571429,0.22,0,0,1.75875967066965,0.384094074065351,5.92592592592595,1.41556508871069,-0.00179008143035202,4.74074074074074
13.56,Straight 2,0.22,0.22,6.28571428571429,6.28571428571429,0.22,0,0,1.76288184920082,0.382555358965923,5.92592592592595,1.41568981974442,-0.00618831313971274,4.74074074074074
13.58,Straight 2,0.22,0.22,6.28571428571429,6.28571428571429,0.22,0,0,1.76700402773198,0.381016643866494,5.92592592592595,1.41581455077816,-0.0105865448490731,4.74074074074074
13.6,Straight 2,0.22,0.22,6.28571428571429,6.28571428571429,0.22,0,0,1.77112620626315,0.379477928767066,5.92592592592595,1.41593928181189,-0.0149847765584334,4.74074074074074
13.62,Straight 2,0.22,0.22,6.28571428571429,6.28571428571429,0.22,0,0,1.77524838479431,0.377939213667638,5.92592592592595,1.41606401284562,-0.0193830082677937,4.74074074074074
13.64,Straight 2,0.22,0.22,6.28571428571429,6.28571428571429,0.22,0,0,1.77937056332547,0.376400498568209,5.92592592592595,1.41618874387936,-0.0237812399771544,4.74074074074074
13.66,Straight 2,0.22,0.22,6.28571428571429,6.28571428571429,0.22,0,0,1.78349274185664,0.374861783468781,5.92592592592595,1.41631347491309,-0.0281794716865148,4.74074074074074
13.68,Straight 2,0.22,0.22,6.28571428571429,6.28571428571429,0.22,0,0,1.7876149203878,0.373323068369352,5.92592592592595,1.41643820594683,-0.0325777033958751,4.74074074074074
13.7,Straight 2,0.22,0.22,6.28571428571429,6.28571428571429,0.22,0,0,1.79173709891897,0.371784353269924,5.92592592592595,1.41656293698056,-0.0369759351052354,4.74074074074074
13.72,Straight 2,0.22,0.22,6.28571428571429,6.28571428571429,0.22,0,0,1.79585927745013,0.370245638170495,5.92592592592595,1.4166876680143,-0.0413741668145961,4.74074074074074
13.74,Straight 2,0.22,0.22,6.28571428571429,6.28571428571429,0.22,0,0,1.7999814559813,0.368706923071067,5.92592592592595,1.41681239904803,-0.0457723985239565,4.74074074074074
13.76,Straight 2,0.22,0.22,6.28571428571429,6.28571428571429,0.22,0,0,1.80410363451246,0.367168207971638,5.92592592592595,1.41693713008177,-0.0501706302333168,4.74074074074074
13.78,Straight 2,0.22,0.22,6.28571428571429,6.28571428571429,0.22,0,0,1.80822581304362,0.36562949287221,5.92592592592595,1.4170618611155,-0.0545688619426771,4.74074074074074
13.8,Straight 2,0.22,0.22,6.28571428571429,6.28571428571429,0.22,0,0,1.81234799157479,0.364090777772781,5.92592592592595,1.41718659214924,-0.0589670936520378,4.74074074074074
13.82,Straight 2,0.22,0.22,6.28571428571429,6.28571428571429,0.22,0,0,1.81647017010595,0.362552062673353,5.92592592592595,1.41731132318297,-0.0633653253613982,4.74074074074074
13.84,Straight 2,0.22,0.22,6.28571428571429,6.28571428571429,0.22,0,0,1.82059234863712,0.361013347573924,5.92592592592595,1.41743605421671,-0.0677635570707585,4.74074074074074
13.86,Straight 2,0.22,0.22,6.28571428571429,6.28571428571429,0.22,0,0,1.82471452716828,0.359474632474496,5.92592592592595,1.41756078525044,-0.0721617887801188,4.74074074074074
13.88,Straight 2,0.22,0.22,6.28571428571429,6.28571428571429,0.22,0,0,1.82883670569944,0.357935917375067,5.92592592592595,1.41768551628418,-0.0765600204894791,4.74074074074074
13.9,Straight 2,0.22,0.22,6.28571428571429,6.28571428571429,0.22,0,0,1.83295888423061,0.356397202275639,5.92592592592595,1.41781024731791,-0.0809582521988398,4.74074074074074
13.92,Straight 2,0.22,0.22,6.28571428571429,6.28571428571429,0.22,0,0,1.83708106276177,0.35485848717621,5.92592592592595,1.41793497835165,-0.0853564839082002,4.74074074074074
13.94,Straight 2,0.22,0.22,6.28571428571429,6.28571428571429,0.22,0,0,1.84120324129294,0.353319772076782,5.92592592592595,1.41805970938538,-0.0897547156175605,4.74074074074074
13.96,Straight 2,0.22,0.22,6.28571428571429,6.28571428571429,0.22,0,0,1.8453254198241,0.351781056977354,5.92592592592595,1.41818444041911,-0.0941529473269208,4.74074074074074
13.98,Straight 2,0.22,0.22,6.28571428571429,6.28571428571429,0.22,0,0,1.84944759835527,0.350242341877925,5.92592592592595,1.41830917145285,-0.0985511790362815,4.74074074074074
14,Straight 2,0.22,0.22,6.28571428571429,6.28571428571429,0.22,0,0,1.85356977688643,0.348703626778496,5.92592592592595,1.41843390248658,-0.102949410745642,4.74074074074074
14.02,Straight 2,0.22,0.22,6.28571428571429,6.28571428571429,0.22,0,0,1.85769195541759,0.347164911679068,5.92592592592595,1.41855863352032,-0.107347642455002,4.74074074074074
14.04,Straight 2,0.22,0.22,6.28571428571429,6.28571428571429,0.22,0,0,1.86181413394876,0.34562619657964,5.92592592592595,1.41868336455405,-0.111745874164362,4.74074074074074
14.06,Straight 2,0.22,0.22,6.28571428571429,6.28571428571429,0.22,0,0,1.86593631247992,0.344087481480211,5.92592592592595,1.41880809558779,-0.116144105873723,4.74074074074074
14.08,Straight 2,0.22,0.22,6.28571428571429,6.28571428571429,0.22,0,0,1.87005849101109,0.342548766380783,5.92592592592595,1.41893282662152,-0.120542337583084,4.74074074074074
14.1,Straight 2,0.22,0.22,6.28571428571429,6.28571428571429,0.22,0,0,1.87418066954225,0.341010051281354,5.92592592592595,1.41905755765526,-0.124940569292444,4.74074074074074
14.12,Straight 2,0.22,0.22,6.28571428571429,6.28571428571429,0.22,0,0,1.87830284807341,0.339471336181926,5.92592592592595,1.41918228868899,-0.129338801001805,4.74074074074074
14.14,Straight 2,0.22,0.22,6.28571428571429,6.28571428571429,0.22,0,0,1.88242502660458,0.337932621082497,5.92592592592595,1.41930701972273,-0.133737032711165,4.74074074074074
14.16,Straight 2,0.22,0.22,6.28571428571429,6.28571428571429,0.22,0,0,1.88654720513574,0.336393905983069,5.92592592592595,1.41943175075646,-0.138135264420525,4.74074074074074
14.18,Straight 2,0.22,0.22,6.28571428571429,6.28571428571429,0.22,0,0,1.89066938366691,0.33485519088364,5.92592592592595,1.4195564817902,-0.142533496129886,4.74074074074074
14.2,Straight 2,0.22,0.22,6.28571428571429,6.28571428571429,0.22,0,0,1.89479156219807,0.333316475784212,5.92592592592595,1.41968121282393,-0.146931727839246,4.74074074074074
14.22,Straight 2,0.22,0.22,6.28571428571429,6.28571428571429,0.22,0,0,1.89891374072923,0.331777760684783,5.92592592592595,1.41980594385767,-0.151329959548606,4.74074074074074
14.24,Straight 2,0.22,0.22,6.28571428571429,6.28571428571429,0.22,0,0,1.9030359192604,0.330239045585355,5.92592592592595,1.4199306748914,-0.155728191257967,4.74074074074074
14.26,Straight 2,0.22,0.22,6.28571428571429,6.28571428571429,0.22,0,0,1.90715809779156,0.328700330485926,5.92592592592595,1.42005540592513,-0.160126422967327,4.74074074074074
14.28,Straight 2,0.22,0.22,6.28571428571429,6.28571428571429,0.22,0,0,1.91128027632273,0.327161615386498,5.92592592592595,1.42018013695887,-0.164524654676688,4.74074074074074
14.3,Straight 2,0.22,0.22,6.28571428571429,6.28571428571429,0.22,0,0,1.91540245485389,0.325622900287069,5.92592592592595,1.4203048679926,-0.168922886386048,4.74074074074074
14.32,Straight 2,0.22,0.22,6.28571428571429,6.28571428571429,0.22,0,0,1.91952463338506,0.324084185187641,5.92592592592595,1.42042959902634,-0.173321118095409,4.74074074074074
14.34,Straight 2,0.22,0.22,6.28571428571429,6.28571428571429,0.22,0,0,1.92364681191622,0.322545470088212,5.92592592592595,1.42055433006007,-0.177719349804769,4.74074074074074
14.36,Straight 2,0.22,0.22,6.28571428571429,6.28571428571429,0.22,0,0,1.92776899044738,0.321006754988784,5.92592592592595,1.42067906109381,-0.182117581514129,4.74074074074074
14.38,Straight 2,0.22,0.22,6.28571428571429,6.28571428571429,0.22,0,0,1.93189116897855,0.319468039889356,5.92592592592595,1.42080379212754,-0.18651581322349,4.74074074074074
14.4,Straight 2,0.22,0.22,6.28571428571429,6.28571428571429,0.22,0,0,1.93601334750971,0.317929324789927,5.92592592592595,1.42092852316128,-0.19091404493285,4.74074074074074
14.42,Straight 2,0.22,0.22,6.28571428571429,6.28571428571429,0.22,0,0,1.94013552604088,0.316390609690499,5.92592592592595,1.42105325419501,-0.195312276642211,4.74074074074074
14.44,Straight 2,0.22,0.22,6.28571428571429,6.28571428571429,0.22,0,0,1.94425770457204,0.31485189459107,5.92592592592595,1.42117798522875,-0.199710508351571,4.74074074074074
14.46,Straight 2,0.22,0.22,6.28571428571429,6.28571428571429,0.22,0,0,1.9483798831032,0.313313179491642,5.92592592592595,1.42130271626248,-0.204108740060932,4.74074074074074
14.48,Straight 2,0.22,0.22,6.28571428571429,6.28571428571429,0.22,0,0,1.95250206163437,0.311774464392213,5.92592592592595,1.42142744729622,-0.208506971770292,4.74074074074074
14.5,Straight 2,0.22,0.22,6.28571428571429,6.28571428571429,0.22,0,0,1.95662424016553,0.310235749292785,5.92592592592595,1.42155217832995,-0.212905203479652,4.74074074074074
14.52,Straight 2,0.22,0.22,6.28571428571429,6.28571428571429,0.22,0,0,1.9607464186967,0.308697034193356,5.92592592592595,1.42167690936369,-0.217303435189013,4.74074074074074
14.54,Straight 2,0.22,0.22,6.28571428571429,6.28571428571429,0.22,0,0,1.96486859722786,0.307158319093928,5.92592592592595,1.42180164039742,-0.221701666898373,4.74074074074074
14.56,Straight 2,0.22,0.22,6.28571428571429,6.28571428571429,0.22,0,0,1.96899077575902,0.305619603994499,5.92592592592595,1.42192637143115,-0.226099898607733,4.74074074074074
14.58,Straight 2,0.22,0.22,6.28571428571429,6.28571428571429,0.22,0,0,1.97311295429019,0.304080888895071,5.92592592592595,1.42205110246489,-0.230498130317094,4.74074074074074
14.6,Straight 2,0.22,0.22,6.28571428571429,6.28571428571429,0.22,0,0,1.97723513282135,0.302542173795642,5.92592592592595,1.42217583349862,-0.234896362026454,4.74074074074074
14.62,Straight 2,0.22,0.22,6.28571428571429,6.28571428571429,0.22,0,0,1.98135731135252,0.301003458696214,5.92592592592595,1.42230056453236,-0.239294593735815,4.74074074074074
14.64,Straight 2,0.22,0.22,6.28571428571429,6.28571428571429,0.22,0,0,1.98547948988368,0.299464743596785,5.92592592592595,1.42242529556609,-0.243692825445175,4.74074074074074
14.66,Straight 2,0.22,0.22,6.28571428571429,6.28571428571429,0.22,0,0,1.98960166841485,0.297926028497357,5.92592592592595,1.42255002659983,-0.248091057154536,4.74074074074074
14.68,Straight 2,0.22,0.22,6.28571428571429,6.28571428571429,0.22,0,0,1.99372384694601,0.296387313397928,5.92592592592595,1.42267475763356,-0.252489288863896,4.74074074074074
14.7,Straight 2,0.22,0.22,6.28571428571429,6.28571428571429,0.22,0,0,1.99784602547717,0.2948485982985,5.92592592592595,1.4227994886673,-0.256887520573256,4.74074074074074
14.72,Straight 2,0.22,0.22,6.28571428571429,6.28571428571429,0.22,0,0,2.00196820400834,0.293309883199072,5.92592592592595,1.42292421970103,-0.261285752282617,4.74074074074074
14.74,Straight 2,0.22,0.22,6.28571428571429,6.28571428571429,0.22,0,0,2.0060903825395,0.291771168099643,5.92592592592595,1.42304895073477,-0.265683983991977,4.74074074074074
14.76,Straight 2,0.22,0.22,6.28571428571429,6.28571428571429,0.22,0,0,2.01021256107067,0.290232453000214,5.92592592592595,1.4231736817685,-0.270082215701338,4.74074074074074
14.78,Straight 2,0.22,0.22,6.28571428571429,6.28571428571429,0.22,0,0,2.01433473960183,0.288693737900786,5.92592592592595,1.42329841280224,-0.274480447410698,4.74074074074074
14.8,Straight 2,0.22,0.22,6.28571428571429,6.28571428571429,0.22,0,0,2.01845691813299,0.287155022801357,5.92592592592595,1.42342314383597,-0.278878679120059,4.74074074074074
14.82,Straight 2,0.22,0.22,6.28571428571429,6.28571428571429,0.22,0,0,2.02257909666416,0.285616307701929,5.92592592592595,1.42354787486971,-0.283276910829419,4.74074074074074
14.84,Straight 2,0.22,0.22,6.28571428571429,6.28571428571429,0.22,0,0,2.02670127519532,0.284077592602501,5.92592592592595,1.42367260590344,-0.287675142538779,4.74074074074074
14.86,Straight 2,0.22,0.22,6.28571428571429,6.28571428571429,0.22,0,0,2.03082345372649,0.282538877503072,5.92592592592595,1.42379733693717,-0.29207337424814,4.74074074074074
14.88,Straight 2,0.22,0.22,6.28571428571429,6.28571428571429,0.22,0,0,2.03494563225765,0.281000162403644,5.92592592592595,1.42392206797091,-0.2964716059575,4.74074074074074
14.9,Straight 2,0.22,0.22,6.28571428571429,6.28571428571429,0.22,0,0,2.03906781078882,0.279461447304215,5.92592592592595,1.42404679900464,-0.30086983766686,4.74074074074074
14.92,Straight 2,0.22,0.22,6.28571428571429,6.28571428571429,0.22,0,0,2.04318998931998,0.277922732204787,5.92592592592595,1.42417153003838,-0.305268069376221,4.74074074074074
14.94,Straight 2,0.22,0.22,6.28571428571429,6.28571428571429,0.22,0,0,2.04731216785114,0.276384017105358,5.92592592592595,1.42429626107211,-0.309666301085581,4.74074074074074
14.96,Straight 2,0.22,0.22,6.28571428571429,6.28571428571429,0.22,0,0,2.05143434638231,0.27484530200593,5.92592592592595,1.42442099210585,-0.314064532794942,4.74074074074074
14.98,Straight 2,0.22,0.22,6.28571428571429,6.28571428571429,0.22,0,0,2.05555652491347,0.273306586906501,5.92592592592595,1.42454572313958,-0.318462764504302,4.74074074074074
15,Right arc,0.28,0.1,8,2.85714285714286,0.19,-0.666666666666667,-0.533333333333334,2.05967870344464,0.271767871807073,5.92592592592595,1.42467045417332,-0.322860996213663,4.74074074074074
15.02,Right arc,0.28,0.1,8,2.85714285714286,0.19,-0.666666666666667,-0.533333333333334,2.0632298284062,0.270415277445342,5.91259259259262,1.42475791647191,-0.326659989546945,4.73007407407407
15.04,Right arc,0.28,0.1,8,2.85714285714286,0.19,-0.666666666666667,-0.533333333333334,2.06676260365975,0.269015456382521,5.89925925925928,1.42480485196778,-0.330459699675261,4.7194074074074
15.06,Right arc,0.28,0.1,8,2.85714285714286,0.19,-0.666666666666667,-0.533333333333334,2.07027640116565,0.267568657472,5.88592592592595,1.42481125532077,-0.334259694280135,4.70874074074074
15.08,Right arc,0.28,0.1,8,2.85714285714286,0.19,-0.666666666666667,-0.533333333333334,2.07377059625806,0.266075137918663,5.87259259259262,1.42477712580232,-0.338059541010725,4.69807407407407
15.1,Right arc,0.28,0.1,8,2.85714285714286,0.19,-0.666666666666667,-0.533333333333334,2.07724456775593,0.264535163233165,5.85925925925928,1.42470246729558,-0.341858807533012,4.6874074074074
15.12,Right arc,0.28,0.1,8,2.85714285714286,0.19,-0.666666666666667,-0.533333333333334,2.08069769807348,0.262949007184727,5.84592592592595,1.42458728829496,-0.345657061578993,4.67674074074074
15.14,Right arc,0.28,0.1,8,2.85714285714286,0.19,-0.666666666666667,-0.533333333333334,2.08412937332998,0.26131695175247,5.83259259259262,1.42443160190512,-0.349453870995862,4.66607407407407
15.16,Right arc,0.28,0.1,8,2.85714285714286,0.19,-0.666666666666667,-0.533333333333334,2.08753898345885,0.259639287075282,5.81925925925928,1.42423542583956,-0.353248803795175,4.6554074074074
15.18,Right arc,0.28,0.1,8,2.85714285714286,0.19,-0.666666666666667,-0.533333333333334,2.09092592231617,0.257916311400243,5.80592592592595,1.42399878241855,-0.357041428202006,4.64474074074074
15.2,Right arc,0.28,0.1,8,2.85714285714286,0.19,-0.666666666666667,-0.533333333333334,2.0942895877884,0.256148331029603,5.79259259259262,1.42372169856658,-0.360831312704069,4.63407407407407
15.22,Right arc,0.28,0.1,8,2.85714285714286,0.19,-0.666666666666667,-0.533333333333334,2.09762938189941,0.254335660266325,5.77925925925929,1.42340420580935,-0.364618026100816,4.6234074074074
15.24,Right arc,0.28,0.1,8,2.85714285714286,0.19,-0.666666666666667,-0.533333333333334,2.10094471091683,0.252478621358217,5.76592592592595,1.42304634027014,-0.368401137552498,4.61274074074074
15.26,Right arc,0.28,0.1,8,2.85714285714286,0.19,-0.666666666666667,-0.533333333333334,2.10423498545757,0.250577544440638,5.75259259259262,1.4226481426657,-0.37218021662918,4.60207407407407
15.28,Right arc,0.28,0.1,8,2.85714285714286,0.19,-0.666666666666667,-0.533333333333334,2.1074996205926,0.24863276747781,5.73925925925928,1.42220965830164,-0.375954833359721,4.5914074074074
15.3,Right arc,0.28,0.1,8,2.85714285714286,0.19,-0.666666666666667,-0.533333333333334,2.11073803595093,0.246644636202739,5.72592592592595,1.42173093706727,-0.379724558280688,4.58074074074074
15.32,Right arc,0.28,0.1,8,2.85714285714286,0.19,-0.666666666666667,-0.533333333333334,2.11394965582281,0.244613504055748,5.71259259259262,1.4212120334299,-0.383488962485224,4.57007407407407
15.34,Right arc,0.28,0.1,8,2.85714285714286,0.19,-0.666666666666667,-0.533333333333334,2.11713390926206,0.242539732121646,5.69925925925929,1.42065300642869,-0.387247617671845,4.5594074074074
15.36,Right arc,0.28,0.1,8,2.85714285714286,0.19,-0.666666666666667,-0.533333333333334,2.12029023018755,0.24042368906554,5.68592592592595,1.42005391966787,-0.391000096193171,4.54874074074074
15.38,Right arc,0.28,0.1,8,2.85714285714286,0.19,-0.666666666666667,-0.533333333333334,2.12341805748388,0.238265751067286,5.67259259259262,1.41941484130957,-0.394745971104583,4.53807407407407
15.4,Right arc,0.28,0.1,8,2.85714285714286,0.19,-0.666666666666667,-0.533333333333334,2.12651683510111,0.236066301754625,5.65925925925929,1.418735844066,-0.398484816212799,4.5274074074074
15.42,Right arc,0.28,0.1,8,2.85714285714286,0.19,-0.666666666666667,-0.533333333333334,2.1295860121536,0.233825732134974,5.64592592592595,1.41801700519124,-0.402216206124364,4.51674074074074
15.44,Right arc,0.28,0.1,8,2.85714285714286,0.19,-0.666666666666667,-0.533333333333334,2.13262504301795,0.23154444052592,5.63259259259262,1.41725840647239,-0.405939716294051,4.50607407407407
15.46,Right arc,0.28,0.1,8,2.85714285714286,0.19,-0.666666666666667,-0.533333333333334,2.13563338743001,0.229222832484408,5.61925925925929,1.41646013422032,-0.409654923073165,4.4954074074074
15.48,Right arc,0.28,0.1,8,2.85714285714286,0.19,-0.666666666666667,-0.533333333333334,2.13861051058092,0.226861320734642,5.60592592592595,1.4156222792598,-0.413361403757741,4.48474074074074
15.5,Right arc,0.28,0.1,8,2.85714285714286,0.19,-0.666666666666667,-0.533333333333334,2.14155588321219,0.224460325094713,5.59259259259262,1.41474493691922,-0.417058736636644,4.47407407407407
15.52,Right arc,0.28,0.1,8,2.85714285714286,0.19,-0.666666666666667,-0.533333333333334,2.14446898170978,0.222020272401966,5.57925925925929,1.41382820701967,-0.420746501039542,4.4634074074074
15.54,Right arc,0.28,0.1,8,2.85714285714286,0.19,-0.666666666666667,-0.533333333333334,2.14734928819717,0.219541596437122,5.56592592592596,1.41287219386368,-0.424424277384776,4.45274074074074
15.56,Right arc,0.28,0.1,8,2.85714285714286,0.19,-0.666666666666667,-0.533333333333334,2.15019629062746,0.217024737847156,5.55259259259262,1.41187700622325,-0.428091647227093,4.44207407407407
15.58,Right arc,0.28,0.1,8,2.85714285714286,0.19,-0.666666666666667,-0.533333333333334,2.1530094828744,0.214470144066967,5.53925925925929,1.41084275732755,-0.431748193305259,4.4314074074074
15.6,Right arc,0.28,0.1,8,2.85714285714286,0.19,-0.666666666666667,-0.533333333333334,2.15578836482232,0.211878269239832,5.52592592592596,1.40976956485001,-0.43539349958953,4.42074074074074
15.62,Right arc,0.28,0.1,8,2.85714285714286,0.19,-0.666666666666667,-0.533333333333334,2.15853244245508,0.209249574136672,5.51259259259262,1.40865755089492,-0.439027151328992,4.41007407407407
15.64,Right arc,0.28,0.1,8,2.85714285714286,0.19,-0.666666666666667,-0.533333333333334,2.16124122794389,0.206584526074138,5.49925925925929,1.40750684198356,-0.442648735098743,4.3994074074074
15.66,Right arc,0.28,0.1,8,2.85714285714286,0.19,-0.666666666666667,-0.533333333333334,2.16391423973401,0.203883598831533,5.48592592592596,1.4063175690398,-0.446257838846938,4.38874074074074
15.68,Right arc,0.28,0.1,8,2.85714285714286,0.19,-0.666666666666667,-0.533333333333334,2.1665510026304,0.201147272566586,5.47259259259262,1.40508986737518,-0.449854051941665,4.37807407407407
15.7,Right arc,0.28,0.1,8,2.85714285714286,0.19,-0.666666666666667,-0.533333333333334,2.16915104788214,0.198376033730093,5.45925925925929,1.40382387667355,-0.45343696521767,4.3674074074074
15.72,Right arc,0.28,0.1,8,2.85714285714286,0.19,-0.666666666666667,-0.533333333333334,2.17171391326583,0.195570374979438,5.44592592592596,1.40251974097514,-0.457006171022907,4.35674074074074
15.74,Right arc,0.28,0.1,8,2.85714285714286,0.19,-0.666666666666667,-0.533333333333334,2.17423914316768,0.192730795091009,5.43259259259262,1.40117760866021,-0.460561263264922,4.34607407407407
15.76,Right arc,0.28,0.1,8,2.85714285714286,0.19,-0.666666666666667,-0.533333333333334,2.1767262886646,0.18985779887153,5.41925925925929,1.39979763243216,-0.464101837457056,4.3354074074074
15.78,Right arc,0.28,0.1,8,2.85714285714286,0.19,-0.666666666666667,-0.533333333333334,2.17917490760394,0.186951897068318,5.40592592592596,1.39837996930011,-0.467627490764463,4.32474074074074
15.8,Right arc,0.28,0.1,8,2.85714285714286,0.19,-0.666666666666667,-0.533333333333334,2.18158456468211,0.184013606278484,5.39259259259262,1.3969247805611,-0.471137822049948,4.31407407407407
15.82,Right arc,0.28,0.1,8,2.85714285714286,0.19,-0.666666666666667,-0.533333333333334,2.18395483152198,0.181043448857097,5.37925925925929,1.3954322317817,-0.474632431919606,4.3034074074074
15.84,Right arc,0.28,0.1,8,2.85714285714286,0.19,-0.666666666666667,-0.533333333333334,2.18628528674902,0.17804195282432,5.36592592592596,1.39390249277918,-0.478110922768261,4.29274074074074
15.86,Right arc,0.28,0.1,8,2.85714285714286,0.19,-0.666666666666667,-0.533333333333334,2.18857551606621,0.175009651771543,5.35259259259262,1.3923357376022,-0.481572898824707,4.28207407407407
15.88,Right arc,0.28,0.1,8,2.85714285714286,0.19,-0.666666666666667,-0.533333333333334,2.19082511232771,0.171947084766522,5.33925925925929,1.39073214451099,-0.485017966196737,4.27140740740741
15.9,Right arc,0.28,0.1,8,2.85714285714286,0.19,-0.666666666666667,-0.533333333333334,2.19303367561122,0.168854796257548,5.32592592592596,1.38909189595708,-0.488445732915956,4.26074074074074
15.92,Right arc,0.28,0.1,8,2.85714285714286,0.19,-0.666666666666667,-0.533333333333334,2.19520081328908,0.165733335976656,5.31259259259262,1.38741517856253,-0.491855808982384,4.25007407407407
15.94,Right arc,0.28,0.1,8,2.85714285714286,0.19,-0.666666666666667,-0.533333333333334,2.19732614009809,0.162583258841897,5.29925925925929,1.38570218309872,-0.49524780640882,4.23940740740741
15.96,Right arc,0.28,0.1,8,2.85714285714286,0.19,-0.666666666666667,-0.533333333333334,2.19940927820795,0.159405124858686,5.28592592592596,1.38395310446461,-0.498621339264996,4.22874074074074
15.98,Right arc,0.28,0.1,8,2.85714285714286,0.19,-0.666666666666667,-0.533333333333334,2.2014498572885,0.156199499020252,5.27259259259262,1.38216814166459,-0.501976023721479,4.21807407407407
16,Right arc,0.28,0.1,8,2.85714285714286,0.19,-0.666666666666667,-0.533333333333334,2.20344751457549,0.152966951207189,5.25925925925929,1.38034749778585,-0.505311478093345,4.20740740740741
16.02,Right arc,0.28,0.1,8,2.85714285714286,0.19,-0.666666666666667,-0.533333333333334,2.20540189493511,0.149708056086151,5.24592592592596,1.37849137997523,-0.508627322883606,4.19674074074074
16.04,Right arc,0.28,0.1,8,2.85714285714286,0.19,-0.666666666666667,-0.533333333333334,2.20731265092711,0.146423393007686,5.23259259259263,1.37659999941569,-0.511923180826388,4.18607407407407
16.06,Right arc,0.28,0.1,8,2.85714285714286,0.19,-0.666666666666667,-0.533333333333334,2.20917944286657,0.143113545903247,5.21925925925929,1.37467357130227,-0.515198676929853,4.17540740740741
16.08,Right arc,0.28,0.1,8,2.85714285714286,0.19,-0.666666666666667,-0.533333333333334,2.21100193888428,0.13977910318138,5.20592592592596,1.3727123148176,-0.518453438518867,4.16474074074074
16.1,Right arc,0.28,0.1,8,2.85714285714286,0.19,-0.666666666666667,-0.533333333333334,2.21277981498576,0.136420657623119,5.19259259259263,1.37071645310696,-0.521687095277402,4.15407407407407
16.12,Right arc,0.28,0.1,8,2.85714285714286,0.19,-0.666666666666667,-0.533333333333334,2.21451275510882,0.133038806276608,5.17925925925929,1.36868621325292,-0.524899279290664,4.14340740740741
16.14,Right arc,0.28,0.1,8,2.85714285714286,0.19,-0.666666666666667,-0.533333333333334,2.21620045117978,0.129634150350957,5.16592592592596,1.36662182624946,-0.52808962508696,4.13274074074074
16.16,Right arc,0.28,0.1,8,2.85714285714286,0.19,-0.666666666666667,-0.533333333333334,2.21784260316822,0.126207295109363,5.15259259259263,1.36452352697572,-0.531257769679277,4.12207407407407
16.18,Right arc,0.28,0.1,8,2.85714285714286,0.19,-0.666666666666667,-0.533333333333334,2.21943891914036,0.122758849761512,5.13925925925929,1.36239155416927,-0.534403352606581,4.11140740740741
16.2,Right arc,0.28,0.1,8,2.85714285714286,0.19,-0.666666666666667,-0.533333333333334,2.22098911531087,0.11928942735527,5.12592592592596,1.36022615039893,-0.53752601597483,4.10074074074074
16.22,Right arc,0.28,0.1,8,2.85714285714286,0.19,-0.666666666666667,-0.533333333333334,2.22249291609341,0.115799644667707,5.11259259259263,1.3580275620372,-0.540625404497695,4.09007407407407
16.24,Right arc,0.28,0.1,8,2.85714285714286,0.19,-0.666666666666667,-0.533333333333334,2.22395005414959,0.112290122095442,5.09925925925929,1.3557960392322,-0.54370116553698,4.07940740740741
16.26,Right arc,0.28,0.1,8,2.85714285714286,0.19,-0.666666666666667,-0.533333333333334,2.22536027043647,0.108761483544356,5.08592592592596,1.35353183587924,-0.546752949142747,4.06874074074074
16.28,Right arc,0.28,0.1,8,2.85714285714286,0.19,-0.666666666666667,-0.533333333333334,2.22672331425266,0.105214356318676,5.07259259259263,1.35123520959189,-0.549780408093132,4.05807407407407
16.3,Right arc,0.28,0.1,8,2.85714285714286,0.19,-0.666666666666667,-0.533333333333334,2.22803894328283,0.101649371009455,5.05925925925929,1.34890642167272,-0.552783197933848,4.04740740740741
16.32,Right arc,0.28,0.1,8,2.85714285714286,0.19,-0.666666666666667,-0.533333333333334,2.22930692364086,0.0980671613824704,5.04592592592596,1.34654573708352,-0.55576097701738,4.03674074074074
16.34,Right arc,0.28,0.1,8,2.85714285714286,0.19,-0.666666666666667,-0.533333333333334,2.23052702991134,0.0944683642655545,5.03259259259263,1.3441534244152,-0.558713406541854,4.02607407407407
16.36,Right arc,0.28,0.1,8,2.85714285714286,0.19,-0.666666666666667,-0.533333333333334,2.23169904518972,0.0908536194353829,5.0192592592593,1.34172975585719,-0.561640150589583,4.01540740740741
16.38,Right arc,0.28,0.1,8,2.85714285714286,0.19,-0.666666666666667,-0.533333333333334,2.2328227611208,0.0872235695037388,5.00592592592596,1.3392750071665,-0.564540876165293,4.00474074074074
16.4,Right arc,0.28,0.1,8,2.85714285714286,0.19,-0.666666666666667,-0.533333333333334,2.23389797793583,0.0835788598032715,4.99259259259263,1.33678945763634,-0.567415253234,3.99407407407407
16.42,Right arc,0.28,0.1,8,2.85714285714286,0.19,-0.666666666666667,-0.533333333333334,2.23492450448798,0.0799201382727724,4.97925925925929,1.33427339006432,-0.570262954758573,3.98340740740741
16.44,Right arc,0.28,0.1,8,2.85714285714286,0.19,-0.666666666666667,-0.533333333333334,2.23590215828634,0.0762480553419906,4.96592592592596,1.33172709072032,-0.57308365673693,3.97274074074074
16.46,Right arc,0.28,0.1,8,2.85714285714286,0.19,-0.666666666666667,-0.533333333333334,2.23683076552838,0.0725632638159955,4.95259259259263,1.32915084931385,-0.575877038238912,3.96207407407407
16.48,Right arc,0.28,0.1,8,2.85714285714286,0.19,-0.666666666666667,-0.533333333333334,2.2377101611308,0.0688664187591333,4.9392592592593,1.32654495896117,-0.578642781442793,3.95140740740741
16.5,Right arc,0.28,0.1,8,2.85714285714286,0.19,-0.666666666666667,-0.533333333333334,2.23854018875892,0.0651581773785659,4.92592592592596,1.32390971615188,-0.581380571671441,3.94074074074074
16.52,Right arc,0.28,0.1,8,2.85714285714286,0.19,-0.666666666666667,-0.533333333333334,2.23932070085447,0.0614391989074389,4.91259259259263,1.32124542071521,-0.58409009742812,3.93007407407407
16.54,Right arc,0.28,0.1,8,2.85714285714286,0.19,-0.666666666666667,-0.533333333333334,2.24005155866178,0.0577101444876857,4.8992592592593,1.31855237578589,-0.586771050431936,3.91940740740741
16.56,Right arc,0.28,0.1,8,2.85714285714286,0.19,-0.666666666666667,-0.533333333333334,2.24073263225252,0.053971677052493,4.88592592592596,1.31583088776968,-0.589423125652903,3.90874074074074
16.58,Right arc,0.28,0.1,8,2.85714285714286,0.19,-0.666666666666667,-0.533333333333334,2.24136380054873,0.0502244612084476,4.87259259259263,1.31308126630852,-0.592046021346659,3.89807407407408
16.6,Right arc,0.28,0.1,8,2.85714285714286,0.19,-0.666666666666667,-0.533333333333334,2.24194495134436,0.0464691631173852,4.8592592592593,1.31030382424526,-0.59463943908879,3.88740740740741
16.62,Right arc,0.28,0.1,8,2.85714285714286,0.19,-0.666666666666667,-0.533333333333334,2.24247598132526,0.0427064503779662,4.84592592592596,1.30749887758807,-0.597203083808785,3.87674074074074
16.64,Right arc,0.28,0.1,8,2.85714285714286,0.19,-0.666666666666667,-0.533333333333334,2.24295679608749,0.0389369919069893,4.83259259259263,1.30466674547455,-0.599736663823612,3.86607407407407
16.66,Right arc,0.28,0.1,8,2.85714285714286,0.19,-0.666666666666667,-0.533333333333334,2.24338731015415,0.0351614578204772,4.8192592592593,1.30180775013532,-0.602239890870898,3.85540740740741
16.68,Right arc,0.28,0.1,8,2.85714285714286,0.19,-0.666666666666667,-0.533333333333334,2.24376744699052,0.0313805193145459,4.80592592592597,1.29892221685744,-0.604712480141735,3.84474074074074
16.7,Right arc,0.28,0.1,8,2.85714285714286,0.19,-0.666666666666667,-0.533333333333334,2.24409713901772,0.0275948485460829,4.79259259259263,1.29601047394736,-0.607154150313076,3.83407407407408
16.72,Right arc,0.28,0.1,8,2.85714285714286,0.19,-0.666666666666667,-0.533333333333334,2.24437632762472,0.0238051185132545,4.7792592592593,1.29307285269359,-0.609564623579751,3.82340740740741
16.74,Right arc,0.28,0.1,8,2.85714285714286,0.19,-0.666666666666667,-0.533333333333334,2.24460496317871,0.0200120029358624,4.76592592592596,1.29010968732895,-0.611943625686067,3.81274074074074
16.76,Right arc,0.28,0.1,8,2.85714285714286,0.19,-0.666666666666667,-0.533333333333334,2.24478300503399,0.0162161761355768,4.75259259259263,1.28712131499265,-0.614290885957016,3.80207407407408
16.78,Right arc,0.28,0.1,8,2.85714285714286,0.19,-0.666666666666667,-0.533333333333334,2.24491042153912,0.0124183129160513,4.7392592592593,1.2841080756918,-0.616606137329077,3.79140740740741
16.8,Right arc,0.28,0.1,8,2.85714285714286,0.19,-0.666666666666667,-0.533333333333334,2.24498719004262,0.00861908844296879,4.72592592592597,1.28107031226283,-0.618889116380587,3.78074074074074
16.82,Right arc,0.28,0.1,8,2.85714285714286,0.19,-0.666666666666667,-0.533333333333334,2.24501329689697,0.00481917812400657,4.71259259259263,1.27800837033244,-0.621139563361729,3.77007407407408
16.84,Right arc,0.28,0.1,8,2.85714285714286,0.19,-0.666666666666667,-0.533333333333334,2.244988737461,0.00101925748876897,4.6992592592593,1.27492259827828,-0.623357222224072,3.75940740740741
16.86,Right arc,0.28,0.1,8,2.85714285714286,0.19,-0.666666666666667,-0.533333333333334,2.24491351610079,-0.00277999793130571,4.68592592592597,1.27181334718929,-0.625541840649712,3.74874074074074
16.88,Right arc,0.28,0.1,8,2.85714285714286,0.19,-0.666666666666667,-0.533333333333334,2.24478764618881,-0.00657791272303789,4.67259259259263,1.26868097082581,-0.627693170079976,3.73807407407408
16.9,Right arc,0.28,0.1,8,2.85714285714286,0.19,-0.666666666666667,-0.533333333333334,2.24461115010161,-0.0103738117115784,4.6592592592593,1.26552582557928,-0.629810965743704,3.72740740740741
16.92,Right arc,0.28,0.1,8,2.85714285714286,0.19,-0.666666666666667,-0.533333333333334,2.24438405921581,-0.0141670200804384,4.64592592592597,1.26234827043171,-0.631894986685094,3.71674074074074
16.94,Right arc,0.28,0.1,8,2.85714285714286,0.19,-0.666666666666667,-0.533333333333334,2.24410641390251,-0.0179568634914517,4.63259259259264,1.25914866691484,-0.633944995791124,3.70607407407408
16.96,Right arc,0.28,0.1,8,2.85714285714286,0.19,-0.666666666666667,-0.533333333333334,2.24377826352017,-0.0217426682046627,4.6192592592593,1.25592737906899,-0.635960759818525,3.69540740740741
16.98,Right arc,0.28,0.1,8,2.85714285714286,0.19,-0.666666666666667,-0.533333333333334,2.24339966640575,-0.0255237611980911,4.60592592592597,1.25268477340165,-0.637942049420319,3.68474074074074
17,Right arc,0.28,0.1,8,2.85714285714286,0.19,-0.666666666666667,-0.533333333333334,2.24297068986442,-0.029299470287386,4.59259259259263,1.24942121884581,-0.639888639171917,3.67407407407408
17.02,Right arc,0.28,0.1,8,2.85714285714286,0.19,-0.666666666666667,-0.533333333333334,2.24249141015753,-0.0330691242453203,4.5792592592593,1.24613708671792,-0.641800307596762,3.66340740740741
17.04,Right arc,0.28,0.1,8,2.85714285714286,0.19,-0.666666666666667,-0.533333333333334,2.24196191248912,-0.0368320529211185,4.56592592592597,1.24283275067569,-0.64367683719153,3.65274074074074
17.06,Right arc,0.28,0.1,8,2.85714285714286,0.19,-0.666666666666667,-0.533333333333334,2.2413822909907,-0.0405875873595932,4.55259259259264,1.23950858667558,-0.645518014450879,3.64207407407408
17.08,Right arc,0.28,0.1,8,2.85714285714286,0.19,-0.666666666666667,-0.533333333333334,2.24075264870457,-0.0443350599200687,4.5392592592593,1.23616497292998,-0.647323629891739,3.63140740740741
17.1,Right arc,0.28,0.1,8,2.85714285714286,0.19,-0.666666666666667,-0.533333333333334,2.24007309756548,-0.0480738043950713,4.52592592592597,1.23280228986424,-0.649093478077145,3.62074074074074
17.12,Right arc,0.28,0.1,8,2.85714285714286,0.19,-0.666666666666667,-0.533333333333334,2.23934375838073,-0.0518031561287622,4.51259259259264,1.22942092007334,-0.650827357639611,3.61007407407408
17.14,Right arc,0.28,0.1,8,2.85714285714286,0.19,-0.666666666666667,-0.533333333333334,2.23856476080869,-0.0555224521351003,4.4992592592593,1.22602124827835,-0.652525071304046,3.59940740740741
17.16,Right arc,0.28,0.1,8,2.85714285714286,0.19,-0.666666666666667,-0.533333333333334,2.23773624333578,-0.0592310312157023,4.48592592592597,1.22260366128273,-0.654186425910193,3.58874074074074
17.18,Right arc,0.28,0.1,8,2.85714285714286,0.19,-0.666666666666667,-0.533333333333334,2.2368583532518,-0.0629282340773881,4.47259259259264,1.21916854792824,-0.655811232434609,3.57807407407408
17.2,Right arc,0.28,0.1,8,2.85714285714286,0.19,-0.666666666666667,-0.533333333333334,2.2359312466238,-0.0666134034493861,4.4592592592593,1.21571629905073,-0.65739930601217,3.56740740740741
17.22,Right arc,0.28,0.1,8,2.85714285714286,0.19,-0.666666666666667,-0.533333333333334,2.23495508826828,-0.0702858842001806,4.44592592592597,1.21224730743569,-0.658950465957108,3.55674074074074
17.24,Right arc,0.28,0.1,8,2.85714285714286,0.19,-0.666666666666667,-0.533333333333334,2.23393005172195,-0.0739450234539777,4.43259259259264,1.20876196777353,-0.660464535783564,3.54607407407408
17.26,Right arc,0.28,0.1,8,2.85714285714286,0.19,-0.666666666666667,-0.533333333333334,2.23285631921081,-0.0775901707067675,4.4192592592593,1.2052606766147,-0.661941343225672,3.53540740740741
17.28,Right arc,0.28,0.1,8,2.85714285714286,0.19,-0.666666666666667,-0.533333333333334,2.23173408161782,-0.0812206779419746,4.40592592592597,1.20174383232454,-0.663380720257155,3.52474074074074
17.3,Right arc,0.28,0.1,8,2.85714285714286,0.19,-0.666666666666667,-0.533333333333334,2.23056353844894,-0.0848358997456504,4.39259259259264,1.19821183503799,-0.664782503110447,3.51407407407408
17.32,Right arc,0.28,0.1,8,2.85714285714286,0.19,-0.666666666666667,-0.533333333333334,2.22934489779763,-0.0884351934212186,4.3792592592593,1.19466508661403,-0.666146532295321,3.50340740740741
17.34,Right arc,0.28,0.1,8,2.85714285714286,0.19,-0.666666666666667,-0.533333333333334,2.22807837630792,-0.0920179191037276,4.36592592592597,1.19110399059001,-0.66747265261704,3.49274074074074
17.36,Right arc,0.28,0.1,8,2.85714285714286,0.19,-0.666666666666667,-0.533333333333334,2.22676419913586,-0.095583439873603,4.35259259259264,1.18752895213566,-0.668760713194011,3.48207407407408
17.38,Right arc,0.28,0.1,8,2.85714285714286,0.19,-0.666666666666667,-0.533333333333334,2.22540259990946,-0.0991311218698765,4.33925925925931,1.18394037800707,-0.670010567474953,3.47140740740741
17.4,Right arc,0.28,0.1,8,2.85714285714286,0.19,-0.666666666666667,-0.533333333333334,2.22399382068724,-0.10266033440287,4.32592592592597,1.18033867650035,-0.671222073255572,3.46074074074074
17.42,Right arc,0.28,0.1,8,2.85714285714286,0.19,-0.666666666666667,-0.533333333333334,2.22253811191512,-0.106170450066318,4.31259259259264,1.1767242574052,-0.67239509269474,3.45007407407408
17.44,Right arc,0.28,0.1,8,2.85714285714286,0.19,-0.666666666666667,-0.533333333333334,2.22103573238194,-0.1096608448489,4.29925925925931,1.17309753195831,-0.673529492330176,3.43940740740741
17.46,Right arc,0.28,0.1,8,2.85714285714286,0.19,-0.666666666666667,-0.533333333333334,2.21948694917344,-0.113130898245185,4.28592592592597,1.16945891279652,-0.674625143093636,3.42874074074074
17.48,Right arc,0.28,0.1,8,2.85714285714286,0.19,-0.666666666666667,-0.533333333333334,2.21789203762477,-0.116579993365927,4.27259259259264,1.16580881390992,-0.675681920325591,3.41807407407408
17.5,Right arc,0.28,0.1,8,2.85714285714286,0.19,-0.666666666666667,-0.533333333333334,2.21625128127157,-0.120007517047746,4.25925925925931,1.16214765059469,-0.676699703789417,3.40740740740741
17.52,Right arc,0.28,0.1,8,2.85714285714286,0.19,-0.666666666666667,-0.533333333333334,2.21456497179953,-0.123412859962124,4.24592592592597,1.15847583940592,-0.677678377685071,3.39674074074074
17.54,Right arc,0.28,0.1,8,2.85714285714286,0.19,-0.666666666666667,-0.533333333333334,2.21283340899256,-0.126795416723736,4.23259259259264,1.15479379811017,-0.678617830662268,3.38607407407408
17.56,Right arc,0.28,0.1,8,2.85714285714286,0.19,-0.666666666666667,-0.533333333333334,2.2110569006795,-0.130154585998065,4.21925925925931,1.15110194563793,-0.679517955833149,3.37540740740741
17.58,Right arc,0.28,0.1,8,2.85714285714286,0.19,-0.666666666666667,-0.533333333333334,2.20923576267935,-0.13348977060831,4.20592592592597,1.147400702036,-0.680378650784444,3.36474074074075
17.6,Right arc,0.28,0.1,8,2.85714285714286,0.19,-0.666666666666667,-0.533333333333334,2.20737031874519,-0.136800377641547,4.19259259259264,1.14369048841966,-0.681199817589122,3.35407407407408
17.62,Right arc,0.28,0.1,8,2.85714285714286,0.19,-0.666666666666667,-0.533333333333334,2.20546090050659,-0.140085818554132,4.17925925925931,1.13997172692476,-0.681981362817534,3.34340740740741
17.64,Right arc,0.28,0.1,8,2.85714285714286,0.19,-0.666666666666667,-0.533333333333334,2.20350784741064,-0.143345509276335,4.16592592592597,1.13624484065971,-0.682723197548045,3.33274074074074
17.66,Right arc,0.28,0.1,8,2.85714285714286,0.19,-0.666666666666667,-0.533333333333334,2.20151150666165,-0.146578870316168,4.15259259259264,1.13251025365733,-0.683425237377148,3.32207407407408
17.68,Right arc,0.28,0.1,8,2.85714285714286,0.19,-0.666666666666667,-0.533333333333334,2.19947223315937,-0.149785326862406,4.13925925925931,1.1287683908266,-0.684087402429068,3.31140740740741
17.7,Right arc,0.28,0.1,8,2.85714285714286,0.19,-0.666666666666667,-0.533333333333334,2.19739038943595,-0.152964308886774,4.12592592592598,1.12501967790432,-0.684709617364851,3.30074074074075
17.72,Right arc,0.28,0.1,8,2.85714285714286,0.19,-0.666666666666667,-0.533333333333334,2.19526634559146,-0.156115251245287,4.11259259259264,1.12126454140667,-0.685291811390937,3.29007407407408
17.74,Right arc,0.28,0.1,8,2.85714285714286,0.19,-0.666666666666667,-0.533333333333334,2.19310047922809,-0.159237593778712,4.09925925925931,1.11750340858068,-0.685833918267211,3.27940740740741
17.76,Right arc,0.28,0.1,8,2.85714285714286,0.19,-0.666666666666667,-0.533333333333334,2.19089317538305,-0.162330781412154,4.08592592592598,1.11373670735564,-0.686335876314541,3.26874074074075
17.78,Right arc,0.28,0.1,8,2.85714285714286,0.19,-0.666666666666667,-0.533333333333334,2.1886448264601,-0.165394264253738,4.07259259259264,1.10996486629438,-0.686797628421798,3.25807407407408
17.8,Right arc,0.28,0.1,8,2.85714285714286,0.19,-0.666666666666667,-0.533333333333334,2.1863558321598,-0.168427497692359,4.05925925925931,1.10618831454451,-0.687219122052352,3.24740740740741
17.82,Right arc,0.28,0.1,8,2.85714285714286,0.19,-0.666666666666667,-0.533333333333334,2.18402659940843,-0.171429942494507,4.04592592592598,1.10240748178964,-0.687600309250048,3.23674074074075
17.84,Right arc,0.28,0.1,8,2.85714285714286,0.19,-0.666666666666667,-0.533333333333334,2.18165754228568,-0.174401064900123,4.03259259259264,1.09862279820043,-0.687941146644667,3.22607407407408
17.86,Right arc,0.28,0.1,8,2.85714285714286,0.19,-0.666666666666667,-0.533333333333334,2.17924908195103,-0.177340336717495,4.01925925925931,1.09483469438569,-0.688241595456853,3.21540740740741
17.88,Right arc,0.28,0.1,8,2.85714285714286,0.19,-0.666666666666667,-0.533333333333334,2.17680164656885,-0.180247235417152,4.00592592592598,1.09104360134336,-0.688501621502533,3.20474074074075
17.9,Right arc,0.28,0.1,8,2.85714285714286,0.19,-0.666666666666667,-0.533333333333334,2.17431567123233,-0.183121244224758,3.99259259259264,1.08724995041151,-0.688721195196801,3.19407407407408
17.92,Right arc,0.28,0.1,8,2.85714285714286,0.19,-0.666666666666667,-0.533333333333334,2.17179159788608,-0.185961852212984,3.97925925925931,1.0834541732192,-0.688900291557289,3.18340740740741
17.94,Right arc,0.28,0.1,8,2.85714285714286,0.19,-0.666666666666667,-0.533333333333334,2.16922987524762,-0.188768554392335,3.96592592592598,1.07965670163743,-0.689038890207002,3.17274074074075
17.96,Right arc,0.28,0.1,8,2.85714285714286,0.19,-0.666666666666667,-0.533333333333334,2.16663095872754,-0.191540851800928,3.95259259259264,1.07585796773,-0.689136975376644,3.16207407407408
17.98,Right arc,0.28,0.1,8,2.85714285714286,0.19,-0.666666666666667,-0.533333333333334,2.16399531034862,-0.194278251593191,3.93925925925931,1.0720584037043,-0.689194535906409,3.15140740740741
18,Right arc,0.28,0.1,8,2.85714285714286,0.19,-0.666666666666667,-0.533333333333334,2.16132339866362,-0.196980267127482,3.92592592592598,1.06825844186218,-0.689211565247248,3.14074074074075
18.02,Right arc,0.28,0.1,8,2.85714285714286,0.19,-0.666666666666667,-0.533333333333334,2.15861569867202,-0.199646418052599,3.91259259259264,1.06445851455076,-0.689188061461621,3.13007407407408
18.04,Right arc,0.28,0.1,8,2.85714285714286,0.19,-0.666666666666667,-0.533333333333334,2.15587269173558,-0.202276230393178,3.89925925925931,1.06065905411323,-0.68912402722371,3.11940740740741
18.06,Right arc,0.28,0.1,8,2.85714285714286,0.19,-0.666666666666667,-0.533333333333334,2.15309486549276,-0.204869236633952,3.88592592592598,1.05686049283965,-0.689019469819119,3.10874074074075
18.08,Right arc,0.28,0.1,8,2.85714285714286,0.19,-0.666666666666667,-0.533333333333334,2.15028271377202,-0.207424975802863,3.87259259259264,1.05306326291778,-0.688874401144045,3.09807407407408
18.1,Right arc,0.28,0.1,8,2.85714285714286,0.19,-0.666666666666667,-0.533333333333334,2.14743673650402,-0.209942993553011,3.85925925925931,1.04926779638392,-0.688688837703923,3.08740740740741
18.12,Right arc,0.28,0.1,8,2.85714285714286,0.19,-0.666666666666667,-0.533333333333334,2.1445574396328,-0.212422842243428,3.84592592592597,1.04547452507371,-0.688462800611548,3.07674074074075
18.14,Right arc,0.28,0.1,8,2.85714285714286,0.19,-0.666666666666667,-0.533333333333334,2.14164533502576,-0.214864081018657,3.83259259259264,1.04168388057304,-0.688196315584674,3.06607407407408
18.16,Right arc,0.28,0.1,8,2.85714285714286,0.19,-0.666666666666667,-0.533333333333334,2.13870094038273,-0.217266275887122,3.81925925925931,1.03789629416893,-0.687889412943089,3.05540740740741
18.18,Right arc,0.28,0.1,8,2.85714285714286,0.19,-0.666666666666667,-0.533333333333334,2.13572477914388,-0.219628999798284,3.80592592592598,1.03411219680046,-0.687542127605162,3.04474074074075
18.2,Right arc,0.28,0.1,8,2.85714285714286,0.19,-0.666666666666667,-0.533333333333334,2.13271738039671,-0.22195183271856,3.79259259259264,1.03033201900973,-0.687154499083871,3.03407407407408
18.22,Right arc,0.28,0.1,8,2.85714285714286,0.19,-0.666666666666667,-0.533333333333334,2.12967927878196,-0.224234361705993,3.77925925925931,1.02655619089291,-0.686726571482312,3.02340740740741
18.24,Right arc,0.28,0.1,8,2.85714285714286,0.19,-0.666666666666667,-0.533333333333334,2.12661101439859,-0.226476180983663,3.76592592592598,1.02278514205124,-0.686258393488673,3.01274074074075
18.26,Right arc,0.28,0.1,8,2.85714285714286,0.19,-0.666666666666667,-0.533333333333334,2.12351313270774,-0.228676892011825,3.75259259259264,1.01901930154221,-0.685750018370701,3.00207407407408
18.28,Right arc,0.28,0.1,8,2.85714285714286,0.19,-0.666666666666667,-0.533333333333334,2.12038618443577,-0.23083610355876,3.73925925925931,1.01525909783073,-0.685201503969639,2.99140740740741
18.3,Right arc,0.28,0.1,8,2.85714285714286,0.19,-0.666666666666667,-0.533333333333334,2.11723072547636,-0.232953431770323,3.72592592592597,1.01150495874036,-0.684612912693645,2.98074074074075
18.32,Right arc,0.28,0.1,8,2.85714285714286,0.19,-0.666666666666667,-0.533333333333334,2.11404731679168,-0.235028500238187,3.71259259259264,1.00775731140466,-0.683984311510692,2.97007407407408
18.34,Right arc,0.28,0.1,8,2.85714285714286,0.19,-0.666666666666667,-0.533333333333334,2.11083652431267,-0.237060940066755,3.69925925925931,1.00401658221857,-0.683315771940946,2.95940740740741
18.36,Right arc,0.28,0.1,8,2.85714285714286,0.19,-0.666666666666667,-0.533333333333334,2.10759891883843,-0.239050389938745,3.68592592592597,1.0002831967899,-0.682607370048634,2.94874074074075
18.38,Right arc,0.28,0.1,8,2.85714285714286,0.19,-0.666666666666667,-0.533333333333334,2.10433507593474,-0.240996496179419,3.67259259259264,0.996557579890935,-0.681859186433384,2.93807407407408
18.4,Right arc,0.28,0.1,8,2.85714285714286,0.19,-0.666666666666667,-0.533333333333334,2.10104557583173,-0.24289891281946,3.65925925925931,0.992840155410058,-0.681071306221058,2.92740740740742
18.42,Right arc,0.28,0.1,8,2.85714285714286,0.19,-0.666666666666667,-0.533333333333334,2.09773100332076,-0.244757301656475,3.64592592592597,0.989131346303556,-0.680243819054067,2.91674074074075
18.44,Right arc,0.28,0.1,8,2.85714285714286,0.19,-0.666666666666667,-0.533333333333334,2.09439194765044,-0.246571332315122,3.63259259259264,0.985431574547489,-0.679376819081167,2.90607407407408
18.46,Right arc,0.28,0.1,8,2.85714285714286,0.19,-0.666666666666667,-0.533333333333334,2.09102900242187,-0.248340682305838,3.61925925925931,0.981741261089673,-0.678470404946755,2.89540740740741
18.48,Right arc,0.28,0.1,8,2.85714285714286,0.19,-0.666666666666667,-0.533333333333334,2.08764276548313,-0.250065037082174,3.60592592592597,0.978060825801792,-0.677524679779639,2.88474074074075
18.5,Right arc,0.28,0.1,8,2.85714285714286,0.19,-0.666666666666667,-0.533333333333334,2.08423383882296,-0.251744090096711,3.59259259259264,0.974390687431623,-0.676539751181305,2.87407407407408
18.52,Right arc,0.28,0.1,8,2.85714285714286,0.19,-0.666666666666667,-0.533333333333334,2.08080282846381,-0.253377542855559,3.57925925925931,0.970731263555396,-0.675515731213679,2.86340740740741
18.54,Right arc,0.28,0.1,8,2.85714285714286,0.19,-0.666666666666667,-0.533333333333334,2.07735034435403,-0.254965104971417,3.56592592592597,0.967082970530279,-0.674452736386373,2.85274074074075
18.56,Right arc,0.28,0.1,8,2.85714285714286,0.19,-0.666666666666667,-0.533333333333334,2.07387700025948,-0.256506494215201,3.55259259259264,0.963446223447009,-0.673350887643428,2.84207407407408
18.58,Right arc,0.28,0.1,8,2.85714285714286,0.19,-0.666666666666667,-0.533333333333334,2.07038341365441,-0.258001436566217,3.53925925925931,0.959821436082665,-0.672210310349558,2.83140740740742
18.6,Right arc,0.28,0.1,8,2.85714285714286,0.19,-0.666666666666667,-0.533333333333334,2.06687020561167,-0.259449666260874,3.52592592592597,0.956209020853587,-0.671031134275883,2.82074074074075
18.62,Right arc,0.28,0.1,8,2.85714285714286,0.19,-0.666666666666667,-0.533333333333334,2.06333800069235,-0.260850925839927,3.51259259259264,0.952609388768456,-0.669813493585162,2.81007407407408
18.64,Right arc,0.28,0.1,8,2.85714285714286,0.19,-0.666666666666667,-0.533333333333334,2.05978742683467,-0.262204966194254,3.49925925925931,0.949022949381529,-0.668557526816535,2.79940740740741
18.66,Right arc,0.28,0.1,8,2.85714285714286,0.19,-0.666666666666667,-0.533333333333334,2.05621911524241,-0.263511546609136,3.48592592592597,0.945450110746039,-0.667263376869755,2.78874074074075
18.68,Right arc,0.28,0.1,8,2.85714285714286,0.19,-0.666666666666667,-0.533333333333334,2.05263370027268,-0.264770434807052,3.47259259259264,0.941891279367773,-0.665931190988931,2.77807407407408
18.7,Right arc,0.28,0.1,8,2.85714285714286,0.19,-0.666666666666667,-0.533333333333334,2.04903181932315,-0.265981406988969,3.45925925925931,0.938346860158817,-0.664561120745774,2.76740740740742
18.72,Right arc,0.28,0.1,8,2.85714285714286,0.19,-0.666666666666667,-0.533333333333334,2.04541411271871,-0.267144247874136,3.44592592592597,0.934817256391489,-0.663153322022354,2.75674074074075
18.74,Right arc,0.28,0.1,8,2.85714285714286,0.19,-0.666666666666667,-0.533333333333334,2.04178122359768,-0.268258750738345,3.43259259259264,0.931302869652454,-0.661707954993363,2.74607407407408
18.76,Right arc,0.28,0.1,8,2.85714285714286,0.19,-0.666666666666667,-0.533333333333334,2.03813379779745,-0.269324717450689,3.41925925925931,0.927804099797034,-0.660225184107891,2.73540740740742
18.78,Right arc,0.28,0.1,8,2.85714285714286,0.19,-0.666666666666667,-0.533333333333334,2.03447248373967,-0.270341958508783,3.40592592592597,0.924321344903713,-0.658705178070713,2.72474074074075
18.8,Right arc,0.28,0.1,8,2.85714285714286,0.19,-0.666666666666667,-0.533333333333334,2.03079793231496,-0.271310293072451,3.39259259259264,0.920855001228849,-0.6571481098231,2.71407407407408
18.82,Right arc,0.28,0.1,8,2.85714285714286,0.19,-0.666666666666667,-0.533333333333334,2.02711079676725,-0.272229548995876,3.3792592592593,0.91740546316158,-0.655554156523136,2.70340740740742
18.84,Right arc,0.28,0.1,8,2.85714285714286,0.19,-0.666666666666667,-0.533333333333334,2.02341173257757,-0.273099562858205,3.36592592592597,0.913973123178962,-0.653923499525567,2.69274074074075
18.86,Right arc,0.28,0.1,8,2.85714285714286,0.19,-0.666666666666667,-0.533333333333334,2.0197013973476,-0.273920179992596,3.35259259259264,0.910558371801308,-0.652256324361163,2.68207407407408
18.88,Right arc,0.28,0.1,8,2.85714285714286,0.19,-0.666666666666667,-0.533333333333334,2.01598045068272,-0.274691254513723,3.3392592592593,0.907161597547756,-0.650552820715611,2.67140740740742
18.9,Right arc,0.28,0.1,8,2.85714285714286,0.19,-0.666666666666667,-0.533333333333334,2.01224955407476,-0.275412649343699,3.32592592592597,0.90378318689207,-0.648813182407932,2.66074074074075
18.92,Right arc,0.28,0.1,8,2.85714285714286,0.19,-0.666666666666667,-0.533333333333334,2.0085093707844,-0.276084236236456,3.31259259259264,0.90042352421866,-0.64703760736843,2.65007407407408
18.94,Right arc,0.28,0.1,8,2.85714285714286,0.19,-0.666666666666667,-0.533333333333334,2.00476056572327,-0.276705895800536,3.2992592592593,0.897082991778857,-0.645226297616173,2.63940740740742
18.96,Right arc,0.28,0.1,8,2.85714285714286,0.19,-0.666666666666667,-0.533333333333334,2.00100380533572,-0.277277517520321,3.28592592592597,0.893761969647414,-0.643379459236004,2.62874074074075
18.98,Right arc,0.28,0.1,8,2.85714285714286,0.19,-0.666666666666667,-0.533333333333334,1.99723975748037,-0.277798999775678,3.27259259259264,0.890460835679266,-0.641497302355098,2.61807407407408
19,Stop,0,0,0,0,0,0,0,1.99346909131137,-0.278270249860024,3.2592592592593,0.88717996546654,-0.639580041119053,2.60740740740742
19.02,Stop,0,0,0,0,0,0,0,1.99346909131137,-0.278270249860024,3.2592592592593,0.88717996546654,-0.639580041119053,2.60740740740742
19.04,Stop,0,0,0,0,0,0,0,1.99346909131137,-0.278270249860024,3.2592592592593,0.88717996546654,-0.639580041119053,2.60740740740742
19.06,Stop,0,0,0,0,0,0,0,1.99346909131137,-0.278270249860024,3.2592592592593,0.88717996546654,-0.639580041119053,2.60740740740742
19.08,Stop,0,0,0,0,0,0,0,1.99346909131137,-0.278270249860024,3.2592592592593,0.88717996546654,-0.639580041119053,2.60740740740742
19.1,Stop,0,0,0,0,0,0,0,1.99346909131137,-0.278270249860024,3.2592592592593,0.88717996546654,-0.639580041119053,2.60740740740742
19.12,Stop,0,0,0,0,0,0,0,1.99346909131137,-0.278270249860024,3.2592592592593,0.88717996546654,-0.639580041119053,2.60740740740742
19.14,Stop,0,0,0,0,0,0,0,1.99346909131137,-0.278270249860024,3.2592592592593,0.88717996546654,-0.639580041119053,2.60740740740742
19.16,Stop,0,0,0,0,0,0,0,1.99346909131137,-0.278270249860024,3.2592592592593,0.88717996546654,-0.639580041119053,2.60740740740742
19.18,Stop,0,0,0,0,0,0,0,1.99346909131137,-0.278270249860024,3.2592592592593,0.88717996546654,-0.639580041119053,2.60740740740742
19.2,Stop,0,0,0,0,0,0,0,1.99346909131137,-0.278270249860024,3.2592592592593,0.88717996546654,-0.639580041119053,2.60740740740742
19.22,Stop,0,0,0,0,0,0,0,1.99346909131137,-0.278270249860024,3.2592592592593,0.88717996546654,-0.639580041119053,2.60740740740742
19.24,Stop,0,0,0,0,0,0,0,1.99346909131137,-0.278270249860024,3.2592592592593,0.88717996546654,-0.639580041119053,2.60740740740742
19.26,Stop,0,0,0,0,0,0,0,1.99346909131137,-0.278270249860024,3.2592592592593,0.88717996546654,-0.639580041119053,2.60740740740742
19.28,Stop,0,0,0,0,0,0,0,1.99346909131137,-0.278270249860024,3.2592592592593,0.88717996546654,-0.639580041119053,2.60740740740742
19.3,Stop,0,0,0,0,0,0,0,1.99346909131137,-0.278270249860024,3.2592592592593,0.88717996546654,-0.639580041119053,2.60740740740742
19.32,Stop,0,0,0,0,0,0,0,1.99346909131137,-0.278270249860024,3.2592592592593,0.88717996546654,-0.639580041119053,2.60740740740742
19.34,Stop,0,0,0,0,0,0,0,1.99346909131137,-0.278270249860024,3.2592592592593,0.88717996546654,-0.639580041119053,2.60740740740742
19.36,Stop,0,0,0,0,0,0,0,1.99346909131137,-0.278270249860024,3.2592592592593,0.88717996546654,-0.639580041119053,2.60740740740742
19.38,Stop,0,0,0,0,0,0,0,1.99346909131137,-0.278270249860024,3.2592592592593,0.88717996546654,-0.639580041119053,2.60740740740742
19.4,Stop,0,0,0,0,0,0,0,1.99346909131137,-0.278270249860024,3.2592592592593,0.88717996546654,-0.639580041119053,2.60740740740742
19.42,Stop,0,0,0,0,0,0,0,1.99346909131137,-0.278270249860024,3.2592592592593,0.88717996546654,-0.639580041119053,2.60740740740742
19.44,Stop,0,0,0,0,0,0,0,1.99346909131137,-0.278270249860024,3.2592592592593,0.88717996546654,-0.639580041119053,2.60740740740742
19.46,Stop,0,0,0,0,0,0,0,1.99346909131137,-0.278270249860024,3.2592592592593,0.88717996546654,-0.639580041119053,2.60740740740742
19.48,Stop,0,0,0,0,0,0,0,1.99346909131137,-0.278270249860024,3.2592592592593,0.88717996546654,-0.639580041119053,2.60740740740742
19.5,Stop,0,0,0,0,0,0,0,1.99346909131137,-0.278270249860024,3.2592592592593,0.88717996546654,-0.639580041119053,2.60740740740742
19.52,Stop,0,0,0,0,0,0,0,1.99346909131137,-0.278270249860024,3.2592592592593,0.88717996546654,-0.639580041119053,2.60740740740742
19.54,Stop,0,0,0,0,0,0,0,1.99346909131137,-0.278270249860024,3.2592592592593,0.88717996546654,-0.639580041119053,2.60740740740742
19.56,Stop,0,0,0,0,0,0,0,1.99346909131137,-0.278270249860024,3.2592592592593,0.88717996546654,-0.639580041119053,2.60740740740742
19.58,Stop,0,0,0,0,0,0,0,1.99346909131137,-0.278270249860024,3.2592592592593,0.88717996546654,-0.639580041119053,2.60740740740742
19.6,Stop,0,0,0,0,0,0,0,1.99346909131137,-0.278270249860024,3.2592592592593,0.88717996546654,-0.639580041119053,2.60740740740742
19.62,Stop,0,0,0,0,0,0,0,1.99346909131137,-0.278270249860024,3.2592592592593,0.88717996546654,-0.639580041119053,2.60740740740742
19.64,Stop,0,0,0,0,0,0,0,1.99346909131137,-0.278270249860024,3.2592592592593,0.88717996546654,-0.639580041119053,2.60740740740742
19.66,Stop,0,0,0,0,0,0,0,1.99346909131137,-0.278270249860024,3.2592592592593,0.88717996546654,-0.639580041119053,2.60740740740742
19.68,Stop,0,0,0,0,0,0,0,1.99346909131137,-0.278270249860024,3.2592592592593,0.88717996546654,-0.639580041119053,2.60740740740742
19.7,Stop,0,0,0,0,0,0,0,1.99346909131137,-0.278270249860024,3.2592592592593,0.88717996546654,-0.639580041119053,2.60740740740742
19.72,Stop,0,0,0,0,0,0,0,1.99346909131137,-0.278270249860024,3.2592592592593,0.88717996546654,-0.639580041119053,2.60740740740742
19.74,Stop,0,0,0,0,0,0,0,1.99346909131137,-0.278270249860024,3.2592592592593,0.88717996546654,-0.639580041119053,2.60740740740742
19.76,Stop,0,0,0,0,0,0,0,1.99346909131137,-0.278270249860024,3.2592592592593,0.88717996546654,-0.639580041119053,2.60740740740742
19.78,Stop,0,0,0,0,0,0,0,1.99346909131137,-0.278270249860024,3.2592592592593,0.88717996546654,-0.639580041119053,2.60740740740742
19.8,Stop,0,0,0,0,0,0,0,1.99346909131137,-0.278270249860024,3.2592592592593,0.88717996546654,-0.639580041119053,2.60740740740742
19.82,Stop,0,0,0,0,0,0,0,1.99346909131137,-0.278270249860024,3.2592592592593,0.88717996546654,-0.639580041119053,2.60740740740742
19.84,Stop,0,0,0,0,0,0,0,1.99346909131137,-0.278270249860024,3.2592592592593,0.88717996546654,-0.639580041119053,2.60740740740742
19.86,Stop,0,0,0,0,0,0,0,1.99346909131137,-0.278270249860024,3.2592592592593,0.88717996546654,-0.639580041119053,2.60740740740742
19.88,Stop,0,0,0,0,0,0,0,1.99346909131137,-0.278270249860024,3.2592592592593,0.88717996546654,-0.639580041119053,2.60740740740742
19.9,Stop,0,0,0,0,0,0,0,1.99346909131137,-0.278270249860024,3.2592592592593,0.88717996546654,-0.639580041119053,2.60740740740742
19.92,Stop,0,0,0,0,0,0,0,1.99346909131137,-0.278270249860024,3.2592592592593,0.88717996546654,-0.639580041119053,2.60740740740742
19.94,Stop,0,0,0,0,0,0,0,1.99346909131137,-0.278270249860024,3.2592592592593,0.88717996546654,-0.639580041119053,2.60740740740742
19.96,Stop,0,0,0,0,0,0,0,1.99346909131137,-0.278270249860024,3.2592592592593,0.88717996546654,-0.639580041119053,2.60740740740742
19.98,Stop,0,0,0,0,0,0,0,1.99346909131137,-0.278270249860024,3.2592592592593,0.88717996546654,-0.639580041119053,2.60740740740742
20,Stop,0,0,0,0,0,0,0,1.99346909131137,-0.278270249860024,3.2592592592593,0.88717996546654,-0.639580041119053,2.60740740740742
20.02,Stop,0,0,0,0,0,0,0,1.99346909131137,-0.278270249860024,3.2592592592593,0.88717996546654,-0.639580041119053,2.60740740740742
20.04,Stop,0,0,0,0,0,0,0,1.99346909131137,-0.278270249860024,3.2592592592593,0.88717996546654,-0.639580041119053,2.60740740740742
20.06,Stop,0,0,0,0,0,0,0,1.99346909131137,-0.278270249860024,3.2592592592593,0.88717996546654,-0.639580041119053,2.60740740740742
20.08,Stop,0,0,0,0,0,0,0,1.99346909131137,-0.278270249860024,3.2592592592593,0.88717996546654,-0.639580041119053,2.60740740740742
20.1,Stop,0,0,0,0,0,0,0,1.99346909131137,-0.278270249860024,3.2592592592593,0.88717996546654,-0.639580041119053,2.60740740740742
20.12,Stop,0,0,0,0,0,0,0,1.99346909131137,-0.278270249860024,3.2592592592593,0.88717996546654,-0.639580041119053,2.60740740740742
20.14,Stop,0,0,0,0,0,0,0,1.99346909131137,-0.278270249860024,3.2592592592593,0.88717996546654,-0.639580041119053,2.60740740740742
20.16,Stop,0,0,0,0,0,0,0,1.99346909131137,-0.278270249860024,3.2592592592593,0.88717996546654,-0.639580041119053,2.60740740740742
20.18,Stop,0,0,0,0,0,0,0,1.99346909131137,-0.278270249860024,3.2592592592593,0.88717996546654,-0.639580041119053,2.60740740740742
20.2,Stop,0,0,0,0,0,0,0,1.99346909131137,-0.278270249860024,3.2592592592593,0.88717996546654,-0.639580041119053,2.60740740740742
20.22,Stop,0,0,0,0,0,0,0,1.99346909131137,-0.278270249860024,3.2592592592593,0.88717996546654,-0.639580041119053,2.60740740740742
20.24,Stop,0,0,0,0,0,0,0,1.99346909131137,-0.278270249860024,3.2592592592593,0.88717996546654,-0.639580041119053,2.60740740740742
20.26,Stop,0,0,0,0,0,0,0,1.99346909131137,-0.278270249860024,3.2592592592593,0.88717996546654,-0.639580041119053,2.60740740740742
20.28,Stop,0,0,0,0,0,0,0,1.99346909131137,-0.278270249860024,3.2592592592593,0.88717996546654,-0.639580041119053,2.60740740740742
20.3,Stop,0,0,0,0,0,0,0,1.99346909131137,-0.278270249860024,3.2592592592593,0.88717996546654,-0.639580041119053,2.60740740740742
20.32,Stop,0,0,0,0,0,0,0,1.99346909131137,-0.278270249860024,3.2592592592593,0.88717996546654,-0.639580041119053,2.60740740740742
20.34,Stop,0,0,0,0,0,0,0,1.99346909131137,-0.278270249860024,3.2592592592593,0.88717996546654,-0.639580041119053,2.60740740740742
20.36,Stop,0,0,0,0,0,0,0,1.99346909131137,-0.278270249860024,3.2592592592593,0.88717996546654,-0.639580041119053,2.60740740740742
20.38,Stop,0,0,0,0,0,0,0,1.99346909131137,-0.278270249860024,3.2592592592593,0.88717996546654,-0.639580041119053,2.60740740740742
20.4,Stop,0,0,0,0,0,0,0,1.99346909131137,-0.278270249860024,3.2592592592593,0.88717996546654,-0.639580041119053,2.60740740740742
20.42,Stop,0,0,0,0,0,0,0,1.99346909131137,-0.278270249860024,3.2592592592593,0.88717996546654,-0.639580041119053,2.60740740740742
20.44,Stop,0,0,0,0,0,0,0,1.99346909131137,-0.278270249860024,3.2592592592593,0.88717996546654,-0.639580041119053,2.60740740740742
20.46,Stop,0,0,0,0,0,0,0,1.99346909131137,-0.278270249860024,3.2592592592593,0.88717996546654,-0.639580041119053,2.60740740740742
20.48,Stop,0,0,0,0,0,0,0,1.99346909131137,-0.278270249860024,3.2592592592593,0.88717996546654,-0.639580041119053,2.60740740740742
20.5,Stop,0,0,0,0,0,0,0,1.99346909131137,-0.278270249860024,3.2592592592593,0.88717996546654,-0.639580041119053,2.60740740740742
20.52,Stop,0,0,0,0,0,0,0,1.99346909131137,-0.278270249860024,3.2592592592593,0.88717996546654,-0.639580041119053,2.60740740740742
20.54,Stop,0,0,0,0,0,0,0,1.99346909131137,-0.278270249860024,3.2592592592593,0.88717996546654,-0.639580041119053,2.60740740740742
20.56,Stop,0,0,0,0,0,0,0,1.99346909131137,-0.278270249860024,3.2592592592593,0.88717996546654,-0.639580041119053,2.60740740740742
20.58,Stop,0,0,0,0,0,0,0,1.99346909131137,-0.278270249860024,3.2592592592593,0.88717996546654,-0.639580041119053,2.60740740740742
20.6,Stop,0,0,0,0,0,0,0,1.99346909131137,-0.278270249860024,3.2592592592593,0.88717996546654,-0.639580041119053,2.60740740740742
20.62,Stop,0,0,0,0,0,0,0,1.99346909131137,-0.278270249860024,3.2592592592593,0.88717996546654,-0.639580041119053,2.60740740740742
20.64,Stop,0,0,0,0,0,0,0,1.99346909131137,-0.278270249860024,3.2592592592593,0.88717996546654,-0.639580041119053,2.60740740740742
20.66,Stop,0,0,0,0,0,0,0,1.99346909131137,-0.278270249860024,3.2592592592593,0.88717996546654,-0.639580041119053,2.60740740740742
20.68,Stop,0,0,0,0,0,0,0,1.99346909131137,-0.278270249860024,3.2592592592593,0.88717996546654,-0.639580041119053,2.60740740740742
20.7,Stop,0,0,0,0,0,0,0,1.99346909131137,-0.278270249860024,3.2592592592593,0.88717996546654,-0.639580041119053,2.60740740740742
20.72,Stop,0,0,0,0,0,0,0,1.99346909131137,-0.278270249860024,3.2592592592593,0.88717996546654,-0.639580041119053,2.60740740740742
20.74,Stop,0,0,0,0,0,0,0,1.99346909131137,-0.278270249860024,3.2592592592593,0.88717996546654,-0.639580041119053,2.60740740740742
20.76,Stop,0,0,0,0,0,0,0,1.99346909131137,-0.278270249860024,3.2592592592593,0.88717996546654,-0.639580041119053,2.60740740740742
20.78,Stop,0,0,0,0,0,0,0,1.99346909131137,-0.278270249860024,3.2592592592593,0.88717996546654,-0.639580041119053,2.60740740740742
20.8,Stop,0,0,0,0,0,0,0,1.99346909131137,-0.278270249860024,3.2592592592593,0.88717996546654,-0.639580041119053,2.60740740740742
20.82,Stop,0,0,0,0,0,0,0,1.99346909131137,-0.278270249860024,3.2592592592593,0.88717996546654,-0.639580041119053,2.60740740740742
20.84,Stop,0,0,0,0,0,0,0,1.99346909131137,-0.278270249860024,3.2592592592593,0.88717996546654,-0.639580041119053,2.60740740740742
20.86,Stop,0,0,0,0,0,0,0,1.99346909131137,-0.278270249860024,3.2592592592593,0.88717996546654,-0.639580041119053,2.60740740740742
20.88,Stop,0,0,0,0,0,0,0,1.99346909131137,-0.278270249860024,3.2592592592593,0.88717996546654,-0.639580041119053,2.60740740740742
20.9,Stop,0,0,0,0,0,0,0,1.99346909131137,-0.278270249860024,3.2592592592593,0.88717996546654,-0.639580041119053,2.60740740740742
20.92,Stop,0,0,0,0,0,0,0,1.99346909131137,-0.278270249860024,3.2592592592593,0.88717996546654,-0.639580041119053,2.60740740740742
20.94,Stop,0,0,0,0,0,0,0,1.99346909131137,-0.278270249860024,3.2592592592593,0.88717996546654,-0.639580041119053,2.60740740740742
20.96,Stop,0,0,0,0,0,0,0,1.99346909131137,-0.278270249860024,3.2592592592593,0.88717996546654,-0.639580041119053,2.60740740740742
20.98,Stop,0,0,0,0,0,0,0,1.99346909131137,-0.278270249860024,3.2592592592593,0.88717996546654,-0.639580041119053,2.60740740740742
21,Stop,0,0,0,0,0,0,0,1.99346909131137,-0.278270249860024,3.2592592592593,0.88717996546654,-0.639580041119053,2.60740740740742
21.02,Stop,0,0,0,0,0,0,0,1.99346909131137,-0.278270249860024,3.2592592592593,0.88717996546654,-0.639580041119053,2.60740740740742
21.04,Stop,0,0,0,0,0,0,0,1.99346909131137,-0.278270249860024,3.2592592592593,0.88717996546654,-0.639580041119053,2.60740740740742
21.06,Stop,0,0,0,0,0,0,0,1.99346909131137,-0.278270249860024,3.2592592592593,0.88717996546654,-0.639580041119053,2.60740740740742
21.08,Stop,0,0,0,0,0,0,0,1.99346909131137,-0.278270249860024,3.2592592592593,0.88717996546654,-0.639580041119053,2.60740740740742
21.1,Stop,0,0,0,0,0,0,0,1.99346909131137,-0.278270249860024,3.2592592592593,0.88717996546654,-0.639580041119053,2.60740740740742
21.12,Stop,0,0,0,0,0,0,0,1.99346909131137,-0.278270249860024,3.2592592592593,0.88717996546654,-0.639580041119053,2.60740740740742
21.14,Stop,0,0,0,0,0,0,0,1.99346909131137,-0.278270249860024,3.2592592592593,0.88717996546654,-0.639580041119053,2.60740740740742
21.16,Stop,0,0,0,0,0,0,0,1.99346909131137,-0.278270249860024,3.2592592592593,0.88717996546654,-0.639580041119053,2.60740740740742
21.18,Stop,0,0,0,0,0,0,0,1.99346909131137,-0.278270249860024,3.2592592592593,0.88717996546654,-0.639580041119053,2.60740740740742
21.2,Stop,0,0,0,0,0,0,0,1.99346909131137,-0.278270249860024,3.2592592592593,0.88717996546654,-0.639580041119053,2.60740740740742
21.22,Stop,0,0,0,0,0,0,0,1.99346909131137,-0.278270249860024,3.2592592592593,0.88717996546654,-0.639580041119053,2.60740740740742
21.24,Stop,0,0,0,0,0,0,0,1.99346909131137,-0.278270249860024,3.2592592592593,0.88717996546654,-0.639580041119053,2.60740740740742
21.26,Stop,0,0,0,0,0,0,0,1.99346909131137,-0.278270249860024,3.2592592592593,0.88717996546654,-0.639580041119053,2.60740740740742
21.28,Stop,0,0,0,0,0,0,0,1.99346909131137,-0.278270249860024,3.2592592592593,0.88717996546654,-0.639580041119053,2.60740740740742
21.3,Stop,0,0,0,0,0,0,0,1.99346909131137,-0.278270249860024,3.2592592592593,0.88717996546654,-0.639580041119053,2.60740740740742
21.32,Stop,0,0,0,0,0,0,0,1.99346909131137,-0.278270249860024,3.2592592592593,0.88717996546654,-0.639580041119053,2.60740740740742
21.34,Stop,0,0,0,0,0,0,0,1.99346909131137,-0.278270249860024,3.2592592592593,0.88717996546654,-0.639580041119053,2.60740740740742
21.36,Stop,0,0,0,0,0,0,0,1.99346909131137,-0.278270249860024,3.2592592592593,0.88717996546654,-0.639580041119053,2.60740740740742
21.38,Stop,0,0,0,0,0,0,0,1.99346909131137,-0.278270249860024,3.2592592592593,0.88717996546654,-0.639580041119053,2.60740740740742
21.4,Stop,0,0,0,0,0,0,0,1.99346909131137,-0.278270249860024,3.2592592592593,0.88717996546654,-0.639580041119053,2.60740740740742
21.42,Stop,0,0,0,0,0,0,0,1.99346909131137,-0.278270249860024,3.2592592592593,0.88717996546654,-0.639580041119053,2.60740740740742
21.44,Stop,0,0,0,0,0,0,0,1.99346909131137,-0.278270249860024,3.2592592592593,0.88717996546654,-0.639580041119053,2.60740740740742
21.46,Stop,0,0,0,0,0,0,0,1.99346909131137,-0.278270249860024,3.2592592592593,0.88717996546654,-0.639580041119053,2.60740740740742
21.48,Stop,0,0,0,0,0,0,0,1.99346909131137,-0.278270249860024,3.2592592592593,0.88717996546654,-0.639580041119053,2.60740740740742
21.5,Stop,0,0,0,0,0,0,0,1.99346909131137,-0.278270249860024,3.2592592592593,0.88717996546654,-0.639580041119053,2.60740740740742
21.52,Stop,0,0,0,0,0,0,0,1.99346909131137,-0.278270249860024,3.2592592592593,0.88717996546654,-0.639580041119053,2.60740740740742
21.54,Stop,0,0,0,0,0,0,0,1.99346909131137,-0.278270249860024,3.2592592592593,0.88717996546654,-0.639580041119053,2.60740740740742
21.56,Stop,0,0,0,0,0,0,0,1.99346909131137,-0.278270249860024,3.2592592592593,0.88717996546654,-0.639580041119053,2.60740740740742
21.58,Stop,0,0,0,0,0,0,0,1.99346909131137,-0.278270249860024,3.2592592592593,0.88717996546654,-0.639580041119053,2.60740740740742
21.6,Stop,0,0,0,0,0,0,0,1.99346909131137,-0.278270249860024,3.2592592592593,0.88717996546654,-0.639580041119053,2.60740740740742
21.62,Stop,0,0,0,0,0,0,0,1.99346909131137,-0.278270249860024,3.2592592592593,0.88717996546654,-0.639580041119053,2.60740740740742
21.64,Stop,0,0,0,0,0,0,0,1.99346909131137,-0.278270249860024,3.2592592592593,0.88717996546654,-0.639580041119053,2.60740740740742
21.66,Stop,0,0,0,0,0,0,0,1.99346909131137,-0.278270249860024,3.2592592592593,0.88717996546654,-0.639580041119053,2.60740740740742
21.68,Stop,0,0,0,0,0,0,0,1.99346909131137,-0.278270249860024,3.2592592592593,0.88717996546654,-0.639580041119053,2.60740740740742
21.7,Stop,0,0,0,0,0,0,0,1.99346909131137,-0.278270249860024,3.2592592592593,0.88717996546654,-0.639580041119053,2.60740740740742
21.72,Stop,0,0,0,0,0,0,0,1.99346909131137,-0.278270249860024,3.2592592592593,0.88717996546654,-0.639580041119053,2.60740740740742
21.74,Stop,0,0,0,0,0,0,0,1.99346909131137,-0.278270249860024,3.2592592592593,0.88717996546654,-0.639580041119053,2.60740740740742
21.76,Stop,0,0,0,0,0,0,0,1.99346909131137,-0.278270249860024,3.2592592592593,0.88717996546654,-0.639580041119053,2.60740740740742
21.78,Stop,0,0,0,0,0,0,0,1.99346909131137,-0.278270249860024,3.2592592592593,0.88717996546654,-0.639580041119053,2.60740740740742
21.8,Stop,0,0,0,0,0,0,0,1.99346909131137,-0.278270249860024,3.2592592592593,0.88717996546654,-0.639580041119053,2.60740740740742
21.82,Stop,0,0,0,0,0,0,0,1.99346909131137,-0.278270249860024,3.2592592592593,0.88717996546654,-0.639580041119053,2.60740740740742
21.84,Stop,0,0,0,0,0,0,0,1.99346909131137,-0.278270249860024,3.2592592592593,0.88717996546654,-0.639580041119053,2.60740740740742
21.86,Stop,0,0,0,0,0,0,0,1.99346909131137,-0.278270249860024,3.2592592592593,0.88717996546654,-0.639580041119053,2.60740740740742
21.88,Stop,0,0,0,0,0,0,0,1.99346909131137,-0.278270249860024,3.2592592592593,0.88717996546654,-0.639580041119053,2.60740740740742
21.9,Stop,0,0,0,0,0,0,0,1.99346909131137,-0.278270249860024,3.2592592592593,0.88717996546654,-0.639580041119053,2.60740740740742
21.92,Stop,0,0,0,0,0,0,0,1.99346909131137,-0.278270249860024,3.2592592592593,0.88717996546654,-0.639580041119053,2.60740740740742
21.94,Stop,0,0,0,0,0,0,0,1.99346909131137,-0.278270249860024,3.2592592592593,0.88717996546654,-0.639580041119053,2.60740740740742
21.96,Stop,0,0,0,0,0,0,0,1.99346909131137,-0.278270249860024,3.2592592592593,0.88717996546654,-0.639580041119053,2.60740740740742
21.98,Stop,0,0,0,0,0,0,0,1.99346909131137,-0.278270249860024,3.2592592592593,0.88717996546654,-0.639580041119053,2.60740740740742
22,Stop,0,0,0,0,0,0,0,1.99346909131137,-0.278270249860024,3.2592592592593,0.88717996546654,-0.639580041119053,2.60740740740742
