ISO-10303-21;
HEADER;
FILE_DESCRIPTION(('Open CASCADE Model'),'2;1');
FILE_NAME('Open CASCADE Shape Model','2026-09-25T14:41:25',('Author'),(
    'Open CASCADE'),'Open CASCADE STEP processor 7.9','Open CASCADE 7.9'
  ,'Unknown');
FILE_SCHEMA(('AUTOMOTIVE_DESIGN { 1 0 10303 214 1 1 1 1 }'));
ENDSEC;
DATA;
#1 = APPLICATION_PROTOCOL_DEFINITION('international standard',
  'automotive_design',2000,#2);
#2 = APPLICATION_CONTEXT(
  'core data for automotive mechanical design processes');
#3 = SHAPE_DEFINITION_REPRESENTATION(#4,#10);
#4 = PRODUCT_DEFINITION_SHAPE('','',#5);
#5 = PRODUCT_DEFINITION('design','',#6,#9);
#6 = PRODUCT_DEFINITION_FORMATION('','',#7);
#7 = PRODUCT('AMR_Chassis_v03_PROTOTYPE','AMR_Chassis_v03_PROTOTYPE','',
  (#8));
#8 = PRODUCT_CONTEXT('',#2,'mechanical');
#9 = PRODUCT_DEFINITION_CONTEXT('part definition',#2,'design');
#10 = SHAPE_REPRESENTATION('',(#11,#15,#19,#23,#27,#31,#35,#39,#43,#47),
  #51);
#11 = AXIS2_PLACEMENT_3D('',#12,#13,#14);
#12 = CARTESIAN_POINT('',(0.,0.,0.));
#13 = DIRECTION('',(0.,0.,1.));
#14 = DIRECTION('',(1.,0.,-0.));
#15 = AXIS2_PLACEMENT_3D('',#16,#17,#18);
#16 = CARTESIAN_POINT('',(0.,0.,0.));
#17 = DIRECTION('',(0.,0.,1.));
#18 = DIRECTION('',(1.,0.,-0.));
#19 = AXIS2_PLACEMENT_3D('',#20,#21,#22);
#20 = CARTESIAN_POINT('',(0.,0.,0.));
#21 = DIRECTION('',(0.,0.,1.));
#22 = DIRECTION('',(1.,0.,-0.));
#23 = AXIS2_PLACEMENT_3D('',#24,#25,#26);
#24 = CARTESIAN_POINT('',(0.,0.,0.));
#25 = DIRECTION('',(0.,0.,1.));
#26 = DIRECTION('',(1.,0.,-0.));
#27 = AXIS2_PLACEMENT_3D('',#28,#29,#30);
#28 = CARTESIAN_POINT('',(0.,0.,0.));
#29 = DIRECTION('',(0.,0.,1.));
#30 = DIRECTION('',(1.,0.,-0.));
#31 = AXIS2_PLACEMENT_3D('',#32,#33,#34);
#32 = CARTESIAN_POINT('',(0.,0.,0.));
#33 = DIRECTION('',(0.,0.,1.));
#34 = DIRECTION('',(1.,0.,-0.));
#35 = AXIS2_PLACEMENT_3D('',#36,#37,#38);
#36 = CARTESIAN_POINT('',(0.,0.,0.));
#37 = DIRECTION('',(0.,0.,1.));
#38 = DIRECTION('',(1.,0.,-0.));
#39 = AXIS2_PLACEMENT_3D('',#40,#41,#42);
#40 = CARTESIAN_POINT('',(0.,0.,0.));
#41 = DIRECTION('',(0.,0.,1.));
#42 = DIRECTION('',(1.,0.,-0.));
#43 = AXIS2_PLACEMENT_3D('',#44,#45,#46);
#44 = CARTESIAN_POINT('',(0.,0.,0.));
#45 = DIRECTION('',(0.,0.,1.));
#46 = DIRECTION('',(1.,0.,-0.));
#47 = AXIS2_PLACEMENT_3D('',#48,#49,#50);
#48 = CARTESIAN_POINT('',(0.,0.,0.));
#49 = DIRECTION('',(0.,0.,1.));
#50 = DIRECTION('',(1.,0.,-0.));
#51 = ( GEOMETRIC_REPRESENTATION_CONTEXT(3) 
GLOBAL_UNCERTAINTY_ASSIGNED_CONTEXT((#55)) GLOBAL_UNIT_ASSIGNED_CONTEXT(
(#52,#53,#54)) REPRESENTATION_CONTEXT('Context #1',
  '3D Context with UNIT and UNCERTAINTY') );
#52 = ( LENGTH_UNIT() NAMED_UNIT(*) SI_UNIT(.MILLI.,.METRE.) );
#53 = ( NAMED_UNIT(*) PLANE_ANGLE_UNIT() SI_UNIT($,.RADIAN.) );
#54 = ( NAMED_UNIT(*) SI_UNIT($,.STERADIAN.) SOLID_ANGLE_UNIT() );
#55 = UNCERTAINTY_MEASURE_WITH_UNIT(LENGTH_MEASURE(1.E-07),#52,
  'distance_accuracy_value','confusion accuracy');
#56 = PRODUCT_RELATED_PRODUCT_CATEGORY('part',$,(#7));
#57 = SHAPE_DEFINITION_REPRESENTATION(#58,#64);
#58 = PRODUCT_DEFINITION_SHAPE('','',#59);
#59 = PRODUCT_DEFINITION('design','',#60,#63);
#60 = PRODUCT_DEFINITION_FORMATION('','',#61);
#61 = PRODUCT('01_Front_Left_Panel','01_Front_Left_Panel','',(#62));
#62 = PRODUCT_CONTEXT('',#2,'mechanical');
#63 = PRODUCT_DEFINITION_CONTEXT('part definition',#2,'design');
#64 = ADVANCED_BREP_SHAPE_REPRESENTATION('',(#11,#65),#3131);
#65 = MANIFOLD_SOLID_BREP('',#66);
#66 = CLOSED_SHELL('',(#67,#907,#1067,#1122,#1199,#1293,#1318,#1372,
    #1441,#1495,#1549,#1574,#1628,#1682,#1736,#1790,#1844,#1898,#1952,
    #2021,#2075,#2129,#2154,#2208,#2262,#2316,#2370,#2424,#2493,#2593,
    #2642,#2858,#2884,#2891,#2916,#2923,#2999,#3048,#3097,#3124));
#67 = ADVANCED_FACE('',(#68,#212,#247,#367,#402,#437,#472,#507,#542,#577
    ,#612,#732,#767,#802,#837,#872),#82,.F.);
#68 = FACE_BOUND('',#69,.F.);
#69 = EDGE_LOOP('',(#70,#105,#131,#157,#185));
#70 = ORIENTED_EDGE('',*,*,#71,.F.);
#71 = EDGE_CURVE('',#72,#74,#76,.T.);
#72 = VERTEX_POINT('',#73);
#73 = CARTESIAN_POINT('',(0.2,135.,0.));
#74 = VERTEX_POINT('',#75);
#75 = CARTESIAN_POINT('',(165.,135.,0.));
#76 = SURFACE_CURVE('',#77,(#81,#93),.PCURVE_S1.);
#77 = LINE('',#78,#79);
#78 = CARTESIAN_POINT('',(-170.,135.,0.));
#79 = VECTOR('',#80,1.);
#80 = DIRECTION('',(1.,0.,0.));
#81 = PCURVE('',#82,#87);
#82 = PLANE('',#83);
#83 = AXIS2_PLACEMENT_3D('',#84,#85,#86);
#84 = CARTESIAN_POINT('',(-170.,-135.,0.));
#85 = DIRECTION('',(0.,0.,1.));
#86 = DIRECTION('',(1.,0.,0.));
#87 = DEFINITIONAL_REPRESENTATION('',(#88),#92);
#88 = LINE('',#89,#90);
#89 = CARTESIAN_POINT('',(0.,270.));
#90 = VECTOR('',#91,1.);
#91 = DIRECTION('',(1.,0.));
#92 = ( GEOMETRIC_REPRESENTATION_CONTEXT(2) 
PARAMETRIC_REPRESENTATION_CONTEXT() REPRESENTATION_CONTEXT('2D SPACE',''
  ) );
#93 = PCURVE('',#94,#99);
#94 = PLANE('',#95);
#95 = AXIS2_PLACEMENT_3D('',#96,#97,#98);
#96 = CARTESIAN_POINT('',(-170.,135.,0.));
#97 = DIRECTION('',(0.,1.,0.));
#98 = DIRECTION('',(0.,0.,1.));
#99 = DEFINITIONAL_REPRESENTATION('',(#100),#104);
#100 = LINE('',#101,#102);
#101 = CARTESIAN_POINT('',(0.,0.));
#102 = VECTOR('',#103,1.);
#103 = DIRECTION('',(0.,1.));
#104 = ( GEOMETRIC_REPRESENTATION_CONTEXT(2) 
PARAMETRIC_REPRESENTATION_CONTEXT() REPRESENTATION_CONTEXT('2D SPACE',''
  ) );
#105 = ORIENTED_EDGE('',*,*,#106,.F.);
#106 = EDGE_CURVE('',#107,#72,#109,.T.);
#107 = VERTEX_POINT('',#108);
#108 = CARTESIAN_POINT('',(0.2,0.2,0.));
#109 = SURFACE_CURVE('',#110,(#114,#120),.PCURVE_S1.);
#110 = LINE('',#111,#112);
#111 = CARTESIAN_POINT('',(0.2,-67.4,0.));
#112 = VECTOR('',#113,1.);
#113 = DIRECTION('',(0.,1.,0.));
#114 = PCURVE('',#82,#115);
#115 = DEFINITIONAL_REPRESENTATION('',(#116),#119);
#116 = B_SPLINE_CURVE_WITH_KNOTS('',1,(#117,#118),.UNSPECIFIED.,.F.,.F.,
  (2,2),(67.6,202.4),.PIECEWISE_BEZIER_KNOTS.);
#117 = CARTESIAN_POINT('',(170.2,135.2));
#118 = CARTESIAN_POINT('',(170.2,270.));
#119 = ( GEOMETRIC_REPRESENTATION_CONTEXT(2) 
PARAMETRIC_REPRESENTATION_CONTEXT() REPRESENTATION_CONTEXT('2D SPACE',''
  ) );
#120 = PCURVE('',#121,#126);
#121 = PLANE('',#122);
#122 = AXIS2_PLACEMENT_3D('',#123,#124,#125);
#123 = CARTESIAN_POINT('',(0.2,0.2,-5.));
#124 = DIRECTION('',(1.,0.,0.));
#125 = DIRECTION('',(0.,0.,1.));
#126 = DEFINITIONAL_REPRESENTATION('',(#127),#130);
#127 = B_SPLINE_CURVE_WITH_KNOTS('',1,(#128,#129),.UNSPECIFIED.,.F.,.F.,
  (2,2),(67.6,202.4),.PIECEWISE_BEZIER_KNOTS.);
#128 = CARTESIAN_POINT('',(5.,0.));
#129 = CARTESIAN_POINT('',(5.,-134.8));
#130 = ( GEOMETRIC_REPRESENTATION_CONTEXT(2) 
PARAMETRIC_REPRESENTATION_CONTEXT() REPRESENTATION_CONTEXT('2D SPACE',''
  ) );
#131 = ORIENTED_EDGE('',*,*,#132,.F.);
#132 = EDGE_CURVE('',#133,#107,#135,.T.);
#133 = VERTEX_POINT('',#134);
#134 = CARTESIAN_POINT('',(170.,0.2,0.));
#135 = SURFACE_CURVE('',#136,(#140,#146),.PCURVE_S1.);
#136 = LINE('',#137,#138);
#137 = CARTESIAN_POINT('',(-84.9,0.2,0.));
#138 = VECTOR('',#139,1.);
#139 = DIRECTION('',(-1.,0.,0.));
#140 = PCURVE('',#82,#141);
#141 = DEFINITIONAL_REPRESENTATION('',(#142),#145);
#142 = B_SPLINE_CURVE_WITH_KNOTS('',1,(#143,#144),.UNSPECIFIED.,.F.,.F.,
  (2,2),(-254.9,-85.1),.PIECEWISE_BEZIER_KNOTS.);
#143 = CARTESIAN_POINT('',(340.,135.2));
#144 = CARTESIAN_POINT('',(170.2,135.2));
#145 = ( GEOMETRIC_REPRESENTATION_CONTEXT(2) 
PARAMETRIC_REPRESENTATION_CONTEXT() REPRESENTATION_CONTEXT('2D SPACE',''
  ) );
#146 = PCURVE('',#147,#152);
#147 = PLANE('',#148);
#148 = AXIS2_PLACEMENT_3D('',#149,#150,#151);
#149 = CARTESIAN_POINT('',(0.2,0.2,-5.));
#150 = DIRECTION('',(0.,1.,0.));
#151 = DIRECTION('',(0.,0.,1.));
#152 = DEFINITIONAL_REPRESENTATION('',(#153),#156);
#153 = B_SPLINE_CURVE_WITH_KNOTS('',1,(#154,#155),.UNSPECIFIED.,.F.,.F.,
  (2,2),(-254.9,-85.1),.PIECEWISE_BEZIER_KNOTS.);
#154 = CARTESIAN_POINT('',(5.,169.8));
#155 = CARTESIAN_POINT('',(5.,0.));
#156 = ( GEOMETRIC_REPRESENTATION_CONTEXT(2) 
PARAMETRIC_REPRESENTATION_CONTEXT() REPRESENTATION_CONTEXT('2D SPACE',''
  ) );
#157 = ORIENTED_EDGE('',*,*,#158,.T.);
#158 = EDGE_CURVE('',#133,#159,#161,.T.);
#159 = VERTEX_POINT('',#160);
#160 = CARTESIAN_POINT('',(170.,130.,0.));
#161 = SURFACE_CURVE('',#162,(#166,#173),.PCURVE_S1.);
#162 = LINE('',#163,#164);
#163 = CARTESIAN_POINT('',(170.,-135.,0.));
#164 = VECTOR('',#165,1.);
#165 = DIRECTION('',(0.,1.,0.));
#166 = PCURVE('',#82,#167);
#167 = DEFINITIONAL_REPRESENTATION('',(#168),#172);
#168 = LINE('',#169,#170);
#169 = CARTESIAN_POINT('',(340.,0.));
#170 = VECTOR('',#171,1.);
#171 = DIRECTION('',(0.,1.));
#172 = ( GEOMETRIC_REPRESENTATION_CONTEXT(2) 
PARAMETRIC_REPRESENTATION_CONTEXT() REPRESENTATION_CONTEXT('2D SPACE',''
  ) );
#173 = PCURVE('',#174,#179);
#174 = PLANE('',#175);
#175 = AXIS2_PLACEMENT_3D('',#176,#177,#178);
#176 = CARTESIAN_POINT('',(170.,-135.,0.));
#177 = DIRECTION('',(1.,0.,0.));
#178 = DIRECTION('',(0.,0.,1.));
#179 = DEFINITIONAL_REPRESENTATION('',(#180),#184);
#180 = LINE('',#181,#182);
#181 = CARTESIAN_POINT('',(0.,0.));
#182 = VECTOR('',#183,1.);
#183 = DIRECTION('',(0.,-1.));
#184 = ( GEOMETRIC_REPRESENTATION_CONTEXT(2) 
PARAMETRIC_REPRESENTATION_CONTEXT() REPRESENTATION_CONTEXT('2D SPACE',''
  ) );
#185 = ORIENTED_EDGE('',*,*,#186,.T.);
#186 = EDGE_CURVE('',#159,#74,#187,.T.);
#187 = SURFACE_CURVE('',#188,(#193,#200),.PCURVE_S1.);
#188 = CIRCLE('',#189,5.);
#189 = AXIS2_PLACEMENT_3D('',#190,#191,#192);
#190 = CARTESIAN_POINT('',(165.,130.,0.));
#191 = DIRECTION('',(0.,0.,1.));
#192 = DIRECTION('',(0.,-1.,0.));
#193 = PCURVE('',#82,#194);
#194 = DEFINITIONAL_REPRESENTATION('',(#195),#199);
#195 = CIRCLE('',#196,5.);
#196 = AXIS2_PLACEMENT_2D('',#197,#198);
#197 = CARTESIAN_POINT('',(335.,265.));
#198 = DIRECTION('',(0.,-1.));
#199 = ( GEOMETRIC_REPRESENTATION_CONTEXT(2) 
PARAMETRIC_REPRESENTATION_CONTEXT() REPRESENTATION_CONTEXT('2D SPACE',''
  ) );
#200 = PCURVE('',#201,#206);
#201 = CYLINDRICAL_SURFACE('',#202,5.);
#202 = AXIS2_PLACEMENT_3D('',#203,#204,#205);
#203 = CARTESIAN_POINT('',(165.,130.,0.));
#204 = DIRECTION('',(0.,0.,1.));
#205 = DIRECTION('',(1.,0.,-0.));
#206 = DEFINITIONAL_REPRESENTATION('',(#207),#211);
#207 = LINE('',#208,#209);
#208 = CARTESIAN_POINT('',(-1.570796326795,0.));
#209 = VECTOR('',#210,1.);
#210 = DIRECTION('',(1.,0.));
#211 = ( GEOMETRIC_REPRESENTATION_CONTEXT(2) 
PARAMETRIC_REPRESENTATION_CONTEXT() REPRESENTATION_CONTEXT('2D SPACE',''
  ) );
#212 = FACE_BOUND('',#213,.F.);
#213 = EDGE_LOOP('',(#214));
#214 = ORIENTED_EDGE('',*,*,#215,.T.);
#215 = EDGE_CURVE('',#216,#216,#218,.T.);
#216 = VERTEX_POINT('',#217);
#217 = CARTESIAN_POINT('',(68.25,24.,0.));
#218 = SURFACE_CURVE('',#219,(#224,#235),.PCURVE_S1.);
#219 = CIRCLE('',#220,2.25);
#220 = AXIS2_PLACEMENT_3D('',#221,#222,#223);
#221 = CARTESIAN_POINT('',(66.,24.,0.));
#222 = DIRECTION('',(0.,0.,-1.));
#223 = DIRECTION('',(1.,0.,0.));
#224 = PCURVE('',#82,#225);
#225 = DEFINITIONAL_REPRESENTATION('',(#226),#234);
#226 = ( BOUNDED_CURVE() B_SPLINE_CURVE(2,(#227,#228,#229,#230,#231,#232
,#233),.UNSPECIFIED.,.T.,.F.) B_SPLINE_CURVE_WITH_KNOTS((1,2,2,2,2,1),(
    -2.094395102393,0.,2.094395102393,4.188790204786,6.28318530718,
8.377580409573),.UNSPECIFIED.) CURVE() GEOMETRIC_REPRESENTATION_ITEM() 
RATIONAL_B_SPLINE_CURVE((1.,0.5,1.,0.5,1.,0.5,1.)) REPRESENTATION_ITEM(
  '') );
#227 = CARTESIAN_POINT('',(238.25,159.));
#228 = CARTESIAN_POINT('',(238.25,155.10288568297));
#229 = CARTESIAN_POINT('',(234.875,157.05144284148));
#230 = CARTESIAN_POINT('',(231.5,159.));
#231 = CARTESIAN_POINT('',(234.875,160.94855715851));
#232 = CARTESIAN_POINT('',(238.25,162.89711431703));
#233 = CARTESIAN_POINT('',(238.25,159.));
#234 = ( GEOMETRIC_REPRESENTATION_CONTEXT(2) 
PARAMETRIC_REPRESENTATION_CONTEXT() REPRESENTATION_CONTEXT('2D SPACE',''
  ) );
#235 = PCURVE('',#236,#241);
#236 = CYLINDRICAL_SURFACE('',#237,2.25);
#237 = AXIS2_PLACEMENT_3D('',#238,#239,#240);
#238 = CARTESIAN_POINT('',(66.,24.,-10.));
#239 = DIRECTION('',(-0.,-0.,-1.));
#240 = DIRECTION('',(1.,0.,0.));
#241 = DEFINITIONAL_REPRESENTATION('',(#242),#246);
#242 = LINE('',#243,#244);
#243 = CARTESIAN_POINT('',(-6.28318530718,-10.));
#244 = VECTOR('',#245,1.);
#245 = DIRECTION('',(1.,-0.));
#246 = ( GEOMETRIC_REPRESENTATION_CONTEXT(2) 
PARAMETRIC_REPRESENTATION_CONTEXT() REPRESENTATION_CONTEXT('2D SPACE',''
  ) );
#247 = FACE_BOUND('',#248,.F.);
#248 = EDGE_LOOP('',(#249,#277,#310,#336));
#249 = ORIENTED_EDGE('',*,*,#250,.F.);
#250 = EDGE_CURVE('',#251,#253,#255,.T.);
#251 = VERTEX_POINT('',#252);
#252 = CARTESIAN_POINT('',(17.,50.,0.));
#253 = VERTEX_POINT('',#254);
#254 = CARTESIAN_POINT('',(3.,50.,0.));
#255 = SURFACE_CURVE('',#256,(#260,#266),.PCURVE_S1.);
#256 = LINE('',#257,#258);
#257 = CARTESIAN_POINT('',(-83.5,50.,0.));
#258 = VECTOR('',#259,1.);
#259 = DIRECTION('',(-1.,0.,0.));
#260 = PCURVE('',#82,#261);
#261 = DEFINITIONAL_REPRESENTATION('',(#262),#265);
#262 = B_SPLINE_CURVE_WITH_KNOTS('',1,(#263,#264),.UNSPECIFIED.,.F.,.F.,
  (2,2),(-100.5,-86.5),.PIECEWISE_BEZIER_KNOTS.);
#263 = CARTESIAN_POINT('',(187.,185.));
#264 = CARTESIAN_POINT('',(173.,185.));
#265 = ( GEOMETRIC_REPRESENTATION_CONTEXT(2) 
PARAMETRIC_REPRESENTATION_CONTEXT() REPRESENTATION_CONTEXT('2D SPACE',''
  ) );
#266 = PCURVE('',#267,#272);
#267 = PLANE('',#268);
#268 = AXIS2_PLACEMENT_3D('',#269,#270,#271);
#269 = CARTESIAN_POINT('',(3.,50.,-10.));
#270 = DIRECTION('',(0.,1.,0.));
#271 = DIRECTION('',(1.,0.,0.));
#272 = DEFINITIONAL_REPRESENTATION('',(#273),#276);
#273 = B_SPLINE_CURVE_WITH_KNOTS('',1,(#274,#275),.UNSPECIFIED.,.F.,.F.,
  (2,2),(-100.5,-86.5),.PIECEWISE_BEZIER_KNOTS.);
#274 = CARTESIAN_POINT('',(14.,-10.));
#275 = CARTESIAN_POINT('',(0.,-10.));
#276 = ( GEOMETRIC_REPRESENTATION_CONTEXT(2) 
PARAMETRIC_REPRESENTATION_CONTEXT() REPRESENTATION_CONTEXT('2D SPACE',''
  ) );
#277 = ORIENTED_EDGE('',*,*,#278,.T.);
#278 = EDGE_CURVE('',#251,#279,#281,.T.);
#279 = VERTEX_POINT('',#280);
#280 = CARTESIAN_POINT('',(17.,46.,0.));
#281 = SURFACE_CURVE('',#282,(#287,#298),.PCURVE_S1.);
#282 = CIRCLE('',#283,2.);
#283 = AXIS2_PLACEMENT_3D('',#284,#285,#286);
#284 = CARTESIAN_POINT('',(17.,48.,0.));
#285 = DIRECTION('',(0.,0.,-1.));
#286 = DIRECTION('',(0.,1.,0.));
#287 = PCURVE('',#82,#288);
#288 = DEFINITIONAL_REPRESENTATION('',(#289),#297);
#289 = ( BOUNDED_CURVE() B_SPLINE_CURVE(2,(#290,#291,#292,#293,#294,#295
,#296),.UNSPECIFIED.,.T.,.F.) B_SPLINE_CURVE_WITH_KNOTS((1,2,2,2,2,1),(
    -2.094395102393,0.,2.094395102393,4.188790204786,6.28318530718,
8.377580409573),.UNSPECIFIED.) CURVE() GEOMETRIC_REPRESENTATION_ITEM() 
RATIONAL_B_SPLINE_CURVE((1.,0.5,1.,0.5,1.,0.5,1.)) REPRESENTATION_ITEM(
  '') );
#290 = CARTESIAN_POINT('',(187.,185.));
#291 = CARTESIAN_POINT('',(190.46410161513,185.));
#292 = CARTESIAN_POINT('',(188.73205080756,182.));
#293 = CARTESIAN_POINT('',(187.,179.));
#294 = CARTESIAN_POINT('',(185.26794919243,182.));
#295 = CARTESIAN_POINT('',(183.53589838486,185.));
#296 = CARTESIAN_POINT('',(187.,185.));
#297 = ( GEOMETRIC_REPRESENTATION_CONTEXT(2) 
PARAMETRIC_REPRESENTATION_CONTEXT() REPRESENTATION_CONTEXT('2D SPACE',''
  ) );
#298 = PCURVE('',#299,#304);
#299 = CYLINDRICAL_SURFACE('',#300,2.);
#300 = AXIS2_PLACEMENT_3D('',#301,#302,#303);
#301 = CARTESIAN_POINT('',(17.,48.,-10.));
#302 = DIRECTION('',(0.,0.,-1.));
#303 = DIRECTION('',(0.,1.,0.));
#304 = DEFINITIONAL_REPRESENTATION('',(#305),#309);
#305 = LINE('',#306,#307);
#306 = CARTESIAN_POINT('',(0.,-10.));
#307 = VECTOR('',#308,1.);
#308 = DIRECTION('',(1.,0.));
#309 = ( GEOMETRIC_REPRESENTATION_CONTEXT(2) 
PARAMETRIC_REPRESENTATION_CONTEXT() REPRESENTATION_CONTEXT('2D SPACE',''
  ) );
#310 = ORIENTED_EDGE('',*,*,#311,.F.);
#311 = EDGE_CURVE('',#312,#279,#314,.T.);
#312 = VERTEX_POINT('',#313);
#313 = CARTESIAN_POINT('',(3.,46.,0.));
#314 = SURFACE_CURVE('',#315,(#319,#325),.PCURVE_S1.);
#315 = LINE('',#316,#317);
#316 = CARTESIAN_POINT('',(-76.5,46.,0.));
#317 = VECTOR('',#318,1.);
#318 = DIRECTION('',(1.,0.,-0.));
#319 = PCURVE('',#82,#320);
#320 = DEFINITIONAL_REPRESENTATION('',(#321),#324);
#321 = B_SPLINE_CURVE_WITH_KNOTS('',1,(#322,#323),.UNSPECIFIED.,.F.,.F.,
  (2,2),(79.5,93.5),.PIECEWISE_BEZIER_KNOTS.);
#322 = CARTESIAN_POINT('',(173.,181.));
#323 = CARTESIAN_POINT('',(187.,181.));
#324 = ( GEOMETRIC_REPRESENTATION_CONTEXT(2) 
PARAMETRIC_REPRESENTATION_CONTEXT() REPRESENTATION_CONTEXT('2D SPACE',''
  ) );
#325 = PCURVE('',#326,#331);
#326 = PLANE('',#327);
#327 = AXIS2_PLACEMENT_3D('',#328,#329,#330);
#328 = CARTESIAN_POINT('',(17.,46.,-10.));
#329 = DIRECTION('',(0.,-1.,0.));
#330 = DIRECTION('',(-1.,0.,0.));
#331 = DEFINITIONAL_REPRESENTATION('',(#332),#335);
#332 = B_SPLINE_CURVE_WITH_KNOTS('',1,(#333,#334),.UNSPECIFIED.,.F.,.F.,
  (2,2),(79.5,93.5),.PIECEWISE_BEZIER_KNOTS.);
#333 = CARTESIAN_POINT('',(14.,-10.));
#334 = CARTESIAN_POINT('',(0.,-10.));
#335 = ( GEOMETRIC_REPRESENTATION_CONTEXT(2) 
PARAMETRIC_REPRESENTATION_CONTEXT() REPRESENTATION_CONTEXT('2D SPACE',''
  ) );
#336 = ORIENTED_EDGE('',*,*,#337,.T.);
#337 = EDGE_CURVE('',#312,#253,#338,.T.);
#338 = SURFACE_CURVE('',#339,(#344,#355),.PCURVE_S1.);
#339 = CIRCLE('',#340,2.);
#340 = AXIS2_PLACEMENT_3D('',#341,#342,#343);
#341 = CARTESIAN_POINT('',(3.,48.,0.));
#342 = DIRECTION('',(0.,-0.,-1.));
#343 = DIRECTION('',(0.,-1.,0.));
#344 = PCURVE('',#82,#345);
#345 = DEFINITIONAL_REPRESENTATION('',(#346),#354);
#346 = ( BOUNDED_CURVE() B_SPLINE_CURVE(2,(#347,#348,#349,#350,#351,#352
,#353),.UNSPECIFIED.,.T.,.F.) B_SPLINE_CURVE_WITH_KNOTS((1,2,2,2,2,1),(
    -2.094395102393,0.,2.094395102393,4.188790204786,6.28318530718,
8.377580409573),.UNSPECIFIED.) CURVE() GEOMETRIC_REPRESENTATION_ITEM() 
RATIONAL_B_SPLINE_CURVE((1.,0.5,1.,0.5,1.,0.5,1.)) REPRESENTATION_ITEM(
  '') );
#347 = CARTESIAN_POINT('',(173.,181.));
#348 = CARTESIAN_POINT('',(169.53589838486,181.));
#349 = CARTESIAN_POINT('',(171.26794919243,184.));
#350 = CARTESIAN_POINT('',(173.,187.));
#351 = CARTESIAN_POINT('',(174.73205080756,184.));
#352 = CARTESIAN_POINT('',(176.46410161513,181.));
#353 = CARTESIAN_POINT('',(173.,181.));
#354 = ( GEOMETRIC_REPRESENTATION_CONTEXT(2) 
PARAMETRIC_REPRESENTATION_CONTEXT() REPRESENTATION_CONTEXT('2D SPACE',''
  ) );
#355 = PCURVE('',#356,#361);
#356 = CYLINDRICAL_SURFACE('',#357,2.);
#357 = AXIS2_PLACEMENT_3D('',#358,#359,#360);
#358 = CARTESIAN_POINT('',(3.,48.,-10.));
#359 = DIRECTION('',(0.,-0.,-1.));
#360 = DIRECTION('',(0.,-1.,0.));
#361 = DEFINITIONAL_REPRESENTATION('',(#362),#366);
#362 = LINE('',#363,#364);
#363 = CARTESIAN_POINT('',(0.,-10.));
#364 = VECTOR('',#365,1.);
#365 = DIRECTION('',(1.,0.));
#366 = ( GEOMETRIC_REPRESENTATION_CONTEXT(2) 
PARAMETRIC_REPRESENTATION_CONTEXT() REPRESENTATION_CONTEXT('2D SPACE',''
  ) );
#367 = FACE_BOUND('',#368,.F.);
#368 = EDGE_LOOP('',(#369));
#369 = ORIENTED_EDGE('',*,*,#370,.T.);
#370 = EDGE_CURVE('',#371,#371,#373,.T.);
#371 = VERTEX_POINT('',#372);
#372 = CARTESIAN_POINT('',(61.7,45.,0.));
#373 = SURFACE_CURVE('',#374,(#379,#390),.PCURVE_S1.);
#374 = CIRCLE('',#375,1.7);
#375 = AXIS2_PLACEMENT_3D('',#376,#377,#378);
#376 = CARTESIAN_POINT('',(60.,45.,0.));
#377 = DIRECTION('',(0.,0.,-1.));
#378 = DIRECTION('',(1.,0.,0.));
#379 = PCURVE('',#82,#380);
#380 = DEFINITIONAL_REPRESENTATION('',(#381),#389);
#381 = ( BOUNDED_CURVE() B_SPLINE_CURVE(2,(#382,#383,#384,#385,#386,#387
,#388),.UNSPECIFIED.,.T.,.F.) B_SPLINE_CURVE_WITH_KNOTS((1,2,2,2,2,1),(
    -2.094395102393,0.,2.094395102393,4.188790204786,6.28318530718,
8.377580409573),.UNSPECIFIED.) CURVE() GEOMETRIC_REPRESENTATION_ITEM() 
RATIONAL_B_SPLINE_CURVE((1.,0.5,1.,0.5,1.,0.5,1.)) REPRESENTATION_ITEM(
  '') );
#382 = CARTESIAN_POINT('',(231.7,180.));
#383 = CARTESIAN_POINT('',(231.7,177.05551362713));
#384 = CARTESIAN_POINT('',(229.15,178.52775681356));
#385 = CARTESIAN_POINT('',(226.6,180.));
#386 = CARTESIAN_POINT('',(229.15,181.47224318643));
#387 = CARTESIAN_POINT('',(231.7,182.94448637286));
#388 = CARTESIAN_POINT('',(231.7,180.));
#389 = ( GEOMETRIC_REPRESENTATION_CONTEXT(2) 
PARAMETRIC_REPRESENTATION_CONTEXT() REPRESENTATION_CONTEXT('2D SPACE',''
  ) );
#390 = PCURVE('',#391,#396);
#391 = CYLINDRICAL_SURFACE('',#392,1.7);
#392 = AXIS2_PLACEMENT_3D('',#393,#394,#395);
#393 = CARTESIAN_POINT('',(60.,45.,-10.));
#394 = DIRECTION('',(-0.,-0.,-1.));
#395 = DIRECTION('',(1.,0.,0.));
#396 = DEFINITIONAL_REPRESENTATION('',(#397),#401);
#397 = LINE('',#398,#399);
#398 = CARTESIAN_POINT('',(-6.28318530718,-10.));
#399 = VECTOR('',#400,1.);
#400 = DIRECTION('',(1.,-0.));
#401 = ( GEOMETRIC_REPRESENTATION_CONTEXT(2) 
PARAMETRIC_REPRESENTATION_CONTEXT() REPRESENTATION_CONTEXT('2D SPACE',''
  ) );
#402 = FACE_BOUND('',#403,.F.);
#403 = EDGE_LOOP('',(#404));
#404 = ORIENTED_EDGE('',*,*,#405,.T.);
#405 = EDGE_CURVE('',#406,#406,#408,.T.);
#406 = VERTEX_POINT('',#407);
#407 = CARTESIAN_POINT('',(86.25,24.,0.));
#408 = SURFACE_CURVE('',#409,(#414,#425),.PCURVE_S1.);
#409 = CIRCLE('',#410,2.25);
#410 = AXIS2_PLACEMENT_3D('',#411,#412,#413);
#411 = CARTESIAN_POINT('',(84.,24.,0.));
#412 = DIRECTION('',(0.,0.,-1.));
#413 = DIRECTION('',(1.,0.,0.));
#414 = PCURVE('',#82,#415);
#415 = DEFINITIONAL_REPRESENTATION('',(#416),#424);
#416 = ( BOUNDED_CURVE() B_SPLINE_CURVE(2,(#417,#418,#419,#420,#421,#422
,#423),.UNSPECIFIED.,.T.,.F.) B_SPLINE_CURVE_WITH_KNOTS((1,2,2,2,2,1),(
    -2.094395102393,0.,2.094395102393,4.188790204786,6.28318530718,
8.377580409573),.UNSPECIFIED.) CURVE() GEOMETRIC_REPRESENTATION_ITEM() 
RATIONAL_B_SPLINE_CURVE((1.,0.5,1.,0.5,1.,0.5,1.)) REPRESENTATION_ITEM(
  '') );
#417 = CARTESIAN_POINT('',(256.25,159.));
#418 = CARTESIAN_POINT('',(256.25,155.10288568297));
#419 = CARTESIAN_POINT('',(252.875,157.05144284148));
#420 = CARTESIAN_POINT('',(249.5,159.));
#421 = CARTESIAN_POINT('',(252.875,160.94855715851));
#422 = CARTESIAN_POINT('',(256.25,162.89711431703));
#423 = CARTESIAN_POINT('',(256.25,159.));
#424 = ( GEOMETRIC_REPRESENTATION_CONTEXT(2) 
PARAMETRIC_REPRESENTATION_CONTEXT() REPRESENTATION_CONTEXT('2D SPACE',''
  ) );
#425 = PCURVE('',#426,#431);
#426 = CYLINDRICAL_SURFACE('',#427,2.25);
#427 = AXIS2_PLACEMENT_3D('',#428,#429,#430);
#428 = CARTESIAN_POINT('',(84.,24.,-10.));
#429 = DIRECTION('',(-0.,-0.,-1.));
#430 = DIRECTION('',(1.,0.,0.));
#431 = DEFINITIONAL_REPRESENTATION('',(#432),#436);
#432 = LINE('',#433,#434);
#433 = CARTESIAN_POINT('',(-6.28318530718,-10.));
#434 = VECTOR('',#435,1.);
#435 = DIRECTION('',(1.,-0.));
#436 = ( GEOMETRIC_REPRESENTATION_CONTEXT(2) 
PARAMETRIC_REPRESENTATION_CONTEXT() REPRESENTATION_CONTEXT('2D SPACE',''
  ) );
#437 = FACE_BOUND('',#438,.F.);
#438 = EDGE_LOOP('',(#439));
#439 = ORIENTED_EDGE('',*,*,#440,.T.);
#440 = EDGE_CURVE('',#441,#441,#443,.T.);
#441 = VERTEX_POINT('',#442);
#442 = CARTESIAN_POINT('',(101.7,45.,0.));
#443 = SURFACE_CURVE('',#444,(#449,#460),.PCURVE_S1.);
#444 = CIRCLE('',#445,1.7);
#445 = AXIS2_PLACEMENT_3D('',#446,#447,#448);
#446 = CARTESIAN_POINT('',(100.,45.,0.));
#447 = DIRECTION('',(0.,0.,-1.));
#448 = DIRECTION('',(1.,0.,0.));
#449 = PCURVE('',#82,#450);
#450 = DEFINITIONAL_REPRESENTATION('',(#451),#459);
#451 = ( BOUNDED_CURVE() B_SPLINE_CURVE(2,(#452,#453,#454,#455,#456,#457
,#458),.UNSPECIFIED.,.T.,.F.) B_SPLINE_CURVE_WITH_KNOTS((1,2,2,2,2,1),(
    -2.094395102393,0.,2.094395102393,4.188790204786,6.28318530718,
8.377580409573),.UNSPECIFIED.) CURVE() GEOMETRIC_REPRESENTATION_ITEM() 
RATIONAL_B_SPLINE_CURVE((1.,0.5,1.,0.5,1.,0.5,1.)) REPRESENTATION_ITEM(
  '') );
#452 = CARTESIAN_POINT('',(271.7,180.));
#453 = CARTESIAN_POINT('',(271.7,177.05551362713));
#454 = CARTESIAN_POINT('',(269.15,178.52775681356));
#455 = CARTESIAN_POINT('',(266.6,180.));
#456 = CARTESIAN_POINT('',(269.15,181.47224318643));
#457 = CARTESIAN_POINT('',(271.7,182.94448637286));
#458 = CARTESIAN_POINT('',(271.7,180.));
#459 = ( GEOMETRIC_REPRESENTATION_CONTEXT(2) 
PARAMETRIC_REPRESENTATION_CONTEXT() REPRESENTATION_CONTEXT('2D SPACE',''
  ) );
#460 = PCURVE('',#461,#466);
#461 = CYLINDRICAL_SURFACE('',#462,1.7);
#462 = AXIS2_PLACEMENT_3D('',#463,#464,#465);
#463 = CARTESIAN_POINT('',(100.,45.,-10.));
#464 = DIRECTION('',(-0.,-0.,-1.));
#465 = DIRECTION('',(1.,0.,0.));
#466 = DEFINITIONAL_REPRESENTATION('',(#467),#471);
#467 = LINE('',#468,#469);
#468 = CARTESIAN_POINT('',(-6.28318530718,-10.));
#469 = VECTOR('',#470,1.);
#470 = DIRECTION('',(1.,-0.));
#471 = ( GEOMETRIC_REPRESENTATION_CONTEXT(2) 
PARAMETRIC_REPRESENTATION_CONTEXT() REPRESENTATION_CONTEXT('2D SPACE',''
  ) );
#472 = FACE_BOUND('',#473,.F.);
#473 = EDGE_LOOP('',(#474));
#474 = ORIENTED_EDGE('',*,*,#475,.T.);
#475 = EDGE_CURVE('',#476,#476,#478,.T.);
#476 = VERTEX_POINT('',#477);
#477 = CARTESIAN_POINT('',(141.7,45.,0.));
#478 = SURFACE_CURVE('',#479,(#484,#495),.PCURVE_S1.);
#479 = CIRCLE('',#480,1.7);
#480 = AXIS2_PLACEMENT_3D('',#481,#482,#483);
#481 = CARTESIAN_POINT('',(140.,45.,0.));
#482 = DIRECTION('',(0.,0.,-1.));
#483 = DIRECTION('',(1.,0.,0.));
#484 = PCURVE('',#82,#485);
#485 = DEFINITIONAL_REPRESENTATION('',(#486),#494);
#486 = ( BOUNDED_CURVE() B_SPLINE_CURVE(2,(#487,#488,#489,#490,#491,#492
,#493),.UNSPECIFIED.,.T.,.F.) B_SPLINE_CURVE_WITH_KNOTS((1,2,2,2,2,1),(
    -2.094395102393,0.,2.094395102393,4.188790204786,6.28318530718,
8.377580409573),.UNSPECIFIED.) CURVE() GEOMETRIC_REPRESENTATION_ITEM() 
RATIONAL_B_SPLINE_CURVE((1.,0.5,1.,0.5,1.,0.5,1.)) REPRESENTATION_ITEM(
  '') );
#487 = CARTESIAN_POINT('',(311.7,180.));
#488 = CARTESIAN_POINT('',(311.7,177.05551362713));
#489 = CARTESIAN_POINT('',(309.15,178.52775681356));
#490 = CARTESIAN_POINT('',(306.6,180.));
#491 = CARTESIAN_POINT('',(309.15,181.47224318643));
#492 = CARTESIAN_POINT('',(311.7,182.94448637286));
#493 = CARTESIAN_POINT('',(311.7,180.));
#494 = ( GEOMETRIC_REPRESENTATION_CONTEXT(2) 
PARAMETRIC_REPRESENTATION_CONTEXT() REPRESENTATION_CONTEXT('2D SPACE',''
  ) );
#495 = PCURVE('',#496,#501);
#496 = CYLINDRICAL_SURFACE('',#497,1.7);
#497 = AXIS2_PLACEMENT_3D('',#498,#499,#500);
#498 = CARTESIAN_POINT('',(140.,45.,-10.));
#499 = DIRECTION('',(-0.,-0.,-1.));
#500 = DIRECTION('',(1.,0.,0.));
#501 = DEFINITIONAL_REPRESENTATION('',(#502),#506);
#502 = LINE('',#503,#504);
#503 = CARTESIAN_POINT('',(-6.28318530718,-10.));
#504 = VECTOR('',#505,1.);
#505 = DIRECTION('',(1.,-0.));
#506 = ( GEOMETRIC_REPRESENTATION_CONTEXT(2) 
PARAMETRIC_REPRESENTATION_CONTEXT() REPRESENTATION_CONTEXT('2D SPACE',''
  ) );
#507 = FACE_BOUND('',#508,.F.);
#508 = EDGE_LOOP('',(#509));
#509 = ORIENTED_EDGE('',*,*,#510,.T.);
#510 = EDGE_CURVE('',#511,#511,#513,.T.);
#511 = VERTEX_POINT('',#512);
#512 = CARTESIAN_POINT('',(26.25,61.,0.));
#513 = SURFACE_CURVE('',#514,(#519,#530),.PCURVE_S1.);
#514 = CIRCLE('',#515,2.25);
#515 = AXIS2_PLACEMENT_3D('',#516,#517,#518);
#516 = CARTESIAN_POINT('',(24.,61.,0.));
#517 = DIRECTION('',(0.,0.,-1.));
#518 = DIRECTION('',(1.,0.,0.));
#519 = PCURVE('',#82,#520);
#520 = DEFINITIONAL_REPRESENTATION('',(#521),#529);
#521 = ( BOUNDED_CURVE() B_SPLINE_CURVE(2,(#522,#523,#524,#525,#526,#527
,#528),.UNSPECIFIED.,.T.,.F.) B_SPLINE_CURVE_WITH_KNOTS((1,2,2,2,2,1),(
    -2.094395102393,0.,2.094395102393,4.188790204786,6.28318530718,
8.377580409573),.UNSPECIFIED.) CURVE() GEOMETRIC_REPRESENTATION_ITEM() 
RATIONAL_B_SPLINE_CURVE((1.,0.5,1.,0.5,1.,0.5,1.)) REPRESENTATION_ITEM(
  '') );
#522 = CARTESIAN_POINT('',(196.25,196.));
#523 = CARTESIAN_POINT('',(196.25,192.10288568297));
#524 = CARTESIAN_POINT('',(192.875,194.05144284148));
#525 = CARTESIAN_POINT('',(189.5,196.));
#526 = CARTESIAN_POINT('',(192.875,197.94855715851));
#527 = CARTESIAN_POINT('',(196.25,199.89711431703));
#528 = CARTESIAN_POINT('',(196.25,196.));
#529 = ( GEOMETRIC_REPRESENTATION_CONTEXT(2) 
PARAMETRIC_REPRESENTATION_CONTEXT() REPRESENTATION_CONTEXT('2D SPACE',''
  ) );
#530 = PCURVE('',#531,#536);
#531 = CYLINDRICAL_SURFACE('',#532,2.25);
#532 = AXIS2_PLACEMENT_3D('',#533,#534,#535);
#533 = CARTESIAN_POINT('',(24.,61.,-10.));
#534 = DIRECTION('',(-0.,-0.,-1.));
#535 = DIRECTION('',(1.,0.,0.));
#536 = DEFINITIONAL_REPRESENTATION('',(#537),#541);
#537 = LINE('',#538,#539);
#538 = CARTESIAN_POINT('',(-6.28318530718,-10.));
#539 = VECTOR('',#540,1.);
#540 = DIRECTION('',(1.,-0.));
#541 = ( GEOMETRIC_REPRESENTATION_CONTEXT(2) 
PARAMETRIC_REPRESENTATION_CONTEXT() REPRESENTATION_CONTEXT('2D SPACE',''
  ) );
#542 = FACE_BOUND('',#543,.F.);
#543 = EDGE_LOOP('',(#544));
#544 = ORIENTED_EDGE('',*,*,#545,.T.);
#545 = EDGE_CURVE('',#546,#546,#548,.T.);
#546 = VERTEX_POINT('',#547);
#547 = CARTESIAN_POINT('',(26.25,79.,0.));
#548 = SURFACE_CURVE('',#549,(#554,#565),.PCURVE_S1.);
#549 = CIRCLE('',#550,2.25);
#550 = AXIS2_PLACEMENT_3D('',#551,#552,#553);
#551 = CARTESIAN_POINT('',(24.,79.,0.));
#552 = DIRECTION('',(0.,0.,-1.));
#553 = DIRECTION('',(1.,0.,0.));
#554 = PCURVE('',#82,#555);
#555 = DEFINITIONAL_REPRESENTATION('',(#556),#564);
#556 = ( BOUNDED_CURVE() B_SPLINE_CURVE(2,(#557,#558,#559,#560,#561,#562
,#563),.UNSPECIFIED.,.T.,.F.) B_SPLINE_CURVE_WITH_KNOTS((1,2,2,2,2,1),(
    -2.094395102393,0.,2.094395102393,4.188790204786,6.28318530718,
8.377580409573),.UNSPECIFIED.) CURVE() GEOMETRIC_REPRESENTATION_ITEM() 
RATIONAL_B_SPLINE_CURVE((1.,0.5,1.,0.5,1.,0.5,1.)) REPRESENTATION_ITEM(
  '') );
#557 = CARTESIAN_POINT('',(196.25,214.));
#558 = CARTESIAN_POINT('',(196.25,210.10288568297));
#559 = CARTESIAN_POINT('',(192.875,212.05144284148));
#560 = CARTESIAN_POINT('',(189.5,214.));
#561 = CARTESIAN_POINT('',(192.875,215.94855715851));
#562 = CARTESIAN_POINT('',(196.25,217.89711431703));
#563 = CARTESIAN_POINT('',(196.25,214.));
#564 = ( GEOMETRIC_REPRESENTATION_CONTEXT(2) 
PARAMETRIC_REPRESENTATION_CONTEXT() REPRESENTATION_CONTEXT('2D SPACE',''
  ) );
#565 = PCURVE('',#566,#571);
#566 = CYLINDRICAL_SURFACE('',#567,2.25);
#567 = AXIS2_PLACEMENT_3D('',#568,#569,#570);
#568 = CARTESIAN_POINT('',(24.,79.,-10.));
#569 = DIRECTION('',(-0.,-0.,-1.));
#570 = DIRECTION('',(1.,0.,0.));
#571 = DEFINITIONAL_REPRESENTATION('',(#572),#576);
#572 = LINE('',#573,#574);
#573 = CARTESIAN_POINT('',(-6.28318530718,-10.));
#574 = VECTOR('',#575,1.);
#575 = DIRECTION('',(1.,-0.));
#576 = ( GEOMETRIC_REPRESENTATION_CONTEXT(2) 
PARAMETRIC_REPRESENTATION_CONTEXT() REPRESENTATION_CONTEXT('2D SPACE',''
  ) );
#577 = FACE_BOUND('',#578,.F.);
#578 = EDGE_LOOP('',(#579));
#579 = ORIENTED_EDGE('',*,*,#580,.T.);
#580 = EDGE_CURVE('',#581,#581,#583,.T.);
#581 = VERTEX_POINT('',#582);
#582 = CARTESIAN_POINT('',(57.25,72.,0.));
#583 = SURFACE_CURVE('',#584,(#589,#600),.PCURVE_S1.);
#584 = CIRCLE('',#585,2.25);
#585 = AXIS2_PLACEMENT_3D('',#586,#587,#588);
#586 = CARTESIAN_POINT('',(55.,72.,0.));
#587 = DIRECTION('',(0.,0.,-1.));
#588 = DIRECTION('',(1.,0.,0.));
#589 = PCURVE('',#82,#590);
#590 = DEFINITIONAL_REPRESENTATION('',(#591),#599);
#591 = ( BOUNDED_CURVE() B_SPLINE_CURVE(2,(#592,#593,#594,#595,#596,#597
,#598),.UNSPECIFIED.,.T.,.F.) B_SPLINE_CURVE_WITH_KNOTS((1,2,2,2,2,1),(
    -2.094395102393,0.,2.094395102393,4.188790204786,6.28318530718,
8.377580409573),.UNSPECIFIED.) CURVE() GEOMETRIC_REPRESENTATION_ITEM() 
RATIONAL_B_SPLINE_CURVE((1.,0.5,1.,0.5,1.,0.5,1.)) REPRESENTATION_ITEM(
  '') );
#592 = CARTESIAN_POINT('',(227.25,207.));
#593 = CARTESIAN_POINT('',(227.25,203.10288568297));
#594 = CARTESIAN_POINT('',(223.875,205.05144284148));
#595 = CARTESIAN_POINT('',(220.5,207.));
#596 = CARTESIAN_POINT('',(223.875,208.94855715851));
#597 = CARTESIAN_POINT('',(227.25,210.89711431703));
#598 = CARTESIAN_POINT('',(227.25,207.));
#599 = ( GEOMETRIC_REPRESENTATION_CONTEXT(2) 
PARAMETRIC_REPRESENTATION_CONTEXT() REPRESENTATION_CONTEXT('2D SPACE',''
  ) );
#600 = PCURVE('',#601,#606);
#601 = CYLINDRICAL_SURFACE('',#602,2.25);
#602 = AXIS2_PLACEMENT_3D('',#603,#604,#605);
#603 = CARTESIAN_POINT('',(55.,72.,-10.));
#604 = DIRECTION('',(-0.,-0.,-1.));
#605 = DIRECTION('',(1.,0.,0.));
#606 = DEFINITIONAL_REPRESENTATION('',(#607),#611);
#607 = LINE('',#608,#609);
#608 = CARTESIAN_POINT('',(-6.28318530718,-10.));
#609 = VECTOR('',#610,1.);
#610 = DIRECTION('',(1.,-0.));
#611 = ( GEOMETRIC_REPRESENTATION_CONTEXT(2) 
PARAMETRIC_REPRESENTATION_CONTEXT() REPRESENTATION_CONTEXT('2D SPACE',''
  ) );
#612 = FACE_BOUND('',#613,.F.);
#613 = EDGE_LOOP('',(#614,#642,#675,#701));
#614 = ORIENTED_EDGE('',*,*,#615,.F.);
#615 = EDGE_CURVE('',#616,#618,#620,.T.);
#616 = VERTEX_POINT('',#617);
#617 = CARTESIAN_POINT('',(31.75,114.25,0.));
#618 = VERTEX_POINT('',#619);
#619 = CARTESIAN_POINT('',(8.25,114.25,0.));
#620 = SURFACE_CURVE('',#621,(#625,#631),.PCURVE_S1.);
#621 = LINE('',#622,#623);
#622 = CARTESIAN_POINT('',(-80.875,114.25,0.));
#623 = VECTOR('',#624,1.);
#624 = DIRECTION('',(-1.,0.,0.));
#625 = PCURVE('',#82,#626);
#626 = DEFINITIONAL_REPRESENTATION('',(#627),#630);
#627 = B_SPLINE_CURVE_WITH_KNOTS('',1,(#628,#629),.UNSPECIFIED.,.F.,.F.,
  (2,2),(-112.625,-89.125),.PIECEWISE_BEZIER_KNOTS.);
#628 = CARTESIAN_POINT('',(201.75,249.25));
#629 = CARTESIAN_POINT('',(178.25,249.25));
#630 = ( GEOMETRIC_REPRESENTATION_CONTEXT(2) 
PARAMETRIC_REPRESENTATION_CONTEXT() REPRESENTATION_CONTEXT('2D SPACE',''
  ) );
#631 = PCURVE('',#632,#637);
#632 = PLANE('',#633);
#633 = AXIS2_PLACEMENT_3D('',#634,#635,#636);
#634 = CARTESIAN_POINT('',(8.25,114.25,-10.));
#635 = DIRECTION('',(0.,1.,0.));
#636 = DIRECTION('',(1.,0.,0.));
#637 = DEFINITIONAL_REPRESENTATION('',(#638),#641);
#638 = B_SPLINE_CURVE_WITH_KNOTS('',1,(#639,#640),.UNSPECIFIED.,.F.,.F.,
  (2,2),(-112.625,-89.125),.PIECEWISE_BEZIER_KNOTS.);
#639 = CARTESIAN_POINT('',(23.5,-10.));
#640 = CARTESIAN_POINT('',(0.,-10.));
#641 = ( GEOMETRIC_REPRESENTATION_CONTEXT(2) 
PARAMETRIC_REPRESENTATION_CONTEXT() REPRESENTATION_CONTEXT('2D SPACE',''
  ) );
#642 = ORIENTED_EDGE('',*,*,#643,.T.);
#643 = EDGE_CURVE('',#616,#644,#646,.T.);
#644 = VERTEX_POINT('',#645);
#645 = CARTESIAN_POINT('',(31.75,109.75,0.));
#646 = SURFACE_CURVE('',#647,(#652,#663),.PCURVE_S1.);
#647 = CIRCLE('',#648,2.25);
#648 = AXIS2_PLACEMENT_3D('',#649,#650,#651);
#649 = CARTESIAN_POINT('',(31.75,112.,0.));
#650 = DIRECTION('',(0.,0.,-1.));
#651 = DIRECTION('',(0.,1.,0.));
#652 = PCURVE('',#82,#653);
#653 = DEFINITIONAL_REPRESENTATION('',(#654),#662);
#654 = ( BOUNDED_CURVE() B_SPLINE_CURVE(2,(#655,#656,#657,#658,#659,#660
,#661),.UNSPECIFIED.,.T.,.F.) B_SPLINE_CURVE_WITH_KNOTS((1,2,2,2,2,1),(
    -2.094395102393,0.,2.094395102393,4.188790204786,6.28318530718,
8.377580409573),.UNSPECIFIED.) CURVE() GEOMETRIC_REPRESENTATION_ITEM() 
RATIONAL_B_SPLINE_CURVE((1.,0.5,1.,0.5,1.,0.5,1.)) REPRESENTATION_ITEM(
  '') );
#655 = CARTESIAN_POINT('',(201.75,249.25));
#656 = CARTESIAN_POINT('',(205.64711431703,249.25));
#657 = CARTESIAN_POINT('',(203.69855715851,245.875));
#658 = CARTESIAN_POINT('',(201.75,242.5));
#659 = CARTESIAN_POINT('',(199.80144284148,245.875));
#660 = CARTESIAN_POINT('',(197.85288568297,249.25));
#661 = CARTESIAN_POINT('',(201.75,249.25));
#662 = ( GEOMETRIC_REPRESENTATION_CONTEXT(2) 
PARAMETRIC_REPRESENTATION_CONTEXT() REPRESENTATION_CONTEXT('2D SPACE',''
  ) );
#663 = PCURVE('',#664,#669);
#664 = CYLINDRICAL_SURFACE('',#665,2.25);
#665 = AXIS2_PLACEMENT_3D('',#666,#667,#668);
#666 = CARTESIAN_POINT('',(31.75,112.,-10.));
#667 = DIRECTION('',(0.,0.,-1.));
#668 = DIRECTION('',(0.,1.,0.));
#669 = DEFINITIONAL_REPRESENTATION('',(#670),#674);
#670 = LINE('',#671,#672);
#671 = CARTESIAN_POINT('',(0.,-10.));
#672 = VECTOR('',#673,1.);
#673 = DIRECTION('',(1.,0.));
#674 = ( GEOMETRIC_REPRESENTATION_CONTEXT(2) 
PARAMETRIC_REPRESENTATION_CONTEXT() REPRESENTATION_CONTEXT('2D SPACE',''
  ) );
#675 = ORIENTED_EDGE('',*,*,#676,.F.);
#676 = EDGE_CURVE('',#677,#644,#679,.T.);
#677 = VERTEX_POINT('',#678);
#678 = CARTESIAN_POINT('',(8.25,109.75,0.));
#679 = SURFACE_CURVE('',#680,(#684,#690),.PCURVE_S1.);
#680 = LINE('',#681,#682);
#681 = CARTESIAN_POINT('',(-69.125,109.75,0.));
#682 = VECTOR('',#683,1.);
#683 = DIRECTION('',(1.,0.,-0.));
#684 = PCURVE('',#82,#685);
#685 = DEFINITIONAL_REPRESENTATION('',(#686),#689);
#686 = B_SPLINE_CURVE_WITH_KNOTS('',1,(#687,#688),.UNSPECIFIED.,.F.,.F.,
  (2,2),(77.375,100.875),.PIECEWISE_BEZIER_KNOTS.);
#687 = CARTESIAN_POINT('',(178.25,244.75));
#688 = CARTESIAN_POINT('',(201.75,244.75));
#689 = ( GEOMETRIC_REPRESENTATION_CONTEXT(2) 
PARAMETRIC_REPRESENTATION_CONTEXT() REPRESENTATION_CONTEXT('2D SPACE',''
  ) );
#690 = PCURVE('',#691,#696);
#691 = PLANE('',#692);
#692 = AXIS2_PLACEMENT_3D('',#693,#694,#695);
#693 = CARTESIAN_POINT('',(31.75,109.75,-10.));
#694 = DIRECTION('',(0.,-1.,0.));
#695 = DIRECTION('',(-1.,0.,0.));
#696 = DEFINITIONAL_REPRESENTATION('',(#697),#700);
#697 = B_SPLINE_CURVE_WITH_KNOTS('',1,(#698,#699),.UNSPECIFIED.,.F.,.F.,
  (2,2),(77.375,100.875),.PIECEWISE_BEZIER_KNOTS.);
#698 = CARTESIAN_POINT('',(23.5,-10.));
#699 = CARTESIAN_POINT('',(0.,-10.));
#700 = ( GEOMETRIC_REPRESENTATION_CONTEXT(2) 
PARAMETRIC_REPRESENTATION_CONTEXT() REPRESENTATION_CONTEXT('2D SPACE',''
  ) );
#701 = ORIENTED_EDGE('',*,*,#702,.T.);
#702 = EDGE_CURVE('',#677,#618,#703,.T.);
#703 = SURFACE_CURVE('',#704,(#709,#720),.PCURVE_S1.);
#704 = CIRCLE('',#705,2.25);
#705 = AXIS2_PLACEMENT_3D('',#706,#707,#708);
#706 = CARTESIAN_POINT('',(8.25,112.,0.));
#707 = DIRECTION('',(0.,-0.,-1.));
#708 = DIRECTION('',(0.,-1.,0.));
#709 = PCURVE('',#82,#710);
#710 = DEFINITIONAL_REPRESENTATION('',(#711),#719);
#711 = ( BOUNDED_CURVE() B_SPLINE_CURVE(2,(#712,#713,#714,#715,#716,#717
,#718),.UNSPECIFIED.,.T.,.F.) B_SPLINE_CURVE_WITH_KNOTS((1,2,2,2,2,1),(
    -2.094395102393,0.,2.094395102393,4.188790204786,6.28318530718,
8.377580409573),.UNSPECIFIED.) CURVE() GEOMETRIC_REPRESENTATION_ITEM() 
RATIONAL_B_SPLINE_CURVE((1.,0.5,1.,0.5,1.,0.5,1.)) REPRESENTATION_ITEM(
  '') );
#712 = CARTESIAN_POINT('',(178.25,244.75));
#713 = CARTESIAN_POINT('',(174.35288568297,244.75));
#714 = CARTESIAN_POINT('',(176.30144284148,248.125));
#715 = CARTESIAN_POINT('',(178.25,251.5));
#716 = CARTESIAN_POINT('',(180.19855715851,248.125));
#717 = CARTESIAN_POINT('',(182.14711431703,244.75));
#718 = CARTESIAN_POINT('',(178.25,244.75));
#719 = ( GEOMETRIC_REPRESENTATION_CONTEXT(2) 
PARAMETRIC_REPRESENTATION_CONTEXT() REPRESENTATION_CONTEXT('2D SPACE',''
  ) );
#720 = PCURVE('',#721,#726);
#721 = CYLINDRICAL_SURFACE('',#722,2.25);
#722 = AXIS2_PLACEMENT_3D('',#723,#724,#725);
#723 = CARTESIAN_POINT('',(8.25,112.,-10.));
#724 = DIRECTION('',(0.,-0.,-1.));
#725 = DIRECTION('',(0.,-1.,0.));
#726 = DEFINITIONAL_REPRESENTATION('',(#727),#731);
#727 = LINE('',#728,#729);
#728 = CARTESIAN_POINT('',(0.,-10.));
#729 = VECTOR('',#730,1.);
#730 = DIRECTION('',(1.,0.));
#731 = ( GEOMETRIC_REPRESENTATION_CONTEXT(2) 
PARAMETRIC_REPRESENTATION_CONTEXT() REPRESENTATION_CONTEXT('2D SPACE',''
  ) );
#732 = FACE_BOUND('',#733,.F.);
#733 = EDGE_LOOP('',(#734));
#734 = ORIENTED_EDGE('',*,*,#735,.T.);
#735 = EDGE_CURVE('',#736,#736,#738,.T.);
#736 = VERTEX_POINT('',#737);
#737 = CARTESIAN_POINT('',(61.7,90.,0.));
#738 = SURFACE_CURVE('',#739,(#744,#755),.PCURVE_S1.);
#739 = CIRCLE('',#740,1.7);
#740 = AXIS2_PLACEMENT_3D('',#741,#742,#743);
#741 = CARTESIAN_POINT('',(60.,90.,0.));
#742 = DIRECTION('',(0.,0.,-1.));
#743 = DIRECTION('',(1.,0.,0.));
#744 = PCURVE('',#82,#745);
#745 = DEFINITIONAL_REPRESENTATION('',(#746),#754);
#746 = ( BOUNDED_CURVE() B_SPLINE_CURVE(2,(#747,#748,#749,#750,#751,#752
,#753),.UNSPECIFIED.,.T.,.F.) B_SPLINE_CURVE_WITH_KNOTS((1,2,2,2,2,1),(
    -2.094395102393,0.,2.094395102393,4.188790204786,6.28318530718,
8.377580409573),.UNSPECIFIED.) CURVE() GEOMETRIC_REPRESENTATION_ITEM() 
RATIONAL_B_SPLINE_CURVE((1.,0.5,1.,0.5,1.,0.5,1.)) REPRESENTATION_ITEM(
  '') );
#747 = CARTESIAN_POINT('',(231.7,225.));
#748 = CARTESIAN_POINT('',(231.7,222.05551362713));
#749 = CARTESIAN_POINT('',(229.15,223.52775681356));
#750 = CARTESIAN_POINT('',(226.6,225.));
#751 = CARTESIAN_POINT('',(229.15,226.47224318643));
#752 = CARTESIAN_POINT('',(231.7,227.94448637286));
#753 = CARTESIAN_POINT('',(231.7,225.));
#754 = ( GEOMETRIC_REPRESENTATION_CONTEXT(2) 
PARAMETRIC_REPRESENTATION_CONTEXT() REPRESENTATION_CONTEXT('2D SPACE',''
  ) );
#755 = PCURVE('',#756,#761);
#756 = CYLINDRICAL_SURFACE('',#757,1.7);
#757 = AXIS2_PLACEMENT_3D('',#758,#759,#760);
#758 = CARTESIAN_POINT('',(60.,90.,-10.));
#759 = DIRECTION('',(-0.,-0.,-1.));
#760 = DIRECTION('',(1.,0.,0.));
#761 = DEFINITIONAL_REPRESENTATION('',(#762),#766);
#762 = LINE('',#763,#764);
#763 = CARTESIAN_POINT('',(-6.28318530718,-10.));
#764 = VECTOR('',#765,1.);
#765 = DIRECTION('',(1.,-0.));
#766 = ( GEOMETRIC_REPRESENTATION_CONTEXT(2) 
PARAMETRIC_REPRESENTATION_CONTEXT() REPRESENTATION_CONTEXT('2D SPACE',''
  ) );
#767 = FACE_BOUND('',#768,.F.);
#768 = EDGE_LOOP('',(#769));
#769 = ORIENTED_EDGE('',*,*,#770,.T.);
#770 = EDGE_CURVE('',#771,#771,#773,.T.);
#771 = VERTEX_POINT('',#772);
#772 = CARTESIAN_POINT('',(86.7,67.,0.));
#773 = SURFACE_CURVE('',#774,(#779,#790),.PCURVE_S1.);
#774 = CIRCLE('',#775,1.7);
#775 = AXIS2_PLACEMENT_3D('',#776,#777,#778);
#776 = CARTESIAN_POINT('',(85.,67.,0.));
#777 = DIRECTION('',(0.,0.,-1.));
#778 = DIRECTION('',(1.,0.,0.));
#779 = PCURVE('',#82,#780);
#780 = DEFINITIONAL_REPRESENTATION('',(#781),#789);
#781 = ( BOUNDED_CURVE() B_SPLINE_CURVE(2,(#782,#783,#784,#785,#786,#787
,#788),.UNSPECIFIED.,.T.,.F.) B_SPLINE_CURVE_WITH_KNOTS((1,2,2,2,2,1),(
    -2.094395102393,0.,2.094395102393,4.188790204786,6.28318530718,
8.377580409573),.UNSPECIFIED.) CURVE() GEOMETRIC_REPRESENTATION_ITEM() 
RATIONAL_B_SPLINE_CURVE((1.,0.5,1.,0.5,1.,0.5,1.)) REPRESENTATION_ITEM(
  '') );
#782 = CARTESIAN_POINT('',(256.7,202.));
#783 = CARTESIAN_POINT('',(256.7,199.05551362713));
#784 = CARTESIAN_POINT('',(254.15,200.52775681356));
#785 = CARTESIAN_POINT('',(251.6,202.));
#786 = CARTESIAN_POINT('',(254.15,203.47224318643));
#787 = CARTESIAN_POINT('',(256.7,204.94448637286));
#788 = CARTESIAN_POINT('',(256.7,202.));
#789 = ( GEOMETRIC_REPRESENTATION_CONTEXT(2) 
PARAMETRIC_REPRESENTATION_CONTEXT() REPRESENTATION_CONTEXT('2D SPACE',''
  ) );
#790 = PCURVE('',#791,#796);
#791 = CYLINDRICAL_SURFACE('',#792,1.7);
#792 = AXIS2_PLACEMENT_3D('',#793,#794,#795);
#793 = CARTESIAN_POINT('',(85.,67.,-10.));
#794 = DIRECTION('',(-0.,-0.,-1.));
#795 = DIRECTION('',(1.,0.,0.));
#796 = DEFINITIONAL_REPRESENTATION('',(#797),#801);
#797 = LINE('',#798,#799);
#798 = CARTESIAN_POINT('',(-6.28318530718,-10.));
#799 = VECTOR('',#800,1.);
#800 = DIRECTION('',(1.,-0.));
#801 = ( GEOMETRIC_REPRESENTATION_CONTEXT(2) 
PARAMETRIC_REPRESENTATION_CONTEXT() REPRESENTATION_CONTEXT('2D SPACE',''
  ) );
#802 = FACE_BOUND('',#803,.F.);
#803 = EDGE_LOOP('',(#804));
#804 = ORIENTED_EDGE('',*,*,#805,.T.);
#805 = EDGE_CURVE('',#806,#806,#808,.T.);
#806 = VERTEX_POINT('',#807);
#807 = CARTESIAN_POINT('',(146.7,67.,0.));
#808 = SURFACE_CURVE('',#809,(#814,#825),.PCURVE_S1.);
#809 = CIRCLE('',#810,1.7);
#810 = AXIS2_PLACEMENT_3D('',#811,#812,#813);
#811 = CARTESIAN_POINT('',(145.,67.,0.));
#812 = DIRECTION('',(0.,0.,-1.));
#813 = DIRECTION('',(1.,0.,0.));
#814 = PCURVE('',#82,#815);
#815 = DEFINITIONAL_REPRESENTATION('',(#816),#824);
#816 = ( BOUNDED_CURVE() B_SPLINE_CURVE(2,(#817,#818,#819,#820,#821,#822
,#823),.UNSPECIFIED.,.T.,.F.) B_SPLINE_CURVE_WITH_KNOTS((1,2,2,2,2,1),(
    -2.094395102393,0.,2.094395102393,4.188790204786,6.28318530718,
8.377580409573),.UNSPECIFIED.) CURVE() GEOMETRIC_REPRESENTATION_ITEM() 
RATIONAL_B_SPLINE_CURVE((1.,0.5,1.,0.5,1.,0.5,1.)) REPRESENTATION_ITEM(
  '') );
#817 = CARTESIAN_POINT('',(316.7,202.));
#818 = CARTESIAN_POINT('',(316.7,199.05551362713));
#819 = CARTESIAN_POINT('',(314.15,200.52775681356));
#820 = CARTESIAN_POINT('',(311.6,202.));
#821 = CARTESIAN_POINT('',(314.15,203.47224318643));
#822 = CARTESIAN_POINT('',(316.7,204.94448637286));
#823 = CARTESIAN_POINT('',(316.7,202.));
#824 = ( GEOMETRIC_REPRESENTATION_CONTEXT(2) 
PARAMETRIC_REPRESENTATION_CONTEXT() REPRESENTATION_CONTEXT('2D SPACE',''
  ) );
#825 = PCURVE('',#826,#831);
#826 = CYLINDRICAL_SURFACE('',#827,1.7);
#827 = AXIS2_PLACEMENT_3D('',#828,#829,#830);
#828 = CARTESIAN_POINT('',(145.,67.,-10.));
#829 = DIRECTION('',(-0.,-0.,-1.));
#830 = DIRECTION('',(1.,0.,0.));
#831 = DEFINITIONAL_REPRESENTATION('',(#832),#836);
#832 = LINE('',#833,#834);
#833 = CARTESIAN_POINT('',(-6.28318530718,-10.));
#834 = VECTOR('',#835,1.);
#835 = DIRECTION('',(1.,-0.));
#836 = ( GEOMETRIC_REPRESENTATION_CONTEXT(2) 
PARAMETRIC_REPRESENTATION_CONTEXT() REPRESENTATION_CONTEXT('2D SPACE',''
  ) );
#837 = FACE_BOUND('',#838,.F.);
#838 = EDGE_LOOP('',(#839));
#839 = ORIENTED_EDGE('',*,*,#840,.T.);
#840 = EDGE_CURVE('',#841,#841,#843,.T.);
#841 = VERTEX_POINT('',#842);
#842 = CARTESIAN_POINT('',(101.7,90.,0.));
#843 = SURFACE_CURVE('',#844,(#849,#860),.PCURVE_S1.);
#844 = CIRCLE('',#845,1.7);
#845 = AXIS2_PLACEMENT_3D('',#846,#847,#848);
#846 = CARTESIAN_POINT('',(100.,90.,0.));
#847 = DIRECTION('',(0.,0.,-1.));
#848 = DIRECTION('',(1.,0.,0.));
#849 = PCURVE('',#82,#850);
#850 = DEFINITIONAL_REPRESENTATION('',(#851),#859);
#851 = ( BOUNDED_CURVE() B_SPLINE_CURVE(2,(#852,#853,#854,#855,#856,#857
,#858),.UNSPECIFIED.,.T.,.F.) B_SPLINE_CURVE_WITH_KNOTS((1,2,2,2,2,1),(
    -2.094395102393,0.,2.094395102393,4.188790204786,6.28318530718,
8.377580409573),.UNSPECIFIED.) CURVE() GEOMETRIC_REPRESENTATION_ITEM() 
RATIONAL_B_SPLINE_CURVE((1.,0.5,1.,0.5,1.,0.5,1.)) REPRESENTATION_ITEM(
  '') );
#852 = CARTESIAN_POINT('',(271.7,225.));
#853 = CARTESIAN_POINT('',(271.7,222.05551362713));
#854 = CARTESIAN_POINT('',(269.15,223.52775681356));
#855 = CARTESIAN_POINT('',(266.6,225.));
#856 = CARTESIAN_POINT('',(269.15,226.47224318643));
#857 = CARTESIAN_POINT('',(271.7,227.94448637286));
#858 = CARTESIAN_POINT('',(271.7,225.));
#859 = ( GEOMETRIC_REPRESENTATION_CONTEXT(2) 
PARAMETRIC_REPRESENTATION_CONTEXT() REPRESENTATION_CONTEXT('2D SPACE',''
  ) );
#860 = PCURVE('',#861,#866);
#861 = CYLINDRICAL_SURFACE('',#862,1.7);
#862 = AXIS2_PLACEMENT_3D('',#863,#864,#865);
#863 = CARTESIAN_POINT('',(100.,90.,-10.));
#864 = DIRECTION('',(-0.,-0.,-1.));
#865 = DIRECTION('',(1.,0.,0.));
#866 = DEFINITIONAL_REPRESENTATION('',(#867),#871);
#867 = LINE('',#868,#869);
#868 = CARTESIAN_POINT('',(-6.28318530718,-10.));
#869 = VECTOR('',#870,1.);
#870 = DIRECTION('',(1.,-0.));
#871 = ( GEOMETRIC_REPRESENTATION_CONTEXT(2) 
PARAMETRIC_REPRESENTATION_CONTEXT() REPRESENTATION_CONTEXT('2D SPACE',''
  ) );
#872 = FACE_BOUND('',#873,.F.);
#873 = EDGE_LOOP('',(#874));
#874 = ORIENTED_EDGE('',*,*,#875,.T.);
#875 = EDGE_CURVE('',#876,#876,#878,.T.);
#876 = VERTEX_POINT('',#877);
#877 = CARTESIAN_POINT('',(141.7,90.,0.));
#878 = SURFACE_CURVE('',#879,(#884,#895),.PCURVE_S1.);
#879 = CIRCLE('',#880,1.7);
#880 = AXIS2_PLACEMENT_3D('',#881,#882,#883);
#881 = CARTESIAN_POINT('',(140.,90.,0.));
#882 = DIRECTION('',(0.,0.,-1.));
#883 = DIRECTION('',(1.,0.,0.));
#884 = PCURVE('',#82,#885);
#885 = DEFINITIONAL_REPRESENTATION('',(#886),#894);
#886 = ( BOUNDED_CURVE() B_SPLINE_CURVE(2,(#887,#888,#889,#890,#891,#892
,#893),.UNSPECIFIED.,.T.,.F.) B_SPLINE_CURVE_WITH_KNOTS((1,2,2,2,2,1),(
    -2.094395102393,0.,2.094395102393,4.188790204786,6.28318530718,
8.377580409573),.UNSPECIFIED.) CURVE() GEOMETRIC_REPRESENTATION_ITEM() 
RATIONAL_B_SPLINE_CURVE((1.,0.5,1.,0.5,1.,0.5,1.)) REPRESENTATION_ITEM(
  '') );
#887 = CARTESIAN_POINT('',(311.7,225.));
#888 = CARTESIAN_POINT('',(311.7,222.05551362713));
#889 = CARTESIAN_POINT('',(309.15,223.52775681356));
#890 = CARTESIAN_POINT('',(306.6,225.));
#891 = CARTESIAN_POINT('',(309.15,226.47224318643));
#892 = CARTESIAN_POINT('',(311.7,227.94448637286));
#893 = CARTESIAN_POINT('',(311.7,225.));
#894 = ( GEOMETRIC_REPRESENTATION_CONTEXT(2) 
PARAMETRIC_REPRESENTATION_CONTEXT() REPRESENTATION_CONTEXT('2D SPACE',''
  ) );
#895 = PCURVE('',#896,#901);
#896 = CYLINDRICAL_SURFACE('',#897,1.7);
#897 = AXIS2_PLACEMENT_3D('',#898,#899,#900);
#898 = CARTESIAN_POINT('',(140.,90.,-10.));
#899 = DIRECTION('',(-0.,-0.,-1.));
#900 = DIRECTION('',(1.,0.,0.));
#901 = DEFINITIONAL_REPRESENTATION('',(#902),#906);
#902 = LINE('',#903,#904);
#903 = CARTESIAN_POINT('',(-6.28318530718,-10.));
#904 = VECTOR('',#905,1.);
#905 = DIRECTION('',(1.,-0.));
#906 = ( GEOMETRIC_REPRESENTATION_CONTEXT(2) 
PARAMETRIC_REPRESENTATION_CONTEXT() REPRESENTATION_CONTEXT('2D SPACE',''
  ) );
#907 = ADVANCED_FACE('',(#908),#94,.T.);
#908 = FACE_BOUND('',#909,.T.);
#909 = EDGE_LOOP('',(#910,#911,#934,#962,#990,#1018,#1046));
#910 = ORIENTED_EDGE('',*,*,#71,.F.);
#911 = ORIENTED_EDGE('',*,*,#912,.T.);
#912 = EDGE_CURVE('',#72,#913,#915,.T.);
#913 = VERTEX_POINT('',#914);
#914 = CARTESIAN_POINT('',(0.2,135.,6.));
#915 = SURFACE_CURVE('',#916,(#920,#927),.PCURVE_S1.);
#916 = LINE('',#917,#918);
#917 = CARTESIAN_POINT('',(0.2,135.,-5.));
#918 = VECTOR('',#919,1.);
#919 = DIRECTION('',(0.,0.,1.));
#920 = PCURVE('',#94,#921);
#921 = DEFINITIONAL_REPRESENTATION('',(#922),#926);
#922 = LINE('',#923,#924);
#923 = CARTESIAN_POINT('',(-5.,170.2));
#924 = VECTOR('',#925,1.);
#925 = DIRECTION('',(1.,0.));
#926 = ( GEOMETRIC_REPRESENTATION_CONTEXT(2) 
PARAMETRIC_REPRESENTATION_CONTEXT() REPRESENTATION_CONTEXT('2D SPACE',''
  ) );
#927 = PCURVE('',#121,#928);
#928 = DEFINITIONAL_REPRESENTATION('',(#929),#933);
#929 = LINE('',#930,#931);
#930 = CARTESIAN_POINT('',(0.,-134.8));
#931 = VECTOR('',#932,1.);
#932 = DIRECTION('',(1.,0.));
#933 = ( GEOMETRIC_REPRESENTATION_CONTEXT(2) 
PARAMETRIC_REPRESENTATION_CONTEXT() REPRESENTATION_CONTEXT('2D SPACE',''
  ) );
#934 = ORIENTED_EDGE('',*,*,#935,.T.);
#935 = EDGE_CURVE('',#913,#936,#938,.T.);
#936 = VERTEX_POINT('',#937);
#937 = CARTESIAN_POINT('',(48.,135.,6.));
#938 = SURFACE_CURVE('',#939,(#943,#950),.PCURVE_S1.);
#939 = LINE('',#940,#941);
#940 = CARTESIAN_POINT('',(-170.,135.,6.));
#941 = VECTOR('',#942,1.);
#942 = DIRECTION('',(1.,0.,0.));
#943 = PCURVE('',#94,#944);
#944 = DEFINITIONAL_REPRESENTATION('',(#945),#949);
#945 = LINE('',#946,#947);
#946 = CARTESIAN_POINT('',(6.,0.));
#947 = VECTOR('',#948,1.);
#948 = DIRECTION('',(0.,1.));
#949 = ( GEOMETRIC_REPRESENTATION_CONTEXT(2) 
PARAMETRIC_REPRESENTATION_CONTEXT() REPRESENTATION_CONTEXT('2D SPACE',''
  ) );
#950 = PCURVE('',#951,#956);
#951 = PLANE('',#952);
#952 = AXIS2_PLACEMENT_3D('',#953,#954,#955);
#953 = CARTESIAN_POINT('',(-170.,-135.,6.));
#954 = DIRECTION('',(0.,0.,1.));
#955 = DIRECTION('',(1.,0.,0.));
#956 = DEFINITIONAL_REPRESENTATION('',(#957),#961);
#957 = LINE('',#958,#959);
#958 = CARTESIAN_POINT('',(0.,270.));
#959 = VECTOR('',#960,1.);
#960 = DIRECTION('',(1.,0.));
#961 = ( GEOMETRIC_REPRESENTATION_CONTEXT(2) 
PARAMETRIC_REPRESENTATION_CONTEXT() REPRESENTATION_CONTEXT('2D SPACE',''
  ) );
#962 = ORIENTED_EDGE('',*,*,#963,.T.);
#963 = EDGE_CURVE('',#936,#964,#966,.T.);
#964 = VERTEX_POINT('',#965);
#965 = CARTESIAN_POINT('',(48.,135.,20.));
#966 = SURFACE_CURVE('',#967,(#971,#978),.PCURVE_S1.);
#967 = LINE('',#968,#969);
#968 = CARTESIAN_POINT('',(48.,135.,6.));
#969 = VECTOR('',#970,1.);
#970 = DIRECTION('',(0.,0.,1.));
#971 = PCURVE('',#94,#972);
#972 = DEFINITIONAL_REPRESENTATION('',(#973),#977);
#973 = LINE('',#974,#975);
#974 = CARTESIAN_POINT('',(6.,218.));
#975 = VECTOR('',#976,1.);
#976 = DIRECTION('',(1.,0.));
#977 = ( GEOMETRIC_REPRESENTATION_CONTEXT(2) 
PARAMETRIC_REPRESENTATION_CONTEXT() REPRESENTATION_CONTEXT('2D SPACE',''
  ) );
#978 = PCURVE('',#979,#984);
#979 = PLANE('',#980);
#980 = AXIS2_PLACEMENT_3D('',#981,#982,#983);
#981 = CARTESIAN_POINT('',(48.,129.,6.));
#982 = DIRECTION('',(1.,0.,0.));
#983 = DIRECTION('',(0.,0.,1.));
#984 = DEFINITIONAL_REPRESENTATION('',(#985),#989);
#985 = LINE('',#986,#987);
#986 = CARTESIAN_POINT('',(0.,-6.));
#987 = VECTOR('',#988,1.);
#988 = DIRECTION('',(1.,0.));
#989 = ( GEOMETRIC_REPRESENTATION_CONTEXT(2) 
PARAMETRIC_REPRESENTATION_CONTEXT() REPRESENTATION_CONTEXT('2D SPACE',''
  ) );
#990 = ORIENTED_EDGE('',*,*,#991,.T.);
#991 = EDGE_CURVE('',#964,#992,#994,.T.);
#992 = VERTEX_POINT('',#993);
#993 = CARTESIAN_POINT('',(165.,135.,20.));
#994 = SURFACE_CURVE('',#995,(#999,#1006),.PCURVE_S1.);
#995 = LINE('',#996,#997);
#996 = CARTESIAN_POINT('',(48.,135.,20.));
#997 = VECTOR('',#998,1.);
#998 = DIRECTION('',(1.,0.,0.));
#999 = PCURVE('',#94,#1000);
#1000 = DEFINITIONAL_REPRESENTATION('',(#1001),#1005);
#1001 = LINE('',#1002,#1003);
#1002 = CARTESIAN_POINT('',(20.,218.));
#1003 = VECTOR('',#1004,1.);
#1004 = DIRECTION('',(0.,1.));
#1005 = ( GEOMETRIC_REPRESENTATION_CONTEXT(2) 
PARAMETRIC_REPRESENTATION_CONTEXT() REPRESENTATION_CONTEXT('2D SPACE',''
  ) );
#1006 = PCURVE('',#1007,#1012);
#1007 = PLANE('',#1008);
#1008 = AXIS2_PLACEMENT_3D('',#1009,#1010,#1011);
#1009 = CARTESIAN_POINT('',(164.,-130.,20.));
#1010 = DIRECTION('',(0.,0.,1.));
#1011 = DIRECTION('',(1.,0.,0.));
#1012 = DEFINITIONAL_REPRESENTATION('',(#1013),#1017);
#1013 = LINE('',#1014,#1015);
#1014 = CARTESIAN_POINT('',(-116.,265.));
#1015 = VECTOR('',#1016,1.);
#1016 = DIRECTION('',(1.,0.));
#1017 = ( GEOMETRIC_REPRESENTATION_CONTEXT(2) 
PARAMETRIC_REPRESENTATION_CONTEXT() REPRESENTATION_CONTEXT('2D SPACE',''
  ) );
#1018 = ORIENTED_EDGE('',*,*,#1019,.F.);
#1019 = EDGE_CURVE('',#1020,#992,#1022,.T.);
#1020 = VERTEX_POINT('',#1021);
#1021 = CARTESIAN_POINT('',(165.,135.,6.));
#1022 = SURFACE_CURVE('',#1023,(#1027,#1034),.PCURVE_S1.);
#1023 = LINE('',#1024,#1025);
#1024 = CARTESIAN_POINT('',(165.,135.,6.));
#1025 = VECTOR('',#1026,1.);
#1026 = DIRECTION('',(0.,0.,1.));
#1027 = PCURVE('',#94,#1028);
#1028 = DEFINITIONAL_REPRESENTATION('',(#1029),#1033);
#1029 = LINE('',#1030,#1031);
#1030 = CARTESIAN_POINT('',(6.,335.));
#1031 = VECTOR('',#1032,1.);
#1032 = DIRECTION('',(1.,0.));
#1033 = ( GEOMETRIC_REPRESENTATION_CONTEXT(2) 
PARAMETRIC_REPRESENTATION_CONTEXT() REPRESENTATION_CONTEXT('2D SPACE',''
  ) );
#1034 = PCURVE('',#1035,#1040);
#1035 = PLANE('',#1036);
#1036 = AXIS2_PLACEMENT_3D('',#1037,#1038,#1039);
#1037 = CARTESIAN_POINT('',(165.,129.,6.));
#1038 = DIRECTION('',(1.,0.,0.));
#1039 = DIRECTION('',(0.,0.,1.));
#1040 = DEFINITIONAL_REPRESENTATION('',(#1041),#1045);
#1041 = LINE('',#1042,#1043);
#1042 = CARTESIAN_POINT('',(0.,-6.));
#1043 = VECTOR('',#1044,1.);
#1044 = DIRECTION('',(1.,0.));
#1045 = ( GEOMETRIC_REPRESENTATION_CONTEXT(2) 
PARAMETRIC_REPRESENTATION_CONTEXT() REPRESENTATION_CONTEXT('2D SPACE',''
  ) );
#1046 = ORIENTED_EDGE('',*,*,#1047,.F.);
#1047 = EDGE_CURVE('',#74,#1020,#1048,.T.);
#1048 = SURFACE_CURVE('',#1049,(#1053,#1060),.PCURVE_S1.);
#1049 = LINE('',#1050,#1051);
#1050 = CARTESIAN_POINT('',(165.,135.,0.));
#1051 = VECTOR('',#1052,1.);
#1052 = DIRECTION('',(0.,0.,1.));
#1053 = PCURVE('',#94,#1054);
#1054 = DEFINITIONAL_REPRESENTATION('',(#1055),#1059);
#1055 = LINE('',#1056,#1057);
#1056 = CARTESIAN_POINT('',(0.,335.));
#1057 = VECTOR('',#1058,1.);
#1058 = DIRECTION('',(1.,0.));
#1059 = ( GEOMETRIC_REPRESENTATION_CONTEXT(2) 
PARAMETRIC_REPRESENTATION_CONTEXT() REPRESENTATION_CONTEXT('2D SPACE',''
  ) );
#1060 = PCURVE('',#201,#1061);
#1061 = DEFINITIONAL_REPRESENTATION('',(#1062),#1066);
#1062 = LINE('',#1063,#1064);
#1063 = CARTESIAN_POINT('',(1.570796326795,0.));
#1064 = VECTOR('',#1065,1.);
#1065 = DIRECTION('',(0.,1.));
#1066 = ( GEOMETRIC_REPRESENTATION_CONTEXT(2) 
PARAMETRIC_REPRESENTATION_CONTEXT() REPRESENTATION_CONTEXT('2D SPACE',''
  ) );
#1067 = ADVANCED_FACE('',(#1068),#201,.T.);
#1068 = FACE_BOUND('',#1069,.T.);
#1069 = EDGE_LOOP('',(#1070,#1071,#1072,#1101));
#1070 = ORIENTED_EDGE('',*,*,#186,.T.);
#1071 = ORIENTED_EDGE('',*,*,#1047,.T.);
#1072 = ORIENTED_EDGE('',*,*,#1073,.F.);
#1073 = EDGE_CURVE('',#1074,#1020,#1076,.T.);
#1074 = VERTEX_POINT('',#1075);
#1075 = CARTESIAN_POINT('',(170.,130.,6.));
#1076 = SURFACE_CURVE('',#1077,(#1082,#1089),.PCURVE_S1.);
#1077 = CIRCLE('',#1078,5.);
#1078 = AXIS2_PLACEMENT_3D('',#1079,#1080,#1081);
#1079 = CARTESIAN_POINT('',(165.,130.,6.));
#1080 = DIRECTION('',(0.,0.,1.));
#1081 = DIRECTION('',(0.,-1.,0.));
#1082 = PCURVE('',#201,#1083);
#1083 = DEFINITIONAL_REPRESENTATION('',(#1084),#1088);
#1084 = LINE('',#1085,#1086);
#1085 = CARTESIAN_POINT('',(-1.570796326795,6.));
#1086 = VECTOR('',#1087,1.);
#1087 = DIRECTION('',(1.,0.));
#1088 = ( GEOMETRIC_REPRESENTATION_CONTEXT(2) 
PARAMETRIC_REPRESENTATION_CONTEXT() REPRESENTATION_CONTEXT('2D SPACE',''
  ) );
#1089 = PCURVE('',#1090,#1095);
#1090 = PLANE('',#1091);
#1091 = AXIS2_PLACEMENT_3D('',#1092,#1093,#1094);
#1092 = CARTESIAN_POINT('',(-170.,-135.,6.));
#1093 = DIRECTION('',(0.,0.,1.));
#1094 = DIRECTION('',(1.,0.,0.));
#1095 = DEFINITIONAL_REPRESENTATION('',(#1096),#1100);
#1096 = CIRCLE('',#1097,5.);
#1097 = AXIS2_PLACEMENT_2D('',#1098,#1099);
#1098 = CARTESIAN_POINT('',(335.,265.));
#1099 = DIRECTION('',(0.,-1.));
#1100 = ( GEOMETRIC_REPRESENTATION_CONTEXT(2) 
PARAMETRIC_REPRESENTATION_CONTEXT() REPRESENTATION_CONTEXT('2D SPACE',''
  ) );
#1101 = ORIENTED_EDGE('',*,*,#1102,.F.);
#1102 = EDGE_CURVE('',#159,#1074,#1103,.T.);
#1103 = SURFACE_CURVE('',#1104,(#1108,#1115),.PCURVE_S1.);
#1104 = LINE('',#1105,#1106);
#1105 = CARTESIAN_POINT('',(170.,130.,0.));
#1106 = VECTOR('',#1107,1.);
#1107 = DIRECTION('',(0.,0.,1.));
#1108 = PCURVE('',#201,#1109);
#1109 = DEFINITIONAL_REPRESENTATION('',(#1110),#1114);
#1110 = LINE('',#1111,#1112);
#1111 = CARTESIAN_POINT('',(0.,0.));
#1112 = VECTOR('',#1113,1.);
#1113 = DIRECTION('',(0.,1.));
#1114 = ( GEOMETRIC_REPRESENTATION_CONTEXT(2) 
PARAMETRIC_REPRESENTATION_CONTEXT() REPRESENTATION_CONTEXT('2D SPACE',''
  ) );
#1115 = PCURVE('',#174,#1116);
#1116 = DEFINITIONAL_REPRESENTATION('',(#1117),#1121);
#1117 = LINE('',#1118,#1119);
#1118 = CARTESIAN_POINT('',(0.,-265.));
#1119 = VECTOR('',#1120,1.);
#1120 = DIRECTION('',(1.,0.));
#1121 = ( GEOMETRIC_REPRESENTATION_CONTEXT(2) 
PARAMETRIC_REPRESENTATION_CONTEXT() REPRESENTATION_CONTEXT('2D SPACE',''
  ) );
#1122 = ADVANCED_FACE('',(#1123),#174,.T.);
#1123 = FACE_BOUND('',#1124,.T.);
#1124 = EDGE_LOOP('',(#1125,#1148,#1149,#1150,#1178));
#1125 = ORIENTED_EDGE('',*,*,#1126,.F.);
#1126 = EDGE_CURVE('',#133,#1127,#1129,.T.);
#1127 = VERTEX_POINT('',#1128);
#1128 = CARTESIAN_POINT('',(170.,0.2,20.));
#1129 = SURFACE_CURVE('',#1130,(#1134,#1141),.PCURVE_S1.);
#1130 = LINE('',#1131,#1132);
#1131 = CARTESIAN_POINT('',(170.,0.2,-5.));
#1132 = VECTOR('',#1133,1.);
#1133 = DIRECTION('',(0.,0.,1.));
#1134 = PCURVE('',#174,#1135);
#1135 = DEFINITIONAL_REPRESENTATION('',(#1136),#1140);
#1136 = LINE('',#1137,#1138);
#1137 = CARTESIAN_POINT('',(-5.,-135.2));
#1138 = VECTOR('',#1139,1.);
#1139 = DIRECTION('',(1.,0.));
#1140 = ( GEOMETRIC_REPRESENTATION_CONTEXT(2) 
PARAMETRIC_REPRESENTATION_CONTEXT() REPRESENTATION_CONTEXT('2D SPACE',''
  ) );
#1141 = PCURVE('',#147,#1142);
#1142 = DEFINITIONAL_REPRESENTATION('',(#1143),#1147);
#1143 = LINE('',#1144,#1145);
#1144 = CARTESIAN_POINT('',(0.,169.8));
#1145 = VECTOR('',#1146,1.);
#1146 = DIRECTION('',(1.,0.));
#1147 = ( GEOMETRIC_REPRESENTATION_CONTEXT(2) 
PARAMETRIC_REPRESENTATION_CONTEXT() REPRESENTATION_CONTEXT('2D SPACE',''
  ) );
#1148 = ORIENTED_EDGE('',*,*,#158,.T.);
#1149 = ORIENTED_EDGE('',*,*,#1102,.T.);
#1150 = ORIENTED_EDGE('',*,*,#1151,.T.);
#1151 = EDGE_CURVE('',#1074,#1152,#1154,.T.);
#1152 = VERTEX_POINT('',#1153);
#1153 = CARTESIAN_POINT('',(170.,130.,20.));
#1154 = SURFACE_CURVE('',#1155,(#1159,#1166),.PCURVE_S1.);
#1155 = LINE('',#1156,#1157);
#1156 = CARTESIAN_POINT('',(170.,130.,6.));
#1157 = VECTOR('',#1158,1.);
#1158 = DIRECTION('',(0.,0.,1.));
#1159 = PCURVE('',#174,#1160);
#1160 = DEFINITIONAL_REPRESENTATION('',(#1161),#1165);
#1161 = LINE('',#1162,#1163);
#1162 = CARTESIAN_POINT('',(6.,-265.));
#1163 = VECTOR('',#1164,1.);
#1164 = DIRECTION('',(1.,0.));
#1165 = ( GEOMETRIC_REPRESENTATION_CONTEXT(2) 
PARAMETRIC_REPRESENTATION_CONTEXT() REPRESENTATION_CONTEXT('2D SPACE',''
  ) );
#1166 = PCURVE('',#1167,#1172);
#1167 = PLANE('',#1168);
#1168 = AXIS2_PLACEMENT_3D('',#1169,#1170,#1171);
#1169 = CARTESIAN_POINT('',(164.,130.,6.));
#1170 = DIRECTION('',(0.,1.,0.));
#1171 = DIRECTION('',(0.,0.,1.));
#1172 = DEFINITIONAL_REPRESENTATION('',(#1173),#1177);
#1173 = LINE('',#1174,#1175);
#1174 = CARTESIAN_POINT('',(0.,6.));
#1175 = VECTOR('',#1176,1.);
#1176 = DIRECTION('',(1.,0.));
#1177 = ( GEOMETRIC_REPRESENTATION_CONTEXT(2) 
PARAMETRIC_REPRESENTATION_CONTEXT() REPRESENTATION_CONTEXT('2D SPACE',''
  ) );
#1178 = ORIENTED_EDGE('',*,*,#1179,.F.);
#1179 = EDGE_CURVE('',#1127,#1152,#1180,.T.);
#1180 = SURFACE_CURVE('',#1181,(#1185,#1192),.PCURVE_S1.);
#1181 = LINE('',#1182,#1183);
#1182 = CARTESIAN_POINT('',(170.,-130.,20.));
#1183 = VECTOR('',#1184,1.);
#1184 = DIRECTION('',(0.,1.,0.));
#1185 = PCURVE('',#174,#1186);
#1186 = DEFINITIONAL_REPRESENTATION('',(#1187),#1191);
#1187 = LINE('',#1188,#1189);
#1188 = CARTESIAN_POINT('',(20.,-5.));
#1189 = VECTOR('',#1190,1.);
#1190 = DIRECTION('',(0.,-1.));
#1191 = ( GEOMETRIC_REPRESENTATION_CONTEXT(2) 
PARAMETRIC_REPRESENTATION_CONTEXT() REPRESENTATION_CONTEXT('2D SPACE',''
  ) );
#1192 = PCURVE('',#1007,#1193);
#1193 = DEFINITIONAL_REPRESENTATION('',(#1194),#1198);
#1194 = LINE('',#1195,#1196);
#1195 = CARTESIAN_POINT('',(6.,0.));
#1196 = VECTOR('',#1197,1.);
#1197 = DIRECTION('',(0.,1.));
#1198 = ( GEOMETRIC_REPRESENTATION_CONTEXT(2) 
PARAMETRIC_REPRESENTATION_CONTEXT() REPRESENTATION_CONTEXT('2D SPACE',''
  ) );
#1199 = ADVANCED_FACE('',(#1200),#147,.F.);
#1200 = FACE_BOUND('',#1201,.F.);
#1201 = EDGE_LOOP('',(#1202,#1203,#1204,#1227,#1248,#1274));
#1202 = ORIENTED_EDGE('',*,*,#1126,.F.);
#1203 = ORIENTED_EDGE('',*,*,#132,.T.);
#1204 = ORIENTED_EDGE('',*,*,#1205,.T.);
#1205 = EDGE_CURVE('',#107,#1206,#1208,.T.);
#1206 = VERTEX_POINT('',#1207);
#1207 = CARTESIAN_POINT('',(0.2,0.2,6.));
#1208 = SURFACE_CURVE('',#1209,(#1213,#1220),.PCURVE_S1.);
#1209 = LINE('',#1210,#1211);
#1210 = CARTESIAN_POINT('',(0.2,0.2,-5.));
#1211 = VECTOR('',#1212,1.);
#1212 = DIRECTION('',(0.,0.,1.));
#1213 = PCURVE('',#147,#1214);
#1214 = DEFINITIONAL_REPRESENTATION('',(#1215),#1219);
#1215 = LINE('',#1216,#1217);
#1216 = CARTESIAN_POINT('',(0.,0.));
#1217 = VECTOR('',#1218,1.);
#1218 = DIRECTION('',(1.,0.));
#1219 = ( GEOMETRIC_REPRESENTATION_CONTEXT(2) 
PARAMETRIC_REPRESENTATION_CONTEXT() REPRESENTATION_CONTEXT('2D SPACE',''
  ) );
#1220 = PCURVE('',#121,#1221);
#1221 = DEFINITIONAL_REPRESENTATION('',(#1222),#1226);
#1222 = LINE('',#1223,#1224);
#1223 = CARTESIAN_POINT('',(0.,0.));
#1224 = VECTOR('',#1225,1.);
#1225 = DIRECTION('',(1.,0.));
#1226 = ( GEOMETRIC_REPRESENTATION_CONTEXT(2) 
PARAMETRIC_REPRESENTATION_CONTEXT() REPRESENTATION_CONTEXT('2D SPACE',''
  ) );
#1227 = ORIENTED_EDGE('',*,*,#1228,.F.);
#1228 = EDGE_CURVE('',#1229,#1206,#1231,.T.);
#1229 = VERTEX_POINT('',#1230);
#1230 = CARTESIAN_POINT('',(164.,0.2,6.));
#1231 = SURFACE_CURVE('',#1232,(#1236,#1242),.PCURVE_S1.);
#1232 = LINE('',#1233,#1234);
#1233 = CARTESIAN_POINT('',(-84.9,0.2,6.));
#1234 = VECTOR('',#1235,1.);
#1235 = DIRECTION('',(-1.,0.,0.));
#1236 = PCURVE('',#147,#1237);
#1237 = DEFINITIONAL_REPRESENTATION('',(#1238),#1241);
#1238 = B_SPLINE_CURVE_WITH_KNOTS('',1,(#1239,#1240),.UNSPECIFIED.,.F.,
  .F.,(2,2),(-248.9,-85.1),.PIECEWISE_BEZIER_KNOTS.);
#1239 = CARTESIAN_POINT('',(11.,163.8));
#1240 = CARTESIAN_POINT('',(11.,0.));
#1241 = ( GEOMETRIC_REPRESENTATION_CONTEXT(2) 
PARAMETRIC_REPRESENTATION_CONTEXT() REPRESENTATION_CONTEXT('2D SPACE',''
  ) );
#1242 = PCURVE('',#951,#1243);
#1243 = DEFINITIONAL_REPRESENTATION('',(#1244),#1247);
#1244 = B_SPLINE_CURVE_WITH_KNOTS('',1,(#1245,#1246),.UNSPECIFIED.,.F.,
  .F.,(2,2),(-248.9,-85.1),.PIECEWISE_BEZIER_KNOTS.);
#1245 = CARTESIAN_POINT('',(334.,135.2));
#1246 = CARTESIAN_POINT('',(170.2,135.2));
#1247 = ( GEOMETRIC_REPRESENTATION_CONTEXT(2) 
PARAMETRIC_REPRESENTATION_CONTEXT() REPRESENTATION_CONTEXT('2D SPACE',''
  ) );
#1248 = ORIENTED_EDGE('',*,*,#1249,.T.);
#1249 = EDGE_CURVE('',#1229,#1250,#1252,.T.);
#1250 = VERTEX_POINT('',#1251);
#1251 = CARTESIAN_POINT('',(164.,0.2,20.));
#1252 = SURFACE_CURVE('',#1253,(#1257,#1263),.PCURVE_S1.);
#1253 = LINE('',#1254,#1255);
#1254 = CARTESIAN_POINT('',(164.,0.2,0.5));
#1255 = VECTOR('',#1256,1.);
#1256 = DIRECTION('',(0.,0.,1.));
#1257 = PCURVE('',#147,#1258);
#1258 = DEFINITIONAL_REPRESENTATION('',(#1259),#1262);
#1259 = B_SPLINE_CURVE_WITH_KNOTS('',1,(#1260,#1261),.UNSPECIFIED.,.F.,
  .F.,(2,2),(5.5,19.5),.PIECEWISE_BEZIER_KNOTS.);
#1260 = CARTESIAN_POINT('',(11.,163.8));
#1261 = CARTESIAN_POINT('',(25.,163.8));
#1262 = ( GEOMETRIC_REPRESENTATION_CONTEXT(2) 
PARAMETRIC_REPRESENTATION_CONTEXT() REPRESENTATION_CONTEXT('2D SPACE',''
  ) );
#1263 = PCURVE('',#1264,#1269);
#1264 = PLANE('',#1265);
#1265 = AXIS2_PLACEMENT_3D('',#1266,#1267,#1268);
#1266 = CARTESIAN_POINT('',(164.,-130.,6.));
#1267 = DIRECTION('',(1.,0.,0.));
#1268 = DIRECTION('',(0.,0.,1.));
#1269 = DEFINITIONAL_REPRESENTATION('',(#1270),#1273);
#1270 = B_SPLINE_CURVE_WITH_KNOTS('',1,(#1271,#1272),.UNSPECIFIED.,.F.,
  .F.,(2,2),(5.5,19.5),.PIECEWISE_BEZIER_KNOTS.);
#1271 = CARTESIAN_POINT('',(0.,-130.2));
#1272 = CARTESIAN_POINT('',(14.,-130.2));
#1273 = ( GEOMETRIC_REPRESENTATION_CONTEXT(2) 
PARAMETRIC_REPRESENTATION_CONTEXT() REPRESENTATION_CONTEXT('2D SPACE',''
  ) );
#1274 = ORIENTED_EDGE('',*,*,#1275,.F.);
#1275 = EDGE_CURVE('',#1127,#1250,#1276,.T.);
#1276 = SURFACE_CURVE('',#1277,(#1281,#1287),.PCURVE_S1.);
#1277 = LINE('',#1278,#1279);
#1278 = CARTESIAN_POINT('',(82.1,0.2,20.));
#1279 = VECTOR('',#1280,1.);
#1280 = DIRECTION('',(-1.,0.,0.));
#1281 = PCURVE('',#147,#1282);
#1282 = DEFINITIONAL_REPRESENTATION('',(#1283),#1286);
#1283 = B_SPLINE_CURVE_WITH_KNOTS('',1,(#1284,#1285),.UNSPECIFIED.,.F.,
  .F.,(2,2),(-87.9,34.1),.PIECEWISE_BEZIER_KNOTS.);
#1284 = CARTESIAN_POINT('',(25.,169.8));
#1285 = CARTESIAN_POINT('',(25.,47.8));
#1286 = ( GEOMETRIC_REPRESENTATION_CONTEXT(2) 
PARAMETRIC_REPRESENTATION_CONTEXT() REPRESENTATION_CONTEXT('2D SPACE',''
  ) );
#1287 = PCURVE('',#1007,#1288);
#1288 = DEFINITIONAL_REPRESENTATION('',(#1289),#1292);
#1289 = B_SPLINE_CURVE_WITH_KNOTS('',1,(#1290,#1291),.UNSPECIFIED.,.F.,
  .F.,(2,2),(-87.9,34.1),.PIECEWISE_BEZIER_KNOTS.);
#1290 = CARTESIAN_POINT('',(6.,130.2));
#1291 = CARTESIAN_POINT('',(-116.,130.2));
#1292 = ( GEOMETRIC_REPRESENTATION_CONTEXT(2) 
PARAMETRIC_REPRESENTATION_CONTEXT() REPRESENTATION_CONTEXT('2D SPACE',''
  ) );
#1293 = ADVANCED_FACE('',(#1294),#121,.F.);
#1294 = FACE_BOUND('',#1295,.F.);
#1295 = EDGE_LOOP('',(#1296,#1297,#1298,#1299));
#1296 = ORIENTED_EDGE('',*,*,#1205,.F.);
#1297 = ORIENTED_EDGE('',*,*,#106,.T.);
#1298 = ORIENTED_EDGE('',*,*,#912,.T.);
#1299 = ORIENTED_EDGE('',*,*,#1300,.F.);
#1300 = EDGE_CURVE('',#1206,#913,#1301,.T.);
#1301 = SURFACE_CURVE('',#1302,(#1306,#1312),.PCURVE_S1.);
#1302 = LINE('',#1303,#1304);
#1303 = CARTESIAN_POINT('',(0.2,-67.4,6.));
#1304 = VECTOR('',#1305,1.);
#1305 = DIRECTION('',(0.,1.,0.));
#1306 = PCURVE('',#121,#1307);
#1307 = DEFINITIONAL_REPRESENTATION('',(#1308),#1311);
#1308 = B_SPLINE_CURVE_WITH_KNOTS('',1,(#1309,#1310),.UNSPECIFIED.,.F.,
  .F.,(2,2),(67.6,202.4),.PIECEWISE_BEZIER_KNOTS.);
#1309 = CARTESIAN_POINT('',(11.,0.));
#1310 = CARTESIAN_POINT('',(11.,-134.8));
#1311 = ( GEOMETRIC_REPRESENTATION_CONTEXT(2) 
PARAMETRIC_REPRESENTATION_CONTEXT() REPRESENTATION_CONTEXT('2D SPACE',''
  ) );
#1312 = PCURVE('',#951,#1313);
#1313 = DEFINITIONAL_REPRESENTATION('',(#1314),#1317);
#1314 = B_SPLINE_CURVE_WITH_KNOTS('',1,(#1315,#1316),.UNSPECIFIED.,.F.,
  .F.,(2,2),(67.6,202.4),.PIECEWISE_BEZIER_KNOTS.);
#1315 = CARTESIAN_POINT('',(170.2,135.2));
#1316 = CARTESIAN_POINT('',(170.2,270.));
#1317 = ( GEOMETRIC_REPRESENTATION_CONTEXT(2) 
PARAMETRIC_REPRESENTATION_CONTEXT() REPRESENTATION_CONTEXT('2D SPACE',''
  ) );
#1318 = ADVANCED_FACE('',(#1319),#236,.F.);
#1319 = FACE_BOUND('',#1320,.T.);
#1320 = EDGE_LOOP('',(#1321,#1322,#1345,#1371));
#1321 = ORIENTED_EDGE('',*,*,#215,.T.);
#1322 = ORIENTED_EDGE('',*,*,#1323,.T.);
#1323 = EDGE_CURVE('',#216,#1324,#1326,.T.);
#1324 = VERTEX_POINT('',#1325);
#1325 = CARTESIAN_POINT('',(68.25,24.,6.));
#1326 = SEAM_CURVE('',#1327,(#1331,#1338),.PCURVE_S1.);
#1327 = LINE('',#1328,#1329);
#1328 = CARTESIAN_POINT('',(68.25,24.,-10.));
#1329 = VECTOR('',#1330,1.);
#1330 = DIRECTION('',(0.,0.,1.));
#1331 = PCURVE('',#236,#1332);
#1332 = DEFINITIONAL_REPRESENTATION('',(#1333),#1337);
#1333 = LINE('',#1334,#1335);
#1334 = CARTESIAN_POINT('',(-6.28318530718,0.));
#1335 = VECTOR('',#1336,1.);
#1336 = DIRECTION('',(-0.,-1.));
#1337 = ( GEOMETRIC_REPRESENTATION_CONTEXT(2) 
PARAMETRIC_REPRESENTATION_CONTEXT() REPRESENTATION_CONTEXT('2D SPACE',''
  ) );
#1338 = PCURVE('',#236,#1339);
#1339 = DEFINITIONAL_REPRESENTATION('',(#1340),#1344);
#1340 = LINE('',#1341,#1342);
#1341 = CARTESIAN_POINT('',(-0.,0.));
#1342 = VECTOR('',#1343,1.);
#1343 = DIRECTION('',(-0.,-1.));
#1344 = ( GEOMETRIC_REPRESENTATION_CONTEXT(2) 
PARAMETRIC_REPRESENTATION_CONTEXT() REPRESENTATION_CONTEXT('2D SPACE',''
  ) );
#1345 = ORIENTED_EDGE('',*,*,#1346,.F.);
#1346 = EDGE_CURVE('',#1324,#1324,#1347,.T.);
#1347 = SURFACE_CURVE('',#1348,(#1353,#1360),.PCURVE_S1.);
#1348 = CIRCLE('',#1349,2.25);
#1349 = AXIS2_PLACEMENT_3D('',#1350,#1351,#1352);
#1350 = CARTESIAN_POINT('',(66.,24.,6.));
#1351 = DIRECTION('',(0.,0.,-1.));
#1352 = DIRECTION('',(1.,0.,0.));
#1353 = PCURVE('',#236,#1354);
#1354 = DEFINITIONAL_REPRESENTATION('',(#1355),#1359);
#1355 = LINE('',#1356,#1357);
#1356 = CARTESIAN_POINT('',(-6.28318530718,-16.));
#1357 = VECTOR('',#1358,1.);
#1358 = DIRECTION('',(1.,-0.));
#1359 = ( GEOMETRIC_REPRESENTATION_CONTEXT(2) 
PARAMETRIC_REPRESENTATION_CONTEXT() REPRESENTATION_CONTEXT('2D SPACE',''
  ) );
#1360 = PCURVE('',#951,#1361);
#1361 = DEFINITIONAL_REPRESENTATION('',(#1362),#1370);
#1362 = ( BOUNDED_CURVE() B_SPLINE_CURVE(2,(#1363,#1364,#1365,#1366,
#1367,#1368,#1369),.UNSPECIFIED.,.T.,.F.) B_SPLINE_CURVE_WITH_KNOTS((1,2
    ,2,2,2,1),(-2.094395102393,0.,2.094395102393,4.188790204786,
6.28318530718,8.377580409573),.UNSPECIFIED.) CURVE() 
GEOMETRIC_REPRESENTATION_ITEM() RATIONAL_B_SPLINE_CURVE((1.,0.5,1.,0.5,
1.,0.5,1.)) REPRESENTATION_ITEM('') );
#1363 = CARTESIAN_POINT('',(238.25,159.));
#1364 = CARTESIAN_POINT('',(238.25,155.10288568297));
#1365 = CARTESIAN_POINT('',(234.875,157.05144284148));
#1366 = CARTESIAN_POINT('',(231.5,159.));
#1367 = CARTESIAN_POINT('',(234.875,160.94855715851));
#1368 = CARTESIAN_POINT('',(238.25,162.89711431703));
#1369 = CARTESIAN_POINT('',(238.25,159.));
#1370 = ( GEOMETRIC_REPRESENTATION_CONTEXT(2) 
PARAMETRIC_REPRESENTATION_CONTEXT() REPRESENTATION_CONTEXT('2D SPACE',''
  ) );
#1371 = ORIENTED_EDGE('',*,*,#1323,.F.);
#1372 = ADVANCED_FACE('',(#1373),#267,.F.);
#1373 = FACE_BOUND('',#1374,.F.);
#1374 = EDGE_LOOP('',(#1375,#1376,#1399,#1420));
#1375 = ORIENTED_EDGE('',*,*,#250,.T.);
#1376 = ORIENTED_EDGE('',*,*,#1377,.T.);
#1377 = EDGE_CURVE('',#253,#1378,#1380,.T.);
#1378 = VERTEX_POINT('',#1379);
#1379 = CARTESIAN_POINT('',(3.,50.,6.));
#1380 = SURFACE_CURVE('',#1381,(#1385,#1392),.PCURVE_S1.);
#1381 = LINE('',#1382,#1383);
#1382 = CARTESIAN_POINT('',(3.,50.,-10.));
#1383 = VECTOR('',#1384,1.);
#1384 = DIRECTION('',(0.,0.,1.));
#1385 = PCURVE('',#267,#1386);
#1386 = DEFINITIONAL_REPRESENTATION('',(#1387),#1391);
#1387 = LINE('',#1388,#1389);
#1388 = CARTESIAN_POINT('',(0.,0.));
#1389 = VECTOR('',#1390,1.);
#1390 = DIRECTION('',(0.,-1.));
#1391 = ( GEOMETRIC_REPRESENTATION_CONTEXT(2) 
PARAMETRIC_REPRESENTATION_CONTEXT() REPRESENTATION_CONTEXT('2D SPACE',''
  ) );
#1392 = PCURVE('',#356,#1393);
#1393 = DEFINITIONAL_REPRESENTATION('',(#1394),#1398);
#1394 = LINE('',#1395,#1396);
#1395 = CARTESIAN_POINT('',(3.14159265359,0.));
#1396 = VECTOR('',#1397,1.);
#1397 = DIRECTION('',(0.,-1.));
#1398 = ( GEOMETRIC_REPRESENTATION_CONTEXT(2) 
PARAMETRIC_REPRESENTATION_CONTEXT() REPRESENTATION_CONTEXT('2D SPACE',''
  ) );
#1399 = ORIENTED_EDGE('',*,*,#1400,.F.);
#1400 = EDGE_CURVE('',#1401,#1378,#1403,.T.);
#1401 = VERTEX_POINT('',#1402);
#1402 = CARTESIAN_POINT('',(17.,50.,6.));
#1403 = SURFACE_CURVE('',#1404,(#1408,#1414),.PCURVE_S1.);
#1404 = LINE('',#1405,#1406);
#1405 = CARTESIAN_POINT('',(-83.5,50.,6.));
#1406 = VECTOR('',#1407,1.);
#1407 = DIRECTION('',(-1.,0.,0.));
#1408 = PCURVE('',#267,#1409);
#1409 = DEFINITIONAL_REPRESENTATION('',(#1410),#1413);
#1410 = B_SPLINE_CURVE_WITH_KNOTS('',1,(#1411,#1412),.UNSPECIFIED.,.F.,
  .F.,(2,2),(-100.5,-86.5),.PIECEWISE_BEZIER_KNOTS.);
#1411 = CARTESIAN_POINT('',(14.,-16.));
#1412 = CARTESIAN_POINT('',(0.,-16.));
#1413 = ( GEOMETRIC_REPRESENTATION_CONTEXT(2) 
PARAMETRIC_REPRESENTATION_CONTEXT() REPRESENTATION_CONTEXT('2D SPACE',''
  ) );
#1414 = PCURVE('',#951,#1415);
#1415 = DEFINITIONAL_REPRESENTATION('',(#1416),#1419);
#1416 = B_SPLINE_CURVE_WITH_KNOTS('',1,(#1417,#1418),.UNSPECIFIED.,.F.,
  .F.,(2,2),(-100.5,-86.5),.PIECEWISE_BEZIER_KNOTS.);
#1417 = CARTESIAN_POINT('',(187.,185.));
#1418 = CARTESIAN_POINT('',(173.,185.));
#1419 = ( GEOMETRIC_REPRESENTATION_CONTEXT(2) 
PARAMETRIC_REPRESENTATION_CONTEXT() REPRESENTATION_CONTEXT('2D SPACE',''
  ) );
#1420 = ORIENTED_EDGE('',*,*,#1421,.F.);
#1421 = EDGE_CURVE('',#251,#1401,#1422,.T.);
#1422 = SURFACE_CURVE('',#1423,(#1427,#1434),.PCURVE_S1.);
#1423 = LINE('',#1424,#1425);
#1424 = CARTESIAN_POINT('',(17.,50.,-10.));
#1425 = VECTOR('',#1426,1.);
#1426 = DIRECTION('',(0.,0.,1.));
#1427 = PCURVE('',#267,#1428);
#1428 = DEFINITIONAL_REPRESENTATION('',(#1429),#1433);
#1429 = LINE('',#1430,#1431);
#1430 = CARTESIAN_POINT('',(14.,0.));
#1431 = VECTOR('',#1432,1.);
#1432 = DIRECTION('',(0.,-1.));
#1433 = ( GEOMETRIC_REPRESENTATION_CONTEXT(2) 
PARAMETRIC_REPRESENTATION_CONTEXT() REPRESENTATION_CONTEXT('2D SPACE',''
  ) );
#1434 = PCURVE('',#299,#1435);
#1435 = DEFINITIONAL_REPRESENTATION('',(#1436),#1440);
#1436 = LINE('',#1437,#1438);
#1437 = CARTESIAN_POINT('',(0.,0.));
#1438 = VECTOR('',#1439,1.);
#1439 = DIRECTION('',(0.,-1.));
#1440 = ( GEOMETRIC_REPRESENTATION_CONTEXT(2) 
PARAMETRIC_REPRESENTATION_CONTEXT() REPRESENTATION_CONTEXT('2D SPACE',''
  ) );
#1441 = ADVANCED_FACE('',(#1442),#299,.F.);
#1442 = FACE_BOUND('',#1443,.F.);
#1443 = EDGE_LOOP('',(#1444,#1445,#1446,#1474));
#1444 = ORIENTED_EDGE('',*,*,#278,.F.);
#1445 = ORIENTED_EDGE('',*,*,#1421,.T.);
#1446 = ORIENTED_EDGE('',*,*,#1447,.T.);
#1447 = EDGE_CURVE('',#1401,#1448,#1450,.T.);
#1448 = VERTEX_POINT('',#1449);
#1449 = CARTESIAN_POINT('',(17.,46.,6.));
#1450 = SURFACE_CURVE('',#1451,(#1456,#1463),.PCURVE_S1.);
#1451 = CIRCLE('',#1452,2.);
#1452 = AXIS2_PLACEMENT_3D('',#1453,#1454,#1455);
#1453 = CARTESIAN_POINT('',(17.,48.,6.));
#1454 = DIRECTION('',(0.,0.,-1.));
#1455 = DIRECTION('',(0.,1.,0.));
#1456 = PCURVE('',#299,#1457);
#1457 = DEFINITIONAL_REPRESENTATION('',(#1458),#1462);
#1458 = LINE('',#1459,#1460);
#1459 = CARTESIAN_POINT('',(0.,-16.));
#1460 = VECTOR('',#1461,1.);
#1461 = DIRECTION('',(1.,0.));
#1462 = ( GEOMETRIC_REPRESENTATION_CONTEXT(2) 
PARAMETRIC_REPRESENTATION_CONTEXT() REPRESENTATION_CONTEXT('2D SPACE',''
  ) );
#1463 = PCURVE('',#951,#1464);
#1464 = DEFINITIONAL_REPRESENTATION('',(#1465),#1473);
#1465 = ( BOUNDED_CURVE() B_SPLINE_CURVE(2,(#1466,#1467,#1468,#1469,
#1470,#1471,#1472),.UNSPECIFIED.,.T.,.F.) B_SPLINE_CURVE_WITH_KNOTS((1,2
    ,2,2,2,1),(-2.094395102393,0.,2.094395102393,4.188790204786,
6.28318530718,8.377580409573),.UNSPECIFIED.) CURVE() 
GEOMETRIC_REPRESENTATION_ITEM() RATIONAL_B_SPLINE_CURVE((1.,0.5,1.,0.5,
1.,0.5,1.)) REPRESENTATION_ITEM('') );
#1466 = CARTESIAN_POINT('',(187.,185.));
#1467 = CARTESIAN_POINT('',(190.46410161513,185.));
#1468 = CARTESIAN_POINT('',(188.73205080756,182.));
#1469 = CARTESIAN_POINT('',(187.,179.));
#1470 = CARTESIAN_POINT('',(185.26794919243,182.));
#1471 = CARTESIAN_POINT('',(183.53589838486,185.));
#1472 = CARTESIAN_POINT('',(187.,185.));
#1473 = ( GEOMETRIC_REPRESENTATION_CONTEXT(2) 
PARAMETRIC_REPRESENTATION_CONTEXT() REPRESENTATION_CONTEXT('2D SPACE',''
  ) );
#1474 = ORIENTED_EDGE('',*,*,#1475,.F.);
#1475 = EDGE_CURVE('',#279,#1448,#1476,.T.);
#1476 = SURFACE_CURVE('',#1477,(#1481,#1488),.PCURVE_S1.);
#1477 = LINE('',#1478,#1479);
#1478 = CARTESIAN_POINT('',(17.,46.,-10.));
#1479 = VECTOR('',#1480,1.);
#1480 = DIRECTION('',(0.,0.,1.));
#1481 = PCURVE('',#299,#1482);
#1482 = DEFINITIONAL_REPRESENTATION('',(#1483),#1487);
#1483 = LINE('',#1484,#1485);
#1484 = CARTESIAN_POINT('',(3.14159265359,0.));
#1485 = VECTOR('',#1486,1.);
#1486 = DIRECTION('',(0.,-1.));
#1487 = ( GEOMETRIC_REPRESENTATION_CONTEXT(2) 
PARAMETRIC_REPRESENTATION_CONTEXT() REPRESENTATION_CONTEXT('2D SPACE',''
  ) );
#1488 = PCURVE('',#326,#1489);
#1489 = DEFINITIONAL_REPRESENTATION('',(#1490),#1494);
#1490 = LINE('',#1491,#1492);
#1491 = CARTESIAN_POINT('',(0.,-0.));
#1492 = VECTOR('',#1493,1.);
#1493 = DIRECTION('',(0.,-1.));
#1494 = ( GEOMETRIC_REPRESENTATION_CONTEXT(2) 
PARAMETRIC_REPRESENTATION_CONTEXT() REPRESENTATION_CONTEXT('2D SPACE',''
  ) );
#1495 = ADVANCED_FACE('',(#1496),#356,.F.);
#1496 = FACE_BOUND('',#1497,.F.);
#1497 = EDGE_LOOP('',(#1498,#1499,#1522,#1548));
#1498 = ORIENTED_EDGE('',*,*,#337,.F.);
#1499 = ORIENTED_EDGE('',*,*,#1500,.T.);
#1500 = EDGE_CURVE('',#312,#1501,#1503,.T.);
#1501 = VERTEX_POINT('',#1502);
#1502 = CARTESIAN_POINT('',(3.,46.,6.));
#1503 = SURFACE_CURVE('',#1504,(#1508,#1515),.PCURVE_S1.);
#1504 = LINE('',#1505,#1506);
#1505 = CARTESIAN_POINT('',(3.,46.,-10.));
#1506 = VECTOR('',#1507,1.);
#1507 = DIRECTION('',(0.,0.,1.));
#1508 = PCURVE('',#356,#1509);
#1509 = DEFINITIONAL_REPRESENTATION('',(#1510),#1514);
#1510 = LINE('',#1511,#1512);
#1511 = CARTESIAN_POINT('',(0.,0.));
#1512 = VECTOR('',#1513,1.);
#1513 = DIRECTION('',(0.,-1.));
#1514 = ( GEOMETRIC_REPRESENTATION_CONTEXT(2) 
PARAMETRIC_REPRESENTATION_CONTEXT() REPRESENTATION_CONTEXT('2D SPACE',''
  ) );
#1515 = PCURVE('',#326,#1516);
#1516 = DEFINITIONAL_REPRESENTATION('',(#1517),#1521);
#1517 = LINE('',#1518,#1519);
#1518 = CARTESIAN_POINT('',(14.,0.));
#1519 = VECTOR('',#1520,1.);
#1520 = DIRECTION('',(0.,-1.));
#1521 = ( GEOMETRIC_REPRESENTATION_CONTEXT(2) 
PARAMETRIC_REPRESENTATION_CONTEXT() REPRESENTATION_CONTEXT('2D SPACE',''
  ) );
#1522 = ORIENTED_EDGE('',*,*,#1523,.T.);
#1523 = EDGE_CURVE('',#1501,#1378,#1524,.T.);
#1524 = SURFACE_CURVE('',#1525,(#1530,#1537),.PCURVE_S1.);
#1525 = CIRCLE('',#1526,2.);
#1526 = AXIS2_PLACEMENT_3D('',#1527,#1528,#1529);
#1527 = CARTESIAN_POINT('',(3.,48.,6.));
#1528 = DIRECTION('',(0.,-0.,-1.));
#1529 = DIRECTION('',(0.,-1.,0.));
#1530 = PCURVE('',#356,#1531);
#1531 = DEFINITIONAL_REPRESENTATION('',(#1532),#1536);
#1532 = LINE('',#1533,#1534);
#1533 = CARTESIAN_POINT('',(0.,-16.));
#1534 = VECTOR('',#1535,1.);
#1535 = DIRECTION('',(1.,0.));
#1536 = ( GEOMETRIC_REPRESENTATION_CONTEXT(2) 
PARAMETRIC_REPRESENTATION_CONTEXT() REPRESENTATION_CONTEXT('2D SPACE',''
  ) );
#1537 = PCURVE('',#951,#1538);
#1538 = DEFINITIONAL_REPRESENTATION('',(#1539),#1547);
#1539 = ( BOUNDED_CURVE() B_SPLINE_CURVE(2,(#1540,#1541,#1542,#1543,
#1544,#1545,#1546),.UNSPECIFIED.,.T.,.F.) B_SPLINE_CURVE_WITH_KNOTS((1,2
    ,2,2,2,1),(-2.094395102393,0.,2.094395102393,4.188790204786,
6.28318530718,8.377580409573),.UNSPECIFIED.) CURVE() 
GEOMETRIC_REPRESENTATION_ITEM() RATIONAL_B_SPLINE_CURVE((1.,0.5,1.,0.5,
1.,0.5,1.)) REPRESENTATION_ITEM('') );
#1540 = CARTESIAN_POINT('',(173.,181.));
#1541 = CARTESIAN_POINT('',(169.53589838486,181.));
#1542 = CARTESIAN_POINT('',(171.26794919243,184.));
#1543 = CARTESIAN_POINT('',(173.,187.));
#1544 = CARTESIAN_POINT('',(174.73205080756,184.));
#1545 = CARTESIAN_POINT('',(176.46410161513,181.));
#1546 = CARTESIAN_POINT('',(173.,181.));
#1547 = ( GEOMETRIC_REPRESENTATION_CONTEXT(2) 
PARAMETRIC_REPRESENTATION_CONTEXT() REPRESENTATION_CONTEXT('2D SPACE',''
  ) );
#1548 = ORIENTED_EDGE('',*,*,#1377,.F.);
#1549 = ADVANCED_FACE('',(#1550),#326,.F.);
#1550 = FACE_BOUND('',#1551,.F.);
#1551 = EDGE_LOOP('',(#1552,#1553,#1554,#1573));
#1552 = ORIENTED_EDGE('',*,*,#311,.T.);
#1553 = ORIENTED_EDGE('',*,*,#1475,.T.);
#1554 = ORIENTED_EDGE('',*,*,#1555,.F.);
#1555 = EDGE_CURVE('',#1501,#1448,#1556,.T.);
#1556 = SURFACE_CURVE('',#1557,(#1561,#1567),.PCURVE_S1.);
#1557 = LINE('',#1558,#1559);
#1558 = CARTESIAN_POINT('',(-76.5,46.,6.));
#1559 = VECTOR('',#1560,1.);
#1560 = DIRECTION('',(1.,0.,-0.));
#1561 = PCURVE('',#326,#1562);
#1562 = DEFINITIONAL_REPRESENTATION('',(#1563),#1566);
#1563 = B_SPLINE_CURVE_WITH_KNOTS('',1,(#1564,#1565),.UNSPECIFIED.,.F.,
  .F.,(2,2),(79.5,93.5),.PIECEWISE_BEZIER_KNOTS.);
#1564 = CARTESIAN_POINT('',(14.,-16.));
#1565 = CARTESIAN_POINT('',(0.,-16.));
#1566 = ( GEOMETRIC_REPRESENTATION_CONTEXT(2) 
PARAMETRIC_REPRESENTATION_CONTEXT() REPRESENTATION_CONTEXT('2D SPACE',''
  ) );
#1567 = PCURVE('',#951,#1568);
#1568 = DEFINITIONAL_REPRESENTATION('',(#1569),#1572);
#1569 = B_SPLINE_CURVE_WITH_KNOTS('',1,(#1570,#1571),.UNSPECIFIED.,.F.,
  .F.,(2,2),(79.5,93.5),.PIECEWISE_BEZIER_KNOTS.);
#1570 = CARTESIAN_POINT('',(173.,181.));
#1571 = CARTESIAN_POINT('',(187.,181.));
#1572 = ( GEOMETRIC_REPRESENTATION_CONTEXT(2) 
PARAMETRIC_REPRESENTATION_CONTEXT() REPRESENTATION_CONTEXT('2D SPACE',''
  ) );
#1573 = ORIENTED_EDGE('',*,*,#1500,.F.);
#1574 = ADVANCED_FACE('',(#1575),#391,.F.);
#1575 = FACE_BOUND('',#1576,.T.);
#1576 = EDGE_LOOP('',(#1577,#1578,#1601,#1627));
#1577 = ORIENTED_EDGE('',*,*,#370,.T.);
#1578 = ORIENTED_EDGE('',*,*,#1579,.T.);
#1579 = EDGE_CURVE('',#371,#1580,#1582,.T.);
#1580 = VERTEX_POINT('',#1581);
#1581 = CARTESIAN_POINT('',(61.7,45.,6.));
#1582 = SEAM_CURVE('',#1583,(#1587,#1594),.PCURVE_S1.);
#1583 = LINE('',#1584,#1585);
#1584 = CARTESIAN_POINT('',(61.7,45.,-10.));
#1585 = VECTOR('',#1586,1.);
#1586 = DIRECTION('',(0.,0.,1.));
#1587 = PCURVE('',#391,#1588);
#1588 = DEFINITIONAL_REPRESENTATION('',(#1589),#1593);
#1589 = LINE('',#1590,#1591);
#1590 = CARTESIAN_POINT('',(-6.28318530718,0.));
#1591 = VECTOR('',#1592,1.);
#1592 = DIRECTION('',(-0.,-1.));
#1593 = ( GEOMETRIC_REPRESENTATION_CONTEXT(2) 
PARAMETRIC_REPRESENTATION_CONTEXT() REPRESENTATION_CONTEXT('2D SPACE',''
  ) );
#1594 = PCURVE('',#391,#1595);
#1595 = DEFINITIONAL_REPRESENTATION('',(#1596),#1600);
#1596 = LINE('',#1597,#1598);
#1597 = CARTESIAN_POINT('',(-0.,0.));
#1598 = VECTOR('',#1599,1.);
#1599 = DIRECTION('',(-0.,-1.));
#1600 = ( GEOMETRIC_REPRESENTATION_CONTEXT(2) 
PARAMETRIC_REPRESENTATION_CONTEXT() REPRESENTATION_CONTEXT('2D SPACE',''
  ) );
#1601 = ORIENTED_EDGE('',*,*,#1602,.F.);
#1602 = EDGE_CURVE('',#1580,#1580,#1603,.T.);
#1603 = SURFACE_CURVE('',#1604,(#1609,#1616),.PCURVE_S1.);
#1604 = CIRCLE('',#1605,1.7);
#1605 = AXIS2_PLACEMENT_3D('',#1606,#1607,#1608);
#1606 = CARTESIAN_POINT('',(60.,45.,6.));
#1607 = DIRECTION('',(0.,0.,-1.));
#1608 = DIRECTION('',(1.,0.,0.));
#1609 = PCURVE('',#391,#1610);
#1610 = DEFINITIONAL_REPRESENTATION('',(#1611),#1615);
#1611 = LINE('',#1612,#1613);
#1612 = CARTESIAN_POINT('',(-6.28318530718,-16.));
#1613 = VECTOR('',#1614,1.);
#1614 = DIRECTION('',(1.,-0.));
#1615 = ( GEOMETRIC_REPRESENTATION_CONTEXT(2) 
PARAMETRIC_REPRESENTATION_CONTEXT() REPRESENTATION_CONTEXT('2D SPACE',''
  ) );
#1616 = PCURVE('',#951,#1617);
#1617 = DEFINITIONAL_REPRESENTATION('',(#1618),#1626);
#1618 = ( BOUNDED_CURVE() B_SPLINE_CURVE(2,(#1619,#1620,#1621,#1622,
#1623,#1624,#1625),.UNSPECIFIED.,.T.,.F.) B_SPLINE_CURVE_WITH_KNOTS((1,2
    ,2,2,2,1),(-2.094395102393,0.,2.094395102393,4.188790204786,
6.28318530718,8.377580409573),.UNSPECIFIED.) CURVE() 
GEOMETRIC_REPRESENTATION_ITEM() RATIONAL_B_SPLINE_CURVE((1.,0.5,1.,0.5,
1.,0.5,1.)) REPRESENTATION_ITEM('') );
#1619 = CARTESIAN_POINT('',(231.7,180.));
#1620 = CARTESIAN_POINT('',(231.7,177.05551362713));
#1621 = CARTESIAN_POINT('',(229.15,178.52775681356));
#1622 = CARTESIAN_POINT('',(226.6,180.));
#1623 = CARTESIAN_POINT('',(229.15,181.47224318643));
#1624 = CARTESIAN_POINT('',(231.7,182.94448637286));
#1625 = CARTESIAN_POINT('',(231.7,180.));
#1626 = ( GEOMETRIC_REPRESENTATION_CONTEXT(2) 
PARAMETRIC_REPRESENTATION_CONTEXT() REPRESENTATION_CONTEXT('2D SPACE',''
  ) );
#1627 = ORIENTED_EDGE('',*,*,#1579,.F.);
#1628 = ADVANCED_FACE('',(#1629),#426,.F.);
#1629 = FACE_BOUND('',#1630,.T.);
#1630 = EDGE_LOOP('',(#1631,#1632,#1655,#1681));
#1631 = ORIENTED_EDGE('',*,*,#405,.T.);
#1632 = ORIENTED_EDGE('',*,*,#1633,.T.);
#1633 = EDGE_CURVE('',#406,#1634,#1636,.T.);
#1634 = VERTEX_POINT('',#1635);
#1635 = CARTESIAN_POINT('',(86.25,24.,6.));
#1636 = SEAM_CURVE('',#1637,(#1641,#1648),.PCURVE_S1.);
#1637 = LINE('',#1638,#1639);
#1638 = CARTESIAN_POINT('',(86.25,24.,-10.));
#1639 = VECTOR('',#1640,1.);
#1640 = DIRECTION('',(0.,0.,1.));
#1641 = PCURVE('',#426,#1642);
#1642 = DEFINITIONAL_REPRESENTATION('',(#1643),#1647);
#1643 = LINE('',#1644,#1645);
#1644 = CARTESIAN_POINT('',(-6.28318530718,0.));
#1645 = VECTOR('',#1646,1.);
#1646 = DIRECTION('',(-0.,-1.));
#1647 = ( GEOMETRIC_REPRESENTATION_CONTEXT(2) 
PARAMETRIC_REPRESENTATION_CONTEXT() REPRESENTATION_CONTEXT('2D SPACE',''
  ) );
#1648 = PCURVE('',#426,#1649);
#1649 = DEFINITIONAL_REPRESENTATION('',(#1650),#1654);
#1650 = LINE('',#1651,#1652);
#1651 = CARTESIAN_POINT('',(-0.,0.));
#1652 = VECTOR('',#1653,1.);
#1653 = DIRECTION('',(-0.,-1.));
#1654 = ( GEOMETRIC_REPRESENTATION_CONTEXT(2) 
PARAMETRIC_REPRESENTATION_CONTEXT() REPRESENTATION_CONTEXT('2D SPACE',''
  ) );
#1655 = ORIENTED_EDGE('',*,*,#1656,.F.);
#1656 = EDGE_CURVE('',#1634,#1634,#1657,.T.);
#1657 = SURFACE_CURVE('',#1658,(#1663,#1670),.PCURVE_S1.);
#1658 = CIRCLE('',#1659,2.25);
#1659 = AXIS2_PLACEMENT_3D('',#1660,#1661,#1662);
#1660 = CARTESIAN_POINT('',(84.,24.,6.));
#1661 = DIRECTION('',(0.,0.,-1.));
#1662 = DIRECTION('',(1.,0.,0.));
#1663 = PCURVE('',#426,#1664);
#1664 = DEFINITIONAL_REPRESENTATION('',(#1665),#1669);
#1665 = LINE('',#1666,#1667);
#1666 = CARTESIAN_POINT('',(-6.28318530718,-16.));
#1667 = VECTOR('',#1668,1.);
#1668 = DIRECTION('',(1.,-0.));
#1669 = ( GEOMETRIC_REPRESENTATION_CONTEXT(2) 
PARAMETRIC_REPRESENTATION_CONTEXT() REPRESENTATION_CONTEXT('2D SPACE',''
  ) );
#1670 = PCURVE('',#951,#1671);
#1671 = DEFINITIONAL_REPRESENTATION('',(#1672),#1680);
#1672 = ( BOUNDED_CURVE() B_SPLINE_CURVE(2,(#1673,#1674,#1675,#1676,
#1677,#1678,#1679),.UNSPECIFIED.,.T.,.F.) B_SPLINE_CURVE_WITH_KNOTS((1,2
    ,2,2,2,1),(-2.094395102393,0.,2.094395102393,4.188790204786,
6.28318530718,8.377580409573),.UNSPECIFIED.) CURVE() 
GEOMETRIC_REPRESENTATION_ITEM() RATIONAL_B_SPLINE_CURVE((1.,0.5,1.,0.5,
1.,0.5,1.)) REPRESENTATION_ITEM('') );
#1673 = CARTESIAN_POINT('',(256.25,159.));
#1674 = CARTESIAN_POINT('',(256.25,155.10288568297));
#1675 = CARTESIAN_POINT('',(252.875,157.05144284148));
#1676 = CARTESIAN_POINT('',(249.5,159.));
#1677 = CARTESIAN_POINT('',(252.875,160.94855715851));
#1678 = CARTESIAN_POINT('',(256.25,162.89711431703));
#1679 = CARTESIAN_POINT('',(256.25,159.));
#1680 = ( GEOMETRIC_REPRESENTATION_CONTEXT(2) 
PARAMETRIC_REPRESENTATION_CONTEXT() REPRESENTATION_CONTEXT('2D SPACE',''
  ) );
#1681 = ORIENTED_EDGE('',*,*,#1633,.F.);
#1682 = ADVANCED_FACE('',(#1683),#461,.F.);
#1683 = FACE_BOUND('',#1684,.T.);
#1684 = EDGE_LOOP('',(#1685,#1686,#1709,#1735));
#1685 = ORIENTED_EDGE('',*,*,#440,.T.);
#1686 = ORIENTED_EDGE('',*,*,#1687,.T.);
#1687 = EDGE_CURVE('',#441,#1688,#1690,.T.);
#1688 = VERTEX_POINT('',#1689);
#1689 = CARTESIAN_POINT('',(101.7,45.,6.));
#1690 = SEAM_CURVE('',#1691,(#1695,#1702),.PCURVE_S1.);
#1691 = LINE('',#1692,#1693);
#1692 = CARTESIAN_POINT('',(101.7,45.,-10.));
#1693 = VECTOR('',#1694,1.);
#1694 = DIRECTION('',(0.,0.,1.));
#1695 = PCURVE('',#461,#1696);
#1696 = DEFINITIONAL_REPRESENTATION('',(#1697),#1701);
#1697 = LINE('',#1698,#1699);
#1698 = CARTESIAN_POINT('',(-6.28318530718,0.));
#1699 = VECTOR('',#1700,1.);
#1700 = DIRECTION('',(-0.,-1.));
#1701 = ( GEOMETRIC_REPRESENTATION_CONTEXT(2) 
PARAMETRIC_REPRESENTATION_CONTEXT() REPRESENTATION_CONTEXT('2D SPACE',''
  ) );
#1702 = PCURVE('',#461,#1703);
#1703 = DEFINITIONAL_REPRESENTATION('',(#1704),#1708);
#1704 = LINE('',#1705,#1706);
#1705 = CARTESIAN_POINT('',(-0.,0.));
#1706 = VECTOR('',#1707,1.);
#1707 = DIRECTION('',(-0.,-1.));
#1708 = ( GEOMETRIC_REPRESENTATION_CONTEXT(2) 
PARAMETRIC_REPRESENTATION_CONTEXT() REPRESENTATION_CONTEXT('2D SPACE',''
  ) );
#1709 = ORIENTED_EDGE('',*,*,#1710,.F.);
#1710 = EDGE_CURVE('',#1688,#1688,#1711,.T.);
#1711 = SURFACE_CURVE('',#1712,(#1717,#1724),.PCURVE_S1.);
#1712 = CIRCLE('',#1713,1.7);
#1713 = AXIS2_PLACEMENT_3D('',#1714,#1715,#1716);
#1714 = CARTESIAN_POINT('',(100.,45.,6.));
#1715 = DIRECTION('',(0.,0.,-1.));
#1716 = DIRECTION('',(1.,0.,0.));
#1717 = PCURVE('',#461,#1718);
#1718 = DEFINITIONAL_REPRESENTATION('',(#1719),#1723);
#1719 = LINE('',#1720,#1721);
#1720 = CARTESIAN_POINT('',(-6.28318530718,-16.));
#1721 = VECTOR('',#1722,1.);
#1722 = DIRECTION('',(1.,-0.));
#1723 = ( GEOMETRIC_REPRESENTATION_CONTEXT(2) 
PARAMETRIC_REPRESENTATION_CONTEXT() REPRESENTATION_CONTEXT('2D SPACE',''
  ) );
#1724 = PCURVE('',#951,#1725);
#1725 = DEFINITIONAL_REPRESENTATION('',(#1726),#1734);
#1726 = ( BOUNDED_CURVE() B_SPLINE_CURVE(2,(#1727,#1728,#1729,#1730,
#1731,#1732,#1733),.UNSPECIFIED.,.T.,.F.) B_SPLINE_CURVE_WITH_KNOTS((1,2
    ,2,2,2,1),(-2.094395102393,0.,2.094395102393,4.188790204786,
6.28318530718,8.377580409573),.UNSPECIFIED.) CURVE() 
GEOMETRIC_REPRESENTATION_ITEM() RATIONAL_B_SPLINE_CURVE((1.,0.5,1.,0.5,
1.,0.5,1.)) REPRESENTATION_ITEM('') );
#1727 = CARTESIAN_POINT('',(271.7,180.));
#1728 = CARTESIAN_POINT('',(271.7,177.05551362713));
#1729 = CARTESIAN_POINT('',(269.15,178.52775681356));
#1730 = CARTESIAN_POINT('',(266.6,180.));
#1731 = CARTESIAN_POINT('',(269.15,181.47224318643));
#1732 = CARTESIAN_POINT('',(271.7,182.94448637286));
#1733 = CARTESIAN_POINT('',(271.7,180.));
#1734 = ( GEOMETRIC_REPRESENTATION_CONTEXT(2) 
PARAMETRIC_REPRESENTATION_CONTEXT() REPRESENTATION_CONTEXT('2D SPACE',''
  ) );
#1735 = ORIENTED_EDGE('',*,*,#1687,.F.);
#1736 = ADVANCED_FACE('',(#1737),#496,.F.);
#1737 = FACE_BOUND('',#1738,.T.);
#1738 = EDGE_LOOP('',(#1739,#1740,#1763,#1789));
#1739 = ORIENTED_EDGE('',*,*,#475,.T.);
#1740 = ORIENTED_EDGE('',*,*,#1741,.T.);
#1741 = EDGE_CURVE('',#476,#1742,#1744,.T.);
#1742 = VERTEX_POINT('',#1743);
#1743 = CARTESIAN_POINT('',(141.7,45.,6.));
#1744 = SEAM_CURVE('',#1745,(#1749,#1756),.PCURVE_S1.);
#1745 = LINE('',#1746,#1747);
#1746 = CARTESIAN_POINT('',(141.7,45.,-10.));
#1747 = VECTOR('',#1748,1.);
#1748 = DIRECTION('',(0.,0.,1.));
#1749 = PCURVE('',#496,#1750);
#1750 = DEFINITIONAL_REPRESENTATION('',(#1751),#1755);
#1751 = LINE('',#1752,#1753);
#1752 = CARTESIAN_POINT('',(-6.28318530718,0.));
#1753 = VECTOR('',#1754,1.);
#1754 = DIRECTION('',(-0.,-1.));
#1755 = ( GEOMETRIC_REPRESENTATION_CONTEXT(2) 
PARAMETRIC_REPRESENTATION_CONTEXT() REPRESENTATION_CONTEXT('2D SPACE',''
  ) );
#1756 = PCURVE('',#496,#1757);
#1757 = DEFINITIONAL_REPRESENTATION('',(#1758),#1762);
#1758 = LINE('',#1759,#1760);
#1759 = CARTESIAN_POINT('',(-0.,0.));
#1760 = VECTOR('',#1761,1.);
#1761 = DIRECTION('',(-0.,-1.));
#1762 = ( GEOMETRIC_REPRESENTATION_CONTEXT(2) 
PARAMETRIC_REPRESENTATION_CONTEXT() REPRESENTATION_CONTEXT('2D SPACE',''
  ) );
#1763 = ORIENTED_EDGE('',*,*,#1764,.F.);
#1764 = EDGE_CURVE('',#1742,#1742,#1765,.T.);
#1765 = SURFACE_CURVE('',#1766,(#1771,#1778),.PCURVE_S1.);
#1766 = CIRCLE('',#1767,1.7);
#1767 = AXIS2_PLACEMENT_3D('',#1768,#1769,#1770);
#1768 = CARTESIAN_POINT('',(140.,45.,6.));
#1769 = DIRECTION('',(0.,0.,-1.));
#1770 = DIRECTION('',(1.,0.,0.));
#1771 = PCURVE('',#496,#1772);
#1772 = DEFINITIONAL_REPRESENTATION('',(#1773),#1777);
#1773 = LINE('',#1774,#1775);
#1774 = CARTESIAN_POINT('',(-6.28318530718,-16.));
#1775 = VECTOR('',#1776,1.);
#1776 = DIRECTION('',(1.,-0.));
#1777 = ( GEOMETRIC_REPRESENTATION_CONTEXT(2) 
PARAMETRIC_REPRESENTATION_CONTEXT() REPRESENTATION_CONTEXT('2D SPACE',''
  ) );
#1778 = PCURVE('',#951,#1779);
#1779 = DEFINITIONAL_REPRESENTATION('',(#1780),#1788);
#1780 = ( BOUNDED_CURVE() B_SPLINE_CURVE(2,(#1781,#1782,#1783,#1784,
#1785,#1786,#1787),.UNSPECIFIED.,.T.,.F.) B_SPLINE_CURVE_WITH_KNOTS((1,2
    ,2,2,2,1),(-2.094395102393,0.,2.094395102393,4.188790204786,
6.28318530718,8.377580409573),.UNSPECIFIED.) CURVE() 
GEOMETRIC_REPRESENTATION_ITEM() RATIONAL_B_SPLINE_CURVE((1.,0.5,1.,0.5,
1.,0.5,1.)) REPRESENTATION_ITEM('') );
#1781 = CARTESIAN_POINT('',(311.7,180.));
#1782 = CARTESIAN_POINT('',(311.7,177.05551362713));
#1783 = CARTESIAN_POINT('',(309.15,178.52775681356));
#1784 = CARTESIAN_POINT('',(306.6,180.));
#1785 = CARTESIAN_POINT('',(309.15,181.47224318643));
#1786 = CARTESIAN_POINT('',(311.7,182.94448637286));
#1787 = CARTESIAN_POINT('',(311.7,180.));
#1788 = ( GEOMETRIC_REPRESENTATION_CONTEXT(2) 
PARAMETRIC_REPRESENTATION_CONTEXT() REPRESENTATION_CONTEXT('2D SPACE',''
  ) );
#1789 = ORIENTED_EDGE('',*,*,#1741,.F.);
#1790 = ADVANCED_FACE('',(#1791),#531,.F.);
#1791 = FACE_BOUND('',#1792,.T.);
#1792 = EDGE_LOOP('',(#1793,#1794,#1817,#1843));
#1793 = ORIENTED_EDGE('',*,*,#510,.T.);
#1794 = ORIENTED_EDGE('',*,*,#1795,.T.);
#1795 = EDGE_CURVE('',#511,#1796,#1798,.T.);
#1796 = VERTEX_POINT('',#1797);
#1797 = CARTESIAN_POINT('',(26.25,61.,6.));
#1798 = SEAM_CURVE('',#1799,(#1803,#1810),.PCURVE_S1.);
#1799 = LINE('',#1800,#1801);
#1800 = CARTESIAN_POINT('',(26.25,61.,-10.));
#1801 = VECTOR('',#1802,1.);
#1802 = DIRECTION('',(0.,0.,1.));
#1803 = PCURVE('',#531,#1804);
#1804 = DEFINITIONAL_REPRESENTATION('',(#1805),#1809);
#1805 = LINE('',#1806,#1807);
#1806 = CARTESIAN_POINT('',(-6.28318530718,0.));
#1807 = VECTOR('',#1808,1.);
#1808 = DIRECTION('',(-0.,-1.));
#1809 = ( GEOMETRIC_REPRESENTATION_CONTEXT(2) 
PARAMETRIC_REPRESENTATION_CONTEXT() REPRESENTATION_CONTEXT('2D SPACE',''
  ) );
#1810 = PCURVE('',#531,#1811);
#1811 = DEFINITIONAL_REPRESENTATION('',(#1812),#1816);
#1812 = LINE('',#1813,#1814);
#1813 = CARTESIAN_POINT('',(-0.,0.));
#1814 = VECTOR('',#1815,1.);
#1815 = DIRECTION('',(-0.,-1.));
#1816 = ( GEOMETRIC_REPRESENTATION_CONTEXT(2) 
PARAMETRIC_REPRESENTATION_CONTEXT() REPRESENTATION_CONTEXT('2D SPACE',''
  ) );
#1817 = ORIENTED_EDGE('',*,*,#1818,.F.);
#1818 = EDGE_CURVE('',#1796,#1796,#1819,.T.);
#1819 = SURFACE_CURVE('',#1820,(#1825,#1832),.PCURVE_S1.);
#1820 = CIRCLE('',#1821,2.25);
#1821 = AXIS2_PLACEMENT_3D('',#1822,#1823,#1824);
#1822 = CARTESIAN_POINT('',(24.,61.,6.));
#1823 = DIRECTION('',(0.,0.,-1.));
#1824 = DIRECTION('',(1.,0.,0.));
#1825 = PCURVE('',#531,#1826);
#1826 = DEFINITIONAL_REPRESENTATION('',(#1827),#1831);
#1827 = LINE('',#1828,#1829);
#1828 = CARTESIAN_POINT('',(-6.28318530718,-16.));
#1829 = VECTOR('',#1830,1.);
#1830 = DIRECTION('',(1.,-0.));
#1831 = ( GEOMETRIC_REPRESENTATION_CONTEXT(2) 
PARAMETRIC_REPRESENTATION_CONTEXT() REPRESENTATION_CONTEXT('2D SPACE',''
  ) );
#1832 = PCURVE('',#951,#1833);
#1833 = DEFINITIONAL_REPRESENTATION('',(#1834),#1842);
#1834 = ( BOUNDED_CURVE() B_SPLINE_CURVE(2,(#1835,#1836,#1837,#1838,
#1839,#1840,#1841),.UNSPECIFIED.,.T.,.F.) B_SPLINE_CURVE_WITH_KNOTS((1,2
    ,2,2,2,1),(-2.094395102393,0.,2.094395102393,4.188790204786,
6.28318530718,8.377580409573),.UNSPECIFIED.) CURVE() 
GEOMETRIC_REPRESENTATION_ITEM() RATIONAL_B_SPLINE_CURVE((1.,0.5,1.,0.5,
1.,0.5,1.)) REPRESENTATION_ITEM('') );
#1835 = CARTESIAN_POINT('',(196.25,196.));
#1836 = CARTESIAN_POINT('',(196.25,192.10288568297));
#1837 = CARTESIAN_POINT('',(192.875,194.05144284148));
#1838 = CARTESIAN_POINT('',(189.5,196.));
#1839 = CARTESIAN_POINT('',(192.875,197.94855715851));
#1840 = CARTESIAN_POINT('',(196.25,199.89711431703));
#1841 = CARTESIAN_POINT('',(196.25,196.));
#1842 = ( GEOMETRIC_REPRESENTATION_CONTEXT(2) 
PARAMETRIC_REPRESENTATION_CONTEXT() REPRESENTATION_CONTEXT('2D SPACE',''
  ) );
#1843 = ORIENTED_EDGE('',*,*,#1795,.F.);
#1844 = ADVANCED_FACE('',(#1845),#566,.F.);
#1845 = FACE_BOUND('',#1846,.T.);
#1846 = EDGE_LOOP('',(#1847,#1848,#1871,#1897));
#1847 = ORIENTED_EDGE('',*,*,#545,.T.);
#1848 = ORIENTED_EDGE('',*,*,#1849,.T.);
#1849 = EDGE_CURVE('',#546,#1850,#1852,.T.);
#1850 = VERTEX_POINT('',#1851);
#1851 = CARTESIAN_POINT('',(26.25,79.,6.));
#1852 = SEAM_CURVE('',#1853,(#1857,#1864),.PCURVE_S1.);
#1853 = LINE('',#1854,#1855);
#1854 = CARTESIAN_POINT('',(26.25,79.,-10.));
#1855 = VECTOR('',#1856,1.);
#1856 = DIRECTION('',(0.,0.,1.));
#1857 = PCURVE('',#566,#1858);
#1858 = DEFINITIONAL_REPRESENTATION('',(#1859),#1863);
#1859 = LINE('',#1860,#1861);
#1860 = CARTESIAN_POINT('',(-6.28318530718,0.));
#1861 = VECTOR('',#1862,1.);
#1862 = DIRECTION('',(-0.,-1.));
#1863 = ( GEOMETRIC_REPRESENTATION_CONTEXT(2) 
PARAMETRIC_REPRESENTATION_CONTEXT() REPRESENTATION_CONTEXT('2D SPACE',''
  ) );
#1864 = PCURVE('',#566,#1865);
#1865 = DEFINITIONAL_REPRESENTATION('',(#1866),#1870);
#1866 = LINE('',#1867,#1868);
#1867 = CARTESIAN_POINT('',(-0.,0.));
#1868 = VECTOR('',#1869,1.);
#1869 = DIRECTION('',(-0.,-1.));
#1870 = ( GEOMETRIC_REPRESENTATION_CONTEXT(2) 
PARAMETRIC_REPRESENTATION_CONTEXT() REPRESENTATION_CONTEXT('2D SPACE',''
  ) );
#1871 = ORIENTED_EDGE('',*,*,#1872,.F.);
#1872 = EDGE_CURVE('',#1850,#1850,#1873,.T.);
#1873 = SURFACE_CURVE('',#1874,(#1879,#1886),.PCURVE_S1.);
#1874 = CIRCLE('',#1875,2.25);
#1875 = AXIS2_PLACEMENT_3D('',#1876,#1877,#1878);
#1876 = CARTESIAN_POINT('',(24.,79.,6.));
#1877 = DIRECTION('',(0.,0.,-1.));
#1878 = DIRECTION('',(1.,0.,0.));
#1879 = PCURVE('',#566,#1880);
#1880 = DEFINITIONAL_REPRESENTATION('',(#1881),#1885);
#1881 = LINE('',#1882,#1883);
#1882 = CARTESIAN_POINT('',(-6.28318530718,-16.));
#1883 = VECTOR('',#1884,1.);
#1884 = DIRECTION('',(1.,-0.));
#1885 = ( GEOMETRIC_REPRESENTATION_CONTEXT(2) 
PARAMETRIC_REPRESENTATION_CONTEXT() REPRESENTATION_CONTEXT('2D SPACE',''
  ) );
#1886 = PCURVE('',#951,#1887);
#1887 = DEFINITIONAL_REPRESENTATION('',(#1888),#1896);
#1888 = ( BOUNDED_CURVE() B_SPLINE_CURVE(2,(#1889,#1890,#1891,#1892,
#1893,#1894,#1895),.UNSPECIFIED.,.T.,.F.) B_SPLINE_CURVE_WITH_KNOTS((1,2
    ,2,2,2,1),(-2.094395102393,0.,2.094395102393,4.188790204786,
6.28318530718,8.377580409573),.UNSPECIFIED.) CURVE() 
GEOMETRIC_REPRESENTATION_ITEM() RATIONAL_B_SPLINE_CURVE((1.,0.5,1.,0.5,
1.,0.5,1.)) REPRESENTATION_ITEM('') );
#1889 = CARTESIAN_POINT('',(196.25,214.));
#1890 = CARTESIAN_POINT('',(196.25,210.10288568297));
#1891 = CARTESIAN_POINT('',(192.875,212.05144284148));
#1892 = CARTESIAN_POINT('',(189.5,214.));
#1893 = CARTESIAN_POINT('',(192.875,215.94855715851));
#1894 = CARTESIAN_POINT('',(196.25,217.89711431703));
#1895 = CARTESIAN_POINT('',(196.25,214.));
#1896 = ( GEOMETRIC_REPRESENTATION_CONTEXT(2) 
PARAMETRIC_REPRESENTATION_CONTEXT() REPRESENTATION_CONTEXT('2D SPACE',''
  ) );
#1897 = ORIENTED_EDGE('',*,*,#1849,.F.);
#1898 = ADVANCED_FACE('',(#1899),#601,.F.);
#1899 = FACE_BOUND('',#1900,.T.);
#1900 = EDGE_LOOP('',(#1901,#1902,#1925,#1951));
#1901 = ORIENTED_EDGE('',*,*,#580,.T.);
#1902 = ORIENTED_EDGE('',*,*,#1903,.T.);
#1903 = EDGE_CURVE('',#581,#1904,#1906,.T.);
#1904 = VERTEX_POINT('',#1905);
#1905 = CARTESIAN_POINT('',(57.25,72.,6.));
#1906 = SEAM_CURVE('',#1907,(#1911,#1918),.PCURVE_S1.);
#1907 = LINE('',#1908,#1909);
#1908 = CARTESIAN_POINT('',(57.25,72.,-10.));
#1909 = VECTOR('',#1910,1.);
#1910 = DIRECTION('',(0.,0.,1.));
#1911 = PCURVE('',#601,#1912);
#1912 = DEFINITIONAL_REPRESENTATION('',(#1913),#1917);
#1913 = LINE('',#1914,#1915);
#1914 = CARTESIAN_POINT('',(-6.28318530718,0.));
#1915 = VECTOR('',#1916,1.);
#1916 = DIRECTION('',(-0.,-1.));
#1917 = ( GEOMETRIC_REPRESENTATION_CONTEXT(2) 
PARAMETRIC_REPRESENTATION_CONTEXT() REPRESENTATION_CONTEXT('2D SPACE',''
  ) );
#1918 = PCURVE('',#601,#1919);
#1919 = DEFINITIONAL_REPRESENTATION('',(#1920),#1924);
#1920 = LINE('',#1921,#1922);
#1921 = CARTESIAN_POINT('',(-0.,0.));
#1922 = VECTOR('',#1923,1.);
#1923 = DIRECTION('',(-0.,-1.));
#1924 = ( GEOMETRIC_REPRESENTATION_CONTEXT(2) 
PARAMETRIC_REPRESENTATION_CONTEXT() REPRESENTATION_CONTEXT('2D SPACE',''
  ) );
#1925 = ORIENTED_EDGE('',*,*,#1926,.F.);
#1926 = EDGE_CURVE('',#1904,#1904,#1927,.T.);
#1927 = SURFACE_CURVE('',#1928,(#1933,#1940),.PCURVE_S1.);
#1928 = CIRCLE('',#1929,2.25);
#1929 = AXIS2_PLACEMENT_3D('',#1930,#1931,#1932);
#1930 = CARTESIAN_POINT('',(55.,72.,6.));
#1931 = DIRECTION('',(0.,0.,-1.));
#1932 = DIRECTION('',(1.,0.,0.));
#1933 = PCURVE('',#601,#1934);
#1934 = DEFINITIONAL_REPRESENTATION('',(#1935),#1939);
#1935 = LINE('',#1936,#1937);
#1936 = CARTESIAN_POINT('',(-6.28318530718,-16.));
#1937 = VECTOR('',#1938,1.);
#1938 = DIRECTION('',(1.,-0.));
#1939 = ( GEOMETRIC_REPRESENTATION_CONTEXT(2) 
PARAMETRIC_REPRESENTATION_CONTEXT() REPRESENTATION_CONTEXT('2D SPACE',''
  ) );
#1940 = PCURVE('',#951,#1941);
#1941 = DEFINITIONAL_REPRESENTATION('',(#1942),#1950);
#1942 = ( BOUNDED_CURVE() B_SPLINE_CURVE(2,(#1943,#1944,#1945,#1946,
#1947,#1948,#1949),.UNSPECIFIED.,.T.,.F.) B_SPLINE_CURVE_WITH_KNOTS((1,2
    ,2,2,2,1),(-2.094395102393,0.,2.094395102393,4.188790204786,
6.28318530718,8.377580409573),.UNSPECIFIED.) CURVE() 
GEOMETRIC_REPRESENTATION_ITEM() RATIONAL_B_SPLINE_CURVE((1.,0.5,1.,0.5,
1.,0.5,1.)) REPRESENTATION_ITEM('') );
#1943 = CARTESIAN_POINT('',(227.25,207.));
#1944 = CARTESIAN_POINT('',(227.25,203.10288568297));
#1945 = CARTESIAN_POINT('',(223.875,205.05144284148));
#1946 = CARTESIAN_POINT('',(220.5,207.));
#1947 = CARTESIAN_POINT('',(223.875,208.94855715851));
#1948 = CARTESIAN_POINT('',(227.25,210.89711431703));
#1949 = CARTESIAN_POINT('',(227.25,207.));
#1950 = ( GEOMETRIC_REPRESENTATION_CONTEXT(2) 
PARAMETRIC_REPRESENTATION_CONTEXT() REPRESENTATION_CONTEXT('2D SPACE',''
  ) );
#1951 = ORIENTED_EDGE('',*,*,#1903,.F.);
#1952 = ADVANCED_FACE('',(#1953),#632,.F.);
#1953 = FACE_BOUND('',#1954,.F.);
#1954 = EDGE_LOOP('',(#1955,#1956,#1979,#2000));
#1955 = ORIENTED_EDGE('',*,*,#615,.T.);
#1956 = ORIENTED_EDGE('',*,*,#1957,.T.);
#1957 = EDGE_CURVE('',#618,#1958,#1960,.T.);
#1958 = VERTEX_POINT('',#1959);
#1959 = CARTESIAN_POINT('',(8.25,114.25,6.));
#1960 = SURFACE_CURVE('',#1961,(#1965,#1972),.PCURVE_S1.);
#1961 = LINE('',#1962,#1963);
#1962 = CARTESIAN_POINT('',(8.25,114.25,-10.));
#1963 = VECTOR('',#1964,1.);
#1964 = DIRECTION('',(0.,0.,1.));
#1965 = PCURVE('',#632,#1966);
#1966 = DEFINITIONAL_REPRESENTATION('',(#1967),#1971);
#1967 = LINE('',#1968,#1969);
#1968 = CARTESIAN_POINT('',(0.,0.));
#1969 = VECTOR('',#1970,1.);
#1970 = DIRECTION('',(0.,-1.));
#1971 = ( GEOMETRIC_REPRESENTATION_CONTEXT(2) 
PARAMETRIC_REPRESENTATION_CONTEXT() REPRESENTATION_CONTEXT('2D SPACE',''
  ) );
#1972 = PCURVE('',#721,#1973);
#1973 = DEFINITIONAL_REPRESENTATION('',(#1974),#1978);
#1974 = LINE('',#1975,#1976);
#1975 = CARTESIAN_POINT('',(3.14159265359,0.));
#1976 = VECTOR('',#1977,1.);
#1977 = DIRECTION('',(0.,-1.));
#1978 = ( GEOMETRIC_REPRESENTATION_CONTEXT(2) 
PARAMETRIC_REPRESENTATION_CONTEXT() REPRESENTATION_CONTEXT('2D SPACE',''
  ) );
#1979 = ORIENTED_EDGE('',*,*,#1980,.F.);
#1980 = EDGE_CURVE('',#1981,#1958,#1983,.T.);
#1981 = VERTEX_POINT('',#1982);
#1982 = CARTESIAN_POINT('',(31.75,114.25,6.));
#1983 = SURFACE_CURVE('',#1984,(#1988,#1994),.PCURVE_S1.);
#1984 = LINE('',#1985,#1986);
#1985 = CARTESIAN_POINT('',(-80.875,114.25,6.));
#1986 = VECTOR('',#1987,1.);
#1987 = DIRECTION('',(-1.,0.,0.));
#1988 = PCURVE('',#632,#1989);
#1989 = DEFINITIONAL_REPRESENTATION('',(#1990),#1993);
#1990 = B_SPLINE_CURVE_WITH_KNOTS('',1,(#1991,#1992),.UNSPECIFIED.,.F.,
  .F.,(2,2),(-112.625,-89.125),.PIECEWISE_BEZIER_KNOTS.);
#1991 = CARTESIAN_POINT('',(23.5,-16.));
#1992 = CARTESIAN_POINT('',(0.,-16.));
#1993 = ( GEOMETRIC_REPRESENTATION_CONTEXT(2) 
PARAMETRIC_REPRESENTATION_CONTEXT() REPRESENTATION_CONTEXT('2D SPACE',''
  ) );
#1994 = PCURVE('',#951,#1995);
#1995 = DEFINITIONAL_REPRESENTATION('',(#1996),#1999);
#1996 = B_SPLINE_CURVE_WITH_KNOTS('',1,(#1997,#1998),.UNSPECIFIED.,.F.,
  .F.,(2,2),(-112.625,-89.125),.PIECEWISE_BEZIER_KNOTS.);
#1997 = CARTESIAN_POINT('',(201.75,249.25));
#1998 = CARTESIAN_POINT('',(178.25,249.25));
#1999 = ( GEOMETRIC_REPRESENTATION_CONTEXT(2) 
PARAMETRIC_REPRESENTATION_CONTEXT() REPRESENTATION_CONTEXT('2D SPACE',''
  ) );
#2000 = ORIENTED_EDGE('',*,*,#2001,.F.);
#2001 = EDGE_CURVE('',#616,#1981,#2002,.T.);
#2002 = SURFACE_CURVE('',#2003,(#2007,#2014),.PCURVE_S1.);
#2003 = LINE('',#2004,#2005);
#2004 = CARTESIAN_POINT('',(31.75,114.25,-10.));
#2005 = VECTOR('',#2006,1.);
#2006 = DIRECTION('',(0.,0.,1.));
#2007 = PCURVE('',#632,#2008);
#2008 = DEFINITIONAL_REPRESENTATION('',(#2009),#2013);
#2009 = LINE('',#2010,#2011);
#2010 = CARTESIAN_POINT('',(23.5,0.));
#2011 = VECTOR('',#2012,1.);
#2012 = DIRECTION('',(0.,-1.));
#2013 = ( GEOMETRIC_REPRESENTATION_CONTEXT(2) 
PARAMETRIC_REPRESENTATION_CONTEXT() REPRESENTATION_CONTEXT('2D SPACE',''
  ) );
#2014 = PCURVE('',#664,#2015);
#2015 = DEFINITIONAL_REPRESENTATION('',(#2016),#2020);
#2016 = LINE('',#2017,#2018);
#2017 = CARTESIAN_POINT('',(0.,0.));
#2018 = VECTOR('',#2019,1.);
#2019 = DIRECTION('',(0.,-1.));
#2020 = ( GEOMETRIC_REPRESENTATION_CONTEXT(2) 
PARAMETRIC_REPRESENTATION_CONTEXT() REPRESENTATION_CONTEXT('2D SPACE',''
  ) );
#2021 = ADVANCED_FACE('',(#2022),#664,.F.);
#2022 = FACE_BOUND('',#2023,.F.);
#2023 = EDGE_LOOP('',(#2024,#2025,#2026,#2054));
#2024 = ORIENTED_EDGE('',*,*,#643,.F.);
#2025 = ORIENTED_EDGE('',*,*,#2001,.T.);
#2026 = ORIENTED_EDGE('',*,*,#2027,.T.);
#2027 = EDGE_CURVE('',#1981,#2028,#2030,.T.);
#2028 = VERTEX_POINT('',#2029);
#2029 = CARTESIAN_POINT('',(31.75,109.75,6.));
#2030 = SURFACE_CURVE('',#2031,(#2036,#2043),.PCURVE_S1.);
#2031 = CIRCLE('',#2032,2.25);
#2032 = AXIS2_PLACEMENT_3D('',#2033,#2034,#2035);
#2033 = CARTESIAN_POINT('',(31.75,112.,6.));
#2034 = DIRECTION('',(0.,0.,-1.));
#2035 = DIRECTION('',(0.,1.,0.));
#2036 = PCURVE('',#664,#2037);
#2037 = DEFINITIONAL_REPRESENTATION('',(#2038),#2042);
#2038 = LINE('',#2039,#2040);
#2039 = CARTESIAN_POINT('',(0.,-16.));
#2040 = VECTOR('',#2041,1.);
#2041 = DIRECTION('',(1.,0.));
#2042 = ( GEOMETRIC_REPRESENTATION_CONTEXT(2) 
PARAMETRIC_REPRESENTATION_CONTEXT() REPRESENTATION_CONTEXT('2D SPACE',''
  ) );
#2043 = PCURVE('',#951,#2044);
#2044 = DEFINITIONAL_REPRESENTATION('',(#2045),#2053);
#2045 = ( BOUNDED_CURVE() B_SPLINE_CURVE(2,(#2046,#2047,#2048,#2049,
#2050,#2051,#2052),.UNSPECIFIED.,.T.,.F.) B_SPLINE_CURVE_WITH_KNOTS((1,2
    ,2,2,2,1),(-2.094395102393,0.,2.094395102393,4.188790204786,
6.28318530718,8.377580409573),.UNSPECIFIED.) CURVE() 
GEOMETRIC_REPRESENTATION_ITEM() RATIONAL_B_SPLINE_CURVE((1.,0.5,1.,0.5,
1.,0.5,1.)) REPRESENTATION_ITEM('') );
#2046 = CARTESIAN_POINT('',(201.75,249.25));
#2047 = CARTESIAN_POINT('',(205.64711431703,249.25));
#2048 = CARTESIAN_POINT('',(203.69855715851,245.875));
#2049 = CARTESIAN_POINT('',(201.75,242.5));
#2050 = CARTESIAN_POINT('',(199.80144284148,245.875));
#2051 = CARTESIAN_POINT('',(197.85288568297,249.25));
#2052 = CARTESIAN_POINT('',(201.75,249.25));
#2053 = ( GEOMETRIC_REPRESENTATION_CONTEXT(2) 
PARAMETRIC_REPRESENTATION_CONTEXT() REPRESENTATION_CONTEXT('2D SPACE',''
  ) );
#2054 = ORIENTED_EDGE('',*,*,#2055,.F.);
#2055 = EDGE_CURVE('',#644,#2028,#2056,.T.);
#2056 = SURFACE_CURVE('',#2057,(#2061,#2068),.PCURVE_S1.);
#2057 = LINE('',#2058,#2059);
#2058 = CARTESIAN_POINT('',(31.75,109.75,-10.));
#2059 = VECTOR('',#2060,1.);
#2060 = DIRECTION('',(0.,0.,1.));
#2061 = PCURVE('',#664,#2062);
#2062 = DEFINITIONAL_REPRESENTATION('',(#2063),#2067);
#2063 = LINE('',#2064,#2065);
#2064 = CARTESIAN_POINT('',(3.14159265359,0.));
#2065 = VECTOR('',#2066,1.);
#2066 = DIRECTION('',(0.,-1.));
#2067 = ( GEOMETRIC_REPRESENTATION_CONTEXT(2) 
PARAMETRIC_REPRESENTATION_CONTEXT() REPRESENTATION_CONTEXT('2D SPACE',''
  ) );
#2068 = PCURVE('',#691,#2069);
#2069 = DEFINITIONAL_REPRESENTATION('',(#2070),#2074);
#2070 = LINE('',#2071,#2072);
#2071 = CARTESIAN_POINT('',(0.,-0.));
#2072 = VECTOR('',#2073,1.);
#2073 = DIRECTION('',(0.,-1.));
#2074 = ( GEOMETRIC_REPRESENTATION_CONTEXT(2) 
PARAMETRIC_REPRESENTATION_CONTEXT() REPRESENTATION_CONTEXT('2D SPACE',''
  ) );
#2075 = ADVANCED_FACE('',(#2076),#721,.F.);
#2076 = FACE_BOUND('',#2077,.F.);
#2077 = EDGE_LOOP('',(#2078,#2079,#2102,#2128));
#2078 = ORIENTED_EDGE('',*,*,#702,.F.);
#2079 = ORIENTED_EDGE('',*,*,#2080,.T.);
#2080 = EDGE_CURVE('',#677,#2081,#2083,.T.);
#2081 = VERTEX_POINT('',#2082);
#2082 = CARTESIAN_POINT('',(8.25,109.75,6.));
#2083 = SURFACE_CURVE('',#2084,(#2088,#2095),.PCURVE_S1.);
#2084 = LINE('',#2085,#2086);
#2085 = CARTESIAN_POINT('',(8.25,109.75,-10.));
#2086 = VECTOR('',#2087,1.);
#2087 = DIRECTION('',(0.,0.,1.));
#2088 = PCURVE('',#721,#2089);
#2089 = DEFINITIONAL_REPRESENTATION('',(#2090),#2094);
#2090 = LINE('',#2091,#2092);
#2091 = CARTESIAN_POINT('',(0.,0.));
#2092 = VECTOR('',#2093,1.);
#2093 = DIRECTION('',(0.,-1.));
#2094 = ( GEOMETRIC_REPRESENTATION_CONTEXT(2) 
PARAMETRIC_REPRESENTATION_CONTEXT() REPRESENTATION_CONTEXT('2D SPACE',''
  ) );
#2095 = PCURVE('',#691,#2096);
#2096 = DEFINITIONAL_REPRESENTATION('',(#2097),#2101);
#2097 = LINE('',#2098,#2099);
#2098 = CARTESIAN_POINT('',(23.5,0.));
#2099 = VECTOR('',#2100,1.);
#2100 = DIRECTION('',(0.,-1.));
#2101 = ( GEOMETRIC_REPRESENTATION_CONTEXT(2) 
PARAMETRIC_REPRESENTATION_CONTEXT() REPRESENTATION_CONTEXT('2D SPACE',''
  ) );
#2102 = ORIENTED_EDGE('',*,*,#2103,.T.);
#2103 = EDGE_CURVE('',#2081,#1958,#2104,.T.);
#2104 = SURFACE_CURVE('',#2105,(#2110,#2117),.PCURVE_S1.);
#2105 = CIRCLE('',#2106,2.25);
#2106 = AXIS2_PLACEMENT_3D('',#2107,#2108,#2109);
#2107 = CARTESIAN_POINT('',(8.25,112.,6.));
#2108 = DIRECTION('',(0.,-0.,-1.));
#2109 = DIRECTION('',(0.,-1.,0.));
#2110 = PCURVE('',#721,#2111);
#2111 = DEFINITIONAL_REPRESENTATION('',(#2112),#2116);
#2112 = LINE('',#2113,#2114);
#2113 = CARTESIAN_POINT('',(0.,-16.));
#2114 = VECTOR('',#2115,1.);
#2115 = DIRECTION('',(1.,0.));
#2116 = ( GEOMETRIC_REPRESENTATION_CONTEXT(2) 
PARAMETRIC_REPRESENTATION_CONTEXT() REPRESENTATION_CONTEXT('2D SPACE',''
  ) );
#2117 = PCURVE('',#951,#2118);
#2118 = DEFINITIONAL_REPRESENTATION('',(#2119),#2127);
#2119 = ( BOUNDED_CURVE() B_SPLINE_CURVE(2,(#2120,#2121,#2122,#2123,
#2124,#2125,#2126),.UNSPECIFIED.,.T.,.F.) B_SPLINE_CURVE_WITH_KNOTS((1,2
    ,2,2,2,1),(-2.094395102393,0.,2.094395102393,4.188790204786,
6.28318530718,8.377580409573),.UNSPECIFIED.) CURVE() 
GEOMETRIC_REPRESENTATION_ITEM() RATIONAL_B_SPLINE_CURVE((1.,0.5,1.,0.5,
1.,0.5,1.)) REPRESENTATION_ITEM('') );
#2120 = CARTESIAN_POINT('',(178.25,244.75));
#2121 = CARTESIAN_POINT('',(174.35288568297,244.75));
#2122 = CARTESIAN_POINT('',(176.30144284148,248.125));
#2123 = CARTESIAN_POINT('',(178.25,251.5));
#2124 = CARTESIAN_POINT('',(180.19855715851,248.125));
#2125 = CARTESIAN_POINT('',(182.14711431703,244.75));
#2126 = CARTESIAN_POINT('',(178.25,244.75));
#2127 = ( GEOMETRIC_REPRESENTATION_CONTEXT(2) 
PARAMETRIC_REPRESENTATION_CONTEXT() REPRESENTATION_CONTEXT('2D SPACE',''
  ) );
#2128 = ORIENTED_EDGE('',*,*,#1957,.F.);
#2129 = ADVANCED_FACE('',(#2130),#691,.F.);
#2130 = FACE_BOUND('',#2131,.F.);
#2131 = EDGE_LOOP('',(#2132,#2133,#2134,#2153));
#2132 = ORIENTED_EDGE('',*,*,#676,.T.);
#2133 = ORIENTED_EDGE('',*,*,#2055,.T.);
#2134 = ORIENTED_EDGE('',*,*,#2135,.F.);
#2135 = EDGE_CURVE('',#2081,#2028,#2136,.T.);
#2136 = SURFACE_CURVE('',#2137,(#2141,#2147),.PCURVE_S1.);
#2137 = LINE('',#2138,#2139);
#2138 = CARTESIAN_POINT('',(-69.125,109.75,6.));
#2139 = VECTOR('',#2140,1.);
#2140 = DIRECTION('',(1.,0.,-0.));
#2141 = PCURVE('',#691,#2142);
#2142 = DEFINITIONAL_REPRESENTATION('',(#2143),#2146);
#2143 = B_SPLINE_CURVE_WITH_KNOTS('',1,(#2144,#2145),.UNSPECIFIED.,.F.,
  .F.,(2,2),(77.375,100.875),.PIECEWISE_BEZIER_KNOTS.);
#2144 = CARTESIAN_POINT('',(23.5,-16.));
#2145 = CARTESIAN_POINT('',(0.,-16.));
#2146 = ( GEOMETRIC_REPRESENTATION_CONTEXT(2) 
PARAMETRIC_REPRESENTATION_CONTEXT() REPRESENTATION_CONTEXT('2D SPACE',''
  ) );
#2147 = PCURVE('',#951,#2148);
#2148 = DEFINITIONAL_REPRESENTATION('',(#2149),#2152);
#2149 = B_SPLINE_CURVE_WITH_KNOTS('',1,(#2150,#2151),.UNSPECIFIED.,.F.,
  .F.,(2,2),(77.375,100.875),.PIECEWISE_BEZIER_KNOTS.);
#2150 = CARTESIAN_POINT('',(178.25,244.75));
#2151 = CARTESIAN_POINT('',(201.75,244.75));
#2152 = ( GEOMETRIC_REPRESENTATION_CONTEXT(2) 
PARAMETRIC_REPRESENTATION_CONTEXT() REPRESENTATION_CONTEXT('2D SPACE',''
  ) );
#2153 = ORIENTED_EDGE('',*,*,#2080,.F.);
#2154 = ADVANCED_FACE('',(#2155),#756,.F.);
#2155 = FACE_BOUND('',#2156,.T.);
#2156 = EDGE_LOOP('',(#2157,#2158,#2181,#2207));
#2157 = ORIENTED_EDGE('',*,*,#735,.T.);
#2158 = ORIENTED_EDGE('',*,*,#2159,.T.);
#2159 = EDGE_CURVE('',#736,#2160,#2162,.T.);
#2160 = VERTEX_POINT('',#2161);
#2161 = CARTESIAN_POINT('',(61.7,90.,6.));
#2162 = SEAM_CURVE('',#2163,(#2167,#2174),.PCURVE_S1.);
#2163 = LINE('',#2164,#2165);
#2164 = CARTESIAN_POINT('',(61.7,90.,-10.));
#2165 = VECTOR('',#2166,1.);
#2166 = DIRECTION('',(0.,0.,1.));
#2167 = PCURVE('',#756,#2168);
#2168 = DEFINITIONAL_REPRESENTATION('',(#2169),#2173);
#2169 = LINE('',#2170,#2171);
#2170 = CARTESIAN_POINT('',(-6.28318530718,0.));
#2171 = VECTOR('',#2172,1.);
#2172 = DIRECTION('',(-0.,-1.));
#2173 = ( GEOMETRIC_REPRESENTATION_CONTEXT(2) 
PARAMETRIC_REPRESENTATION_CONTEXT() REPRESENTATION_CONTEXT('2D SPACE',''
  ) );
#2174 = PCURVE('',#756,#2175);
#2175 = DEFINITIONAL_REPRESENTATION('',(#2176),#2180);
#2176 = LINE('',#2177,#2178);
#2177 = CARTESIAN_POINT('',(-0.,0.));
#2178 = VECTOR('',#2179,1.);
#2179 = DIRECTION('',(-0.,-1.));
#2180 = ( GEOMETRIC_REPRESENTATION_CONTEXT(2) 
PARAMETRIC_REPRESENTATION_CONTEXT() REPRESENTATION_CONTEXT('2D SPACE',''
  ) );
#2181 = ORIENTED_EDGE('',*,*,#2182,.F.);
#2182 = EDGE_CURVE('',#2160,#2160,#2183,.T.);
#2183 = SURFACE_CURVE('',#2184,(#2189,#2196),.PCURVE_S1.);
#2184 = CIRCLE('',#2185,1.7);
#2185 = AXIS2_PLACEMENT_3D('',#2186,#2187,#2188);
#2186 = CARTESIAN_POINT('',(60.,90.,6.));
#2187 = DIRECTION('',(0.,0.,-1.));
#2188 = DIRECTION('',(1.,0.,0.));
#2189 = PCURVE('',#756,#2190);
#2190 = DEFINITIONAL_REPRESENTATION('',(#2191),#2195);
#2191 = LINE('',#2192,#2193);
#2192 = CARTESIAN_POINT('',(-6.28318530718,-16.));
#2193 = VECTOR('',#2194,1.);
#2194 = DIRECTION('',(1.,-0.));
#2195 = ( GEOMETRIC_REPRESENTATION_CONTEXT(2) 
PARAMETRIC_REPRESENTATION_CONTEXT() REPRESENTATION_CONTEXT('2D SPACE',''
  ) );
#2196 = PCURVE('',#951,#2197);
#2197 = DEFINITIONAL_REPRESENTATION('',(#2198),#2206);
#2198 = ( BOUNDED_CURVE() B_SPLINE_CURVE(2,(#2199,#2200,#2201,#2202,
#2203,#2204,#2205),.UNSPECIFIED.,.T.,.F.) B_SPLINE_CURVE_WITH_KNOTS((1,2
    ,2,2,2,1),(-2.094395102393,0.,2.094395102393,4.188790204786,
6.28318530718,8.377580409573),.UNSPECIFIED.) CURVE() 
GEOMETRIC_REPRESENTATION_ITEM() RATIONAL_B_SPLINE_CURVE((1.,0.5,1.,0.5,
1.,0.5,1.)) REPRESENTATION_ITEM('') );
#2199 = CARTESIAN_POINT('',(231.7,225.));
#2200 = CARTESIAN_POINT('',(231.7,222.05551362713));
#2201 = CARTESIAN_POINT('',(229.15,223.52775681356));
#2202 = CARTESIAN_POINT('',(226.6,225.));
#2203 = CARTESIAN_POINT('',(229.15,226.47224318643));
#2204 = CARTESIAN_POINT('',(231.7,227.94448637286));
#2205 = CARTESIAN_POINT('',(231.7,225.));
#2206 = ( GEOMETRIC_REPRESENTATION_CONTEXT(2) 
PARAMETRIC_REPRESENTATION_CONTEXT() REPRESENTATION_CONTEXT('2D SPACE',''
  ) );
#2207 = ORIENTED_EDGE('',*,*,#2159,.F.);
#2208 = ADVANCED_FACE('',(#2209),#791,.F.);
#2209 = FACE_BOUND('',#2210,.T.);
#2210 = EDGE_LOOP('',(#2211,#2212,#2235,#2261));
#2211 = ORIENTED_EDGE('',*,*,#770,.T.);
#2212 = ORIENTED_EDGE('',*,*,#2213,.T.);
#2213 = EDGE_CURVE('',#771,#2214,#2216,.T.);
#2214 = VERTEX_POINT('',#2215);
#2215 = CARTESIAN_POINT('',(86.7,67.,6.));
#2216 = SEAM_CURVE('',#2217,(#2221,#2228),.PCURVE_S1.);
#2217 = LINE('',#2218,#2219);
#2218 = CARTESIAN_POINT('',(86.7,67.,-10.));
#2219 = VECTOR('',#2220,1.);
#2220 = DIRECTION('',(0.,0.,1.));
#2221 = PCURVE('',#791,#2222);
#2222 = DEFINITIONAL_REPRESENTATION('',(#2223),#2227);
#2223 = LINE('',#2224,#2225);
#2224 = CARTESIAN_POINT('',(-6.28318530718,0.));
#2225 = VECTOR('',#2226,1.);
#2226 = DIRECTION('',(-0.,-1.));
#2227 = ( GEOMETRIC_REPRESENTATION_CONTEXT(2) 
PARAMETRIC_REPRESENTATION_CONTEXT() REPRESENTATION_CONTEXT('2D SPACE',''
  ) );
#2228 = PCURVE('',#791,#2229);
#2229 = DEFINITIONAL_REPRESENTATION('',(#2230),#2234);
#2230 = LINE('',#2231,#2232);
#2231 = CARTESIAN_POINT('',(-0.,0.));
#2232 = VECTOR('',#2233,1.);
#2233 = DIRECTION('',(-0.,-1.));
#2234 = ( GEOMETRIC_REPRESENTATION_CONTEXT(2) 
PARAMETRIC_REPRESENTATION_CONTEXT() REPRESENTATION_CONTEXT('2D SPACE',''
  ) );
#2235 = ORIENTED_EDGE('',*,*,#2236,.F.);
#2236 = EDGE_CURVE('',#2214,#2214,#2237,.T.);
#2237 = SURFACE_CURVE('',#2238,(#2243,#2250),.PCURVE_S1.);
#2238 = CIRCLE('',#2239,1.7);
#2239 = AXIS2_PLACEMENT_3D('',#2240,#2241,#2242);
#2240 = CARTESIAN_POINT('',(85.,67.,6.));
#2241 = DIRECTION('',(0.,0.,-1.));
#2242 = DIRECTION('',(1.,0.,0.));
#2243 = PCURVE('',#791,#2244);
#2244 = DEFINITIONAL_REPRESENTATION('',(#2245),#2249);
#2245 = LINE('',#2246,#2247);
#2246 = CARTESIAN_POINT('',(-6.28318530718,-16.));
#2247 = VECTOR('',#2248,1.);
#2248 = DIRECTION('',(1.,-0.));
#2249 = ( GEOMETRIC_REPRESENTATION_CONTEXT(2) 
PARAMETRIC_REPRESENTATION_CONTEXT() REPRESENTATION_CONTEXT('2D SPACE',''
  ) );
#2250 = PCURVE('',#951,#2251);
#2251 = DEFINITIONAL_REPRESENTATION('',(#2252),#2260);
#2252 = ( BOUNDED_CURVE() B_SPLINE_CURVE(2,(#2253,#2254,#2255,#2256,
#2257,#2258,#2259),.UNSPECIFIED.,.T.,.F.) B_SPLINE_CURVE_WITH_KNOTS((1,2
    ,2,2,2,1),(-2.094395102393,0.,2.094395102393,4.188790204786,
6.28318530718,8.377580409573),.UNSPECIFIED.) CURVE() 
GEOMETRIC_REPRESENTATION_ITEM() RATIONAL_B_SPLINE_CURVE((1.,0.5,1.,0.5,
1.,0.5,1.)) REPRESENTATION_ITEM('') );
#2253 = CARTESIAN_POINT('',(256.7,202.));
#2254 = CARTESIAN_POINT('',(256.7,199.05551362713));
#2255 = CARTESIAN_POINT('',(254.15,200.52775681356));
#2256 = CARTESIAN_POINT('',(251.6,202.));
#2257 = CARTESIAN_POINT('',(254.15,203.47224318643));
#2258 = CARTESIAN_POINT('',(256.7,204.94448637286));
#2259 = CARTESIAN_POINT('',(256.7,202.));
#2260 = ( GEOMETRIC_REPRESENTATION_CONTEXT(2) 
PARAMETRIC_REPRESENTATION_CONTEXT() REPRESENTATION_CONTEXT('2D SPACE',''
  ) );
#2261 = ORIENTED_EDGE('',*,*,#2213,.F.);
#2262 = ADVANCED_FACE('',(#2263),#826,.F.);
#2263 = FACE_BOUND('',#2264,.T.);
#2264 = EDGE_LOOP('',(#2265,#2266,#2289,#2315));
#2265 = ORIENTED_EDGE('',*,*,#805,.T.);
#2266 = ORIENTED_EDGE('',*,*,#2267,.T.);
#2267 = EDGE_CURVE('',#806,#2268,#2270,.T.);
#2268 = VERTEX_POINT('',#2269);
#2269 = CARTESIAN_POINT('',(146.7,67.,6.));
#2270 = SEAM_CURVE('',#2271,(#2275,#2282),.PCURVE_S1.);
#2271 = LINE('',#2272,#2273);
#2272 = CARTESIAN_POINT('',(146.7,67.,-10.));
#2273 = VECTOR('',#2274,1.);
#2274 = DIRECTION('',(0.,0.,1.));
#2275 = PCURVE('',#826,#2276);
#2276 = DEFINITIONAL_REPRESENTATION('',(#2277),#2281);
#2277 = LINE('',#2278,#2279);
#2278 = CARTESIAN_POINT('',(-6.28318530718,0.));
#2279 = VECTOR('',#2280,1.);
#2280 = DIRECTION('',(-0.,-1.));
#2281 = ( GEOMETRIC_REPRESENTATION_CONTEXT(2) 
PARAMETRIC_REPRESENTATION_CONTEXT() REPRESENTATION_CONTEXT('2D SPACE',''
  ) );
#2282 = PCURVE('',#826,#2283);
#2283 = DEFINITIONAL_REPRESENTATION('',(#2284),#2288);
#2284 = LINE('',#2285,#2286);
#2285 = CARTESIAN_POINT('',(-0.,0.));
#2286 = VECTOR('',#2287,1.);
#2287 = DIRECTION('',(-0.,-1.));
#2288 = ( GEOMETRIC_REPRESENTATION_CONTEXT(2) 
PARAMETRIC_REPRESENTATION_CONTEXT() REPRESENTATION_CONTEXT('2D SPACE',''
  ) );
#2289 = ORIENTED_EDGE('',*,*,#2290,.F.);
#2290 = EDGE_CURVE('',#2268,#2268,#2291,.T.);
#2291 = SURFACE_CURVE('',#2292,(#2297,#2304),.PCURVE_S1.);
#2292 = CIRCLE('',#2293,1.7);
#2293 = AXIS2_PLACEMENT_3D('',#2294,#2295,#2296);
#2294 = CARTESIAN_POINT('',(145.,67.,6.));
#2295 = DIRECTION('',(0.,0.,-1.));
#2296 = DIRECTION('',(1.,0.,0.));
#2297 = PCURVE('',#826,#2298);
#2298 = DEFINITIONAL_REPRESENTATION('',(#2299),#2303);
#2299 = LINE('',#2300,#2301);
#2300 = CARTESIAN_POINT('',(-6.28318530718,-16.));
#2301 = VECTOR('',#2302,1.);
#2302 = DIRECTION('',(1.,-0.));
#2303 = ( GEOMETRIC_REPRESENTATION_CONTEXT(2) 
PARAMETRIC_REPRESENTATION_CONTEXT() REPRESENTATION_CONTEXT('2D SPACE',''
  ) );
#2304 = PCURVE('',#951,#2305);
#2305 = DEFINITIONAL_REPRESENTATION('',(#2306),#2314);
#2306 = ( BOUNDED_CURVE() B_SPLINE_CURVE(2,(#2307,#2308,#2309,#2310,
#2311,#2312,#2313),.UNSPECIFIED.,.T.,.F.) B_SPLINE_CURVE_WITH_KNOTS((1,2
    ,2,2,2,1),(-2.094395102393,0.,2.094395102393,4.188790204786,
6.28318530718,8.377580409573),.UNSPECIFIED.) CURVE() 
GEOMETRIC_REPRESENTATION_ITEM() RATIONAL_B_SPLINE_CURVE((1.,0.5,1.,0.5,
1.,0.5,1.)) REPRESENTATION_ITEM('') );
#2307 = CARTESIAN_POINT('',(316.7,202.));
#2308 = CARTESIAN_POINT('',(316.7,199.05551362713));
#2309 = CARTESIAN_POINT('',(314.15,200.52775681356));
#2310 = CARTESIAN_POINT('',(311.6,202.));
#2311 = CARTESIAN_POINT('',(314.15,203.47224318643));
#2312 = CARTESIAN_POINT('',(316.7,204.94448637286));
#2313 = CARTESIAN_POINT('',(316.7,202.));
#2314 = ( GEOMETRIC_REPRESENTATION_CONTEXT(2) 
PARAMETRIC_REPRESENTATION_CONTEXT() REPRESENTATION_CONTEXT('2D SPACE',''
  ) );
#2315 = ORIENTED_EDGE('',*,*,#2267,.F.);
#2316 = ADVANCED_FACE('',(#2317),#861,.F.);
#2317 = FACE_BOUND('',#2318,.T.);
#2318 = EDGE_LOOP('',(#2319,#2320,#2343,#2369));
#2319 = ORIENTED_EDGE('',*,*,#840,.T.);
#2320 = ORIENTED_EDGE('',*,*,#2321,.T.);
#2321 = EDGE_CURVE('',#841,#2322,#2324,.T.);
#2322 = VERTEX_POINT('',#2323);
#2323 = CARTESIAN_POINT('',(101.7,90.,6.));
#2324 = SEAM_CURVE('',#2325,(#2329,#2336),.PCURVE_S1.);
#2325 = LINE('',#2326,#2327);
#2326 = CARTESIAN_POINT('',(101.7,90.,-10.));
#2327 = VECTOR('',#2328,1.);
#2328 = DIRECTION('',(0.,0.,1.));
#2329 = PCURVE('',#861,#2330);
#2330 = DEFINITIONAL_REPRESENTATION('',(#2331),#2335);
#2331 = LINE('',#2332,#2333);
#2332 = CARTESIAN_POINT('',(-6.28318530718,0.));
#2333 = VECTOR('',#2334,1.);
#2334 = DIRECTION('',(-0.,-1.));
#2335 = ( GEOMETRIC_REPRESENTATION_CONTEXT(2) 
PARAMETRIC_REPRESENTATION_CONTEXT() REPRESENTATION_CONTEXT('2D SPACE',''
  ) );
#2336 = PCURVE('',#861,#2337);
#2337 = DEFINITIONAL_REPRESENTATION('',(#2338),#2342);
#2338 = LINE('',#2339,#2340);
#2339 = CARTESIAN_POINT('',(-0.,0.));
#2340 = VECTOR('',#2341,1.);
#2341 = DIRECTION('',(-0.,-1.));
#2342 = ( GEOMETRIC_REPRESENTATION_CONTEXT(2) 
PARAMETRIC_REPRESENTATION_CONTEXT() REPRESENTATION_CONTEXT('2D SPACE',''
  ) );
#2343 = ORIENTED_EDGE('',*,*,#2344,.F.);
#2344 = EDGE_CURVE('',#2322,#2322,#2345,.T.);
#2345 = SURFACE_CURVE('',#2346,(#2351,#2358),.PCURVE_S1.);
#2346 = CIRCLE('',#2347,1.7);
#2347 = AXIS2_PLACEMENT_3D('',#2348,#2349,#2350);
#2348 = CARTESIAN_POINT('',(100.,90.,6.));
#2349 = DIRECTION('',(0.,0.,-1.));
#2350 = DIRECTION('',(1.,0.,0.));
#2351 = PCURVE('',#861,#2352);
#2352 = DEFINITIONAL_REPRESENTATION('',(#2353),#2357);
#2353 = LINE('',#2354,#2355);
#2354 = CARTESIAN_POINT('',(-6.28318530718,-16.));
#2355 = VECTOR('',#2356,1.);
#2356 = DIRECTION('',(1.,-0.));
#2357 = ( GEOMETRIC_REPRESENTATION_CONTEXT(2) 
PARAMETRIC_REPRESENTATION_CONTEXT() REPRESENTATION_CONTEXT('2D SPACE',''
  ) );
#2358 = PCURVE('',#951,#2359);
#2359 = DEFINITIONAL_REPRESENTATION('',(#2360),#2368);
#2360 = ( BOUNDED_CURVE() B_SPLINE_CURVE(2,(#2361,#2362,#2363,#2364,
#2365,#2366,#2367),.UNSPECIFIED.,.T.,.F.) B_SPLINE_CURVE_WITH_KNOTS((1,2
    ,2,2,2,1),(-2.094395102393,0.,2.094395102393,4.188790204786,
6.28318530718,8.377580409573),.UNSPECIFIED.) CURVE() 
GEOMETRIC_REPRESENTATION_ITEM() RATIONAL_B_SPLINE_CURVE((1.,0.5,1.,0.5,
1.,0.5,1.)) REPRESENTATION_ITEM('') );
#2361 = CARTESIAN_POINT('',(271.7,225.));
#2362 = CARTESIAN_POINT('',(271.7,222.05551362713));
#2363 = CARTESIAN_POINT('',(269.15,223.52775681356));
#2364 = CARTESIAN_POINT('',(266.6,225.));
#2365 = CARTESIAN_POINT('',(269.15,226.47224318643));
#2366 = CARTESIAN_POINT('',(271.7,227.94448637286));
#2367 = CARTESIAN_POINT('',(271.7,225.));
#2368 = ( GEOMETRIC_REPRESENTATION_CONTEXT(2) 
PARAMETRIC_REPRESENTATION_CONTEXT() REPRESENTATION_CONTEXT('2D SPACE',''
  ) );
#2369 = ORIENTED_EDGE('',*,*,#2321,.F.);
#2370 = ADVANCED_FACE('',(#2371),#896,.F.);
#2371 = FACE_BOUND('',#2372,.T.);
#2372 = EDGE_LOOP('',(#2373,#2374,#2397,#2423));
#2373 = ORIENTED_EDGE('',*,*,#875,.T.);
#2374 = ORIENTED_EDGE('',*,*,#2375,.T.);
#2375 = EDGE_CURVE('',#876,#2376,#2378,.T.);
#2376 = VERTEX_POINT('',#2377);
#2377 = CARTESIAN_POINT('',(141.7,90.,6.));
#2378 = SEAM_CURVE('',#2379,(#2383,#2390),.PCURVE_S1.);
#2379 = LINE('',#2380,#2381);
#2380 = CARTESIAN_POINT('',(141.7,90.,-10.));
#2381 = VECTOR('',#2382,1.);
#2382 = DIRECTION('',(0.,0.,1.));
#2383 = PCURVE('',#896,#2384);
#2384 = DEFINITIONAL_REPRESENTATION('',(#2385),#2389);
#2385 = LINE('',#2386,#2387);
#2386 = CARTESIAN_POINT('',(-6.28318530718,0.));
#2387 = VECTOR('',#2388,1.);
#2388 = DIRECTION('',(-0.,-1.));
#2389 = ( GEOMETRIC_REPRESENTATION_CONTEXT(2) 
PARAMETRIC_REPRESENTATION_CONTEXT() REPRESENTATION_CONTEXT('2D SPACE',''
  ) );
#2390 = PCURVE('',#896,#2391);
#2391 = DEFINITIONAL_REPRESENTATION('',(#2392),#2396);
#2392 = LINE('',#2393,#2394);
#2393 = CARTESIAN_POINT('',(-0.,0.));
#2394 = VECTOR('',#2395,1.);
#2395 = DIRECTION('',(-0.,-1.));
#2396 = ( GEOMETRIC_REPRESENTATION_CONTEXT(2) 
PARAMETRIC_REPRESENTATION_CONTEXT() REPRESENTATION_CONTEXT('2D SPACE',''
  ) );
#2397 = ORIENTED_EDGE('',*,*,#2398,.F.);
#2398 = EDGE_CURVE('',#2376,#2376,#2399,.T.);
#2399 = SURFACE_CURVE('',#2400,(#2405,#2412),.PCURVE_S1.);
#2400 = CIRCLE('',#2401,1.7);
#2401 = AXIS2_PLACEMENT_3D('',#2402,#2403,#2404);
#2402 = CARTESIAN_POINT('',(140.,90.,6.));
#2403 = DIRECTION('',(0.,0.,-1.));
#2404 = DIRECTION('',(1.,0.,0.));
#2405 = PCURVE('',#896,#2406);
#2406 = DEFINITIONAL_REPRESENTATION('',(#2407),#2411);
#2407 = LINE('',#2408,#2409);
#2408 = CARTESIAN_POINT('',(-6.28318530718,-16.));
#2409 = VECTOR('',#2410,1.);
#2410 = DIRECTION('',(1.,-0.));
#2411 = ( GEOMETRIC_REPRESENTATION_CONTEXT(2) 
PARAMETRIC_REPRESENTATION_CONTEXT() REPRESENTATION_CONTEXT('2D SPACE',''
  ) );
#2412 = PCURVE('',#951,#2413);
#2413 = DEFINITIONAL_REPRESENTATION('',(#2414),#2422);
#2414 = ( BOUNDED_CURVE() B_SPLINE_CURVE(2,(#2415,#2416,#2417,#2418,
#2419,#2420,#2421),.UNSPECIFIED.,.T.,.F.) B_SPLINE_CURVE_WITH_KNOTS((1,2
    ,2,2,2,1),(-2.094395102393,0.,2.094395102393,4.188790204786,
6.28318530718,8.377580409573),.UNSPECIFIED.) CURVE() 
GEOMETRIC_REPRESENTATION_ITEM() RATIONAL_B_SPLINE_CURVE((1.,0.5,1.,0.5,
1.,0.5,1.)) REPRESENTATION_ITEM('') );
#2415 = CARTESIAN_POINT('',(311.7,225.));
#2416 = CARTESIAN_POINT('',(311.7,222.05551362713));
#2417 = CARTESIAN_POINT('',(309.15,223.52775681356));
#2418 = CARTESIAN_POINT('',(306.6,225.));
#2419 = CARTESIAN_POINT('',(309.15,226.47224318643));
#2420 = CARTESIAN_POINT('',(311.7,227.94448637286));
#2421 = CARTESIAN_POINT('',(311.7,225.));
#2422 = ( GEOMETRIC_REPRESENTATION_CONTEXT(2) 
PARAMETRIC_REPRESENTATION_CONTEXT() REPRESENTATION_CONTEXT('2D SPACE',''
  ) );
#2423 = ORIENTED_EDGE('',*,*,#2375,.F.);
#2424 = ADVANCED_FACE('',(#2425),#1035,.T.);
#2425 = FACE_BOUND('',#2426,.T.);
#2426 = EDGE_LOOP('',(#2427,#2450,#2471,#2492));
#2427 = ORIENTED_EDGE('',*,*,#2428,.F.);
#2428 = EDGE_CURVE('',#2429,#992,#2431,.T.);
#2429 = VERTEX_POINT('',#2430);
#2430 = CARTESIAN_POINT('',(165.,130.,20.));
#2431 = SURFACE_CURVE('',#2432,(#2436,#2443),.PCURVE_S1.);
#2432 = LINE('',#2433,#2434);
#2433 = CARTESIAN_POINT('',(165.,129.,20.));
#2434 = VECTOR('',#2435,1.);
#2435 = DIRECTION('',(0.,1.,0.));
#2436 = PCURVE('',#1035,#2437);
#2437 = DEFINITIONAL_REPRESENTATION('',(#2438),#2442);
#2438 = LINE('',#2439,#2440);
#2439 = CARTESIAN_POINT('',(14.,0.));
#2440 = VECTOR('',#2441,1.);
#2441 = DIRECTION('',(0.,-1.));
#2442 = ( GEOMETRIC_REPRESENTATION_CONTEXT(2) 
PARAMETRIC_REPRESENTATION_CONTEXT() REPRESENTATION_CONTEXT('2D SPACE',''
  ) );
#2443 = PCURVE('',#1007,#2444);
#2444 = DEFINITIONAL_REPRESENTATION('',(#2445),#2449);
#2445 = LINE('',#2446,#2447);
#2446 = CARTESIAN_POINT('',(1.,259.));
#2447 = VECTOR('',#2448,1.);
#2448 = DIRECTION('',(0.,1.));
#2449 = ( GEOMETRIC_REPRESENTATION_CONTEXT(2) 
PARAMETRIC_REPRESENTATION_CONTEXT() REPRESENTATION_CONTEXT('2D SPACE',''
  ) );
#2450 = ORIENTED_EDGE('',*,*,#2451,.T.);
#2451 = EDGE_CURVE('',#2429,#2452,#2454,.T.);
#2452 = VERTEX_POINT('',#2453);
#2453 = CARTESIAN_POINT('',(165.,130.,6.));
#2454 = SURFACE_CURVE('',#2455,(#2459,#2465),.PCURVE_S1.);
#2455 = LINE('',#2456,#2457);
#2456 = CARTESIAN_POINT('',(165.,130.,6.));
#2457 = VECTOR('',#2458,1.);
#2458 = DIRECTION('',(0.,0.,-1.));
#2459 = PCURVE('',#1035,#2460);
#2460 = DEFINITIONAL_REPRESENTATION('',(#2461),#2464);
#2461 = B_SPLINE_CURVE_WITH_KNOTS('',1,(#2462,#2463),.UNSPECIFIED.,.F.,
  .F.,(2,2),(-14.,0.),.PIECEWISE_BEZIER_KNOTS.);
#2462 = CARTESIAN_POINT('',(14.,-1.));
#2463 = CARTESIAN_POINT('',(0.,-1.));
#2464 = ( GEOMETRIC_REPRESENTATION_CONTEXT(2) 
PARAMETRIC_REPRESENTATION_CONTEXT() REPRESENTATION_CONTEXT('2D SPACE',''
  ) );
#2465 = PCURVE('',#1167,#2466);
#2466 = DEFINITIONAL_REPRESENTATION('',(#2467),#2470);
#2467 = B_SPLINE_CURVE_WITH_KNOTS('',1,(#2468,#2469),.UNSPECIFIED.,.F.,
  .F.,(2,2),(-14.,0.),.PIECEWISE_BEZIER_KNOTS.);
#2468 = CARTESIAN_POINT('',(14.,1.));
#2469 = CARTESIAN_POINT('',(0.,1.));
#2470 = ( GEOMETRIC_REPRESENTATION_CONTEXT(2) 
PARAMETRIC_REPRESENTATION_CONTEXT() REPRESENTATION_CONTEXT('2D SPACE',''
  ) );
#2471 = ORIENTED_EDGE('',*,*,#2472,.T.);
#2472 = EDGE_CURVE('',#2452,#1020,#2473,.T.);
#2473 = SURFACE_CURVE('',#2474,(#2478,#2485),.PCURVE_S1.);
#2474 = LINE('',#2475,#2476);
#2475 = CARTESIAN_POINT('',(165.,129.,6.));
#2476 = VECTOR('',#2477,1.);
#2477 = DIRECTION('',(0.,1.,0.));
#2478 = PCURVE('',#1035,#2479);
#2479 = DEFINITIONAL_REPRESENTATION('',(#2480),#2484);
#2480 = LINE('',#2481,#2482);
#2481 = CARTESIAN_POINT('',(0.,0.));
#2482 = VECTOR('',#2483,1.);
#2483 = DIRECTION('',(0.,-1.));
#2484 = ( GEOMETRIC_REPRESENTATION_CONTEXT(2) 
PARAMETRIC_REPRESENTATION_CONTEXT() REPRESENTATION_CONTEXT('2D SPACE',''
  ) );
#2485 = PCURVE('',#1090,#2486);
#2486 = DEFINITIONAL_REPRESENTATION('',(#2487),#2491);
#2487 = LINE('',#2488,#2489);
#2488 = CARTESIAN_POINT('',(335.,264.));
#2489 = VECTOR('',#2490,1.);
#2490 = DIRECTION('',(0.,1.));
#2491 = ( GEOMETRIC_REPRESENTATION_CONTEXT(2) 
PARAMETRIC_REPRESENTATION_CONTEXT() REPRESENTATION_CONTEXT('2D SPACE',''
  ) );
#2492 = ORIENTED_EDGE('',*,*,#1019,.T.);
#2493 = ADVANCED_FACE('',(#2494),#1007,.T.);
#2494 = FACE_BOUND('',#2495,.T.);
#2495 = EDGE_LOOP('',(#2496,#2519,#2520,#2521,#2542,#2543,#2544,#2567));
#2496 = ORIENTED_EDGE('',*,*,#2497,.F.);
#2497 = EDGE_CURVE('',#1250,#2498,#2500,.T.);
#2498 = VERTEX_POINT('',#2499);
#2499 = CARTESIAN_POINT('',(164.,129.,20.));
#2500 = SURFACE_CURVE('',#2501,(#2505,#2512),.PCURVE_S1.);
#2501 = LINE('',#2502,#2503);
#2502 = CARTESIAN_POINT('',(164.,-130.,20.));
#2503 = VECTOR('',#2504,1.);
#2504 = DIRECTION('',(0.,1.,0.));
#2505 = PCURVE('',#1007,#2506);
#2506 = DEFINITIONAL_REPRESENTATION('',(#2507),#2511);
#2507 = LINE('',#2508,#2509);
#2508 = CARTESIAN_POINT('',(0.,0.));
#2509 = VECTOR('',#2510,1.);
#2510 = DIRECTION('',(0.,1.));
#2511 = ( GEOMETRIC_REPRESENTATION_CONTEXT(2) 
PARAMETRIC_REPRESENTATION_CONTEXT() REPRESENTATION_CONTEXT('2D SPACE',''
  ) );
#2512 = PCURVE('',#1264,#2513);
#2513 = DEFINITIONAL_REPRESENTATION('',(#2514),#2518);
#2514 = LINE('',#2515,#2516);
#2515 = CARTESIAN_POINT('',(14.,0.));
#2516 = VECTOR('',#2517,1.);
#2517 = DIRECTION('',(0.,-1.));
#2518 = ( GEOMETRIC_REPRESENTATION_CONTEXT(2) 
PARAMETRIC_REPRESENTATION_CONTEXT() REPRESENTATION_CONTEXT('2D SPACE',''
  ) );
#2519 = ORIENTED_EDGE('',*,*,#1275,.F.);
#2520 = ORIENTED_EDGE('',*,*,#1179,.T.);
#2521 = ORIENTED_EDGE('',*,*,#2522,.F.);
#2522 = EDGE_CURVE('',#2429,#1152,#2523,.T.);
#2523 = SURFACE_CURVE('',#2524,(#2528,#2535),.PCURVE_S1.);
#2524 = LINE('',#2525,#2526);
#2525 = CARTESIAN_POINT('',(164.,130.,20.));
#2526 = VECTOR('',#2527,1.);
#2527 = DIRECTION('',(1.,0.,0.));
#2528 = PCURVE('',#1007,#2529);
#2529 = DEFINITIONAL_REPRESENTATION('',(#2530),#2534);
#2530 = LINE('',#2531,#2532);
#2531 = CARTESIAN_POINT('',(0.,260.));
#2532 = VECTOR('',#2533,1.);
#2533 = DIRECTION('',(1.,0.));
#2534 = ( GEOMETRIC_REPRESENTATION_CONTEXT(2) 
PARAMETRIC_REPRESENTATION_CONTEXT() REPRESENTATION_CONTEXT('2D SPACE',''
  ) );
#2535 = PCURVE('',#1167,#2536);
#2536 = DEFINITIONAL_REPRESENTATION('',(#2537),#2541);
#2537 = LINE('',#2538,#2539);
#2538 = CARTESIAN_POINT('',(14.,0.));
#2539 = VECTOR('',#2540,1.);
#2540 = DIRECTION('',(0.,1.));
#2541 = ( GEOMETRIC_REPRESENTATION_CONTEXT(2) 
PARAMETRIC_REPRESENTATION_CONTEXT() REPRESENTATION_CONTEXT('2D SPACE',''
  ) );
#2542 = ORIENTED_EDGE('',*,*,#2428,.T.);
#2543 = ORIENTED_EDGE('',*,*,#991,.F.);
#2544 = ORIENTED_EDGE('',*,*,#2545,.F.);
#2545 = EDGE_CURVE('',#2546,#964,#2548,.T.);
#2546 = VERTEX_POINT('',#2547);
#2547 = CARTESIAN_POINT('',(48.,129.,20.));
#2548 = SURFACE_CURVE('',#2549,(#2553,#2560),.PCURVE_S1.);
#2549 = LINE('',#2550,#2551);
#2550 = CARTESIAN_POINT('',(48.,129.,20.));
#2551 = VECTOR('',#2552,1.);
#2552 = DIRECTION('',(0.,1.,0.));
#2553 = PCURVE('',#1007,#2554);
#2554 = DEFINITIONAL_REPRESENTATION('',(#2555),#2559);
#2555 = LINE('',#2556,#2557);
#2556 = CARTESIAN_POINT('',(-116.,259.));
#2557 = VECTOR('',#2558,1.);
#2558 = DIRECTION('',(0.,1.));
#2559 = ( GEOMETRIC_REPRESENTATION_CONTEXT(2) 
PARAMETRIC_REPRESENTATION_CONTEXT() REPRESENTATION_CONTEXT('2D SPACE',''
  ) );
#2560 = PCURVE('',#979,#2561);
#2561 = DEFINITIONAL_REPRESENTATION('',(#2562),#2566);
#2562 = LINE('',#2563,#2564);
#2563 = CARTESIAN_POINT('',(14.,0.));
#2564 = VECTOR('',#2565,1.);
#2565 = DIRECTION('',(0.,-1.));
#2566 = ( GEOMETRIC_REPRESENTATION_CONTEXT(2) 
PARAMETRIC_REPRESENTATION_CONTEXT() REPRESENTATION_CONTEXT('2D SPACE',''
  ) );
#2567 = ORIENTED_EDGE('',*,*,#2568,.T.);
#2568 = EDGE_CURVE('',#2546,#2498,#2569,.T.);
#2569 = SURFACE_CURVE('',#2570,(#2574,#2581),.PCURVE_S1.);
#2570 = LINE('',#2571,#2572);
#2571 = CARTESIAN_POINT('',(48.,129.,20.));
#2572 = VECTOR('',#2573,1.);
#2573 = DIRECTION('',(1.,0.,0.));
#2574 = PCURVE('',#1007,#2575);
#2575 = DEFINITIONAL_REPRESENTATION('',(#2576),#2580);
#2576 = LINE('',#2577,#2578);
#2577 = CARTESIAN_POINT('',(-116.,259.));
#2578 = VECTOR('',#2579,1.);
#2579 = DIRECTION('',(1.,0.));
#2580 = ( GEOMETRIC_REPRESENTATION_CONTEXT(2) 
PARAMETRIC_REPRESENTATION_CONTEXT() REPRESENTATION_CONTEXT('2D SPACE',''
  ) );
#2581 = PCURVE('',#2582,#2587);
#2582 = PLANE('',#2583);
#2583 = AXIS2_PLACEMENT_3D('',#2584,#2585,#2586);
#2584 = CARTESIAN_POINT('',(48.,129.,6.));
#2585 = DIRECTION('',(0.,1.,0.));
#2586 = DIRECTION('',(0.,0.,1.));
#2587 = DEFINITIONAL_REPRESENTATION('',(#2588),#2592);
#2588 = LINE('',#2589,#2590);
#2589 = CARTESIAN_POINT('',(14.,0.));
#2590 = VECTOR('',#2591,1.);
#2591 = DIRECTION('',(0.,1.));
#2592 = ( GEOMETRIC_REPRESENTATION_CONTEXT(2) 
PARAMETRIC_REPRESENTATION_CONTEXT() REPRESENTATION_CONTEXT('2D SPACE',''
  ) );
#2593 = ADVANCED_FACE('',(#2594),#979,.F.);
#2594 = FACE_BOUND('',#2595,.F.);
#2595 = EDGE_LOOP('',(#2596,#2619,#2640,#2641));
#2596 = ORIENTED_EDGE('',*,*,#2597,.F.);
#2597 = EDGE_CURVE('',#2598,#2546,#2600,.T.);
#2598 = VERTEX_POINT('',#2599);
#2599 = CARTESIAN_POINT('',(48.,129.,6.));
#2600 = SURFACE_CURVE('',#2601,(#2605,#2612),.PCURVE_S1.);
#2601 = LINE('',#2602,#2603);
#2602 = CARTESIAN_POINT('',(48.,129.,6.));
#2603 = VECTOR('',#2604,1.);
#2604 = DIRECTION('',(0.,0.,1.));
#2605 = PCURVE('',#979,#2606);
#2606 = DEFINITIONAL_REPRESENTATION('',(#2607),#2611);
#2607 = LINE('',#2608,#2609);
#2608 = CARTESIAN_POINT('',(0.,0.));
#2609 = VECTOR('',#2610,1.);
#2610 = DIRECTION('',(1.,0.));
#2611 = ( GEOMETRIC_REPRESENTATION_CONTEXT(2) 
PARAMETRIC_REPRESENTATION_CONTEXT() REPRESENTATION_CONTEXT('2D SPACE',''
  ) );
#2612 = PCURVE('',#2582,#2613);
#2613 = DEFINITIONAL_REPRESENTATION('',(#2614),#2618);
#2614 = LINE('',#2615,#2616);
#2615 = CARTESIAN_POINT('',(0.,0.));
#2616 = VECTOR('',#2617,1.);
#2617 = DIRECTION('',(1.,0.));
#2618 = ( GEOMETRIC_REPRESENTATION_CONTEXT(2) 
PARAMETRIC_REPRESENTATION_CONTEXT() REPRESENTATION_CONTEXT('2D SPACE',''
  ) );
#2619 = ORIENTED_EDGE('',*,*,#2620,.T.);
#2620 = EDGE_CURVE('',#2598,#936,#2621,.T.);
#2621 = SURFACE_CURVE('',#2622,(#2626,#2633),.PCURVE_S1.);
#2622 = LINE('',#2623,#2624);
#2623 = CARTESIAN_POINT('',(48.,129.,6.));
#2624 = VECTOR('',#2625,1.);
#2625 = DIRECTION('',(0.,1.,0.));
#2626 = PCURVE('',#979,#2627);
#2627 = DEFINITIONAL_REPRESENTATION('',(#2628),#2632);
#2628 = LINE('',#2629,#2630);
#2629 = CARTESIAN_POINT('',(0.,0.));
#2630 = VECTOR('',#2631,1.);
#2631 = DIRECTION('',(0.,-1.));
#2632 = ( GEOMETRIC_REPRESENTATION_CONTEXT(2) 
PARAMETRIC_REPRESENTATION_CONTEXT() REPRESENTATION_CONTEXT('2D SPACE',''
  ) );
#2633 = PCURVE('',#951,#2634);
#2634 = DEFINITIONAL_REPRESENTATION('',(#2635),#2639);
#2635 = LINE('',#2636,#2637);
#2636 = CARTESIAN_POINT('',(218.,264.));
#2637 = VECTOR('',#2638,1.);
#2638 = DIRECTION('',(0.,1.));
#2639 = ( GEOMETRIC_REPRESENTATION_CONTEXT(2) 
PARAMETRIC_REPRESENTATION_CONTEXT() REPRESENTATION_CONTEXT('2D SPACE',''
  ) );
#2640 = ORIENTED_EDGE('',*,*,#963,.T.);
#2641 = ORIENTED_EDGE('',*,*,#2545,.F.);
#2642 = ADVANCED_FACE('',(#2643,#2693,#2696,#2702,#2705,#2708,#2711,
    #2714,#2717,#2720,#2723,#2729,#2732,#2735,#2738,#2852,#2855),#951,
  .T.);
#2643 = FACE_BOUND('',#2644,.T.);
#2644 = EDGE_LOOP('',(#2645,#2646,#2647,#2648,#2671,#2692));
#2645 = ORIENTED_EDGE('',*,*,#935,.F.);
#2646 = ORIENTED_EDGE('',*,*,#1300,.F.);
#2647 = ORIENTED_EDGE('',*,*,#1228,.F.);
#2648 = ORIENTED_EDGE('',*,*,#2649,.T.);
#2649 = EDGE_CURVE('',#1229,#2650,#2652,.T.);
#2650 = VERTEX_POINT('',#2651);
#2651 = CARTESIAN_POINT('',(164.,129.,6.));
#2652 = SURFACE_CURVE('',#2653,(#2657,#2664),.PCURVE_S1.);
#2653 = LINE('',#2654,#2655);
#2654 = CARTESIAN_POINT('',(164.,-130.,6.));
#2655 = VECTOR('',#2656,1.);
#2656 = DIRECTION('',(0.,1.,0.));
#2657 = PCURVE('',#951,#2658);
#2658 = DEFINITIONAL_REPRESENTATION('',(#2659),#2663);
#2659 = LINE('',#2660,#2661);
#2660 = CARTESIAN_POINT('',(334.,5.));
#2661 = VECTOR('',#2662,1.);
#2662 = DIRECTION('',(0.,1.));
#2663 = ( GEOMETRIC_REPRESENTATION_CONTEXT(2) 
PARAMETRIC_REPRESENTATION_CONTEXT() REPRESENTATION_CONTEXT('2D SPACE',''
  ) );
#2664 = PCURVE('',#1264,#2665);
#2665 = DEFINITIONAL_REPRESENTATION('',(#2666),#2670);
#2666 = LINE('',#2667,#2668);
#2667 = CARTESIAN_POINT('',(0.,0.));
#2668 = VECTOR('',#2669,1.);
#2669 = DIRECTION('',(0.,-1.));
#2670 = ( GEOMETRIC_REPRESENTATION_CONTEXT(2) 
PARAMETRIC_REPRESENTATION_CONTEXT() REPRESENTATION_CONTEXT('2D SPACE',''
  ) );
#2671 = ORIENTED_EDGE('',*,*,#2672,.F.);
#2672 = EDGE_CURVE('',#2598,#2650,#2673,.T.);
#2673 = SURFACE_CURVE('',#2674,(#2678,#2685),.PCURVE_S1.);
#2674 = LINE('',#2675,#2676);
#2675 = CARTESIAN_POINT('',(48.,129.,6.));
#2676 = VECTOR('',#2677,1.);
#2677 = DIRECTION('',(1.,0.,0.));
#2678 = PCURVE('',#951,#2679);
#2679 = DEFINITIONAL_REPRESENTATION('',(#2680),#2684);
#2680 = LINE('',#2681,#2682);
#2681 = CARTESIAN_POINT('',(218.,264.));
#2682 = VECTOR('',#2683,1.);
#2683 = DIRECTION('',(1.,0.));
#2684 = ( GEOMETRIC_REPRESENTATION_CONTEXT(2) 
PARAMETRIC_REPRESENTATION_CONTEXT() REPRESENTATION_CONTEXT('2D SPACE',''
  ) );
#2685 = PCURVE('',#2582,#2686);
#2686 = DEFINITIONAL_REPRESENTATION('',(#2687),#2691);
#2687 = LINE('',#2688,#2689);
#2688 = CARTESIAN_POINT('',(0.,0.));
#2689 = VECTOR('',#2690,1.);
#2690 = DIRECTION('',(0.,1.));
#2691 = ( GEOMETRIC_REPRESENTATION_CONTEXT(2) 
PARAMETRIC_REPRESENTATION_CONTEXT() REPRESENTATION_CONTEXT('2D SPACE',''
  ) );
#2692 = ORIENTED_EDGE('',*,*,#2620,.T.);
#2693 = FACE_BOUND('',#2694,.T.);
#2694 = EDGE_LOOP('',(#2695));
#2695 = ORIENTED_EDGE('',*,*,#1346,.T.);
#2696 = FACE_BOUND('',#2697,.T.);
#2697 = EDGE_LOOP('',(#2698,#2699,#2700,#2701));
#2698 = ORIENTED_EDGE('',*,*,#1400,.F.);
#2699 = ORIENTED_EDGE('',*,*,#1447,.T.);
#2700 = ORIENTED_EDGE('',*,*,#1555,.F.);
#2701 = ORIENTED_EDGE('',*,*,#1523,.T.);
#2702 = FACE_BOUND('',#2703,.T.);
#2703 = EDGE_LOOP('',(#2704));
#2704 = ORIENTED_EDGE('',*,*,#1602,.T.);
#2705 = FACE_BOUND('',#2706,.T.);
#2706 = EDGE_LOOP('',(#2707));
#2707 = ORIENTED_EDGE('',*,*,#1656,.T.);
#2708 = FACE_BOUND('',#2709,.T.);
#2709 = EDGE_LOOP('',(#2710));
#2710 = ORIENTED_EDGE('',*,*,#1710,.T.);
#2711 = FACE_BOUND('',#2712,.T.);
#2712 = EDGE_LOOP('',(#2713));
#2713 = ORIENTED_EDGE('',*,*,#1764,.T.);
#2714 = FACE_BOUND('',#2715,.T.);
#2715 = EDGE_LOOP('',(#2716));
#2716 = ORIENTED_EDGE('',*,*,#1818,.T.);
#2717 = FACE_BOUND('',#2718,.T.);
#2718 = EDGE_LOOP('',(#2719));
#2719 = ORIENTED_EDGE('',*,*,#1872,.T.);
#2720 = FACE_BOUND('',#2721,.T.);
#2721 = EDGE_LOOP('',(#2722));
#2722 = ORIENTED_EDGE('',*,*,#1926,.T.);
#2723 = FACE_BOUND('',#2724,.T.);
#2724 = EDGE_LOOP('',(#2725,#2726,#2727,#2728));
#2725 = ORIENTED_EDGE('',*,*,#1980,.F.);
#2726 = ORIENTED_EDGE('',*,*,#2027,.T.);
#2727 = ORIENTED_EDGE('',*,*,#2135,.F.);
#2728 = ORIENTED_EDGE('',*,*,#2103,.T.);
#2729 = FACE_BOUND('',#2730,.T.);
#2730 = EDGE_LOOP('',(#2731));
#2731 = ORIENTED_EDGE('',*,*,#2182,.T.);
#2732 = FACE_BOUND('',#2733,.T.);
#2733 = EDGE_LOOP('',(#2734));
#2734 = ORIENTED_EDGE('',*,*,#2236,.T.);
#2735 = FACE_BOUND('',#2736,.T.);
#2736 = EDGE_LOOP('',(#2737));
#2737 = ORIENTED_EDGE('',*,*,#2290,.T.);
#2738 = FACE_BOUND('',#2739,.T.);
#2739 = EDGE_LOOP('',(#2740,#2770,#2798,#2826));
#2740 = ORIENTED_EDGE('',*,*,#2741,.T.);
#2741 = EDGE_CURVE('',#2742,#2744,#2746,.T.);
#2742 = VERTEX_POINT('',#2743);
#2743 = CARTESIAN_POINT('',(107.,35.,6.));
#2744 = VERTEX_POINT('',#2745);
#2745 = CARTESIAN_POINT('',(107.,120.,6.));
#2746 = SURFACE_CURVE('',#2747,(#2751,#2758),.PCURVE_S1.);
#2747 = LINE('',#2748,#2749);
#2748 = CARTESIAN_POINT('',(107.,35.,6.));
#2749 = VECTOR('',#2750,1.);
#2750 = DIRECTION('',(0.,1.,0.));
#2751 = PCURVE('',#951,#2752);
#2752 = DEFINITIONAL_REPRESENTATION('',(#2753),#2757);
#2753 = LINE('',#2754,#2755);
#2754 = CARTESIAN_POINT('',(277.,170.));
#2755 = VECTOR('',#2756,1.);
#2756 = DIRECTION('',(0.,1.));
#2757 = ( GEOMETRIC_REPRESENTATION_CONTEXT(2) 
PARAMETRIC_REPRESENTATION_CONTEXT() REPRESENTATION_CONTEXT('2D SPACE',''
  ) );
#2758 = PCURVE('',#2759,#2764);
#2759 = PLANE('',#2760);
#2760 = AXIS2_PLACEMENT_3D('',#2761,#2762,#2763);
#2761 = CARTESIAN_POINT('',(107.,35.,6.));
#2762 = DIRECTION('',(1.,0.,0.));
#2763 = DIRECTION('',(0.,0.,1.));
#2764 = DEFINITIONAL_REPRESENTATION('',(#2765),#2769);
#2765 = LINE('',#2766,#2767);
#2766 = CARTESIAN_POINT('',(0.,0.));
#2767 = VECTOR('',#2768,1.);
#2768 = DIRECTION('',(0.,-1.));
#2769 = ( GEOMETRIC_REPRESENTATION_CONTEXT(2) 
PARAMETRIC_REPRESENTATION_CONTEXT() REPRESENTATION_CONTEXT('2D SPACE',''
  ) );
#2770 = ORIENTED_EDGE('',*,*,#2771,.T.);
#2771 = EDGE_CURVE('',#2744,#2772,#2774,.T.);
#2772 = VERTEX_POINT('',#2773);
#2773 = CARTESIAN_POINT('',(113.,120.,6.));
#2774 = SURFACE_CURVE('',#2775,(#2779,#2786),.PCURVE_S1.);
#2775 = LINE('',#2776,#2777);
#2776 = CARTESIAN_POINT('',(107.,120.,6.));
#2777 = VECTOR('',#2778,1.);
#2778 = DIRECTION('',(1.,0.,0.));
#2779 = PCURVE('',#951,#2780);
#2780 = DEFINITIONAL_REPRESENTATION('',(#2781),#2785);
#2781 = LINE('',#2782,#2783);
#2782 = CARTESIAN_POINT('',(277.,255.));
#2783 = VECTOR('',#2784,1.);
#2784 = DIRECTION('',(1.,0.));
#2785 = ( GEOMETRIC_REPRESENTATION_CONTEXT(2) 
PARAMETRIC_REPRESENTATION_CONTEXT() REPRESENTATION_CONTEXT('2D SPACE',''
  ) );
#2786 = PCURVE('',#2787,#2792);
#2787 = PLANE('',#2788);
#2788 = AXIS2_PLACEMENT_3D('',#2789,#2790,#2791);
#2789 = CARTESIAN_POINT('',(107.,120.,6.));
#2790 = DIRECTION('',(0.,1.,0.));
#2791 = DIRECTION('',(0.,0.,1.));
#2792 = DEFINITIONAL_REPRESENTATION('',(#2793),#2797);
#2793 = LINE('',#2794,#2795);
#2794 = CARTESIAN_POINT('',(0.,0.));
#2795 = VECTOR('',#2796,1.);
#2796 = DIRECTION('',(0.,1.));
#2797 = ( GEOMETRIC_REPRESENTATION_CONTEXT(2) 
PARAMETRIC_REPRESENTATION_CONTEXT() REPRESENTATION_CONTEXT('2D SPACE',''
  ) );
#2798 = ORIENTED_EDGE('',*,*,#2799,.F.);
#2799 = EDGE_CURVE('',#2800,#2772,#2802,.T.);
#2800 = VERTEX_POINT('',#2801);
#2801 = CARTESIAN_POINT('',(113.,35.,6.));
#2802 = SURFACE_CURVE('',#2803,(#2807,#2814),.PCURVE_S1.);
#2803 = LINE('',#2804,#2805);
#2804 = CARTESIAN_POINT('',(113.,35.,6.));
#2805 = VECTOR('',#2806,1.);
#2806 = DIRECTION('',(0.,1.,0.));
#2807 = PCURVE('',#951,#2808);
#2808 = DEFINITIONAL_REPRESENTATION('',(#2809),#2813);
#2809 = LINE('',#2810,#2811);
#2810 = CARTESIAN_POINT('',(283.,170.));
#2811 = VECTOR('',#2812,1.);
#2812 = DIRECTION('',(0.,1.));
#2813 = ( GEOMETRIC_REPRESENTATION_CONTEXT(2) 
PARAMETRIC_REPRESENTATION_CONTEXT() REPRESENTATION_CONTEXT('2D SPACE',''
  ) );
#2814 = PCURVE('',#2815,#2820);
#2815 = PLANE('',#2816);
#2816 = AXIS2_PLACEMENT_3D('',#2817,#2818,#2819);
#2817 = CARTESIAN_POINT('',(113.,35.,6.));
#2818 = DIRECTION('',(1.,0.,0.));
#2819 = DIRECTION('',(0.,0.,1.));
#2820 = DEFINITIONAL_REPRESENTATION('',(#2821),#2825);
#2821 = LINE('',#2822,#2823);
#2822 = CARTESIAN_POINT('',(0.,0.));
#2823 = VECTOR('',#2824,1.);
#2824 = DIRECTION('',(0.,-1.));
#2825 = ( GEOMETRIC_REPRESENTATION_CONTEXT(2) 
PARAMETRIC_REPRESENTATION_CONTEXT() REPRESENTATION_CONTEXT('2D SPACE',''
  ) );
#2826 = ORIENTED_EDGE('',*,*,#2827,.F.);
#2827 = EDGE_CURVE('',#2742,#2800,#2828,.T.);
#2828 = SURFACE_CURVE('',#2829,(#2833,#2840),.PCURVE_S1.);
#2829 = LINE('',#2830,#2831);
#2830 = CARTESIAN_POINT('',(107.,35.,6.));
#2831 = VECTOR('',#2832,1.);
#2832 = DIRECTION('',(1.,0.,0.));
#2833 = PCURVE('',#951,#2834);
#2834 = DEFINITIONAL_REPRESENTATION('',(#2835),#2839);
#2835 = LINE('',#2836,#2837);
#2836 = CARTESIAN_POINT('',(277.,170.));
#2837 = VECTOR('',#2838,1.);
#2838 = DIRECTION('',(1.,0.));
#2839 = ( GEOMETRIC_REPRESENTATION_CONTEXT(2) 
PARAMETRIC_REPRESENTATION_CONTEXT() REPRESENTATION_CONTEXT('2D SPACE',''
  ) );
#2840 = PCURVE('',#2841,#2846);
#2841 = PLANE('',#2842);
#2842 = AXIS2_PLACEMENT_3D('',#2843,#2844,#2845);
#2843 = CARTESIAN_POINT('',(107.,35.,6.));
#2844 = DIRECTION('',(0.,1.,0.));
#2845 = DIRECTION('',(0.,0.,1.));
#2846 = DEFINITIONAL_REPRESENTATION('',(#2847),#2851);
#2847 = LINE('',#2848,#2849);
#2848 = CARTESIAN_POINT('',(0.,0.));
#2849 = VECTOR('',#2850,1.);
#2850 = DIRECTION('',(0.,1.));
#2851 = ( GEOMETRIC_REPRESENTATION_CONTEXT(2) 
PARAMETRIC_REPRESENTATION_CONTEXT() REPRESENTATION_CONTEXT('2D SPACE',''
  ) );
#2852 = FACE_BOUND('',#2853,.T.);
#2853 = EDGE_LOOP('',(#2854));
#2854 = ORIENTED_EDGE('',*,*,#2344,.T.);
#2855 = FACE_BOUND('',#2856,.T.);
#2856 = EDGE_LOOP('',(#2857));
#2857 = ORIENTED_EDGE('',*,*,#2398,.T.);
#2858 = ADVANCED_FACE('',(#2859),#1090,.T.);
#2859 = FACE_BOUND('',#2860,.T.);
#2860 = EDGE_LOOP('',(#2861,#2862,#2863));
#2861 = ORIENTED_EDGE('',*,*,#1073,.T.);
#2862 = ORIENTED_EDGE('',*,*,#2472,.F.);
#2863 = ORIENTED_EDGE('',*,*,#2864,.T.);
#2864 = EDGE_CURVE('',#2452,#1074,#2865,.T.);
#2865 = SURFACE_CURVE('',#2866,(#2870,#2877),.PCURVE_S1.);
#2866 = LINE('',#2867,#2868);
#2867 = CARTESIAN_POINT('',(164.,130.,6.));
#2868 = VECTOR('',#2869,1.);
#2869 = DIRECTION('',(1.,0.,0.));
#2870 = PCURVE('',#1090,#2871);
#2871 = DEFINITIONAL_REPRESENTATION('',(#2872),#2876);
#2872 = LINE('',#2873,#2874);
#2873 = CARTESIAN_POINT('',(334.,265.));
#2874 = VECTOR('',#2875,1.);
#2875 = DIRECTION('',(1.,0.));
#2876 = ( GEOMETRIC_REPRESENTATION_CONTEXT(2) 
PARAMETRIC_REPRESENTATION_CONTEXT() REPRESENTATION_CONTEXT('2D SPACE',''
  ) );
#2877 = PCURVE('',#1167,#2878);
#2878 = DEFINITIONAL_REPRESENTATION('',(#2879),#2883);
#2879 = LINE('',#2880,#2881);
#2880 = CARTESIAN_POINT('',(0.,0.));
#2881 = VECTOR('',#2882,1.);
#2882 = DIRECTION('',(0.,1.));
#2883 = ( GEOMETRIC_REPRESENTATION_CONTEXT(2) 
PARAMETRIC_REPRESENTATION_CONTEXT() REPRESENTATION_CONTEXT('2D SPACE',''
  ) );
#2884 = ADVANCED_FACE('',(#2885),#1167,.T.);
#2885 = FACE_BOUND('',#2886,.T.);
#2886 = EDGE_LOOP('',(#2887,#2888,#2889,#2890));
#2887 = ORIENTED_EDGE('',*,*,#2864,.F.);
#2888 = ORIENTED_EDGE('',*,*,#2451,.F.);
#2889 = ORIENTED_EDGE('',*,*,#2522,.T.);
#2890 = ORIENTED_EDGE('',*,*,#1151,.F.);
#2891 = ADVANCED_FACE('',(#2892),#1264,.F.);
#2892 = FACE_BOUND('',#2893,.F.);
#2893 = EDGE_LOOP('',(#2894,#2895,#2896,#2897));
#2894 = ORIENTED_EDGE('',*,*,#2497,.F.);
#2895 = ORIENTED_EDGE('',*,*,#1249,.F.);
#2896 = ORIENTED_EDGE('',*,*,#2649,.T.);
#2897 = ORIENTED_EDGE('',*,*,#2898,.T.);
#2898 = EDGE_CURVE('',#2650,#2498,#2899,.T.);
#2899 = SURFACE_CURVE('',#2900,(#2904,#2910),.PCURVE_S1.);
#2900 = LINE('',#2901,#2902);
#2901 = CARTESIAN_POINT('',(164.,129.,6.));
#2902 = VECTOR('',#2903,1.);
#2903 = DIRECTION('',(0.,0.,1.));
#2904 = PCURVE('',#1264,#2905);
#2905 = DEFINITIONAL_REPRESENTATION('',(#2906),#2909);
#2906 = B_SPLINE_CURVE_WITH_KNOTS('',1,(#2907,#2908),.UNSPECIFIED.,.F.,
  .F.,(2,2),(0.,14.),.PIECEWISE_BEZIER_KNOTS.);
#2907 = CARTESIAN_POINT('',(0.,-259.));
#2908 = CARTESIAN_POINT('',(14.,-259.));
#2909 = ( GEOMETRIC_REPRESENTATION_CONTEXT(2) 
PARAMETRIC_REPRESENTATION_CONTEXT() REPRESENTATION_CONTEXT('2D SPACE',''
  ) );
#2910 = PCURVE('',#2582,#2911);
#2911 = DEFINITIONAL_REPRESENTATION('',(#2912),#2915);
#2912 = B_SPLINE_CURVE_WITH_KNOTS('',1,(#2913,#2914),.UNSPECIFIED.,.F.,
  .F.,(2,2),(0.,14.),.PIECEWISE_BEZIER_KNOTS.);
#2913 = CARTESIAN_POINT('',(0.,116.));
#2914 = CARTESIAN_POINT('',(14.,116.));
#2915 = ( GEOMETRIC_REPRESENTATION_CONTEXT(2) 
PARAMETRIC_REPRESENTATION_CONTEXT() REPRESENTATION_CONTEXT('2D SPACE',''
  ) );
#2916 = ADVANCED_FACE('',(#2917),#2582,.F.);
#2917 = FACE_BOUND('',#2918,.F.);
#2918 = EDGE_LOOP('',(#2919,#2920,#2921,#2922));
#2919 = ORIENTED_EDGE('',*,*,#2672,.F.);
#2920 = ORIENTED_EDGE('',*,*,#2597,.T.);
#2921 = ORIENTED_EDGE('',*,*,#2568,.T.);
#2922 = ORIENTED_EDGE('',*,*,#2898,.F.);
#2923 = ADVANCED_FACE('',(#2924),#2759,.F.);
#2924 = FACE_BOUND('',#2925,.F.);
#2925 = EDGE_LOOP('',(#2926,#2949,#2950,#2973));
#2926 = ORIENTED_EDGE('',*,*,#2927,.F.);
#2927 = EDGE_CURVE('',#2742,#2928,#2930,.T.);
#2928 = VERTEX_POINT('',#2929);
#2929 = CARTESIAN_POINT('',(107.,35.,14.));
#2930 = SURFACE_CURVE('',#2931,(#2935,#2942),.PCURVE_S1.);
#2931 = LINE('',#2932,#2933);
#2932 = CARTESIAN_POINT('',(107.,35.,6.));
#2933 = VECTOR('',#2934,1.);
#2934 = DIRECTION('',(0.,0.,1.));
#2935 = PCURVE('',#2759,#2936);
#2936 = DEFINITIONAL_REPRESENTATION('',(#2937),#2941);
#2937 = LINE('',#2938,#2939);
#2938 = CARTESIAN_POINT('',(0.,0.));
#2939 = VECTOR('',#2940,1.);
#2940 = DIRECTION('',(1.,0.));
#2941 = ( GEOMETRIC_REPRESENTATION_CONTEXT(2) 
PARAMETRIC_REPRESENTATION_CONTEXT() REPRESENTATION_CONTEXT('2D SPACE',''
  ) );
#2942 = PCURVE('',#2841,#2943);
#2943 = DEFINITIONAL_REPRESENTATION('',(#2944),#2948);
#2944 = LINE('',#2945,#2946);
#2945 = CARTESIAN_POINT('',(0.,0.));
#2946 = VECTOR('',#2947,1.);
#2947 = DIRECTION('',(1.,0.));
#2948 = ( GEOMETRIC_REPRESENTATION_CONTEXT(2) 
PARAMETRIC_REPRESENTATION_CONTEXT() REPRESENTATION_CONTEXT('2D SPACE',''
  ) );
#2949 = ORIENTED_EDGE('',*,*,#2741,.T.);
#2950 = ORIENTED_EDGE('',*,*,#2951,.T.);
#2951 = EDGE_CURVE('',#2744,#2952,#2954,.T.);
#2952 = VERTEX_POINT('',#2953);
#2953 = CARTESIAN_POINT('',(107.,120.,14.));
#2954 = SURFACE_CURVE('',#2955,(#2959,#2966),.PCURVE_S1.);
#2955 = LINE('',#2956,#2957);
#2956 = CARTESIAN_POINT('',(107.,120.,6.));
#2957 = VECTOR('',#2958,1.);
#2958 = DIRECTION('',(0.,0.,1.));
#2959 = PCURVE('',#2759,#2960);
#2960 = DEFINITIONAL_REPRESENTATION('',(#2961),#2965);
#2961 = LINE('',#2962,#2963);
#2962 = CARTESIAN_POINT('',(0.,-85.));
#2963 = VECTOR('',#2964,1.);
#2964 = DIRECTION('',(1.,0.));
#2965 = ( GEOMETRIC_REPRESENTATION_CONTEXT(2) 
PARAMETRIC_REPRESENTATION_CONTEXT() REPRESENTATION_CONTEXT('2D SPACE',''
  ) );
#2966 = PCURVE('',#2787,#2967);
#2967 = DEFINITIONAL_REPRESENTATION('',(#2968),#2972);
#2968 = LINE('',#2969,#2970);
#2969 = CARTESIAN_POINT('',(0.,0.));
#2970 = VECTOR('',#2971,1.);
#2971 = DIRECTION('',(1.,0.));
#2972 = ( GEOMETRIC_REPRESENTATION_CONTEXT(2) 
PARAMETRIC_REPRESENTATION_CONTEXT() REPRESENTATION_CONTEXT('2D SPACE',''
  ) );
#2973 = ORIENTED_EDGE('',*,*,#2974,.F.);
#2974 = EDGE_CURVE('',#2928,#2952,#2975,.T.);
#2975 = SURFACE_CURVE('',#2976,(#2980,#2987),.PCURVE_S1.);
#2976 = LINE('',#2977,#2978);
#2977 = CARTESIAN_POINT('',(107.,35.,14.));
#2978 = VECTOR('',#2979,1.);
#2979 = DIRECTION('',(0.,1.,0.));
#2980 = PCURVE('',#2759,#2981);
#2981 = DEFINITIONAL_REPRESENTATION('',(#2982),#2986);
#2982 = LINE('',#2983,#2984);
#2983 = CARTESIAN_POINT('',(8.,0.));
#2984 = VECTOR('',#2985,1.);
#2985 = DIRECTION('',(0.,-1.));
#2986 = ( GEOMETRIC_REPRESENTATION_CONTEXT(2) 
PARAMETRIC_REPRESENTATION_CONTEXT() REPRESENTATION_CONTEXT('2D SPACE',''
  ) );
#2987 = PCURVE('',#2988,#2993);
#2988 = PLANE('',#2989);
#2989 = AXIS2_PLACEMENT_3D('',#2990,#2991,#2992);
#2990 = CARTESIAN_POINT('',(107.,35.,14.));
#2991 = DIRECTION('',(0.,0.,1.));
#2992 = DIRECTION('',(1.,0.,0.));
#2993 = DEFINITIONAL_REPRESENTATION('',(#2994),#2998);
#2994 = LINE('',#2995,#2996);
#2995 = CARTESIAN_POINT('',(0.,0.));
#2996 = VECTOR('',#2997,1.);
#2997 = DIRECTION('',(0.,1.));
#2998 = ( GEOMETRIC_REPRESENTATION_CONTEXT(2) 
PARAMETRIC_REPRESENTATION_CONTEXT() REPRESENTATION_CONTEXT('2D SPACE',''
  ) );
#2999 = ADVANCED_FACE('',(#3000),#2787,.T.);
#3000 = FACE_BOUND('',#3001,.T.);
#3001 = EDGE_LOOP('',(#3002,#3003,#3004,#3027));
#3002 = ORIENTED_EDGE('',*,*,#2771,.F.);
#3003 = ORIENTED_EDGE('',*,*,#2951,.T.);
#3004 = ORIENTED_EDGE('',*,*,#3005,.T.);
#3005 = EDGE_CURVE('',#2952,#3006,#3008,.T.);
#3006 = VERTEX_POINT('',#3007);
#3007 = CARTESIAN_POINT('',(113.,120.,14.));
#3008 = SURFACE_CURVE('',#3009,(#3013,#3020),.PCURVE_S1.);
#3009 = LINE('',#3010,#3011);
#3010 = CARTESIAN_POINT('',(107.,120.,14.));
#3011 = VECTOR('',#3012,1.);
#3012 = DIRECTION('',(1.,0.,0.));
#3013 = PCURVE('',#2787,#3014);
#3014 = DEFINITIONAL_REPRESENTATION('',(#3015),#3019);
#3015 = LINE('',#3016,#3017);
#3016 = CARTESIAN_POINT('',(8.,0.));
#3017 = VECTOR('',#3018,1.);
#3018 = DIRECTION('',(0.,1.));
#3019 = ( GEOMETRIC_REPRESENTATION_CONTEXT(2) 
PARAMETRIC_REPRESENTATION_CONTEXT() REPRESENTATION_CONTEXT('2D SPACE',''
  ) );
#3020 = PCURVE('',#2988,#3021);
#3021 = DEFINITIONAL_REPRESENTATION('',(#3022),#3026);
#3022 = LINE('',#3023,#3024);
#3023 = CARTESIAN_POINT('',(0.,85.));
#3024 = VECTOR('',#3025,1.);
#3025 = DIRECTION('',(1.,0.));
#3026 = ( GEOMETRIC_REPRESENTATION_CONTEXT(2) 
PARAMETRIC_REPRESENTATION_CONTEXT() REPRESENTATION_CONTEXT('2D SPACE',''
  ) );
#3027 = ORIENTED_EDGE('',*,*,#3028,.F.);
#3028 = EDGE_CURVE('',#2772,#3006,#3029,.T.);
#3029 = SURFACE_CURVE('',#3030,(#3034,#3041),.PCURVE_S1.);
#3030 = LINE('',#3031,#3032);
#3031 = CARTESIAN_POINT('',(113.,120.,6.));
#3032 = VECTOR('',#3033,1.);
#3033 = DIRECTION('',(0.,0.,1.));
#3034 = PCURVE('',#2787,#3035);
#3035 = DEFINITIONAL_REPRESENTATION('',(#3036),#3040);
#3036 = LINE('',#3037,#3038);
#3037 = CARTESIAN_POINT('',(0.,6.));
#3038 = VECTOR('',#3039,1.);
#3039 = DIRECTION('',(1.,0.));
#3040 = ( GEOMETRIC_REPRESENTATION_CONTEXT(2) 
PARAMETRIC_REPRESENTATION_CONTEXT() REPRESENTATION_CONTEXT('2D SPACE',''
  ) );
#3041 = PCURVE('',#2815,#3042);
#3042 = DEFINITIONAL_REPRESENTATION('',(#3043),#3047);
#3043 = LINE('',#3044,#3045);
#3044 = CARTESIAN_POINT('',(0.,-85.));
#3045 = VECTOR('',#3046,1.);
#3046 = DIRECTION('',(1.,0.));
#3047 = ( GEOMETRIC_REPRESENTATION_CONTEXT(2) 
PARAMETRIC_REPRESENTATION_CONTEXT() REPRESENTATION_CONTEXT('2D SPACE',''
  ) );
#3048 = ADVANCED_FACE('',(#3049),#2841,.F.);
#3049 = FACE_BOUND('',#3050,.F.);
#3050 = EDGE_LOOP('',(#3051,#3052,#3053,#3076));
#3051 = ORIENTED_EDGE('',*,*,#2827,.F.);
#3052 = ORIENTED_EDGE('',*,*,#2927,.T.);
#3053 = ORIENTED_EDGE('',*,*,#3054,.T.);
#3054 = EDGE_CURVE('',#2928,#3055,#3057,.T.);
#3055 = VERTEX_POINT('',#3056);
#3056 = CARTESIAN_POINT('',(113.,35.,14.));
#3057 = SURFACE_CURVE('',#3058,(#3062,#3069),.PCURVE_S1.);
#3058 = LINE('',#3059,#3060);
#3059 = CARTESIAN_POINT('',(107.,35.,14.));
#3060 = VECTOR('',#3061,1.);
#3061 = DIRECTION('',(1.,0.,0.));
#3062 = PCURVE('',#2841,#3063);
#3063 = DEFINITIONAL_REPRESENTATION('',(#3064),#3068);
#3064 = LINE('',#3065,#3066);
#3065 = CARTESIAN_POINT('',(8.,0.));
#3066 = VECTOR('',#3067,1.);
#3067 = DIRECTION('',(0.,1.));
#3068 = ( GEOMETRIC_REPRESENTATION_CONTEXT(2) 
PARAMETRIC_REPRESENTATION_CONTEXT() REPRESENTATION_CONTEXT('2D SPACE',''
  ) );
#3069 = PCURVE('',#2988,#3070);
#3070 = DEFINITIONAL_REPRESENTATION('',(#3071),#3075);
#3071 = LINE('',#3072,#3073);
#3072 = CARTESIAN_POINT('',(0.,0.));
#3073 = VECTOR('',#3074,1.);
#3074 = DIRECTION('',(1.,0.));
#3075 = ( GEOMETRIC_REPRESENTATION_CONTEXT(2) 
PARAMETRIC_REPRESENTATION_CONTEXT() REPRESENTATION_CONTEXT('2D SPACE',''
  ) );
#3076 = ORIENTED_EDGE('',*,*,#3077,.F.);
#3077 = EDGE_CURVE('',#2800,#3055,#3078,.T.);
#3078 = SURFACE_CURVE('',#3079,(#3083,#3090),.PCURVE_S1.);
#3079 = LINE('',#3080,#3081);
#3080 = CARTESIAN_POINT('',(113.,35.,6.));
#3081 = VECTOR('',#3082,1.);
#3082 = DIRECTION('',(0.,0.,1.));
#3083 = PCURVE('',#2841,#3084);
#3084 = DEFINITIONAL_REPRESENTATION('',(#3085),#3089);
#3085 = LINE('',#3086,#3087);
#3086 = CARTESIAN_POINT('',(0.,6.));
#3087 = VECTOR('',#3088,1.);
#3088 = DIRECTION('',(1.,0.));
#3089 = ( GEOMETRIC_REPRESENTATION_CONTEXT(2) 
PARAMETRIC_REPRESENTATION_CONTEXT() REPRESENTATION_CONTEXT('2D SPACE',''
  ) );
#3090 = PCURVE('',#2815,#3091);
#3091 = DEFINITIONAL_REPRESENTATION('',(#3092),#3096);
#3092 = LINE('',#3093,#3094);
#3093 = CARTESIAN_POINT('',(0.,0.));
#3094 = VECTOR('',#3095,1.);
#3095 = DIRECTION('',(1.,0.));
#3096 = ( GEOMETRIC_REPRESENTATION_CONTEXT(2) 
PARAMETRIC_REPRESENTATION_CONTEXT() REPRESENTATION_CONTEXT('2D SPACE',''
  ) );
#3097 = ADVANCED_FACE('',(#3098),#2815,.T.);
#3098 = FACE_BOUND('',#3099,.T.);
#3099 = EDGE_LOOP('',(#3100,#3101,#3102,#3103));
#3100 = ORIENTED_EDGE('',*,*,#3077,.F.);
#3101 = ORIENTED_EDGE('',*,*,#2799,.T.);
#3102 = ORIENTED_EDGE('',*,*,#3028,.T.);
#3103 = ORIENTED_EDGE('',*,*,#3104,.F.);
#3104 = EDGE_CURVE('',#3055,#3006,#3105,.T.);
#3105 = SURFACE_CURVE('',#3106,(#3110,#3117),.PCURVE_S1.);
#3106 = LINE('',#3107,#3108);
#3107 = CARTESIAN_POINT('',(113.,35.,14.));
#3108 = VECTOR('',#3109,1.);
#3109 = DIRECTION('',(0.,1.,0.));
#3110 = PCURVE('',#2815,#3111);
#3111 = DEFINITIONAL_REPRESENTATION('',(#3112),#3116);
#3112 = LINE('',#3113,#3114);
#3113 = CARTESIAN_POINT('',(8.,0.));
#3114 = VECTOR('',#3115,1.);
#3115 = DIRECTION('',(0.,-1.));
#3116 = ( GEOMETRIC_REPRESENTATION_CONTEXT(2) 
PARAMETRIC_REPRESENTATION_CONTEXT() REPRESENTATION_CONTEXT('2D SPACE',''
  ) );
#3117 = PCURVE('',#2988,#3118);
#3118 = DEFINITIONAL_REPRESENTATION('',(#3119),#3123);
#3119 = LINE('',#3120,#3121);
#3120 = CARTESIAN_POINT('',(6.,0.));
#3121 = VECTOR('',#3122,1.);
#3122 = DIRECTION('',(0.,1.));
#3123 = ( GEOMETRIC_REPRESENTATION_CONTEXT(2) 
PARAMETRIC_REPRESENTATION_CONTEXT() REPRESENTATION_CONTEXT('2D SPACE',''
  ) );
#3124 = ADVANCED_FACE('',(#3125),#2988,.T.);
#3125 = FACE_BOUND('',#3126,.T.);
#3126 = EDGE_LOOP('',(#3127,#3128,#3129,#3130));
#3127 = ORIENTED_EDGE('',*,*,#2974,.F.);
#3128 = ORIENTED_EDGE('',*,*,#3054,.T.);
#3129 = ORIENTED_EDGE('',*,*,#3104,.T.);
#3130 = ORIENTED_EDGE('',*,*,#3005,.F.);
#3131 = ( GEOMETRIC_REPRESENTATION_CONTEXT(3) 
GLOBAL_UNCERTAINTY_ASSIGNED_CONTEXT((#3135)) 
GLOBAL_UNIT_ASSIGNED_CONTEXT((#3132,#3133,#3134)) REPRESENTATION_CONTEXT
('Context #1','3D Context with UNIT and UNCERTAINTY') );
#3132 = ( LENGTH_UNIT() NAMED_UNIT(*) SI_UNIT(.MILLI.,.METRE.) );
#3133 = ( NAMED_UNIT(*) PLANE_ANGLE_UNIT() SI_UNIT($,.RADIAN.) );
#3134 = ( NAMED_UNIT(*) SI_UNIT($,.STERADIAN.) SOLID_ANGLE_UNIT() );
#3135 = UNCERTAINTY_MEASURE_WITH_UNIT(LENGTH_MEASURE(1.E-07),#3132,
  'distance_accuracy_value','confusion accuracy');
#3136 = CONTEXT_DEPENDENT_SHAPE_REPRESENTATION(#3137,#3139);
#3137 = ( REPRESENTATION_RELATIONSHIP('','',#64,#10) 
REPRESENTATION_RELATIONSHIP_WITH_TRANSFORMATION(#3138) 
SHAPE_REPRESENTATION_RELATIONSHIP() );
#3138 = ITEM_DEFINED_TRANSFORMATION('','',#11,#15);
#3139 = PRODUCT_DEFINITION_SHAPE('Placement','Placement of an item',
  #3140);
#3140 = NEXT_ASSEMBLY_USAGE_OCCURRENCE('1','01_Front_Left_Panel','',#5,
  #59,$);
#3141 = PRODUCT_RELATED_PRODUCT_CATEGORY('part',$,(#61));
#3142 = SHAPE_DEFINITION_REPRESENTATION(#3143,#3149);
#3143 = PRODUCT_DEFINITION_SHAPE('','',#3144);
#3144 = PRODUCT_DEFINITION('design','',#3145,#3148);
#3145 = PRODUCT_DEFINITION_FORMATION('','',#3146);
#3146 = PRODUCT('02_Front_Right_Panel','02_Front_Right_Panel','',(#3147)
  );
#3147 = PRODUCT_CONTEXT('',#2,'mechanical');
#3148 = PRODUCT_DEFINITION_CONTEXT('part definition',#2,'design');
#3149 = ADVANCED_BREP_SHAPE_REPRESENTATION('',(#11,#3150),#6224);
#3150 = MANIFOLD_SOLID_BREP('',#3151);
#3151 = CLOSED_SHELL('',(#3152,#3996,#4070,#4169,#4246,#4305,#4411,#4480
    ,#4534,#4588,#4613,#4667,#4721,#4775,#4829,#4883,#4937,#4991,#5045,
    #5114,#5168,#5222,#5247,#5301,#5355,#5409,#5463,#5517,#5760,#5877,
    #5902,#5949,#5975,#5982,#6009,#6016,#6092,#6141,#6190,#6217));
#3152 = ADVANCED_FACE('',(#3153,#3301,#3421,#3456,#3491,#3526,#3561,
    #3596,#3631,#3666,#3701,#3821,#3856,#3891,#3926,#3961),#3167,.F.);
#3153 = FACE_BOUND('',#3154,.F.);
#3154 = EDGE_LOOP('',(#3155,#3188,#3216,#3249,#3277));
#3155 = ORIENTED_EDGE('',*,*,#3156,.F.);
#3156 = EDGE_CURVE('',#3157,#3159,#3161,.T.);
#3157 = VERTEX_POINT('',#3158);
#3158 = CARTESIAN_POINT('',(0.2,-135.,0.));
#3159 = VERTEX_POINT('',#3160);
#3160 = CARTESIAN_POINT('',(0.2,-0.2,0.));
#3161 = SURFACE_CURVE('',#3162,(#3166,#3177),.PCURVE_S1.);
#3162 = LINE('',#3163,#3164);
#3163 = CARTESIAN_POINT('',(0.2,-135.,0.));
#3164 = VECTOR('',#3165,1.);
#3165 = DIRECTION('',(0.,1.,0.));
#3166 = PCURVE('',#3167,#3172);
#3167 = PLANE('',#3168);
#3168 = AXIS2_PLACEMENT_3D('',#3169,#3170,#3171);
#3169 = CARTESIAN_POINT('',(-170.,-135.,0.));
#3170 = DIRECTION('',(0.,0.,1.));
#3171 = DIRECTION('',(1.,0.,0.));
#3172 = DEFINITIONAL_REPRESENTATION('',(#3173),#3176);
#3173 = B_SPLINE_CURVE_WITH_KNOTS('',1,(#3174,#3175),.UNSPECIFIED.,.F.,
  .F.,(2,2),(0.,134.8),.PIECEWISE_BEZIER_KNOTS.);
#3174 = CARTESIAN_POINT('',(170.2,0.));
#3175 = CARTESIAN_POINT('',(170.2,134.8));
#3176 = ( GEOMETRIC_REPRESENTATION_CONTEXT(2) 
PARAMETRIC_REPRESENTATION_CONTEXT() REPRESENTATION_CONTEXT('2D SPACE',''
  ) );
#3177 = PCURVE('',#3178,#3183);
#3178 = PLANE('',#3179);
#3179 = AXIS2_PLACEMENT_3D('',#3180,#3181,#3182);
#3180 = CARTESIAN_POINT('',(0.2,-135.,-5.));
#3181 = DIRECTION('',(1.,0.,0.));
#3182 = DIRECTION('',(0.,0.,1.));
#3183 = DEFINITIONAL_REPRESENTATION('',(#3184),#3187);
#3184 = B_SPLINE_CURVE_WITH_KNOTS('',1,(#3185,#3186),.UNSPECIFIED.,.F.,
  .F.,(2,2),(0.,134.8),.PIECEWISE_BEZIER_KNOTS.);
#3185 = CARTESIAN_POINT('',(5.,0.));
#3186 = CARTESIAN_POINT('',(5.,-134.8));
#3187 = ( GEOMETRIC_REPRESENTATION_CONTEXT(2) 
PARAMETRIC_REPRESENTATION_CONTEXT() REPRESENTATION_CONTEXT('2D SPACE',''
  ) );
#3188 = ORIENTED_EDGE('',*,*,#3189,.T.);
#3189 = EDGE_CURVE('',#3157,#3190,#3192,.T.);
#3190 = VERTEX_POINT('',#3191);
#3191 = CARTESIAN_POINT('',(165.,-135.,0.));
#3192 = SURFACE_CURVE('',#3193,(#3197,#3204),.PCURVE_S1.);
#3193 = LINE('',#3194,#3195);
#3194 = CARTESIAN_POINT('',(-170.,-135.,0.));
#3195 = VECTOR('',#3196,1.);
#3196 = DIRECTION('',(1.,0.,0.));
#3197 = PCURVE('',#3167,#3198);
#3198 = DEFINITIONAL_REPRESENTATION('',(#3199),#3203);
#3199 = LINE('',#3200,#3201);
#3200 = CARTESIAN_POINT('',(0.,0.));
#3201 = VECTOR('',#3202,1.);
#3202 = DIRECTION('',(1.,0.));
#3203 = ( GEOMETRIC_REPRESENTATION_CONTEXT(2) 
PARAMETRIC_REPRESENTATION_CONTEXT() REPRESENTATION_CONTEXT('2D SPACE',''
  ) );
#3204 = PCURVE('',#3205,#3210);
#3205 = PLANE('',#3206);
#3206 = AXIS2_PLACEMENT_3D('',#3207,#3208,#3209);
#3207 = CARTESIAN_POINT('',(-170.,-135.,0.));
#3208 = DIRECTION('',(0.,1.,0.));
#3209 = DIRECTION('',(0.,0.,1.));
#3210 = DEFINITIONAL_REPRESENTATION('',(#3211),#3215);
#3211 = LINE('',#3212,#3213);
#3212 = CARTESIAN_POINT('',(0.,0.));
#3213 = VECTOR('',#3214,1.);
#3214 = DIRECTION('',(0.,1.));
#3215 = ( GEOMETRIC_REPRESENTATION_CONTEXT(2) 
PARAMETRIC_REPRESENTATION_CONTEXT() REPRESENTATION_CONTEXT('2D SPACE',''
  ) );
#3216 = ORIENTED_EDGE('',*,*,#3217,.F.);
#3217 = EDGE_CURVE('',#3218,#3190,#3220,.T.);
#3218 = VERTEX_POINT('',#3219);
#3219 = CARTESIAN_POINT('',(170.,-130.,0.));
#3220 = SURFACE_CURVE('',#3221,(#3226,#3237),.PCURVE_S1.);
#3221 = CIRCLE('',#3222,5.);
#3222 = AXIS2_PLACEMENT_3D('',#3223,#3224,#3225);
#3223 = CARTESIAN_POINT('',(165.,-130.,0.));
#3224 = DIRECTION('',(-0.,-0.,-1.));
#3225 = DIRECTION('',(0.,-1.,0.));
#3226 = PCURVE('',#3167,#3227);
#3227 = DEFINITIONAL_REPRESENTATION('',(#3228),#3236);
#3228 = ( BOUNDED_CURVE() B_SPLINE_CURVE(2,(#3229,#3230,#3231,#3232,
#3233,#3234,#3235),.UNSPECIFIED.,.T.,.F.) B_SPLINE_CURVE_WITH_KNOTS((1,2
    ,2,2,2,1),(-2.094395102393,0.,2.094395102393,4.188790204786,
6.28318530718,8.377580409573),.UNSPECIFIED.) CURVE() 
GEOMETRIC_REPRESENTATION_ITEM() RATIONAL_B_SPLINE_CURVE((1.,0.5,1.,0.5,
1.,0.5,1.)) REPRESENTATION_ITEM('') );
#3229 = CARTESIAN_POINT('',(335.,0.));
#3230 = CARTESIAN_POINT('',(326.33974596215,0.));
#3231 = CARTESIAN_POINT('',(330.66987298107,7.5));
#3232 = CARTESIAN_POINT('',(335.,15.));
#3233 = CARTESIAN_POINT('',(339.33012701892,7.5));
#3234 = CARTESIAN_POINT('',(343.66025403784,7.993605777301E-15));
#3235 = CARTESIAN_POINT('',(335.,0.));
#3236 = ( GEOMETRIC_REPRESENTATION_CONTEXT(2) 
PARAMETRIC_REPRESENTATION_CONTEXT() REPRESENTATION_CONTEXT('2D SPACE',''
  ) );
#3237 = PCURVE('',#3238,#3243);
#3238 = CYLINDRICAL_SURFACE('',#3239,5.);
#3239 = AXIS2_PLACEMENT_3D('',#3240,#3241,#3242);
#3240 = CARTESIAN_POINT('',(165.,-130.,0.));
#3241 = DIRECTION('',(0.,0.,1.));
#3242 = DIRECTION('',(1.,0.,-0.));
#3243 = DEFINITIONAL_REPRESENTATION('',(#3244),#3248);
#3244 = LINE('',#3245,#3246);
#3245 = CARTESIAN_POINT('',(4.712388980385,-0.));
#3246 = VECTOR('',#3247,1.);
#3247 = DIRECTION('',(-1.,0.));
#3248 = ( GEOMETRIC_REPRESENTATION_CONTEXT(2) 
PARAMETRIC_REPRESENTATION_CONTEXT() REPRESENTATION_CONTEXT('2D SPACE',''
  ) );
#3249 = ORIENTED_EDGE('',*,*,#3250,.T.);
#3250 = EDGE_CURVE('',#3218,#3251,#3253,.T.);
#3251 = VERTEX_POINT('',#3252);
#3252 = CARTESIAN_POINT('',(170.,-0.2,0.));
#3253 = SURFACE_CURVE('',#3254,(#3258,#3265),.PCURVE_S1.);
#3254 = LINE('',#3255,#3256);
#3255 = CARTESIAN_POINT('',(170.,-135.,0.));
#3256 = VECTOR('',#3257,1.);
#3257 = DIRECTION('',(0.,1.,0.));
#3258 = PCURVE('',#3167,#3259);
#3259 = DEFINITIONAL_REPRESENTATION('',(#3260),#3264);
#3260 = LINE('',#3261,#3262);
#3261 = CARTESIAN_POINT('',(340.,0.));
#3262 = VECTOR('',#3263,1.);
#3263 = DIRECTION('',(0.,1.));
#3264 = ( GEOMETRIC_REPRESENTATION_CONTEXT(2) 
PARAMETRIC_REPRESENTATION_CONTEXT() REPRESENTATION_CONTEXT('2D SPACE',''
  ) );
#3265 = PCURVE('',#3266,#3271);
#3266 = PLANE('',#3267);
#3267 = AXIS2_PLACEMENT_3D('',#3268,#3269,#3270);
#3268 = CARTESIAN_POINT('',(170.,-135.,0.));
#3269 = DIRECTION('',(1.,0.,0.));
#3270 = DIRECTION('',(0.,0.,1.));
#3271 = DEFINITIONAL_REPRESENTATION('',(#3272),#3276);
#3272 = LINE('',#3273,#3274);
#3273 = CARTESIAN_POINT('',(0.,0.));
#3274 = VECTOR('',#3275,1.);
#3275 = DIRECTION('',(0.,-1.));
#3276 = ( GEOMETRIC_REPRESENTATION_CONTEXT(2) 
PARAMETRIC_REPRESENTATION_CONTEXT() REPRESENTATION_CONTEXT('2D SPACE',''
  ) );
#3277 = ORIENTED_EDGE('',*,*,#3278,.T.);
#3278 = EDGE_CURVE('',#3251,#3159,#3279,.T.);
#3279 = SURFACE_CURVE('',#3280,(#3284,#3290),.PCURVE_S1.);
#3280 = LINE('',#3281,#3282);
#3281 = CARTESIAN_POINT('',(-84.9,-0.2,0.));
#3282 = VECTOR('',#3283,1.);
#3283 = DIRECTION('',(-1.,0.,0.));
#3284 = PCURVE('',#3167,#3285);
#3285 = DEFINITIONAL_REPRESENTATION('',(#3286),#3289);
#3286 = B_SPLINE_CURVE_WITH_KNOTS('',1,(#3287,#3288),.UNSPECIFIED.,.F.,
  .F.,(2,2),(-254.9,-85.1),.PIECEWISE_BEZIER_KNOTS.);
#3287 = CARTESIAN_POINT('',(340.,134.8));
#3288 = CARTESIAN_POINT('',(170.2,134.8));
#3289 = ( GEOMETRIC_REPRESENTATION_CONTEXT(2) 
PARAMETRIC_REPRESENTATION_CONTEXT() REPRESENTATION_CONTEXT('2D SPACE',''
  ) );
#3290 = PCURVE('',#3291,#3296);
#3291 = PLANE('',#3292);
#3292 = AXIS2_PLACEMENT_3D('',#3293,#3294,#3295);
#3293 = CARTESIAN_POINT('',(0.2,-0.2,-5.));
#3294 = DIRECTION('',(0.,1.,0.));
#3295 = DIRECTION('',(0.,0.,1.));
#3296 = DEFINITIONAL_REPRESENTATION('',(#3297),#3300);
#3297 = B_SPLINE_CURVE_WITH_KNOTS('',1,(#3298,#3299),.UNSPECIFIED.,.F.,
  .F.,(2,2),(-254.9,-85.1),.PIECEWISE_BEZIER_KNOTS.);
#3298 = CARTESIAN_POINT('',(5.,169.8));
#3299 = CARTESIAN_POINT('',(5.,0.));
#3300 = ( GEOMETRIC_REPRESENTATION_CONTEXT(2) 
PARAMETRIC_REPRESENTATION_CONTEXT() REPRESENTATION_CONTEXT('2D SPACE',''
  ) );
#3301 = FACE_BOUND('',#3302,.F.);
#3302 = EDGE_LOOP('',(#3303,#3331,#3364,#3390));
#3303 = ORIENTED_EDGE('',*,*,#3304,.F.);
#3304 = EDGE_CURVE('',#3305,#3307,#3309,.T.);
#3305 = VERTEX_POINT('',#3306);
#3306 = CARTESIAN_POINT('',(31.75,-109.75,0.));
#3307 = VERTEX_POINT('',#3308);
#3308 = CARTESIAN_POINT('',(8.25,-109.75,0.));
#3309 = SURFACE_CURVE('',#3310,(#3314,#3320),.PCURVE_S1.);
#3310 = LINE('',#3311,#3312);
#3311 = CARTESIAN_POINT('',(-80.875,-109.75,0.));
#3312 = VECTOR('',#3313,1.);
#3313 = DIRECTION('',(-1.,0.,0.));
#3314 = PCURVE('',#3167,#3315);
#3315 = DEFINITIONAL_REPRESENTATION('',(#3316),#3319);
#3316 = B_SPLINE_CURVE_WITH_KNOTS('',1,(#3317,#3318),.UNSPECIFIED.,.F.,
  .F.,(2,2),(-112.625,-89.125),.PIECEWISE_BEZIER_KNOTS.);
#3317 = CARTESIAN_POINT('',(201.75,25.25));
#3318 = CARTESIAN_POINT('',(178.25,25.25));
#3319 = ( GEOMETRIC_REPRESENTATION_CONTEXT(2) 
PARAMETRIC_REPRESENTATION_CONTEXT() REPRESENTATION_CONTEXT('2D SPACE',''
  ) );
#3320 = PCURVE('',#3321,#3326);
#3321 = PLANE('',#3322);
#3322 = AXIS2_PLACEMENT_3D('',#3323,#3324,#3325);
#3323 = CARTESIAN_POINT('',(8.25,-109.75,-10.));
#3324 = DIRECTION('',(0.,1.,0.));
#3325 = DIRECTION('',(1.,0.,0.));
#3326 = DEFINITIONAL_REPRESENTATION('',(#3327),#3330);
#3327 = B_SPLINE_CURVE_WITH_KNOTS('',1,(#3328,#3329),.UNSPECIFIED.,.F.,
  .F.,(2,2),(-112.625,-89.125),.PIECEWISE_BEZIER_KNOTS.);
#3328 = CARTESIAN_POINT('',(23.5,-10.));
#3329 = CARTESIAN_POINT('',(0.,-10.));
#3330 = ( GEOMETRIC_REPRESENTATION_CONTEXT(2) 
PARAMETRIC_REPRESENTATION_CONTEXT() REPRESENTATION_CONTEXT('2D SPACE',''
  ) );
#3331 = ORIENTED_EDGE('',*,*,#3332,.T.);
#3332 = EDGE_CURVE('',#3305,#3333,#3335,.T.);
#3333 = VERTEX_POINT('',#3334);
#3334 = CARTESIAN_POINT('',(31.75,-114.25,0.));
#3335 = SURFACE_CURVE('',#3336,(#3341,#3352),.PCURVE_S1.);
#3336 = CIRCLE('',#3337,2.25);
#3337 = AXIS2_PLACEMENT_3D('',#3338,#3339,#3340);
#3338 = CARTESIAN_POINT('',(31.75,-112.,0.));
#3339 = DIRECTION('',(0.,0.,-1.));
#3340 = DIRECTION('',(0.,1.,0.));
#3341 = PCURVE('',#3167,#3342);
#3342 = DEFINITIONAL_REPRESENTATION('',(#3343),#3351);
#3343 = ( BOUNDED_CURVE() B_SPLINE_CURVE(2,(#3344,#3345,#3346,#3347,
#3348,#3349,#3350),.UNSPECIFIED.,.T.,.F.) B_SPLINE_CURVE_WITH_KNOTS((1,2
    ,2,2,2,1),(-2.094395102393,0.,2.094395102393,4.188790204786,
6.28318530718,8.377580409573),.UNSPECIFIED.) CURVE() 
GEOMETRIC_REPRESENTATION_ITEM() RATIONAL_B_SPLINE_CURVE((1.,0.5,1.,0.5,
1.,0.5,1.)) REPRESENTATION_ITEM('') );
#3344 = CARTESIAN_POINT('',(201.75,25.25));
#3345 = CARTESIAN_POINT('',(205.64711431703,25.25));
#3346 = CARTESIAN_POINT('',(203.69855715851,21.875));
#3347 = CARTESIAN_POINT('',(201.75,18.5));
#3348 = CARTESIAN_POINT('',(199.80144284148,21.875));
#3349 = CARTESIAN_POINT('',(197.85288568297,25.25));
#3350 = CARTESIAN_POINT('',(201.75,25.25));
#3351 = ( GEOMETRIC_REPRESENTATION_CONTEXT(2) 
PARAMETRIC_REPRESENTATION_CONTEXT() REPRESENTATION_CONTEXT('2D SPACE',''
  ) );
#3352 = PCURVE('',#3353,#3358);
#3353 = CYLINDRICAL_SURFACE('',#3354,2.25);
#3354 = AXIS2_PLACEMENT_3D('',#3355,#3356,#3357);
#3355 = CARTESIAN_POINT('',(31.75,-112.,-10.));
#3356 = DIRECTION('',(0.,0.,-1.));
#3357 = DIRECTION('',(0.,1.,0.));
#3358 = DEFINITIONAL_REPRESENTATION('',(#3359),#3363);
#3359 = LINE('',#3360,#3361);
#3360 = CARTESIAN_POINT('',(0.,-10.));
#3361 = VECTOR('',#3362,1.);
#3362 = DIRECTION('',(1.,0.));
#3363 = ( GEOMETRIC_REPRESENTATION_CONTEXT(2) 
PARAMETRIC_REPRESENTATION_CONTEXT() REPRESENTATION_CONTEXT('2D SPACE',''
  ) );
#3364 = ORIENTED_EDGE('',*,*,#3365,.F.);
#3365 = EDGE_CURVE('',#3366,#3333,#3368,.T.);
#3366 = VERTEX_POINT('',#3367);
#3367 = CARTESIAN_POINT('',(8.25,-114.25,0.));
#3368 = SURFACE_CURVE('',#3369,(#3373,#3379),.PCURVE_S1.);
#3369 = LINE('',#3370,#3371);
#3370 = CARTESIAN_POINT('',(-69.125,-114.25,0.));
#3371 = VECTOR('',#3372,1.);
#3372 = DIRECTION('',(1.,0.,-0.));
#3373 = PCURVE('',#3167,#3374);
#3374 = DEFINITIONAL_REPRESENTATION('',(#3375),#3378);
#3375 = B_SPLINE_CURVE_WITH_KNOTS('',1,(#3376,#3377),.UNSPECIFIED.,.F.,
  .F.,(2,2),(77.375,100.875),.PIECEWISE_BEZIER_KNOTS.);
#3376 = CARTESIAN_POINT('',(178.25,20.75));
#3377 = CARTESIAN_POINT('',(201.75,20.75));
#3378 = ( GEOMETRIC_REPRESENTATION_CONTEXT(2) 
PARAMETRIC_REPRESENTATION_CONTEXT() REPRESENTATION_CONTEXT('2D SPACE',''
  ) );
#3379 = PCURVE('',#3380,#3385);
#3380 = PLANE('',#3381);
#3381 = AXIS2_PLACEMENT_3D('',#3382,#3383,#3384);
#3382 = CARTESIAN_POINT('',(31.75,-114.25,-10.));
#3383 = DIRECTION('',(0.,-1.,0.));
#3384 = DIRECTION('',(-1.,0.,0.));
#3385 = DEFINITIONAL_REPRESENTATION('',(#3386),#3389);
#3386 = B_SPLINE_CURVE_WITH_KNOTS('',1,(#3387,#3388),.UNSPECIFIED.,.F.,
  .F.,(2,2),(77.375,100.875),.PIECEWISE_BEZIER_KNOTS.);
#3387 = CARTESIAN_POINT('',(23.5,-10.));
#3388 = CARTESIAN_POINT('',(0.,-10.));
#3389 = ( GEOMETRIC_REPRESENTATION_CONTEXT(2) 
PARAMETRIC_REPRESENTATION_CONTEXT() REPRESENTATION_CONTEXT('2D SPACE',''
  ) );
#3390 = ORIENTED_EDGE('',*,*,#3391,.T.);
#3391 = EDGE_CURVE('',#3366,#3307,#3392,.T.);
#3392 = SURFACE_CURVE('',#3393,(#3398,#3409),.PCURVE_S1.);
#3393 = CIRCLE('',#3394,2.25);
#3394 = AXIS2_PLACEMENT_3D('',#3395,#3396,#3397);
#3395 = CARTESIAN_POINT('',(8.25,-112.,0.));
#3396 = DIRECTION('',(0.,-0.,-1.));
#3397 = DIRECTION('',(0.,-1.,0.));
#3398 = PCURVE('',#3167,#3399);
#3399 = DEFINITIONAL_REPRESENTATION('',(#3400),#3408);
#3400 = ( BOUNDED_CURVE() B_SPLINE_CURVE(2,(#3401,#3402,#3403,#3404,
#3405,#3406,#3407),.UNSPECIFIED.,.T.,.F.) B_SPLINE_CURVE_WITH_KNOTS((1,2
    ,2,2,2,1),(-2.094395102393,0.,2.094395102393,4.188790204786,
6.28318530718,8.377580409573),.UNSPECIFIED.) CURVE() 
GEOMETRIC_REPRESENTATION_ITEM() RATIONAL_B_SPLINE_CURVE((1.,0.5,1.,0.5,
1.,0.5,1.)) REPRESENTATION_ITEM('') );
#3401 = CARTESIAN_POINT('',(178.25,20.75));
#3402 = CARTESIAN_POINT('',(174.35288568297,20.75));
#3403 = CARTESIAN_POINT('',(176.30144284148,24.125));
#3404 = CARTESIAN_POINT('',(178.25,27.5));
#3405 = CARTESIAN_POINT('',(180.19855715851,24.125));
#3406 = CARTESIAN_POINT('',(182.14711431703,20.75));
#3407 = CARTESIAN_POINT('',(178.25,20.75));
#3408 = ( GEOMETRIC_REPRESENTATION_CONTEXT(2) 
PARAMETRIC_REPRESENTATION_CONTEXT() REPRESENTATION_CONTEXT('2D SPACE',''
  ) );
#3409 = PCURVE('',#3410,#3415);
#3410 = CYLINDRICAL_SURFACE('',#3411,2.25);
#3411 = AXIS2_PLACEMENT_3D('',#3412,#3413,#3414);
#3412 = CARTESIAN_POINT('',(8.25,-112.,-10.));
#3413 = DIRECTION('',(0.,-0.,-1.));
#3414 = DIRECTION('',(0.,-1.,0.));
#3415 = DEFINITIONAL_REPRESENTATION('',(#3416),#3420);
#3416 = LINE('',#3417,#3418);
#3417 = CARTESIAN_POINT('',(0.,-10.));
#3418 = VECTOR('',#3419,1.);
#3419 = DIRECTION('',(1.,0.));
#3420 = ( GEOMETRIC_REPRESENTATION_CONTEXT(2) 
PARAMETRIC_REPRESENTATION_CONTEXT() REPRESENTATION_CONTEXT('2D SPACE',''
  ) );
#3421 = FACE_BOUND('',#3422,.F.);
#3422 = EDGE_LOOP('',(#3423));
#3423 = ORIENTED_EDGE('',*,*,#3424,.T.);
#3424 = EDGE_CURVE('',#3425,#3425,#3427,.T.);
#3425 = VERTEX_POINT('',#3426);
#3426 = CARTESIAN_POINT('',(61.7,-90.,0.));
#3427 = SURFACE_CURVE('',#3428,(#3433,#3444),.PCURVE_S1.);
#3428 = CIRCLE('',#3429,1.7);
#3429 = AXIS2_PLACEMENT_3D('',#3430,#3431,#3432);
#3430 = CARTESIAN_POINT('',(60.,-90.,0.));
#3431 = DIRECTION('',(0.,0.,-1.));
#3432 = DIRECTION('',(1.,0.,0.));
#3433 = PCURVE('',#3167,#3434);
#3434 = DEFINITIONAL_REPRESENTATION('',(#3435),#3443);
#3435 = ( BOUNDED_CURVE() B_SPLINE_CURVE(2,(#3436,#3437,#3438,#3439,
#3440,#3441,#3442),.UNSPECIFIED.,.T.,.F.) B_SPLINE_CURVE_WITH_KNOTS((1,2
    ,2,2,2,1),(-2.094395102393,0.,2.094395102393,4.188790204786,
6.28318530718,8.377580409573),.UNSPECIFIED.) CURVE() 
GEOMETRIC_REPRESENTATION_ITEM() RATIONAL_B_SPLINE_CURVE((1.,0.5,1.,0.5,
1.,0.5,1.)) REPRESENTATION_ITEM('') );
#3436 = CARTESIAN_POINT('',(231.7,45.));
#3437 = CARTESIAN_POINT('',(231.7,42.055513627133));
#3438 = CARTESIAN_POINT('',(229.15,43.527756813566));
#3439 = CARTESIAN_POINT('',(226.6,45.));
#3440 = CARTESIAN_POINT('',(229.15,46.472243186434));
#3441 = CARTESIAN_POINT('',(231.7,47.944486372867));
#3442 = CARTESIAN_POINT('',(231.7,45.));
#3443 = ( GEOMETRIC_REPRESENTATION_CONTEXT(2) 
PARAMETRIC_REPRESENTATION_CONTEXT() REPRESENTATION_CONTEXT('2D SPACE',''
  ) );
#3444 = PCURVE('',#3445,#3450);
#3445 = CYLINDRICAL_SURFACE('',#3446,1.7);
#3446 = AXIS2_PLACEMENT_3D('',#3447,#3448,#3449);
#3447 = CARTESIAN_POINT('',(60.,-90.,-10.));
#3448 = DIRECTION('',(-0.,-0.,-1.));
#3449 = DIRECTION('',(1.,0.,0.));
#3450 = DEFINITIONAL_REPRESENTATION('',(#3451),#3455);
#3451 = LINE('',#3452,#3453);
#3452 = CARTESIAN_POINT('',(-6.28318530718,-10.));
#3453 = VECTOR('',#3454,1.);
#3454 = DIRECTION('',(1.,-0.));
#3455 = ( GEOMETRIC_REPRESENTATION_CONTEXT(2) 
PARAMETRIC_REPRESENTATION_CONTEXT() REPRESENTATION_CONTEXT('2D SPACE',''
  ) );
#3456 = FACE_BOUND('',#3457,.F.);
#3457 = EDGE_LOOP('',(#3458));
#3458 = ORIENTED_EDGE('',*,*,#3459,.T.);
#3459 = EDGE_CURVE('',#3460,#3460,#3462,.T.);
#3460 = VERTEX_POINT('',#3461);
#3461 = CARTESIAN_POINT('',(26.25,-79.,0.));
#3462 = SURFACE_CURVE('',#3463,(#3468,#3479),.PCURVE_S1.);
#3463 = CIRCLE('',#3464,2.25);
#3464 = AXIS2_PLACEMENT_3D('',#3465,#3466,#3467);
#3465 = CARTESIAN_POINT('',(24.,-79.,0.));
#3466 = DIRECTION('',(0.,0.,-1.));
#3467 = DIRECTION('',(1.,0.,0.));
#3468 = PCURVE('',#3167,#3469);
#3469 = DEFINITIONAL_REPRESENTATION('',(#3470),#3478);
#3470 = ( BOUNDED_CURVE() B_SPLINE_CURVE(2,(#3471,#3472,#3473,#3474,
#3475,#3476,#3477),.UNSPECIFIED.,.T.,.F.) B_SPLINE_CURVE_WITH_KNOTS((1,2
    ,2,2,2,1),(-2.094395102393,0.,2.094395102393,4.188790204786,
6.28318530718,8.377580409573),.UNSPECIFIED.) CURVE() 
GEOMETRIC_REPRESENTATION_ITEM() RATIONAL_B_SPLINE_CURVE((1.,0.5,1.,0.5,
1.,0.5,1.)) REPRESENTATION_ITEM('') );
#3471 = CARTESIAN_POINT('',(196.25,56.));
#3472 = CARTESIAN_POINT('',(196.25,52.10288568297));
#3473 = CARTESIAN_POINT('',(192.875,54.051442841485));
#3474 = CARTESIAN_POINT('',(189.5,56.));
#3475 = CARTESIAN_POINT('',(192.875,57.948557158515));
#3476 = CARTESIAN_POINT('',(196.25,59.89711431703));
#3477 = CARTESIAN_POINT('',(196.25,56.));
#3478 = ( GEOMETRIC_REPRESENTATION_CONTEXT(2) 
PARAMETRIC_REPRESENTATION_CONTEXT() REPRESENTATION_CONTEXT('2D SPACE',''
  ) );
#3479 = PCURVE('',#3480,#3485);
#3480 = CYLINDRICAL_SURFACE('',#3481,2.25);
#3481 = AXIS2_PLACEMENT_3D('',#3482,#3483,#3484);
#3482 = CARTESIAN_POINT('',(24.,-79.,-10.));
#3483 = DIRECTION('',(-0.,-0.,-1.));
#3484 = DIRECTION('',(1.,0.,0.));
#3485 = DEFINITIONAL_REPRESENTATION('',(#3486),#3490);
#3486 = LINE('',#3487,#3488);
#3487 = CARTESIAN_POINT('',(-6.28318530718,-10.));
#3488 = VECTOR('',#3489,1.);
#3489 = DIRECTION('',(1.,-0.));
#3490 = ( GEOMETRIC_REPRESENTATION_CONTEXT(2) 
PARAMETRIC_REPRESENTATION_CONTEXT() REPRESENTATION_CONTEXT('2D SPACE',''
  ) );
#3491 = FACE_BOUND('',#3492,.F.);
#3492 = EDGE_LOOP('',(#3493));
#3493 = ORIENTED_EDGE('',*,*,#3494,.T.);
#3494 = EDGE_CURVE('',#3495,#3495,#3497,.T.);
#3495 = VERTEX_POINT('',#3496);
#3496 = CARTESIAN_POINT('',(26.25,-61.,0.));
#3497 = SURFACE_CURVE('',#3498,(#3503,#3514),.PCURVE_S1.);
#3498 = CIRCLE('',#3499,2.25);
#3499 = AXIS2_PLACEMENT_3D('',#3500,#3501,#3502);
#3500 = CARTESIAN_POINT('',(24.,-61.,0.));
#3501 = DIRECTION('',(0.,0.,-1.));
#3502 = DIRECTION('',(1.,0.,0.));
#3503 = PCURVE('',#3167,#3504);
#3504 = DEFINITIONAL_REPRESENTATION('',(#3505),#3513);
#3505 = ( BOUNDED_CURVE() B_SPLINE_CURVE(2,(#3506,#3507,#3508,#3509,
#3510,#3511,#3512),.UNSPECIFIED.,.T.,.F.) B_SPLINE_CURVE_WITH_KNOTS((1,2
    ,2,2,2,1),(-2.094395102393,0.,2.094395102393,4.188790204786,
6.28318530718,8.377580409573),.UNSPECIFIED.) CURVE() 
GEOMETRIC_REPRESENTATION_ITEM() RATIONAL_B_SPLINE_CURVE((1.,0.5,1.,0.5,
1.,0.5,1.)) REPRESENTATION_ITEM('') );
#3506 = CARTESIAN_POINT('',(196.25,74.));
#3507 = CARTESIAN_POINT('',(196.25,70.10288568297));
#3508 = CARTESIAN_POINT('',(192.875,72.051442841485));
#3509 = CARTESIAN_POINT('',(189.5,74.));
#3510 = CARTESIAN_POINT('',(192.875,75.948557158515));
#3511 = CARTESIAN_POINT('',(196.25,77.89711431703));
#3512 = CARTESIAN_POINT('',(196.25,74.));
#3513 = ( GEOMETRIC_REPRESENTATION_CONTEXT(2) 
PARAMETRIC_REPRESENTATION_CONTEXT() REPRESENTATION_CONTEXT('2D SPACE',''
  ) );
#3514 = PCURVE('',#3515,#3520);
#3515 = CYLINDRICAL_SURFACE('',#3516,2.25);
#3516 = AXIS2_PLACEMENT_3D('',#3517,#3518,#3519);
#3517 = CARTESIAN_POINT('',(24.,-61.,-10.));
#3518 = DIRECTION('',(-0.,-0.,-1.));
#3519 = DIRECTION('',(1.,0.,0.));
#3520 = DEFINITIONAL_REPRESENTATION('',(#3521),#3525);
#3521 = LINE('',#3522,#3523);
#3522 = CARTESIAN_POINT('',(-6.28318530718,-10.));
#3523 = VECTOR('',#3524,1.);
#3524 = DIRECTION('',(1.,-0.));
#3525 = ( GEOMETRIC_REPRESENTATION_CONTEXT(2) 
PARAMETRIC_REPRESENTATION_CONTEXT() REPRESENTATION_CONTEXT('2D SPACE',''
  ) );
#3526 = FACE_BOUND('',#3527,.F.);
#3527 = EDGE_LOOP('',(#3528));
#3528 = ORIENTED_EDGE('',*,*,#3529,.T.);
#3529 = EDGE_CURVE('',#3530,#3530,#3532,.T.);
#3530 = VERTEX_POINT('',#3531);
#3531 = CARTESIAN_POINT('',(57.25,-72.,0.));
#3532 = SURFACE_CURVE('',#3533,(#3538,#3549),.PCURVE_S1.);
#3533 = CIRCLE('',#3534,2.25);
#3534 = AXIS2_PLACEMENT_3D('',#3535,#3536,#3537);
#3535 = CARTESIAN_POINT('',(55.,-72.,0.));
#3536 = DIRECTION('',(0.,0.,-1.));
#3537 = DIRECTION('',(1.,0.,0.));
#3538 = PCURVE('',#3167,#3539);
#3539 = DEFINITIONAL_REPRESENTATION('',(#3540),#3548);
#3540 = ( BOUNDED_CURVE() B_SPLINE_CURVE(2,(#3541,#3542,#3543,#3544,
#3545,#3546,#3547),.UNSPECIFIED.,.T.,.F.) B_SPLINE_CURVE_WITH_KNOTS((1,2
    ,2,2,2,1),(-2.094395102393,0.,2.094395102393,4.188790204786,
6.28318530718,8.377580409573),.UNSPECIFIED.) CURVE() 
GEOMETRIC_REPRESENTATION_ITEM() RATIONAL_B_SPLINE_CURVE((1.,0.5,1.,0.5,
1.,0.5,1.)) REPRESENTATION_ITEM('') );
#3541 = CARTESIAN_POINT('',(227.25,63.));
#3542 = CARTESIAN_POINT('',(227.25,59.10288568297));
#3543 = CARTESIAN_POINT('',(223.875,61.051442841485));
#3544 = CARTESIAN_POINT('',(220.5,63.));
#3545 = CARTESIAN_POINT('',(223.875,64.948557158515));
#3546 = CARTESIAN_POINT('',(227.25,66.89711431703));
#3547 = CARTESIAN_POINT('',(227.25,63.));
#3548 = ( GEOMETRIC_REPRESENTATION_CONTEXT(2) 
PARAMETRIC_REPRESENTATION_CONTEXT() REPRESENTATION_CONTEXT('2D SPACE',''
  ) );
#3549 = PCURVE('',#3550,#3555);
#3550 = CYLINDRICAL_SURFACE('',#3551,2.25);
#3551 = AXIS2_PLACEMENT_3D('',#3552,#3553,#3554);
#3552 = CARTESIAN_POINT('',(55.,-72.,-10.));
#3553 = DIRECTION('',(-0.,-0.,-1.));
#3554 = DIRECTION('',(1.,0.,0.));
#3555 = DEFINITIONAL_REPRESENTATION('',(#3556),#3560);
#3556 = LINE('',#3557,#3558);
#3557 = CARTESIAN_POINT('',(-6.28318530718,-10.));
#3558 = VECTOR('',#3559,1.);
#3559 = DIRECTION('',(1.,-0.));
#3560 = ( GEOMETRIC_REPRESENTATION_CONTEXT(2) 
PARAMETRIC_REPRESENTATION_CONTEXT() REPRESENTATION_CONTEXT('2D SPACE',''
  ) );
#3561 = FACE_BOUND('',#3562,.F.);
#3562 = EDGE_LOOP('',(#3563));
#3563 = ORIENTED_EDGE('',*,*,#3564,.T.);
#3564 = EDGE_CURVE('',#3565,#3565,#3567,.T.);
#3565 = VERTEX_POINT('',#3566);
#3566 = CARTESIAN_POINT('',(101.7,-90.,0.));
#3567 = SURFACE_CURVE('',#3568,(#3573,#3584),.PCURVE_S1.);
#3568 = CIRCLE('',#3569,1.7);
#3569 = AXIS2_PLACEMENT_3D('',#3570,#3571,#3572);
#3570 = CARTESIAN_POINT('',(100.,-90.,0.));
#3571 = DIRECTION('',(0.,0.,-1.));
#3572 = DIRECTION('',(1.,0.,0.));
#3573 = PCURVE('',#3167,#3574);
#3574 = DEFINITIONAL_REPRESENTATION('',(#3575),#3583);
#3575 = ( BOUNDED_CURVE() B_SPLINE_CURVE(2,(#3576,#3577,#3578,#3579,
#3580,#3581,#3582),.UNSPECIFIED.,.T.,.F.) B_SPLINE_CURVE_WITH_KNOTS((1,2
    ,2,2,2,1),(-2.094395102393,0.,2.094395102393,4.188790204786,
6.28318530718,8.377580409573),.UNSPECIFIED.) CURVE() 
GEOMETRIC_REPRESENTATION_ITEM() RATIONAL_B_SPLINE_CURVE((1.,0.5,1.,0.5,
1.,0.5,1.)) REPRESENTATION_ITEM('') );
#3576 = CARTESIAN_POINT('',(271.7,45.));
#3577 = CARTESIAN_POINT('',(271.7,42.055513627133));
#3578 = CARTESIAN_POINT('',(269.15,43.527756813566));
#3579 = CARTESIAN_POINT('',(266.6,45.));
#3580 = CARTESIAN_POINT('',(269.15,46.472243186434));
#3581 = CARTESIAN_POINT('',(271.7,47.944486372867));
#3582 = CARTESIAN_POINT('',(271.7,45.));
#3583 = ( GEOMETRIC_REPRESENTATION_CONTEXT(2) 
PARAMETRIC_REPRESENTATION_CONTEXT() REPRESENTATION_CONTEXT('2D SPACE',''
  ) );
#3584 = PCURVE('',#3585,#3590);
#3585 = CYLINDRICAL_SURFACE('',#3586,1.7);
#3586 = AXIS2_PLACEMENT_3D('',#3587,#3588,#3589);
#3587 = CARTESIAN_POINT('',(100.,-90.,-10.));
#3588 = DIRECTION('',(-0.,-0.,-1.));
#3589 = DIRECTION('',(1.,0.,0.));
#3590 = DEFINITIONAL_REPRESENTATION('',(#3591),#3595);
#3591 = LINE('',#3592,#3593);
#3592 = CARTESIAN_POINT('',(-6.28318530718,-10.));
#3593 = VECTOR('',#3594,1.);
#3594 = DIRECTION('',(1.,-0.));
#3595 = ( GEOMETRIC_REPRESENTATION_CONTEXT(2) 
PARAMETRIC_REPRESENTATION_CONTEXT() REPRESENTATION_CONTEXT('2D SPACE',''
  ) );
#3596 = FACE_BOUND('',#3597,.F.);
#3597 = EDGE_LOOP('',(#3598));
#3598 = ORIENTED_EDGE('',*,*,#3599,.T.);
#3599 = EDGE_CURVE('',#3600,#3600,#3602,.T.);
#3600 = VERTEX_POINT('',#3601);
#3601 = CARTESIAN_POINT('',(141.7,-90.,0.));
#3602 = SURFACE_CURVE('',#3603,(#3608,#3619),.PCURVE_S1.);
#3603 = CIRCLE('',#3604,1.7);
#3604 = AXIS2_PLACEMENT_3D('',#3605,#3606,#3607);
#3605 = CARTESIAN_POINT('',(140.,-90.,0.));
#3606 = DIRECTION('',(0.,0.,-1.));
#3607 = DIRECTION('',(1.,0.,0.));
#3608 = PCURVE('',#3167,#3609);
#3609 = DEFINITIONAL_REPRESENTATION('',(#3610),#3618);
#3610 = ( BOUNDED_CURVE() B_SPLINE_CURVE(2,(#3611,#3612,#3613,#3614,
#3615,#3616,#3617),.UNSPECIFIED.,.T.,.F.) B_SPLINE_CURVE_WITH_KNOTS((1,2
    ,2,2,2,1),(-2.094395102393,0.,2.094395102393,4.188790204786,
6.28318530718,8.377580409573),.UNSPECIFIED.) CURVE() 
GEOMETRIC_REPRESENTATION_ITEM() RATIONAL_B_SPLINE_CURVE((1.,0.5,1.,0.5,
1.,0.5,1.)) REPRESENTATION_ITEM('') );
#3611 = CARTESIAN_POINT('',(311.7,45.));
#3612 = CARTESIAN_POINT('',(311.7,42.055513627133));
#3613 = CARTESIAN_POINT('',(309.15,43.527756813566));
#3614 = CARTESIAN_POINT('',(306.6,45.));
#3615 = CARTESIAN_POINT('',(309.15,46.472243186434));
#3616 = CARTESIAN_POINT('',(311.7,47.944486372867));
#3617 = CARTESIAN_POINT('',(311.7,45.));
#3618 = ( GEOMETRIC_REPRESENTATION_CONTEXT(2) 
PARAMETRIC_REPRESENTATION_CONTEXT() REPRESENTATION_CONTEXT('2D SPACE',''
  ) );
#3619 = PCURVE('',#3620,#3625);
#3620 = CYLINDRICAL_SURFACE('',#3621,1.7);
#3621 = AXIS2_PLACEMENT_3D('',#3622,#3623,#3624);
#3622 = CARTESIAN_POINT('',(140.,-90.,-10.));
#3623 = DIRECTION('',(-0.,-0.,-1.));
#3624 = DIRECTION('',(1.,0.,0.));
#3625 = DEFINITIONAL_REPRESENTATION('',(#3626),#3630);
#3626 = LINE('',#3627,#3628);
#3627 = CARTESIAN_POINT('',(-6.28318530718,-10.));
#3628 = VECTOR('',#3629,1.);
#3629 = DIRECTION('',(1.,-0.));
#3630 = ( GEOMETRIC_REPRESENTATION_CONTEXT(2) 
PARAMETRIC_REPRESENTATION_CONTEXT() REPRESENTATION_CONTEXT('2D SPACE',''
  ) );
#3631 = FACE_BOUND('',#3632,.F.);
#3632 = EDGE_LOOP('',(#3633));
#3633 = ORIENTED_EDGE('',*,*,#3634,.T.);
#3634 = EDGE_CURVE('',#3635,#3635,#3637,.T.);
#3635 = VERTEX_POINT('',#3636);
#3636 = CARTESIAN_POINT('',(86.7,-67.,0.));
#3637 = SURFACE_CURVE('',#3638,(#3643,#3654),.PCURVE_S1.);
#3638 = CIRCLE('',#3639,1.7);
#3639 = AXIS2_PLACEMENT_3D('',#3640,#3641,#3642);
#3640 = CARTESIAN_POINT('',(85.,-67.,0.));
#3641 = DIRECTION('',(0.,0.,-1.));
#3642 = DIRECTION('',(1.,0.,0.));
#3643 = PCURVE('',#3167,#3644);
#3644 = DEFINITIONAL_REPRESENTATION('',(#3645),#3653);
#3645 = ( BOUNDED_CURVE() B_SPLINE_CURVE(2,(#3646,#3647,#3648,#3649,
#3650,#3651,#3652),.UNSPECIFIED.,.T.,.F.) B_SPLINE_CURVE_WITH_KNOTS((1,2
    ,2,2,2,1),(-2.094395102393,0.,2.094395102393,4.188790204786,
6.28318530718,8.377580409573),.UNSPECIFIED.) CURVE() 
GEOMETRIC_REPRESENTATION_ITEM() RATIONAL_B_SPLINE_CURVE((1.,0.5,1.,0.5,
1.,0.5,1.)) REPRESENTATION_ITEM('') );
#3646 = CARTESIAN_POINT('',(256.7,68.));
#3647 = CARTESIAN_POINT('',(256.7,65.055513627133));
#3648 = CARTESIAN_POINT('',(254.15,66.527756813566));
#3649 = CARTESIAN_POINT('',(251.6,68.));
#3650 = CARTESIAN_POINT('',(254.15,69.472243186434));
#3651 = CARTESIAN_POINT('',(256.7,70.944486372867));
#3652 = CARTESIAN_POINT('',(256.7,68.));
#3653 = ( GEOMETRIC_REPRESENTATION_CONTEXT(2) 
PARAMETRIC_REPRESENTATION_CONTEXT() REPRESENTATION_CONTEXT('2D SPACE',''
  ) );
#3654 = PCURVE('',#3655,#3660);
#3655 = CYLINDRICAL_SURFACE('',#3656,1.7);
#3656 = AXIS2_PLACEMENT_3D('',#3657,#3658,#3659);
#3657 = CARTESIAN_POINT('',(85.,-67.,-10.));
#3658 = DIRECTION('',(-0.,-0.,-1.));
#3659 = DIRECTION('',(1.,0.,0.));
#3660 = DEFINITIONAL_REPRESENTATION('',(#3661),#3665);
#3661 = LINE('',#3662,#3663);
#3662 = CARTESIAN_POINT('',(-6.28318530718,-10.));
#3663 = VECTOR('',#3664,1.);
#3664 = DIRECTION('',(1.,-0.));
#3665 = ( GEOMETRIC_REPRESENTATION_CONTEXT(2) 
PARAMETRIC_REPRESENTATION_CONTEXT() REPRESENTATION_CONTEXT('2D SPACE',''
  ) );
#3666 = FACE_BOUND('',#3667,.F.);
#3667 = EDGE_LOOP('',(#3668));
#3668 = ORIENTED_EDGE('',*,*,#3669,.T.);
#3669 = EDGE_CURVE('',#3670,#3670,#3672,.T.);
#3670 = VERTEX_POINT('',#3671);
#3671 = CARTESIAN_POINT('',(146.7,-67.,0.));
#3672 = SURFACE_CURVE('',#3673,(#3678,#3689),.PCURVE_S1.);
#3673 = CIRCLE('',#3674,1.7);
#3674 = AXIS2_PLACEMENT_3D('',#3675,#3676,#3677);
#3675 = CARTESIAN_POINT('',(145.,-67.,0.));
#3676 = DIRECTION('',(0.,0.,-1.));
#3677 = DIRECTION('',(1.,0.,0.));
#3678 = PCURVE('',#3167,#3679);
#3679 = DEFINITIONAL_REPRESENTATION('',(#3680),#3688);
#3680 = ( BOUNDED_CURVE() B_SPLINE_CURVE(2,(#3681,#3682,#3683,#3684,
#3685,#3686,#3687),.UNSPECIFIED.,.T.,.F.) B_SPLINE_CURVE_WITH_KNOTS((1,2
    ,2,2,2,1),(-2.094395102393,0.,2.094395102393,4.188790204786,
6.28318530718,8.377580409573),.UNSPECIFIED.) CURVE() 
GEOMETRIC_REPRESENTATION_ITEM() RATIONAL_B_SPLINE_CURVE((1.,0.5,1.,0.5,
1.,0.5,1.)) REPRESENTATION_ITEM('') );
#3681 = CARTESIAN_POINT('',(316.7,68.));
#3682 = CARTESIAN_POINT('',(316.7,65.055513627133));
#3683 = CARTESIAN_POINT('',(314.15,66.527756813566));
#3684 = CARTESIAN_POINT('',(311.6,68.));
#3685 = CARTESIAN_POINT('',(314.15,69.472243186434));
#3686 = CARTESIAN_POINT('',(316.7,70.944486372867));
#3687 = CARTESIAN_POINT('',(316.7,68.));
#3688 = ( GEOMETRIC_REPRESENTATION_CONTEXT(2) 
PARAMETRIC_REPRESENTATION_CONTEXT() REPRESENTATION_CONTEXT('2D SPACE',''
  ) );
#3689 = PCURVE('',#3690,#3695);
#3690 = CYLINDRICAL_SURFACE('',#3691,1.7);
#3691 = AXIS2_PLACEMENT_3D('',#3692,#3693,#3694);
#3692 = CARTESIAN_POINT('',(145.,-67.,-10.));
#3693 = DIRECTION('',(-0.,-0.,-1.));
#3694 = DIRECTION('',(1.,0.,0.));
#3695 = DEFINITIONAL_REPRESENTATION('',(#3696),#3700);
#3696 = LINE('',#3697,#3698);
#3697 = CARTESIAN_POINT('',(-6.28318530718,-10.));
#3698 = VECTOR('',#3699,1.);
#3699 = DIRECTION('',(1.,-0.));
#3700 = ( GEOMETRIC_REPRESENTATION_CONTEXT(2) 
PARAMETRIC_REPRESENTATION_CONTEXT() REPRESENTATION_CONTEXT('2D SPACE',''
  ) );
#3701 = FACE_BOUND('',#3702,.F.);
#3702 = EDGE_LOOP('',(#3703,#3731,#3764,#3790));
#3703 = ORIENTED_EDGE('',*,*,#3704,.F.);
#3704 = EDGE_CURVE('',#3705,#3707,#3709,.T.);
#3705 = VERTEX_POINT('',#3706);
#3706 = CARTESIAN_POINT('',(17.,-46.,0.));
#3707 = VERTEX_POINT('',#3708);
#3708 = CARTESIAN_POINT('',(3.,-46.,0.));
#3709 = SURFACE_CURVE('',#3710,(#3714,#3720),.PCURVE_S1.);
#3710 = LINE('',#3711,#3712);
#3711 = CARTESIAN_POINT('',(-83.5,-46.,0.));
#3712 = VECTOR('',#3713,1.);
#3713 = DIRECTION('',(-1.,0.,0.));
#3714 = PCURVE('',#3167,#3715);
#3715 = DEFINITIONAL_REPRESENTATION('',(#3716),#3719);
#3716 = B_SPLINE_CURVE_WITH_KNOTS('',1,(#3717,#3718),.UNSPECIFIED.,.F.,
  .F.,(2,2),(-100.5,-86.5),.PIECEWISE_BEZIER_KNOTS.);
#3717 = CARTESIAN_POINT('',(187.,89.));
#3718 = CARTESIAN_POINT('',(173.,89.));
#3719 = ( GEOMETRIC_REPRESENTATION_CONTEXT(2) 
PARAMETRIC_REPRESENTATION_CONTEXT() REPRESENTATION_CONTEXT('2D SPACE',''
  ) );
#3720 = PCURVE('',#3721,#3726);
#3721 = PLANE('',#3722);
#3722 = AXIS2_PLACEMENT_3D('',#3723,#3724,#3725);
#3723 = CARTESIAN_POINT('',(3.,-46.,-10.));
#3724 = DIRECTION('',(0.,1.,0.));
#3725 = DIRECTION('',(1.,0.,0.));
#3726 = DEFINITIONAL_REPRESENTATION('',(#3727),#3730);
#3727 = B_SPLINE_CURVE_WITH_KNOTS('',1,(#3728,#3729),.UNSPECIFIED.,.F.,
  .F.,(2,2),(-100.5,-86.5),.PIECEWISE_BEZIER_KNOTS.);
#3728 = CARTESIAN_POINT('',(14.,-10.));
#3729 = CARTESIAN_POINT('',(0.,-10.));
#3730 = ( GEOMETRIC_REPRESENTATION_CONTEXT(2) 
PARAMETRIC_REPRESENTATION_CONTEXT() REPRESENTATION_CONTEXT('2D SPACE',''
  ) );
#3731 = ORIENTED_EDGE('',*,*,#3732,.T.);
#3732 = EDGE_CURVE('',#3705,#3733,#3735,.T.);
#3733 = VERTEX_POINT('',#3734);
#3734 = CARTESIAN_POINT('',(17.,-50.,0.));
#3735 = SURFACE_CURVE('',#3736,(#3741,#3752),.PCURVE_S1.);
#3736 = CIRCLE('',#3737,2.);
#3737 = AXIS2_PLACEMENT_3D('',#3738,#3739,#3740);
#3738 = CARTESIAN_POINT('',(17.,-48.,0.));
#3739 = DIRECTION('',(0.,0.,-1.));
#3740 = DIRECTION('',(0.,1.,0.));
#3741 = PCURVE('',#3167,#3742);
#3742 = DEFINITIONAL_REPRESENTATION('',(#3743),#3751);
#3743 = ( BOUNDED_CURVE() B_SPLINE_CURVE(2,(#3744,#3745,#3746,#3747,
#3748,#3749,#3750),.UNSPECIFIED.,.T.,.F.) B_SPLINE_CURVE_WITH_KNOTS((1,2
    ,2,2,2,1),(-2.094395102393,0.,2.094395102393,4.188790204786,
6.28318530718,8.377580409573),.UNSPECIFIED.) CURVE() 
GEOMETRIC_REPRESENTATION_ITEM() RATIONAL_B_SPLINE_CURVE((1.,0.5,1.,0.5,
1.,0.5,1.)) REPRESENTATION_ITEM('') );
#3744 = CARTESIAN_POINT('',(187.,89.));
#3745 = CARTESIAN_POINT('',(190.46410161513,89.));
#3746 = CARTESIAN_POINT('',(188.73205080756,86.));
#3747 = CARTESIAN_POINT('',(187.,83.));
#3748 = CARTESIAN_POINT('',(185.26794919243,86.));
#3749 = CARTESIAN_POINT('',(183.53589838486,89.));
#3750 = CARTESIAN_POINT('',(187.,89.));
#3751 = ( GEOMETRIC_REPRESENTATION_CONTEXT(2) 
PARAMETRIC_REPRESENTATION_CONTEXT() REPRESENTATION_CONTEXT('2D SPACE',''
  ) );
#3752 = PCURVE('',#3753,#3758);
#3753 = CYLINDRICAL_SURFACE('',#3754,2.);
#3754 = AXIS2_PLACEMENT_3D('',#3755,#3756,#3757);
#3755 = CARTESIAN_POINT('',(17.,-48.,-10.));
#3756 = DIRECTION('',(0.,0.,-1.));
#3757 = DIRECTION('',(0.,1.,0.));
#3758 = DEFINITIONAL_REPRESENTATION('',(#3759),#3763);
#3759 = LINE('',#3760,#3761);
#3760 = CARTESIAN_POINT('',(0.,-10.));
#3761 = VECTOR('',#3762,1.);
#3762 = DIRECTION('',(1.,0.));
#3763 = ( GEOMETRIC_REPRESENTATION_CONTEXT(2) 
PARAMETRIC_REPRESENTATION_CONTEXT() REPRESENTATION_CONTEXT('2D SPACE',''
  ) );
#3764 = ORIENTED_EDGE('',*,*,#3765,.F.);
#3765 = EDGE_CURVE('',#3766,#3733,#3768,.T.);
#3766 = VERTEX_POINT('',#3767);
#3767 = CARTESIAN_POINT('',(3.,-50.,0.));
#3768 = SURFACE_CURVE('',#3769,(#3773,#3779),.PCURVE_S1.);
#3769 = LINE('',#3770,#3771);
#3770 = CARTESIAN_POINT('',(-76.5,-50.,0.));
#3771 = VECTOR('',#3772,1.);
#3772 = DIRECTION('',(1.,0.,-0.));
#3773 = PCURVE('',#3167,#3774);
#3774 = DEFINITIONAL_REPRESENTATION('',(#3775),#3778);
#3775 = B_SPLINE_CURVE_WITH_KNOTS('',1,(#3776,#3777),.UNSPECIFIED.,.F.,
  .F.,(2,2),(79.5,93.5),.PIECEWISE_BEZIER_KNOTS.);
#3776 = CARTESIAN_POINT('',(173.,85.));
#3777 = CARTESIAN_POINT('',(187.,85.));
#3778 = ( GEOMETRIC_REPRESENTATION_CONTEXT(2) 
PARAMETRIC_REPRESENTATION_CONTEXT() REPRESENTATION_CONTEXT('2D SPACE',''
  ) );
#3779 = PCURVE('',#3780,#3785);
#3780 = PLANE('',#3781);
#3781 = AXIS2_PLACEMENT_3D('',#3782,#3783,#3784);
#3782 = CARTESIAN_POINT('',(17.,-50.,-10.));
#3783 = DIRECTION('',(0.,-1.,0.));
#3784 = DIRECTION('',(-1.,0.,0.));
#3785 = DEFINITIONAL_REPRESENTATION('',(#3786),#3789);
#3786 = B_SPLINE_CURVE_WITH_KNOTS('',1,(#3787,#3788),.UNSPECIFIED.,.F.,
  .F.,(2,2),(79.5,93.5),.PIECEWISE_BEZIER_KNOTS.);
#3787 = CARTESIAN_POINT('',(14.,-10.));
#3788 = CARTESIAN_POINT('',(0.,-10.));
#3789 = ( GEOMETRIC_REPRESENTATION_CONTEXT(2) 
PARAMETRIC_REPRESENTATION_CONTEXT() REPRESENTATION_CONTEXT('2D SPACE',''
  ) );
#3790 = ORIENTED_EDGE('',*,*,#3791,.T.);
#3791 = EDGE_CURVE('',#3766,#3707,#3792,.T.);
#3792 = SURFACE_CURVE('',#3793,(#3798,#3809),.PCURVE_S1.);
#3793 = CIRCLE('',#3794,2.);
#3794 = AXIS2_PLACEMENT_3D('',#3795,#3796,#3797);
#3795 = CARTESIAN_POINT('',(3.,-48.,0.));
#3796 = DIRECTION('',(0.,-0.,-1.));
#3797 = DIRECTION('',(0.,-1.,0.));
#3798 = PCURVE('',#3167,#3799);
#3799 = DEFINITIONAL_REPRESENTATION('',(#3800),#3808);
#3800 = ( BOUNDED_CURVE() B_SPLINE_CURVE(2,(#3801,#3802,#3803,#3804,
#3805,#3806,#3807),.UNSPECIFIED.,.T.,.F.) B_SPLINE_CURVE_WITH_KNOTS((1,2
    ,2,2,2,1),(-2.094395102393,0.,2.094395102393,4.188790204786,
6.28318530718,8.377580409573),.UNSPECIFIED.) CURVE() 
GEOMETRIC_REPRESENTATION_ITEM() RATIONAL_B_SPLINE_CURVE((1.,0.5,1.,0.5,
1.,0.5,1.)) REPRESENTATION_ITEM('') );
#3801 = CARTESIAN_POINT('',(173.,85.));
#3802 = CARTESIAN_POINT('',(169.53589838486,85.));
#3803 = CARTESIAN_POINT('',(171.26794919243,88.));
#3804 = CARTESIAN_POINT('',(173.,91.));
#3805 = CARTESIAN_POINT('',(174.73205080756,88.));
#3806 = CARTESIAN_POINT('',(176.46410161513,85.));
#3807 = CARTESIAN_POINT('',(173.,85.));
#3808 = ( GEOMETRIC_REPRESENTATION_CONTEXT(2) 
PARAMETRIC_REPRESENTATION_CONTEXT() REPRESENTATION_CONTEXT('2D SPACE',''
  ) );
#3809 = PCURVE('',#3810,#3815);
#3810 = CYLINDRICAL_SURFACE('',#3811,2.);
#3811 = AXIS2_PLACEMENT_3D('',#3812,#3813,#3814);
#3812 = CARTESIAN_POINT('',(3.,-48.,-10.));
#3813 = DIRECTION('',(0.,-0.,-1.));
#3814 = DIRECTION('',(0.,-1.,0.));
#3815 = DEFINITIONAL_REPRESENTATION('',(#3816),#3820);
#3816 = LINE('',#3817,#3818);
#3817 = CARTESIAN_POINT('',(0.,-10.));
#3818 = VECTOR('',#3819,1.);
#3819 = DIRECTION('',(1.,0.));
#3820 = ( GEOMETRIC_REPRESENTATION_CONTEXT(2) 
PARAMETRIC_REPRESENTATION_CONTEXT() REPRESENTATION_CONTEXT('2D SPACE',''
  ) );
#3821 = FACE_BOUND('',#3822,.F.);
#3822 = EDGE_LOOP('',(#3823));
#3823 = ORIENTED_EDGE('',*,*,#3824,.T.);
#3824 = EDGE_CURVE('',#3825,#3825,#3827,.T.);
#3825 = VERTEX_POINT('',#3826);
#3826 = CARTESIAN_POINT('',(61.7,-45.,0.));
#3827 = SURFACE_CURVE('',#3828,(#3833,#3844),.PCURVE_S1.);
#3828 = CIRCLE('',#3829,1.7);
#3829 = AXIS2_PLACEMENT_3D('',#3830,#3831,#3832);
#3830 = CARTESIAN_POINT('',(60.,-45.,0.));
#3831 = DIRECTION('',(0.,0.,-1.));
#3832 = DIRECTION('',(1.,0.,0.));
#3833 = PCURVE('',#3167,#3834);
#3834 = DEFINITIONAL_REPRESENTATION('',(#3835),#3843);
#3835 = ( BOUNDED_CURVE() B_SPLINE_CURVE(2,(#3836,#3837,#3838,#3839,
#3840,#3841,#3842),.UNSPECIFIED.,.T.,.F.) B_SPLINE_CURVE_WITH_KNOTS((1,2
    ,2,2,2,1),(-2.094395102393,0.,2.094395102393,4.188790204786,
6.28318530718,8.377580409573),.UNSPECIFIED.) CURVE() 
GEOMETRIC_REPRESENTATION_ITEM() RATIONAL_B_SPLINE_CURVE((1.,0.5,1.,0.5,
1.,0.5,1.)) REPRESENTATION_ITEM('') );
#3836 = CARTESIAN_POINT('',(231.7,90.));
#3837 = CARTESIAN_POINT('',(231.7,87.055513627133));
#3838 = CARTESIAN_POINT('',(229.15,88.527756813566));
#3839 = CARTESIAN_POINT('',(226.6,90.));
#3840 = CARTESIAN_POINT('',(229.15,91.472243186434));
#3841 = CARTESIAN_POINT('',(231.7,92.944486372867));
#3842 = CARTESIAN_POINT('',(231.7,90.));
#3843 = ( GEOMETRIC_REPRESENTATION_CONTEXT(2) 
PARAMETRIC_REPRESENTATION_CONTEXT() REPRESENTATION_CONTEXT('2D SPACE',''
  ) );
#3844 = PCURVE('',#3845,#3850);
#3845 = CYLINDRICAL_SURFACE('',#3846,1.7);
#3846 = AXIS2_PLACEMENT_3D('',#3847,#3848,#3849);
#3847 = CARTESIAN_POINT('',(60.,-45.,-10.));
#3848 = DIRECTION('',(-0.,-0.,-1.));
#3849 = DIRECTION('',(1.,0.,0.));
#3850 = DEFINITIONAL_REPRESENTATION('',(#3851),#3855);
#3851 = LINE('',#3852,#3853);
#3852 = CARTESIAN_POINT('',(-6.28318530718,-10.));
#3853 = VECTOR('',#3854,1.);
#3854 = DIRECTION('',(1.,-0.));
#3855 = ( GEOMETRIC_REPRESENTATION_CONTEXT(2) 
PARAMETRIC_REPRESENTATION_CONTEXT() REPRESENTATION_CONTEXT('2D SPACE',''
  ) );
#3856 = FACE_BOUND('',#3857,.F.);
#3857 = EDGE_LOOP('',(#3858));
#3858 = ORIENTED_EDGE('',*,*,#3859,.T.);
#3859 = EDGE_CURVE('',#3860,#3860,#3862,.T.);
#3860 = VERTEX_POINT('',#3861);
#3861 = CARTESIAN_POINT('',(68.25,-24.,0.));
#3862 = SURFACE_CURVE('',#3863,(#3868,#3879),.PCURVE_S1.);
#3863 = CIRCLE('',#3864,2.25);
#3864 = AXIS2_PLACEMENT_3D('',#3865,#3866,#3867);
#3865 = CARTESIAN_POINT('',(66.,-24.,0.));
#3866 = DIRECTION('',(0.,0.,-1.));
#3867 = DIRECTION('',(1.,0.,0.));
#3868 = PCURVE('',#3167,#3869);
#3869 = DEFINITIONAL_REPRESENTATION('',(#3870),#3878);
#3870 = ( BOUNDED_CURVE() B_SPLINE_CURVE(2,(#3871,#3872,#3873,#3874,
#3875,#3876,#3877),.UNSPECIFIED.,.T.,.F.) B_SPLINE_CURVE_WITH_KNOTS((1,2
    ,2,2,2,1),(-2.094395102393,0.,2.094395102393,4.188790204786,
6.28318530718,8.377580409573),.UNSPECIFIED.) CURVE() 
GEOMETRIC_REPRESENTATION_ITEM() RATIONAL_B_SPLINE_CURVE((1.,0.5,1.,0.5,
1.,0.5,1.)) REPRESENTATION_ITEM('') );
#3871 = CARTESIAN_POINT('',(238.25,111.));
#3872 = CARTESIAN_POINT('',(238.25,107.10288568297));
#3873 = CARTESIAN_POINT('',(234.875,109.05144284148));
#3874 = CARTESIAN_POINT('',(231.5,111.));
#3875 = CARTESIAN_POINT('',(234.875,112.94855715851));
#3876 = CARTESIAN_POINT('',(238.25,114.89711431703));
#3877 = CARTESIAN_POINT('',(238.25,111.));
#3878 = ( GEOMETRIC_REPRESENTATION_CONTEXT(2) 
PARAMETRIC_REPRESENTATION_CONTEXT() REPRESENTATION_CONTEXT('2D SPACE',''
  ) );
#3879 = PCURVE('',#3880,#3885);
#3880 = CYLINDRICAL_SURFACE('',#3881,2.25);
#3881 = AXIS2_PLACEMENT_3D('',#3882,#3883,#3884);
#3882 = CARTESIAN_POINT('',(66.,-24.,-10.));
#3883 = DIRECTION('',(-0.,-0.,-1.));
#3884 = DIRECTION('',(1.,0.,0.));
#3885 = DEFINITIONAL_REPRESENTATION('',(#3886),#3890);
#3886 = LINE('',#3887,#3888);
#3887 = CARTESIAN_POINT('',(-6.28318530718,-10.));
#3888 = VECTOR('',#3889,1.);
#3889 = DIRECTION('',(1.,-0.));
#3890 = ( GEOMETRIC_REPRESENTATION_CONTEXT(2) 
PARAMETRIC_REPRESENTATION_CONTEXT() REPRESENTATION_CONTEXT('2D SPACE',''
  ) );
#3891 = FACE_BOUND('',#3892,.F.);
#3892 = EDGE_LOOP('',(#3893));
#3893 = ORIENTED_EDGE('',*,*,#3894,.T.);
#3894 = EDGE_CURVE('',#3895,#3895,#3897,.T.);
#3895 = VERTEX_POINT('',#3896);
#3896 = CARTESIAN_POINT('',(101.7,-45.,0.));
#3897 = SURFACE_CURVE('',#3898,(#3903,#3914),.PCURVE_S1.);
#3898 = CIRCLE('',#3899,1.7);
#3899 = AXIS2_PLACEMENT_3D('',#3900,#3901,#3902);
#3900 = CARTESIAN_POINT('',(100.,-45.,0.));
#3901 = DIRECTION('',(0.,0.,-1.));
#3902 = DIRECTION('',(1.,0.,0.));
#3903 = PCURVE('',#3167,#3904);
#3904 = DEFINITIONAL_REPRESENTATION('',(#3905),#3913);
#3905 = ( BOUNDED_CURVE() B_SPLINE_CURVE(2,(#3906,#3907,#3908,#3909,
#3910,#3911,#3912),.UNSPECIFIED.,.T.,.F.) B_SPLINE_CURVE_WITH_KNOTS((1,2
    ,2,2,2,1),(-2.094395102393,0.,2.094395102393,4.188790204786,
6.28318530718,8.377580409573),.UNSPECIFIED.) CURVE() 
GEOMETRIC_REPRESENTATION_ITEM() RATIONAL_B_SPLINE_CURVE((1.,0.5,1.,0.5,
1.,0.5,1.)) REPRESENTATION_ITEM('') );
#3906 = CARTESIAN_POINT('',(271.7,90.));
#3907 = CARTESIAN_POINT('',(271.7,87.055513627133));
#3908 = CARTESIAN_POINT('',(269.15,88.527756813566));
#3909 = CARTESIAN_POINT('',(266.6,90.));
#3910 = CARTESIAN_POINT('',(269.15,91.472243186434));
#3911 = CARTESIAN_POINT('',(271.7,92.944486372867));
#3912 = CARTESIAN_POINT('',(271.7,90.));
#3913 = ( GEOMETRIC_REPRESENTATION_CONTEXT(2) 
PARAMETRIC_REPRESENTATION_CONTEXT() REPRESENTATION_CONTEXT('2D SPACE',''
  ) );
#3914 = PCURVE('',#3915,#3920);
#3915 = CYLINDRICAL_SURFACE('',#3916,1.7);
#3916 = AXIS2_PLACEMENT_3D('',#3917,#3918,#3919);
#3917 = CARTESIAN_POINT('',(100.,-45.,-10.));
#3918 = DIRECTION('',(-0.,-0.,-1.));
#3919 = DIRECTION('',(1.,0.,0.));
#3920 = DEFINITIONAL_REPRESENTATION('',(#3921),#3925);
#3921 = LINE('',#3922,#3923);
#3922 = CARTESIAN_POINT('',(-6.28318530718,-10.));
#3923 = VECTOR('',#3924,1.);
#3924 = DIRECTION('',(1.,-0.));
#3925 = ( GEOMETRIC_REPRESENTATION_CONTEXT(2) 
PARAMETRIC_REPRESENTATION_CONTEXT() REPRESENTATION_CONTEXT('2D SPACE',''
  ) );
#3926 = FACE_BOUND('',#3927,.F.);
#3927 = EDGE_LOOP('',(#3928));
#3928 = ORIENTED_EDGE('',*,*,#3929,.T.);
#3929 = EDGE_CURVE('',#3930,#3930,#3932,.T.);
#3930 = VERTEX_POINT('',#3931);
#3931 = CARTESIAN_POINT('',(141.7,-45.,0.));
#3932 = SURFACE_CURVE('',#3933,(#3938,#3949),.PCURVE_S1.);
#3933 = CIRCLE('',#3934,1.7);
#3934 = AXIS2_PLACEMENT_3D('',#3935,#3936,#3937);
#3935 = CARTESIAN_POINT('',(140.,-45.,0.));
#3936 = DIRECTION('',(0.,0.,-1.));
#3937 = DIRECTION('',(1.,0.,0.));
#3938 = PCURVE('',#3167,#3939);
#3939 = DEFINITIONAL_REPRESENTATION('',(#3940),#3948);
#3940 = ( BOUNDED_CURVE() B_SPLINE_CURVE(2,(#3941,#3942,#3943,#3944,
#3945,#3946,#3947),.UNSPECIFIED.,.T.,.F.) B_SPLINE_CURVE_WITH_KNOTS((1,2
    ,2,2,2,1),(-2.094395102393,0.,2.094395102393,4.188790204786,
6.28318530718,8.377580409573),.UNSPECIFIED.) CURVE() 
GEOMETRIC_REPRESENTATION_ITEM() RATIONAL_B_SPLINE_CURVE((1.,0.5,1.,0.5,
1.,0.5,1.)) REPRESENTATION_ITEM('') );
#3941 = CARTESIAN_POINT('',(311.7,90.));
#3942 = CARTESIAN_POINT('',(311.7,87.055513627133));
#3943 = CARTESIAN_POINT('',(309.15,88.527756813566));
#3944 = CARTESIAN_POINT('',(306.6,90.));
#3945 = CARTESIAN_POINT('',(309.15,91.472243186434));
#3946 = CARTESIAN_POINT('',(311.7,92.944486372867));
#3947 = CARTESIAN_POINT('',(311.7,90.));
#3948 = ( GEOMETRIC_REPRESENTATION_CONTEXT(2) 
PARAMETRIC_REPRESENTATION_CONTEXT() REPRESENTATION_CONTEXT('2D SPACE',''
  ) );
#3949 = PCURVE('',#3950,#3955);
#3950 = CYLINDRICAL_SURFACE('',#3951,1.7);
#3951 = AXIS2_PLACEMENT_3D('',#3952,#3953,#3954);
#3952 = CARTESIAN_POINT('',(140.,-45.,-10.));
#3953 = DIRECTION('',(-0.,-0.,-1.));
#3954 = DIRECTION('',(1.,0.,0.));
#3955 = DEFINITIONAL_REPRESENTATION('',(#3956),#3960);
#3956 = LINE('',#3957,#3958);
#3957 = CARTESIAN_POINT('',(-6.28318530718,-10.));
#3958 = VECTOR('',#3959,1.);
#3959 = DIRECTION('',(1.,-0.));
#3960 = ( GEOMETRIC_REPRESENTATION_CONTEXT(2) 
PARAMETRIC_REPRESENTATION_CONTEXT() REPRESENTATION_CONTEXT('2D SPACE',''
  ) );
#3961 = FACE_BOUND('',#3962,.F.);
#3962 = EDGE_LOOP('',(#3963));
#3963 = ORIENTED_EDGE('',*,*,#3964,.T.);
#3964 = EDGE_CURVE('',#3965,#3965,#3967,.T.);
#3965 = VERTEX_POINT('',#3966);
#3966 = CARTESIAN_POINT('',(86.25,-24.,0.));
#3967 = SURFACE_CURVE('',#3968,(#3973,#3984),.PCURVE_S1.);
#3968 = CIRCLE('',#3969,2.25);
#3969 = AXIS2_PLACEMENT_3D('',#3970,#3971,#3972);
#3970 = CARTESIAN_POINT('',(84.,-24.,0.));
#3971 = DIRECTION('',(0.,0.,-1.));
#3972 = DIRECTION('',(1.,0.,0.));
#3973 = PCURVE('',#3167,#3974);
#3974 = DEFINITIONAL_REPRESENTATION('',(#3975),#3983);
#3975 = ( BOUNDED_CURVE() B_SPLINE_CURVE(2,(#3976,#3977,#3978,#3979,
#3980,#3981,#3982),.UNSPECIFIED.,.T.,.F.) B_SPLINE_CURVE_WITH_KNOTS((1,2
    ,2,2,2,1),(-2.094395102393,0.,2.094395102393,4.188790204786,
6.28318530718,8.377580409573),.UNSPECIFIED.) CURVE() 
GEOMETRIC_REPRESENTATION_ITEM() RATIONAL_B_SPLINE_CURVE((1.,0.5,1.,0.5,
1.,0.5,1.)) REPRESENTATION_ITEM('') );
#3976 = CARTESIAN_POINT('',(256.25,111.));
#3977 = CARTESIAN_POINT('',(256.25,107.10288568297));
#3978 = CARTESIAN_POINT('',(252.875,109.05144284148));
#3979 = CARTESIAN_POINT('',(249.5,111.));
#3980 = CARTESIAN_POINT('',(252.875,112.94855715851));
#3981 = CARTESIAN_POINT('',(256.25,114.89711431703));
#3982 = CARTESIAN_POINT('',(256.25,111.));
#3983 = ( GEOMETRIC_REPRESENTATION_CONTEXT(2) 
PARAMETRIC_REPRESENTATION_CONTEXT() REPRESENTATION_CONTEXT('2D SPACE',''
  ) );
#3984 = PCURVE('',#3985,#3990);
#3985 = CYLINDRICAL_SURFACE('',#3986,2.25);
#3986 = AXIS2_PLACEMENT_3D('',#3987,#3988,#3989);
#3987 = CARTESIAN_POINT('',(84.,-24.,-10.));
#3988 = DIRECTION('',(-0.,-0.,-1.));
#3989 = DIRECTION('',(1.,0.,0.));
#3990 = DEFINITIONAL_REPRESENTATION('',(#3991),#3995);
#3991 = LINE('',#3992,#3993);
#3992 = CARTESIAN_POINT('',(-6.28318530718,-10.));
#3993 = VECTOR('',#3994,1.);
#3994 = DIRECTION('',(1.,-0.));
#3995 = ( GEOMETRIC_REPRESENTATION_CONTEXT(2) 
PARAMETRIC_REPRESENTATION_CONTEXT() REPRESENTATION_CONTEXT('2D SPACE',''
  ) );
#3996 = ADVANCED_FACE('',(#3997),#3178,.F.);
#3997 = FACE_BOUND('',#3998,.F.);
#3998 = EDGE_LOOP('',(#3999,#4022,#4023,#4046));
#3999 = ORIENTED_EDGE('',*,*,#4000,.F.);
#4000 = EDGE_CURVE('',#3157,#4001,#4003,.T.);
#4001 = VERTEX_POINT('',#4002);
#4002 = CARTESIAN_POINT('',(0.2,-135.,6.));
#4003 = SURFACE_CURVE('',#4004,(#4008,#4015),.PCURVE_S1.);
#4004 = LINE('',#4005,#4006);
#4005 = CARTESIAN_POINT('',(0.2,-135.,-5.));
#4006 = VECTOR('',#4007,1.);
#4007 = DIRECTION('',(0.,0.,1.));
#4008 = PCURVE('',#3178,#4009);
#4009 = DEFINITIONAL_REPRESENTATION('',(#4010),#4014);
#4010 = LINE('',#4011,#4012);
#4011 = CARTESIAN_POINT('',(0.,0.));
#4012 = VECTOR('',#4013,1.);
#4013 = DIRECTION('',(1.,0.));
#4014 = ( GEOMETRIC_REPRESENTATION_CONTEXT(2) 
PARAMETRIC_REPRESENTATION_CONTEXT() REPRESENTATION_CONTEXT('2D SPACE',''
  ) );
#4015 = PCURVE('',#3205,#4016);
#4016 = DEFINITIONAL_REPRESENTATION('',(#4017),#4021);
#4017 = LINE('',#4018,#4019);
#4018 = CARTESIAN_POINT('',(-5.,170.2));
#4019 = VECTOR('',#4020,1.);
#4020 = DIRECTION('',(1.,0.));
#4021 = ( GEOMETRIC_REPRESENTATION_CONTEXT(2) 
PARAMETRIC_REPRESENTATION_CONTEXT() REPRESENTATION_CONTEXT('2D SPACE',''
  ) );
#4022 = ORIENTED_EDGE('',*,*,#3156,.T.);
#4023 = ORIENTED_EDGE('',*,*,#4024,.T.);
#4024 = EDGE_CURVE('',#3159,#4025,#4027,.T.);
#4025 = VERTEX_POINT('',#4026);
#4026 = CARTESIAN_POINT('',(0.2,-0.2,6.));
#4027 = SURFACE_CURVE('',#4028,(#4032,#4039),.PCURVE_S1.);
#4028 = LINE('',#4029,#4030);
#4029 = CARTESIAN_POINT('',(0.2,-0.2,-5.));
#4030 = VECTOR('',#4031,1.);
#4031 = DIRECTION('',(0.,0.,1.));
#4032 = PCURVE('',#3178,#4033);
#4033 = DEFINITIONAL_REPRESENTATION('',(#4034),#4038);
#4034 = LINE('',#4035,#4036);
#4035 = CARTESIAN_POINT('',(0.,-134.8));
#4036 = VECTOR('',#4037,1.);
#4037 = DIRECTION('',(1.,0.));
#4038 = ( GEOMETRIC_REPRESENTATION_CONTEXT(2) 
PARAMETRIC_REPRESENTATION_CONTEXT() REPRESENTATION_CONTEXT('2D SPACE',''
  ) );
#4039 = PCURVE('',#3291,#4040);
#4040 = DEFINITIONAL_REPRESENTATION('',(#4041),#4045);
#4041 = LINE('',#4042,#4043);
#4042 = CARTESIAN_POINT('',(0.,0.));
#4043 = VECTOR('',#4044,1.);
#4044 = DIRECTION('',(1.,0.));
#4045 = ( GEOMETRIC_REPRESENTATION_CONTEXT(2) 
PARAMETRIC_REPRESENTATION_CONTEXT() REPRESENTATION_CONTEXT('2D SPACE',''
  ) );
#4046 = ORIENTED_EDGE('',*,*,#4047,.F.);
#4047 = EDGE_CURVE('',#4001,#4025,#4048,.T.);
#4048 = SURFACE_CURVE('',#4049,(#4053,#4059),.PCURVE_S1.);
#4049 = LINE('',#4050,#4051);
#4050 = CARTESIAN_POINT('',(0.2,-135.,6.));
#4051 = VECTOR('',#4052,1.);
#4052 = DIRECTION('',(0.,1.,0.));
#4053 = PCURVE('',#3178,#4054);
#4054 = DEFINITIONAL_REPRESENTATION('',(#4055),#4058);
#4055 = B_SPLINE_CURVE_WITH_KNOTS('',1,(#4056,#4057),.UNSPECIFIED.,.F.,
  .F.,(2,2),(0.,134.8),.PIECEWISE_BEZIER_KNOTS.);
#4056 = CARTESIAN_POINT('',(11.,0.));
#4057 = CARTESIAN_POINT('',(11.,-134.8));
#4058 = ( GEOMETRIC_REPRESENTATION_CONTEXT(2) 
PARAMETRIC_REPRESENTATION_CONTEXT() REPRESENTATION_CONTEXT('2D SPACE',''
  ) );
#4059 = PCURVE('',#4060,#4065);
#4060 = PLANE('',#4061);
#4061 = AXIS2_PLACEMENT_3D('',#4062,#4063,#4064);
#4062 = CARTESIAN_POINT('',(-170.,-135.,6.));
#4063 = DIRECTION('',(0.,0.,1.));
#4064 = DIRECTION('',(1.,0.,0.));
#4065 = DEFINITIONAL_REPRESENTATION('',(#4066),#4069);
#4066 = B_SPLINE_CURVE_WITH_KNOTS('',1,(#4067,#4068),.UNSPECIFIED.,.F.,
  .F.,(2,2),(0.,134.8),.PIECEWISE_BEZIER_KNOTS.);
#4067 = CARTESIAN_POINT('',(170.2,0.));
#4068 = CARTESIAN_POINT('',(170.2,134.8));
#4069 = ( GEOMETRIC_REPRESENTATION_CONTEXT(2) 
PARAMETRIC_REPRESENTATION_CONTEXT() REPRESENTATION_CONTEXT('2D SPACE',''
  ) );
#4070 = ADVANCED_FACE('',(#4071),#3291,.T.);
#4071 = FACE_BOUND('',#4072,.T.);
#4072 = EDGE_LOOP('',(#4073,#4096,#4097,#4098,#4119,#4145));
#4073 = ORIENTED_EDGE('',*,*,#4074,.F.);
#4074 = EDGE_CURVE('',#3251,#4075,#4077,.T.);
#4075 = VERTEX_POINT('',#4076);
#4076 = CARTESIAN_POINT('',(170.,-0.2,20.));
#4077 = SURFACE_CURVE('',#4078,(#4082,#4089),.PCURVE_S1.);
#4078 = LINE('',#4079,#4080);
#4079 = CARTESIAN_POINT('',(170.,-0.2,-5.));
#4080 = VECTOR('',#4081,1.);
#4081 = DIRECTION('',(0.,0.,1.));
#4082 = PCURVE('',#3291,#4083);
#4083 = DEFINITIONAL_REPRESENTATION('',(#4084),#4088);
#4084 = LINE('',#4085,#4086);
#4085 = CARTESIAN_POINT('',(0.,169.8));
#4086 = VECTOR('',#4087,1.);
#4087 = DIRECTION('',(1.,0.));
#4088 = ( GEOMETRIC_REPRESENTATION_CONTEXT(2) 
PARAMETRIC_REPRESENTATION_CONTEXT() REPRESENTATION_CONTEXT('2D SPACE',''
  ) );
#4089 = PCURVE('',#3266,#4090);
#4090 = DEFINITIONAL_REPRESENTATION('',(#4091),#4095);
#4091 = LINE('',#4092,#4093);
#4092 = CARTESIAN_POINT('',(-5.,-134.8));
#4093 = VECTOR('',#4094,1.);
#4094 = DIRECTION('',(1.,0.));
#4095 = ( GEOMETRIC_REPRESENTATION_CONTEXT(2) 
PARAMETRIC_REPRESENTATION_CONTEXT() REPRESENTATION_CONTEXT('2D SPACE',''
  ) );
#4096 = ORIENTED_EDGE('',*,*,#3278,.T.);
#4097 = ORIENTED_EDGE('',*,*,#4024,.T.);
#4098 = ORIENTED_EDGE('',*,*,#4099,.F.);
#4099 = EDGE_CURVE('',#4100,#4025,#4102,.T.);
#4100 = VERTEX_POINT('',#4101);
#4101 = CARTESIAN_POINT('',(164.,-0.2,6.));
#4102 = SURFACE_CURVE('',#4103,(#4107,#4113),.PCURVE_S1.);
#4103 = LINE('',#4104,#4105);
#4104 = CARTESIAN_POINT('',(-84.9,-0.2,6.));
#4105 = VECTOR('',#4106,1.);
#4106 = DIRECTION('',(-1.,0.,0.));
#4107 = PCURVE('',#3291,#4108);
#4108 = DEFINITIONAL_REPRESENTATION('',(#4109),#4112);
#4109 = B_SPLINE_CURVE_WITH_KNOTS('',1,(#4110,#4111),.UNSPECIFIED.,.F.,
  .F.,(2,2),(-248.9,-85.1),.PIECEWISE_BEZIER_KNOTS.);
#4110 = CARTESIAN_POINT('',(11.,163.8));
#4111 = CARTESIAN_POINT('',(11.,0.));
#4112 = ( GEOMETRIC_REPRESENTATION_CONTEXT(2) 
PARAMETRIC_REPRESENTATION_CONTEXT() REPRESENTATION_CONTEXT('2D SPACE',''
  ) );
#4113 = PCURVE('',#4060,#4114);
#4114 = DEFINITIONAL_REPRESENTATION('',(#4115),#4118);
#4115 = B_SPLINE_CURVE_WITH_KNOTS('',1,(#4116,#4117),.UNSPECIFIED.,.F.,
  .F.,(2,2),(-248.9,-85.1),.PIECEWISE_BEZIER_KNOTS.);
#4116 = CARTESIAN_POINT('',(334.,134.8));
#4117 = CARTESIAN_POINT('',(170.2,134.8));
#4118 = ( GEOMETRIC_REPRESENTATION_CONTEXT(2) 
PARAMETRIC_REPRESENTATION_CONTEXT() REPRESENTATION_CONTEXT('2D SPACE',''
  ) );
#4119 = ORIENTED_EDGE('',*,*,#4120,.T.);
#4120 = EDGE_CURVE('',#4100,#4121,#4123,.T.);
#4121 = VERTEX_POINT('',#4122);
#4122 = CARTESIAN_POINT('',(164.,-0.2,20.));
#4123 = SURFACE_CURVE('',#4124,(#4128,#4134),.PCURVE_S1.);
#4124 = LINE('',#4125,#4126);
#4125 = CARTESIAN_POINT('',(164.,-0.2,0.5));
#4126 = VECTOR('',#4127,1.);
#4127 = DIRECTION('',(0.,0.,1.));
#4128 = PCURVE('',#3291,#4129);
#4129 = DEFINITIONAL_REPRESENTATION('',(#4130),#4133);
#4130 = B_SPLINE_CURVE_WITH_KNOTS('',1,(#4131,#4132),.UNSPECIFIED.,.F.,
  .F.,(2,2),(5.5,19.5),.PIECEWISE_BEZIER_KNOTS.);
#4131 = CARTESIAN_POINT('',(11.,163.8));
#4132 = CARTESIAN_POINT('',(25.,163.8));
#4133 = ( GEOMETRIC_REPRESENTATION_CONTEXT(2) 
PARAMETRIC_REPRESENTATION_CONTEXT() REPRESENTATION_CONTEXT('2D SPACE',''
  ) );
#4134 = PCURVE('',#4135,#4140);
#4135 = PLANE('',#4136);
#4136 = AXIS2_PLACEMENT_3D('',#4137,#4138,#4139);
#4137 = CARTESIAN_POINT('',(164.,-130.,6.));
#4138 = DIRECTION('',(1.,0.,0.));
#4139 = DIRECTION('',(0.,0.,1.));
#4140 = DEFINITIONAL_REPRESENTATION('',(#4141),#4144);
#4141 = B_SPLINE_CURVE_WITH_KNOTS('',1,(#4142,#4143),.UNSPECIFIED.,.F.,
  .F.,(2,2),(5.5,19.5),.PIECEWISE_BEZIER_KNOTS.);
#4142 = CARTESIAN_POINT('',(0.,-129.8));
#4143 = CARTESIAN_POINT('',(14.,-129.8));
#4144 = ( GEOMETRIC_REPRESENTATION_CONTEXT(2) 
PARAMETRIC_REPRESENTATION_CONTEXT() REPRESENTATION_CONTEXT('2D SPACE',''
  ) );
#4145 = ORIENTED_EDGE('',*,*,#4146,.F.);
#4146 = EDGE_CURVE('',#4075,#4121,#4147,.T.);
#4147 = SURFACE_CURVE('',#4148,(#4152,#4158),.PCURVE_S1.);
#4148 = LINE('',#4149,#4150);
#4149 = CARTESIAN_POINT('',(82.1,-0.2,20.));
#4150 = VECTOR('',#4151,1.);
#4151 = DIRECTION('',(-1.,0.,0.));
#4152 = PCURVE('',#3291,#4153);
#4153 = DEFINITIONAL_REPRESENTATION('',(#4154),#4157);
#4154 = B_SPLINE_CURVE_WITH_KNOTS('',1,(#4155,#4156),.UNSPECIFIED.,.F.,
  .F.,(2,2),(-87.9,34.1),.PIECEWISE_BEZIER_KNOTS.);
#4155 = CARTESIAN_POINT('',(25.,169.8));
#4156 = CARTESIAN_POINT('',(25.,47.8));
#4157 = ( GEOMETRIC_REPRESENTATION_CONTEXT(2) 
PARAMETRIC_REPRESENTATION_CONTEXT() REPRESENTATION_CONTEXT('2D SPACE',''
  ) );
#4158 = PCURVE('',#4159,#4164);
#4159 = PLANE('',#4160);
#4160 = AXIS2_PLACEMENT_3D('',#4161,#4162,#4163);
#4161 = CARTESIAN_POINT('',(164.,-130.,20.));
#4162 = DIRECTION('',(0.,0.,1.));
#4163 = DIRECTION('',(1.,0.,0.));
#4164 = DEFINITIONAL_REPRESENTATION('',(#4165),#4168);
#4165 = B_SPLINE_CURVE_WITH_KNOTS('',1,(#4166,#4167),.UNSPECIFIED.,.F.,
  .F.,(2,2),(-87.9,34.1),.PIECEWISE_BEZIER_KNOTS.);
#4166 = CARTESIAN_POINT('',(6.,129.8));
#4167 = CARTESIAN_POINT('',(-116.,129.8));
#4168 = ( GEOMETRIC_REPRESENTATION_CONTEXT(2) 
PARAMETRIC_REPRESENTATION_CONTEXT() REPRESENTATION_CONTEXT('2D SPACE',''
  ) );
#4169 = ADVANCED_FACE('',(#4170),#3266,.T.);
#4170 = FACE_BOUND('',#4171,.T.);
#4171 = EDGE_LOOP('',(#4172,#4195,#4196,#4197,#4220));
#4172 = ORIENTED_EDGE('',*,*,#4173,.F.);
#4173 = EDGE_CURVE('',#3218,#4174,#4176,.T.);
#4174 = VERTEX_POINT('',#4175);
#4175 = CARTESIAN_POINT('',(170.,-130.,6.));
#4176 = SURFACE_CURVE('',#4177,(#4181,#4188),.PCURVE_S1.);
#4177 = LINE('',#4178,#4179);
#4178 = CARTESIAN_POINT('',(170.,-130.,0.));
#4179 = VECTOR('',#4180,1.);
#4180 = DIRECTION('',(0.,0.,1.));
#4181 = PCURVE('',#3266,#4182);
#4182 = DEFINITIONAL_REPRESENTATION('',(#4183),#4187);
#4183 = LINE('',#4184,#4185);
#4184 = CARTESIAN_POINT('',(0.,-5.));
#4185 = VECTOR('',#4186,1.);
#4186 = DIRECTION('',(1.,0.));
#4187 = ( GEOMETRIC_REPRESENTATION_CONTEXT(2) 
PARAMETRIC_REPRESENTATION_CONTEXT() REPRESENTATION_CONTEXT('2D SPACE',''
  ) );
#4188 = PCURVE('',#3238,#4189);
#4189 = DEFINITIONAL_REPRESENTATION('',(#4190),#4194);
#4190 = LINE('',#4191,#4192);
#4191 = CARTESIAN_POINT('',(-0.,0.));
#4192 = VECTOR('',#4193,1.);
#4193 = DIRECTION('',(-0.,1.));
#4194 = ( GEOMETRIC_REPRESENTATION_CONTEXT(2) 
PARAMETRIC_REPRESENTATION_CONTEXT() REPRESENTATION_CONTEXT('2D SPACE',''
  ) );
#4195 = ORIENTED_EDGE('',*,*,#3250,.T.);
#4196 = ORIENTED_EDGE('',*,*,#4074,.T.);
#4197 = ORIENTED_EDGE('',*,*,#4198,.F.);
#4198 = EDGE_CURVE('',#4199,#4075,#4201,.T.);
#4199 = VERTEX_POINT('',#4200);
#4200 = CARTESIAN_POINT('',(170.,-130.,20.));
#4201 = SURFACE_CURVE('',#4202,(#4206,#4213),.PCURVE_S1.);
#4202 = LINE('',#4203,#4204);
#4203 = CARTESIAN_POINT('',(170.,-130.,20.));
#4204 = VECTOR('',#4205,1.);
#4205 = DIRECTION('',(0.,1.,0.));
#4206 = PCURVE('',#3266,#4207);
#4207 = DEFINITIONAL_REPRESENTATION('',(#4208),#4212);
#4208 = LINE('',#4209,#4210);
#4209 = CARTESIAN_POINT('',(20.,-5.));
#4210 = VECTOR('',#4211,1.);
#4211 = DIRECTION('',(0.,-1.));
#4212 = ( GEOMETRIC_REPRESENTATION_CONTEXT(2) 
PARAMETRIC_REPRESENTATION_CONTEXT() REPRESENTATION_CONTEXT('2D SPACE',''
  ) );
#4213 = PCURVE('',#4159,#4214);
#4214 = DEFINITIONAL_REPRESENTATION('',(#4215),#4219);
#4215 = LINE('',#4216,#4217);
#4216 = CARTESIAN_POINT('',(6.,0.));
#4217 = VECTOR('',#4218,1.);
#4218 = DIRECTION('',(0.,1.));
#4219 = ( GEOMETRIC_REPRESENTATION_CONTEXT(2) 
PARAMETRIC_REPRESENTATION_CONTEXT() REPRESENTATION_CONTEXT('2D SPACE',''
  ) );
#4220 = ORIENTED_EDGE('',*,*,#4221,.F.);
#4221 = EDGE_CURVE('',#4174,#4199,#4222,.T.);
#4222 = SURFACE_CURVE('',#4223,(#4227,#4234),.PCURVE_S1.);
#4223 = LINE('',#4224,#4225);
#4224 = CARTESIAN_POINT('',(170.,-130.,6.));
#4225 = VECTOR('',#4226,1.);
#4226 = DIRECTION('',(0.,0.,1.));
#4227 = PCURVE('',#3266,#4228);
#4228 = DEFINITIONAL_REPRESENTATION('',(#4229),#4233);
#4229 = LINE('',#4230,#4231);
#4230 = CARTESIAN_POINT('',(6.,-5.));
#4231 = VECTOR('',#4232,1.);
#4232 = DIRECTION('',(1.,0.));
#4233 = ( GEOMETRIC_REPRESENTATION_CONTEXT(2) 
PARAMETRIC_REPRESENTATION_CONTEXT() REPRESENTATION_CONTEXT('2D SPACE',''
  ) );
#4234 = PCURVE('',#4235,#4240);
#4235 = PLANE('',#4236);
#4236 = AXIS2_PLACEMENT_3D('',#4237,#4238,#4239);
#4237 = CARTESIAN_POINT('',(164.,-130.,6.));
#4238 = DIRECTION('',(0.,1.,0.));
#4239 = DIRECTION('',(0.,0.,1.));
#4240 = DEFINITIONAL_REPRESENTATION('',(#4241),#4245);
#4241 = LINE('',#4242,#4243);
#4242 = CARTESIAN_POINT('',(0.,6.));
#4243 = VECTOR('',#4244,1.);
#4244 = DIRECTION('',(1.,0.));
#4245 = ( GEOMETRIC_REPRESENTATION_CONTEXT(2) 
PARAMETRIC_REPRESENTATION_CONTEXT() REPRESENTATION_CONTEXT('2D SPACE',''
  ) );
#4246 = ADVANCED_FACE('',(#4247),#3238,.T.);
#4247 = FACE_BOUND('',#4248,.F.);
#4248 = EDGE_LOOP('',(#4249,#4250,#4273,#4304));
#4249 = ORIENTED_EDGE('',*,*,#3217,.T.);
#4250 = ORIENTED_EDGE('',*,*,#4251,.T.);
#4251 = EDGE_CURVE('',#3190,#4252,#4254,.T.);
#4252 = VERTEX_POINT('',#4253);
#4253 = CARTESIAN_POINT('',(165.,-135.,6.));
#4254 = SURFACE_CURVE('',#4255,(#4259,#4266),.PCURVE_S1.);
#4255 = LINE('',#4256,#4257);
#4256 = CARTESIAN_POINT('',(165.,-135.,0.));
#4257 = VECTOR('',#4258,1.);
#4258 = DIRECTION('',(0.,0.,1.));
#4259 = PCURVE('',#3238,#4260);
#4260 = DEFINITIONAL_REPRESENTATION('',(#4261),#4265);
#4261 = LINE('',#4262,#4263);
#4262 = CARTESIAN_POINT('',(-1.570796326795,0.));
#4263 = VECTOR('',#4264,1.);
#4264 = DIRECTION('',(-0.,1.));
#4265 = ( GEOMETRIC_REPRESENTATION_CONTEXT(2) 
PARAMETRIC_REPRESENTATION_CONTEXT() REPRESENTATION_CONTEXT('2D SPACE',''
  ) );
#4266 = PCURVE('',#3205,#4267);
#4267 = DEFINITIONAL_REPRESENTATION('',(#4268),#4272);
#4268 = LINE('',#4269,#4270);
#4269 = CARTESIAN_POINT('',(0.,335.));
#4270 = VECTOR('',#4271,1.);
#4271 = DIRECTION('',(1.,0.));
#4272 = ( GEOMETRIC_REPRESENTATION_CONTEXT(2) 
PARAMETRIC_REPRESENTATION_CONTEXT() REPRESENTATION_CONTEXT('2D SPACE',''
  ) );
#4273 = ORIENTED_EDGE('',*,*,#4274,.F.);
#4274 = EDGE_CURVE('',#4174,#4252,#4275,.T.);
#4275 = SURFACE_CURVE('',#4276,(#4281,#4288),.PCURVE_S1.);
#4276 = CIRCLE('',#4277,5.);
#4277 = AXIS2_PLACEMENT_3D('',#4278,#4279,#4280);
#4278 = CARTESIAN_POINT('',(165.,-130.,6.));
#4279 = DIRECTION('',(-0.,-0.,-1.));
#4280 = DIRECTION('',(0.,-1.,0.));
#4281 = PCURVE('',#3238,#4282);
#4282 = DEFINITIONAL_REPRESENTATION('',(#4283),#4287);
#4283 = LINE('',#4284,#4285);
#4284 = CARTESIAN_POINT('',(4.712388980385,6.));
#4285 = VECTOR('',#4286,1.);
#4286 = DIRECTION('',(-1.,0.));
#4287 = ( GEOMETRIC_REPRESENTATION_CONTEXT(2) 
PARAMETRIC_REPRESENTATION_CONTEXT() REPRESENTATION_CONTEXT('2D SPACE',''
  ) );
#4288 = PCURVE('',#4289,#4294);
#4289 = PLANE('',#4290);
#4290 = AXIS2_PLACEMENT_3D('',#4291,#4292,#4293);
#4291 = CARTESIAN_POINT('',(-170.,-135.,6.));
#4292 = DIRECTION('',(0.,0.,1.));
#4293 = DIRECTION('',(1.,0.,0.));
#4294 = DEFINITIONAL_REPRESENTATION('',(#4295),#4303);
#4295 = ( BOUNDED_CURVE() B_SPLINE_CURVE(2,(#4296,#4297,#4298,#4299,
#4300,#4301,#4302),.UNSPECIFIED.,.T.,.F.) B_SPLINE_CURVE_WITH_KNOTS((1,2
    ,2,2,2,1),(-2.094395102393,0.,2.094395102393,4.188790204786,
6.28318530718,8.377580409573),.UNSPECIFIED.) CURVE() 
GEOMETRIC_REPRESENTATION_ITEM() RATIONAL_B_SPLINE_CURVE((1.,0.5,1.,0.5,
1.,0.5,1.)) REPRESENTATION_ITEM('') );
#4296 = CARTESIAN_POINT('',(335.,0.));
#4297 = CARTESIAN_POINT('',(326.33974596215,0.));
#4298 = CARTESIAN_POINT('',(330.66987298107,7.5));
#4299 = CARTESIAN_POINT('',(335.,15.));
#4300 = CARTESIAN_POINT('',(339.33012701892,7.5));
#4301 = CARTESIAN_POINT('',(343.66025403784,7.993605777301E-15));
#4302 = CARTESIAN_POINT('',(335.,0.));
#4303 = ( GEOMETRIC_REPRESENTATION_CONTEXT(2) 
PARAMETRIC_REPRESENTATION_CONTEXT() REPRESENTATION_CONTEXT('2D SPACE',''
  ) );
#4304 = ORIENTED_EDGE('',*,*,#4173,.F.);
#4305 = ADVANCED_FACE('',(#4306),#3205,.F.);
#4306 = FACE_BOUND('',#4307,.F.);
#4307 = EDGE_LOOP('',(#4308,#4309,#4310,#4333,#4361,#4384,#4410));
#4308 = ORIENTED_EDGE('',*,*,#3189,.F.);
#4309 = ORIENTED_EDGE('',*,*,#4000,.T.);
#4310 = ORIENTED_EDGE('',*,*,#4311,.T.);
#4311 = EDGE_CURVE('',#4001,#4312,#4314,.T.);
#4312 = VERTEX_POINT('',#4313);
#4313 = CARTESIAN_POINT('',(48.,-135.,6.));
#4314 = SURFACE_CURVE('',#4315,(#4319,#4326),.PCURVE_S1.);
#4315 = LINE('',#4316,#4317);
#4316 = CARTESIAN_POINT('',(-170.,-135.,6.));
#4317 = VECTOR('',#4318,1.);
#4318 = DIRECTION('',(1.,0.,0.));
#4319 = PCURVE('',#3205,#4320);
#4320 = DEFINITIONAL_REPRESENTATION('',(#4321),#4325);
#4321 = LINE('',#4322,#4323);
#4322 = CARTESIAN_POINT('',(6.,0.));
#4323 = VECTOR('',#4324,1.);
#4324 = DIRECTION('',(0.,1.));
#4325 = ( GEOMETRIC_REPRESENTATION_CONTEXT(2) 
PARAMETRIC_REPRESENTATION_CONTEXT() REPRESENTATION_CONTEXT('2D SPACE',''
  ) );
#4326 = PCURVE('',#4060,#4327);
#4327 = DEFINITIONAL_REPRESENTATION('',(#4328),#4332);
#4328 = LINE('',#4329,#4330);
#4329 = CARTESIAN_POINT('',(0.,0.));
#4330 = VECTOR('',#4331,1.);
#4331 = DIRECTION('',(1.,0.));
#4332 = ( GEOMETRIC_REPRESENTATION_CONTEXT(2) 
PARAMETRIC_REPRESENTATION_CONTEXT() REPRESENTATION_CONTEXT('2D SPACE',''
  ) );
#4333 = ORIENTED_EDGE('',*,*,#4334,.T.);
#4334 = EDGE_CURVE('',#4312,#4335,#4337,.T.);
#4335 = VERTEX_POINT('',#4336);
#4336 = CARTESIAN_POINT('',(48.,-135.,20.));
#4337 = SURFACE_CURVE('',#4338,(#4342,#4349),.PCURVE_S1.);
#4338 = LINE('',#4339,#4340);
#4339 = CARTESIAN_POINT('',(48.,-135.,6.));
#4340 = VECTOR('',#4341,1.);
#4341 = DIRECTION('',(0.,0.,1.));
#4342 = PCURVE('',#3205,#4343);
#4343 = DEFINITIONAL_REPRESENTATION('',(#4344),#4348);
#4344 = LINE('',#4345,#4346);
#4345 = CARTESIAN_POINT('',(6.,218.));
#4346 = VECTOR('',#4347,1.);
#4347 = DIRECTION('',(1.,0.));
#4348 = ( GEOMETRIC_REPRESENTATION_CONTEXT(2) 
PARAMETRIC_REPRESENTATION_CONTEXT() REPRESENTATION_CONTEXT('2D SPACE',''
  ) );
#4349 = PCURVE('',#4350,#4355);
#4350 = PLANE('',#4351);
#4351 = AXIS2_PLACEMENT_3D('',#4352,#4353,#4354);
#4352 = CARTESIAN_POINT('',(48.,-135.,6.));
#4353 = DIRECTION('',(1.,0.,0.));
#4354 = DIRECTION('',(0.,0.,1.));
#4355 = DEFINITIONAL_REPRESENTATION('',(#4356),#4360);
#4356 = LINE('',#4357,#4358);
#4357 = CARTESIAN_POINT('',(0.,0.));
#4358 = VECTOR('',#4359,1.);
#4359 = DIRECTION('',(1.,0.));
#4360 = ( GEOMETRIC_REPRESENTATION_CONTEXT(2) 
PARAMETRIC_REPRESENTATION_CONTEXT() REPRESENTATION_CONTEXT('2D SPACE',''
  ) );
#4361 = ORIENTED_EDGE('',*,*,#4362,.T.);
#4362 = EDGE_CURVE('',#4335,#4363,#4365,.T.);
#4363 = VERTEX_POINT('',#4364);
#4364 = CARTESIAN_POINT('',(165.,-135.,20.));
#4365 = SURFACE_CURVE('',#4366,(#4370,#4377),.PCURVE_S1.);
#4366 = LINE('',#4367,#4368);
#4367 = CARTESIAN_POINT('',(48.,-135.,20.));
#4368 = VECTOR('',#4369,1.);
#4369 = DIRECTION('',(1.,0.,0.));
#4370 = PCURVE('',#3205,#4371);
#4371 = DEFINITIONAL_REPRESENTATION('',(#4372),#4376);
#4372 = LINE('',#4373,#4374);
#4373 = CARTESIAN_POINT('',(20.,218.));
#4374 = VECTOR('',#4375,1.);
#4375 = DIRECTION('',(0.,1.));
#4376 = ( GEOMETRIC_REPRESENTATION_CONTEXT(2) 
PARAMETRIC_REPRESENTATION_CONTEXT() REPRESENTATION_CONTEXT('2D SPACE',''
  ) );
#4377 = PCURVE('',#4159,#4378);
#4378 = DEFINITIONAL_REPRESENTATION('',(#4379),#4383);
#4379 = LINE('',#4380,#4381);
#4380 = CARTESIAN_POINT('',(-116.,-5.));
#4381 = VECTOR('',#4382,1.);
#4382 = DIRECTION('',(1.,0.));
#4383 = ( GEOMETRIC_REPRESENTATION_CONTEXT(2) 
PARAMETRIC_REPRESENTATION_CONTEXT() REPRESENTATION_CONTEXT('2D SPACE',''
  ) );
#4384 = ORIENTED_EDGE('',*,*,#4385,.F.);
#4385 = EDGE_CURVE('',#4252,#4363,#4386,.T.);
#4386 = SURFACE_CURVE('',#4387,(#4391,#4398),.PCURVE_S1.);
#4387 = LINE('',#4388,#4389);
#4388 = CARTESIAN_POINT('',(165.,-135.,6.));
#4389 = VECTOR('',#4390,1.);
#4390 = DIRECTION('',(0.,0.,1.));
#4391 = PCURVE('',#3205,#4392);
#4392 = DEFINITIONAL_REPRESENTATION('',(#4393),#4397);
#4393 = LINE('',#4394,#4395);
#4394 = CARTESIAN_POINT('',(6.,335.));
#4395 = VECTOR('',#4396,1.);
#4396 = DIRECTION('',(1.,0.));
#4397 = ( GEOMETRIC_REPRESENTATION_CONTEXT(2) 
PARAMETRIC_REPRESENTATION_CONTEXT() REPRESENTATION_CONTEXT('2D SPACE',''
  ) );
#4398 = PCURVE('',#4399,#4404);
#4399 = PLANE('',#4400);
#4400 = AXIS2_PLACEMENT_3D('',#4401,#4402,#4403);
#4401 = CARTESIAN_POINT('',(165.,-135.,6.));
#4402 = DIRECTION('',(1.,0.,0.));
#4403 = DIRECTION('',(0.,0.,1.));
#4404 = DEFINITIONAL_REPRESENTATION('',(#4405),#4409);
#4405 = LINE('',#4406,#4407);
#4406 = CARTESIAN_POINT('',(0.,0.));
#4407 = VECTOR('',#4408,1.);
#4408 = DIRECTION('',(1.,0.));
#4409 = ( GEOMETRIC_REPRESENTATION_CONTEXT(2) 
PARAMETRIC_REPRESENTATION_CONTEXT() REPRESENTATION_CONTEXT('2D SPACE',''
  ) );
#4410 = ORIENTED_EDGE('',*,*,#4251,.F.);
#4411 = ADVANCED_FACE('',(#4412),#3321,.F.);
#4412 = FACE_BOUND('',#4413,.F.);
#4413 = EDGE_LOOP('',(#4414,#4415,#4438,#4459));
#4414 = ORIENTED_EDGE('',*,*,#3304,.T.);
#4415 = ORIENTED_EDGE('',*,*,#4416,.T.);
#4416 = EDGE_CURVE('',#3307,#4417,#4419,.T.);
#4417 = VERTEX_POINT('',#4418);
#4418 = CARTESIAN_POINT('',(8.25,-109.75,6.));
#4419 = SURFACE_CURVE('',#4420,(#4424,#4431),.PCURVE_S1.);
#4420 = LINE('',#4421,#4422);
#4421 = CARTESIAN_POINT('',(8.25,-109.75,-10.));
#4422 = VECTOR('',#4423,1.);
#4423 = DIRECTION('',(0.,0.,1.));
#4424 = PCURVE('',#3321,#4425);
#4425 = DEFINITIONAL_REPRESENTATION('',(#4426),#4430);
#4426 = LINE('',#4427,#4428);
#4427 = CARTESIAN_POINT('',(0.,0.));
#4428 = VECTOR('',#4429,1.);
#4429 = DIRECTION('',(0.,-1.));
#4430 = ( GEOMETRIC_REPRESENTATION_CONTEXT(2) 
PARAMETRIC_REPRESENTATION_CONTEXT() REPRESENTATION_CONTEXT('2D SPACE',''
  ) );
#4431 = PCURVE('',#3410,#4432);
#4432 = DEFINITIONAL_REPRESENTATION('',(#4433),#4437);
#4433 = LINE('',#4434,#4435);
#4434 = CARTESIAN_POINT('',(3.14159265359,0.));
#4435 = VECTOR('',#4436,1.);
#4436 = DIRECTION('',(0.,-1.));
#4437 = ( GEOMETRIC_REPRESENTATION_CONTEXT(2) 
PARAMETRIC_REPRESENTATION_CONTEXT() REPRESENTATION_CONTEXT('2D SPACE',''
  ) );
#4438 = ORIENTED_EDGE('',*,*,#4439,.F.);
#4439 = EDGE_CURVE('',#4440,#4417,#4442,.T.);
#4440 = VERTEX_POINT('',#4441);
#4441 = CARTESIAN_POINT('',(31.75,-109.75,6.));
#4442 = SURFACE_CURVE('',#4443,(#4447,#4453),.PCURVE_S1.);
#4443 = LINE('',#4444,#4445);
#4444 = CARTESIAN_POINT('',(-80.875,-109.75,6.));
#4445 = VECTOR('',#4446,1.);
#4446 = DIRECTION('',(-1.,0.,0.));
#4447 = PCURVE('',#3321,#4448);
#4448 = DEFINITIONAL_REPRESENTATION('',(#4449),#4452);
#4449 = B_SPLINE_CURVE_WITH_KNOTS('',1,(#4450,#4451),.UNSPECIFIED.,.F.,
  .F.,(2,2),(-112.625,-89.125),.PIECEWISE_BEZIER_KNOTS.);
#4450 = CARTESIAN_POINT('',(23.5,-16.));
#4451 = CARTESIAN_POINT('',(0.,-16.));
#4452 = ( GEOMETRIC_REPRESENTATION_CONTEXT(2) 
PARAMETRIC_REPRESENTATION_CONTEXT() REPRESENTATION_CONTEXT('2D SPACE',''
  ) );
#4453 = PCURVE('',#4060,#4454);
#4454 = DEFINITIONAL_REPRESENTATION('',(#4455),#4458);
#4455 = B_SPLINE_CURVE_WITH_KNOTS('',1,(#4456,#4457),.UNSPECIFIED.,.F.,
  .F.,(2,2),(-112.625,-89.125),.PIECEWISE_BEZIER_KNOTS.);
#4456 = CARTESIAN_POINT('',(201.75,25.25));
#4457 = CARTESIAN_POINT('',(178.25,25.25));
#4458 = ( GEOMETRIC_REPRESENTATION_CONTEXT(2) 
PARAMETRIC_REPRESENTATION_CONTEXT() REPRESENTATION_CONTEXT('2D SPACE',''
  ) );
#4459 = ORIENTED_EDGE('',*,*,#4460,.F.);
#4460 = EDGE_CURVE('',#3305,#4440,#4461,.T.);
#4461 = SURFACE_CURVE('',#4462,(#4466,#4473),.PCURVE_S1.);
#4462 = LINE('',#4463,#4464);
#4463 = CARTESIAN_POINT('',(31.75,-109.75,-10.));
#4464 = VECTOR('',#4465,1.);
#4465 = DIRECTION('',(0.,0.,1.));
#4466 = PCURVE('',#3321,#4467);
#4467 = DEFINITIONAL_REPRESENTATION('',(#4468),#4472);
#4468 = LINE('',#4469,#4470);
#4469 = CARTESIAN_POINT('',(23.5,0.));
#4470 = VECTOR('',#4471,1.);
#4471 = DIRECTION('',(0.,-1.));
#4472 = ( GEOMETRIC_REPRESENTATION_CONTEXT(2) 
PARAMETRIC_REPRESENTATION_CONTEXT() REPRESENTATION_CONTEXT('2D SPACE',''
  ) );
#4473 = PCURVE('',#3353,#4474);
#4474 = DEFINITIONAL_REPRESENTATION('',(#4475),#4479);
#4475 = LINE('',#4476,#4477);
#4476 = CARTESIAN_POINT('',(0.,0.));
#4477 = VECTOR('',#4478,1.);
#4478 = DIRECTION('',(0.,-1.));
#4479 = ( GEOMETRIC_REPRESENTATION_CONTEXT(2) 
PARAMETRIC_REPRESENTATION_CONTEXT() REPRESENTATION_CONTEXT('2D SPACE',''
  ) );
#4480 = ADVANCED_FACE('',(#4481),#3353,.F.);
#4481 = FACE_BOUND('',#4482,.F.);
#4482 = EDGE_LOOP('',(#4483,#4484,#4485,#4513));
#4483 = ORIENTED_EDGE('',*,*,#3332,.F.);
#4484 = ORIENTED_EDGE('',*,*,#4460,.T.);
#4485 = ORIENTED_EDGE('',*,*,#4486,.T.);
#4486 = EDGE_CURVE('',#4440,#4487,#4489,.T.);
#4487 = VERTEX_POINT('',#4488);
#4488 = CARTESIAN_POINT('',(31.75,-114.25,6.));
#4489 = SURFACE_CURVE('',#4490,(#4495,#4502),.PCURVE_S1.);
#4490 = CIRCLE('',#4491,2.25);
#4491 = AXIS2_PLACEMENT_3D('',#4492,#4493,#4494);
#4492 = CARTESIAN_POINT('',(31.75,-112.,6.));
#4493 = DIRECTION('',(0.,0.,-1.));
#4494 = DIRECTION('',(0.,1.,0.));
#4495 = PCURVE('',#3353,#4496);
#4496 = DEFINITIONAL_REPRESENTATION('',(#4497),#4501);
#4497 = LINE('',#4498,#4499);
#4498 = CARTESIAN_POINT('',(0.,-16.));
#4499 = VECTOR('',#4500,1.);
#4500 = DIRECTION('',(1.,0.));
#4501 = ( GEOMETRIC_REPRESENTATION_CONTEXT(2) 
PARAMETRIC_REPRESENTATION_CONTEXT() REPRESENTATION_CONTEXT('2D SPACE',''
  ) );
#4502 = PCURVE('',#4060,#4503);
#4503 = DEFINITIONAL_REPRESENTATION('',(#4504),#4512);
#4504 = ( BOUNDED_CURVE() B_SPLINE_CURVE(2,(#4505,#4506,#4507,#4508,
#4509,#4510,#4511),.UNSPECIFIED.,.T.,.F.) B_SPLINE_CURVE_WITH_KNOTS((1,2
    ,2,2,2,1),(-2.094395102393,0.,2.094395102393,4.188790204786,
6.28318530718,8.377580409573),.UNSPECIFIED.) CURVE() 
GEOMETRIC_REPRESENTATION_ITEM() RATIONAL_B_SPLINE_CURVE((1.,0.5,1.,0.5,
1.,0.5,1.)) REPRESENTATION_ITEM('') );
#4505 = CARTESIAN_POINT('',(201.75,25.25));
#4506 = CARTESIAN_POINT('',(205.64711431703,25.25));
#4507 = CARTESIAN_POINT('',(203.69855715851,21.875));
#4508 = CARTESIAN_POINT('',(201.75,18.5));
#4509 = CARTESIAN_POINT('',(199.80144284148,21.875));
#4510 = CARTESIAN_POINT('',(197.85288568297,25.25));
#4511 = CARTESIAN_POINT('',(201.75,25.25));
#4512 = ( GEOMETRIC_REPRESENTATION_CONTEXT(2) 
PARAMETRIC_REPRESENTATION_CONTEXT() REPRESENTATION_CONTEXT('2D SPACE',''
  ) );
#4513 = ORIENTED_EDGE('',*,*,#4514,.F.);
#4514 = EDGE_CURVE('',#3333,#4487,#4515,.T.);
#4515 = SURFACE_CURVE('',#4516,(#4520,#4527),.PCURVE_S1.);
#4516 = LINE('',#4517,#4518);
#4517 = CARTESIAN_POINT('',(31.75,-114.25,-10.));
#4518 = VECTOR('',#4519,1.);
#4519 = DIRECTION('',(0.,0.,1.));
#4520 = PCURVE('',#3353,#4521);
#4521 = DEFINITIONAL_REPRESENTATION('',(#4522),#4526);
#4522 = LINE('',#4523,#4524);
#4523 = CARTESIAN_POINT('',(3.14159265359,0.));
#4524 = VECTOR('',#4525,1.);
#4525 = DIRECTION('',(0.,-1.));
#4526 = ( GEOMETRIC_REPRESENTATION_CONTEXT(2) 
PARAMETRIC_REPRESENTATION_CONTEXT() REPRESENTATION_CONTEXT('2D SPACE',''
  ) );
#4527 = PCURVE('',#3380,#4528);
#4528 = DEFINITIONAL_REPRESENTATION('',(#4529),#4533);
#4529 = LINE('',#4530,#4531);
#4530 = CARTESIAN_POINT('',(0.,-0.));
#4531 = VECTOR('',#4532,1.);
#4532 = DIRECTION('',(0.,-1.));
#4533 = ( GEOMETRIC_REPRESENTATION_CONTEXT(2) 
PARAMETRIC_REPRESENTATION_CONTEXT() REPRESENTATION_CONTEXT('2D SPACE',''
  ) );
#4534 = ADVANCED_FACE('',(#4535),#3410,.F.);
#4535 = FACE_BOUND('',#4536,.F.);
#4536 = EDGE_LOOP('',(#4537,#4538,#4561,#4587));
#4537 = ORIENTED_EDGE('',*,*,#3391,.F.);
#4538 = ORIENTED_EDGE('',*,*,#4539,.T.);
#4539 = EDGE_CURVE('',#3366,#4540,#4542,.T.);
#4540 = VERTEX_POINT('',#4541);
#4541 = CARTESIAN_POINT('',(8.25,-114.25,6.));
#4542 = SURFACE_CURVE('',#4543,(#4547,#4554),.PCURVE_S1.);
#4543 = LINE('',#4544,#4545);
#4544 = CARTESIAN_POINT('',(8.25,-114.25,-10.));
#4545 = VECTOR('',#4546,1.);
#4546 = DIRECTION('',(0.,0.,1.));
#4547 = PCURVE('',#3410,#4548);
#4548 = DEFINITIONAL_REPRESENTATION('',(#4549),#4553);
#4549 = LINE('',#4550,#4551);
#4550 = CARTESIAN_POINT('',(0.,0.));
#4551 = VECTOR('',#4552,1.);
#4552 = DIRECTION('',(0.,-1.));
#4553 = ( GEOMETRIC_REPRESENTATION_CONTEXT(2) 
PARAMETRIC_REPRESENTATION_CONTEXT() REPRESENTATION_CONTEXT('2D SPACE',''
  ) );
#4554 = PCURVE('',#3380,#4555);
#4555 = DEFINITIONAL_REPRESENTATION('',(#4556),#4560);
#4556 = LINE('',#4557,#4558);
#4557 = CARTESIAN_POINT('',(23.5,0.));
#4558 = VECTOR('',#4559,1.);
#4559 = DIRECTION('',(0.,-1.));
#4560 = ( GEOMETRIC_REPRESENTATION_CONTEXT(2) 
PARAMETRIC_REPRESENTATION_CONTEXT() REPRESENTATION_CONTEXT('2D SPACE',''
  ) );
#4561 = ORIENTED_EDGE('',*,*,#4562,.T.);
#4562 = EDGE_CURVE('',#4540,#4417,#4563,.T.);
#4563 = SURFACE_CURVE('',#4564,(#4569,#4576),.PCURVE_S1.);
#4564 = CIRCLE('',#4565,2.25);
#4565 = AXIS2_PLACEMENT_3D('',#4566,#4567,#4568);
#4566 = CARTESIAN_POINT('',(8.25,-112.,6.));
#4567 = DIRECTION('',(0.,-0.,-1.));
#4568 = DIRECTION('',(0.,-1.,0.));
#4569 = PCURVE('',#3410,#4570);
#4570 = DEFINITIONAL_REPRESENTATION('',(#4571),#4575);
#4571 = LINE('',#4572,#4573);
#4572 = CARTESIAN_POINT('',(0.,-16.));
#4573 = VECTOR('',#4574,1.);
#4574 = DIRECTION('',(1.,0.));
#4575 = ( GEOMETRIC_REPRESENTATION_CONTEXT(2) 
PARAMETRIC_REPRESENTATION_CONTEXT() REPRESENTATION_CONTEXT('2D SPACE',''
  ) );
#4576 = PCURVE('',#4060,#4577);
#4577 = DEFINITIONAL_REPRESENTATION('',(#4578),#4586);
#4578 = ( BOUNDED_CURVE() B_SPLINE_CURVE(2,(#4579,#4580,#4581,#4582,
#4583,#4584,#4585),.UNSPECIFIED.,.T.,.F.) B_SPLINE_CURVE_WITH_KNOTS((1,2
    ,2,2,2,1),(-2.094395102393,0.,2.094395102393,4.188790204786,
6.28318530718,8.377580409573),.UNSPECIFIED.) CURVE() 
GEOMETRIC_REPRESENTATION_ITEM() RATIONAL_B_SPLINE_CURVE((1.,0.5,1.,0.5,
1.,0.5,1.)) REPRESENTATION_ITEM('') );
#4579 = CARTESIAN_POINT('',(178.25,20.75));
#4580 = CARTESIAN_POINT('',(174.35288568297,20.75));
#4581 = CARTESIAN_POINT('',(176.30144284148,24.125));
#4582 = CARTESIAN_POINT('',(178.25,27.5));
#4583 = CARTESIAN_POINT('',(180.19855715851,24.125));
#4584 = CARTESIAN_POINT('',(182.14711431703,20.75));
#4585 = CARTESIAN_POINT('',(178.25,20.75));
#4586 = ( GEOMETRIC_REPRESENTATION_CONTEXT(2) 
PARAMETRIC_REPRESENTATION_CONTEXT() REPRESENTATION_CONTEXT('2D SPACE',''
  ) );
#4587 = ORIENTED_EDGE('',*,*,#4416,.F.);
#4588 = ADVANCED_FACE('',(#4589),#3380,.F.);
#4589 = FACE_BOUND('',#4590,.F.);
#4590 = EDGE_LOOP('',(#4591,#4592,#4593,#4612));
#4591 = ORIENTED_EDGE('',*,*,#3365,.T.);
#4592 = ORIENTED_EDGE('',*,*,#4514,.T.);
#4593 = ORIENTED_EDGE('',*,*,#4594,.F.);
#4594 = EDGE_CURVE('',#4540,#4487,#4595,.T.);
#4595 = SURFACE_CURVE('',#4596,(#4600,#4606),.PCURVE_S1.);
#4596 = LINE('',#4597,#4598);
#4597 = CARTESIAN_POINT('',(-69.125,-114.25,6.));
#4598 = VECTOR('',#4599,1.);
#4599 = DIRECTION('',(1.,0.,-0.));
#4600 = PCURVE('',#3380,#4601);
#4601 = DEFINITIONAL_REPRESENTATION('',(#4602),#4605);
#4602 = B_SPLINE_CURVE_WITH_KNOTS('',1,(#4603,#4604),.UNSPECIFIED.,.F.,
  .F.,(2,2),(77.375,100.875),.PIECEWISE_BEZIER_KNOTS.);
#4603 = CARTESIAN_POINT('',(23.5,-16.));
#4604 = CARTESIAN_POINT('',(0.,-16.));
#4605 = ( GEOMETRIC_REPRESENTATION_CONTEXT(2) 
PARAMETRIC_REPRESENTATION_CONTEXT() REPRESENTATION_CONTEXT('2D SPACE',''
  ) );
#4606 = PCURVE('',#4060,#4607);
#4607 = DEFINITIONAL_REPRESENTATION('',(#4608),#4611);
#4608 = B_SPLINE_CURVE_WITH_KNOTS('',1,(#4609,#4610),.UNSPECIFIED.,.F.,
  .F.,(2,2),(77.375,100.875),.PIECEWISE_BEZIER_KNOTS.);
#4609 = CARTESIAN_POINT('',(178.25,20.75));
#4610 = CARTESIAN_POINT('',(201.75,20.75));
#4611 = ( GEOMETRIC_REPRESENTATION_CONTEXT(2) 
PARAMETRIC_REPRESENTATION_CONTEXT() REPRESENTATION_CONTEXT('2D SPACE',''
  ) );
#4612 = ORIENTED_EDGE('',*,*,#4539,.F.);
#4613 = ADVANCED_FACE('',(#4614),#3445,.F.);
#4614 = FACE_BOUND('',#4615,.T.);
#4615 = EDGE_LOOP('',(#4616,#4617,#4640,#4666));
#4616 = ORIENTED_EDGE('',*,*,#3424,.T.);
#4617 = ORIENTED_EDGE('',*,*,#4618,.T.);
#4618 = EDGE_CURVE('',#3425,#4619,#4621,.T.);
#4619 = VERTEX_POINT('',#4620);
#4620 = CARTESIAN_POINT('',(61.7,-90.,6.));
#4621 = SEAM_CURVE('',#4622,(#4626,#4633),.PCURVE_S1.);
#4622 = LINE('',#4623,#4624);
#4623 = CARTESIAN_POINT('',(61.7,-90.,-10.));
#4624 = VECTOR('',#4625,1.);
#4625 = DIRECTION('',(0.,0.,1.));
#4626 = PCURVE('',#3445,#4627);
#4627 = DEFINITIONAL_REPRESENTATION('',(#4628),#4632);
#4628 = LINE('',#4629,#4630);
#4629 = CARTESIAN_POINT('',(-6.28318530718,0.));
#4630 = VECTOR('',#4631,1.);
#4631 = DIRECTION('',(-0.,-1.));
#4632 = ( GEOMETRIC_REPRESENTATION_CONTEXT(2) 
PARAMETRIC_REPRESENTATION_CONTEXT() REPRESENTATION_CONTEXT('2D SPACE',''
  ) );
#4633 = PCURVE('',#3445,#4634);
#4634 = DEFINITIONAL_REPRESENTATION('',(#4635),#4639);
#4635 = LINE('',#4636,#4637);
#4636 = CARTESIAN_POINT('',(-0.,0.));
#4637 = VECTOR('',#4638,1.);
#4638 = DIRECTION('',(-0.,-1.));
#4639 = ( GEOMETRIC_REPRESENTATION_CONTEXT(2) 
PARAMETRIC_REPRESENTATION_CONTEXT() REPRESENTATION_CONTEXT('2D SPACE',''
  ) );
#4640 = ORIENTED_EDGE('',*,*,#4641,.F.);
#4641 = EDGE_CURVE('',#4619,#4619,#4642,.T.);
#4642 = SURFACE_CURVE('',#4643,(#4648,#4655),.PCURVE_S1.);
#4643 = CIRCLE('',#4644,1.7);
#4644 = AXIS2_PLACEMENT_3D('',#4645,#4646,#4647);
#4645 = CARTESIAN_POINT('',(60.,-90.,6.));
#4646 = DIRECTION('',(0.,0.,-1.));
#4647 = DIRECTION('',(1.,0.,0.));
#4648 = PCURVE('',#3445,#4649);
#4649 = DEFINITIONAL_REPRESENTATION('',(#4650),#4654);
#4650 = LINE('',#4651,#4652);
#4651 = CARTESIAN_POINT('',(-6.28318530718,-16.));
#4652 = VECTOR('',#4653,1.);
#4653 = DIRECTION('',(1.,-0.));
#4654 = ( GEOMETRIC_REPRESENTATION_CONTEXT(2) 
PARAMETRIC_REPRESENTATION_CONTEXT() REPRESENTATION_CONTEXT('2D SPACE',''
  ) );
#4655 = PCURVE('',#4060,#4656);
#4656 = DEFINITIONAL_REPRESENTATION('',(#4657),#4665);
#4657 = ( BOUNDED_CURVE() B_SPLINE_CURVE(2,(#4658,#4659,#4660,#4661,
#4662,#4663,#4664),.UNSPECIFIED.,.T.,.F.) B_SPLINE_CURVE_WITH_KNOTS((1,2
    ,2,2,2,1),(-2.094395102393,0.,2.094395102393,4.188790204786,
6.28318530718,8.377580409573),.UNSPECIFIED.) CURVE() 
GEOMETRIC_REPRESENTATION_ITEM() RATIONAL_B_SPLINE_CURVE((1.,0.5,1.,0.5,
1.,0.5,1.)) REPRESENTATION_ITEM('') );
#4658 = CARTESIAN_POINT('',(231.7,45.));
#4659 = CARTESIAN_POINT('',(231.7,42.055513627133));
#4660 = CARTESIAN_POINT('',(229.15,43.527756813566));
#4661 = CARTESIAN_POINT('',(226.6,45.));
#4662 = CARTESIAN_POINT('',(229.15,46.472243186434));
#4663 = CARTESIAN_POINT('',(231.7,47.944486372867));
#4664 = CARTESIAN_POINT('',(231.7,45.));
#4665 = ( GEOMETRIC_REPRESENTATION_CONTEXT(2) 
PARAMETRIC_REPRESENTATION_CONTEXT() REPRESENTATION_CONTEXT('2D SPACE',''
  ) );
#4666 = ORIENTED_EDGE('',*,*,#4618,.F.);
#4667 = ADVANCED_FACE('',(#4668),#3480,.F.);
#4668 = FACE_BOUND('',#4669,.T.);
#4669 = EDGE_LOOP('',(#4670,#4671,#4694,#4720));
#4670 = ORIENTED_EDGE('',*,*,#3459,.T.);
#4671 = ORIENTED_EDGE('',*,*,#4672,.T.);
#4672 = EDGE_CURVE('',#3460,#4673,#4675,.T.);
#4673 = VERTEX_POINT('',#4674);
#4674 = CARTESIAN_POINT('',(26.25,-79.,6.));
#4675 = SEAM_CURVE('',#4676,(#4680,#4687),.PCURVE_S1.);
#4676 = LINE('',#4677,#4678);
#4677 = CARTESIAN_POINT('',(26.25,-79.,-10.));
#4678 = VECTOR('',#4679,1.);
#4679 = DIRECTION('',(0.,0.,1.));
#4680 = PCURVE('',#3480,#4681);
#4681 = DEFINITIONAL_REPRESENTATION('',(#4682),#4686);
#4682 = LINE('',#4683,#4684);
#4683 = CARTESIAN_POINT('',(-6.28318530718,0.));
#4684 = VECTOR('',#4685,1.);
#4685 = DIRECTION('',(-0.,-1.));
#4686 = ( GEOMETRIC_REPRESENTATION_CONTEXT(2) 
PARAMETRIC_REPRESENTATION_CONTEXT() REPRESENTATION_CONTEXT('2D SPACE',''
  ) );
#4687 = PCURVE('',#3480,#4688);
#4688 = DEFINITIONAL_REPRESENTATION('',(#4689),#4693);
#4689 = LINE('',#4690,#4691);
#4690 = CARTESIAN_POINT('',(-0.,0.));
#4691 = VECTOR('',#4692,1.);
#4692 = DIRECTION('',(-0.,-1.));
#4693 = ( GEOMETRIC_REPRESENTATION_CONTEXT(2) 
PARAMETRIC_REPRESENTATION_CONTEXT() REPRESENTATION_CONTEXT('2D SPACE',''
  ) );
#4694 = ORIENTED_EDGE('',*,*,#4695,.F.);
#4695 = EDGE_CURVE('',#4673,#4673,#4696,.T.);
#4696 = SURFACE_CURVE('',#4697,(#4702,#4709),.PCURVE_S1.);
#4697 = CIRCLE('',#4698,2.25);
#4698 = AXIS2_PLACEMENT_3D('',#4699,#4700,#4701);
#4699 = CARTESIAN_POINT('',(24.,-79.,6.));
#4700 = DIRECTION('',(0.,0.,-1.));
#4701 = DIRECTION('',(1.,0.,0.));
#4702 = PCURVE('',#3480,#4703);
#4703 = DEFINITIONAL_REPRESENTATION('',(#4704),#4708);
#4704 = LINE('',#4705,#4706);
#4705 = CARTESIAN_POINT('',(-6.28318530718,-16.));
#4706 = VECTOR('',#4707,1.);
#4707 = DIRECTION('',(1.,-0.));
#4708 = ( GEOMETRIC_REPRESENTATION_CONTEXT(2) 
PARAMETRIC_REPRESENTATION_CONTEXT() REPRESENTATION_CONTEXT('2D SPACE',''
  ) );
#4709 = PCURVE('',#4060,#4710);
#4710 = DEFINITIONAL_REPRESENTATION('',(#4711),#4719);
#4711 = ( BOUNDED_CURVE() B_SPLINE_CURVE(2,(#4712,#4713,#4714,#4715,
#4716,#4717,#4718),.UNSPECIFIED.,.T.,.F.) B_SPLINE_CURVE_WITH_KNOTS((1,2
    ,2,2,2,1),(-2.094395102393,0.,2.094395102393,4.188790204786,
6.28318530718,8.377580409573),.UNSPECIFIED.) CURVE() 
GEOMETRIC_REPRESENTATION_ITEM() RATIONAL_B_SPLINE_CURVE((1.,0.5,1.,0.5,
1.,0.5,1.)) REPRESENTATION_ITEM('') );
#4712 = CARTESIAN_POINT('',(196.25,56.));
#4713 = CARTESIAN_POINT('',(196.25,52.10288568297));
#4714 = CARTESIAN_POINT('',(192.875,54.051442841485));
#4715 = CARTESIAN_POINT('',(189.5,56.));
#4716 = CARTESIAN_POINT('',(192.875,57.948557158515));
#4717 = CARTESIAN_POINT('',(196.25,59.89711431703));
#4718 = CARTESIAN_POINT('',(196.25,56.));
#4719 = ( GEOMETRIC_REPRESENTATION_CONTEXT(2) 
PARAMETRIC_REPRESENTATION_CONTEXT() REPRESENTATION_CONTEXT('2D SPACE',''
  ) );
#4720 = ORIENTED_EDGE('',*,*,#4672,.F.);
#4721 = ADVANCED_FACE('',(#4722),#3515,.F.);
#4722 = FACE_BOUND('',#4723,.T.);
#4723 = EDGE_LOOP('',(#4724,#4725,#4748,#4774));
#4724 = ORIENTED_EDGE('',*,*,#3494,.T.);
#4725 = ORIENTED_EDGE('',*,*,#4726,.T.);
#4726 = EDGE_CURVE('',#3495,#4727,#4729,.T.);
#4727 = VERTEX_POINT('',#4728);
#4728 = CARTESIAN_POINT('',(26.25,-61.,6.));
#4729 = SEAM_CURVE('',#4730,(#4734,#4741),.PCURVE_S1.);
#4730 = LINE('',#4731,#4732);
#4731 = CARTESIAN_POINT('',(26.25,-61.,-10.));
#4732 = VECTOR('',#4733,1.);
#4733 = DIRECTION('',(0.,0.,1.));
#4734 = PCURVE('',#3515,#4735);
#4735 = DEFINITIONAL_REPRESENTATION('',(#4736),#4740);
#4736 = LINE('',#4737,#4738);
#4737 = CARTESIAN_POINT('',(-6.28318530718,0.));
#4738 = VECTOR('',#4739,1.);
#4739 = DIRECTION('',(-0.,-1.));
#4740 = ( GEOMETRIC_REPRESENTATION_CONTEXT(2) 
PARAMETRIC_REPRESENTATION_CONTEXT() REPRESENTATION_CONTEXT('2D SPACE',''
  ) );
#4741 = PCURVE('',#3515,#4742);
#4742 = DEFINITIONAL_REPRESENTATION('',(#4743),#4747);
#4743 = LINE('',#4744,#4745);
#4744 = CARTESIAN_POINT('',(-0.,0.));
#4745 = VECTOR('',#4746,1.);
#4746 = DIRECTION('',(-0.,-1.));
#4747 = ( GEOMETRIC_REPRESENTATION_CONTEXT(2) 
PARAMETRIC_REPRESENTATION_CONTEXT() REPRESENTATION_CONTEXT('2D SPACE',''
  ) );
#4748 = ORIENTED_EDGE('',*,*,#4749,.F.);
#4749 = EDGE_CURVE('',#4727,#4727,#4750,.T.);
#4750 = SURFACE_CURVE('',#4751,(#4756,#4763),.PCURVE_S1.);
#4751 = CIRCLE('',#4752,2.25);
#4752 = AXIS2_PLACEMENT_3D('',#4753,#4754,#4755);
#4753 = CARTESIAN_POINT('',(24.,-61.,6.));
#4754 = DIRECTION('',(0.,0.,-1.));
#4755 = DIRECTION('',(1.,0.,0.));
#4756 = PCURVE('',#3515,#4757);
#4757 = DEFINITIONAL_REPRESENTATION('',(#4758),#4762);
#4758 = LINE('',#4759,#4760);
#4759 = CARTESIAN_POINT('',(-6.28318530718,-16.));
#4760 = VECTOR('',#4761,1.);
#4761 = DIRECTION('',(1.,-0.));
#4762 = ( GEOMETRIC_REPRESENTATION_CONTEXT(2) 
PARAMETRIC_REPRESENTATION_CONTEXT() REPRESENTATION_CONTEXT('2D SPACE',''
  ) );
#4763 = PCURVE('',#4060,#4764);
#4764 = DEFINITIONAL_REPRESENTATION('',(#4765),#4773);
#4765 = ( BOUNDED_CURVE() B_SPLINE_CURVE(2,(#4766,#4767,#4768,#4769,
#4770,#4771,#4772),.UNSPECIFIED.,.T.,.F.) B_SPLINE_CURVE_WITH_KNOTS((1,2
    ,2,2,2,1),(-2.094395102393,0.,2.094395102393,4.188790204786,
6.28318530718,8.377580409573),.UNSPECIFIED.) CURVE() 
GEOMETRIC_REPRESENTATION_ITEM() RATIONAL_B_SPLINE_CURVE((1.,0.5,1.,0.5,
1.,0.5,1.)) REPRESENTATION_ITEM('') );
#4766 = CARTESIAN_POINT('',(196.25,74.));
#4767 = CARTESIAN_POINT('',(196.25,70.10288568297));
#4768 = CARTESIAN_POINT('',(192.875,72.051442841485));
#4769 = CARTESIAN_POINT('',(189.5,74.));
#4770 = CARTESIAN_POINT('',(192.875,75.948557158515));
#4771 = CARTESIAN_POINT('',(196.25,77.89711431703));
#4772 = CARTESIAN_POINT('',(196.25,74.));
#4773 = ( GEOMETRIC_REPRESENTATION_CONTEXT(2) 
PARAMETRIC_REPRESENTATION_CONTEXT() REPRESENTATION_CONTEXT('2D SPACE',''
  ) );
#4774 = ORIENTED_EDGE('',*,*,#4726,.F.);
#4775 = ADVANCED_FACE('',(#4776),#3550,.F.);
#4776 = FACE_BOUND('',#4777,.T.);
#4777 = EDGE_LOOP('',(#4778,#4779,#4802,#4828));
#4778 = ORIENTED_EDGE('',*,*,#3529,.T.);
#4779 = ORIENTED_EDGE('',*,*,#4780,.T.);
#4780 = EDGE_CURVE('',#3530,#4781,#4783,.T.);
#4781 = VERTEX_POINT('',#4782);
#4782 = CARTESIAN_POINT('',(57.25,-72.,6.));
#4783 = SEAM_CURVE('',#4784,(#4788,#4795),.PCURVE_S1.);
#4784 = LINE('',#4785,#4786);
#4785 = CARTESIAN_POINT('',(57.25,-72.,-10.));
#4786 = VECTOR('',#4787,1.);
#4787 = DIRECTION('',(0.,0.,1.));
#4788 = PCURVE('',#3550,#4789);
#4789 = DEFINITIONAL_REPRESENTATION('',(#4790),#4794);
#4790 = LINE('',#4791,#4792);
#4791 = CARTESIAN_POINT('',(-6.28318530718,0.));
#4792 = VECTOR('',#4793,1.);
#4793 = DIRECTION('',(-0.,-1.));
#4794 = ( GEOMETRIC_REPRESENTATION_CONTEXT(2) 
PARAMETRIC_REPRESENTATION_CONTEXT() REPRESENTATION_CONTEXT('2D SPACE',''
  ) );
#4795 = PCURVE('',#3550,#4796);
#4796 = DEFINITIONAL_REPRESENTATION('',(#4797),#4801);
#4797 = LINE('',#4798,#4799);
#4798 = CARTESIAN_POINT('',(-0.,0.));
#4799 = VECTOR('',#4800,1.);
#4800 = DIRECTION('',(-0.,-1.));
#4801 = ( GEOMETRIC_REPRESENTATION_CONTEXT(2) 
PARAMETRIC_REPRESENTATION_CONTEXT() REPRESENTATION_CONTEXT('2D SPACE',''
  ) );
#4802 = ORIENTED_EDGE('',*,*,#4803,.F.);
#4803 = EDGE_CURVE('',#4781,#4781,#4804,.T.);
#4804 = SURFACE_CURVE('',#4805,(#4810,#4817),.PCURVE_S1.);
#4805 = CIRCLE('',#4806,2.25);
#4806 = AXIS2_PLACEMENT_3D('',#4807,#4808,#4809);
#4807 = CARTESIAN_POINT('',(55.,-72.,6.));
#4808 = DIRECTION('',(0.,0.,-1.));
#4809 = DIRECTION('',(1.,0.,0.));
#4810 = PCURVE('',#3550,#4811);
#4811 = DEFINITIONAL_REPRESENTATION('',(#4812),#4816);
#4812 = LINE('',#4813,#4814);
#4813 = CARTESIAN_POINT('',(-6.28318530718,-16.));
#4814 = VECTOR('',#4815,1.);
#4815 = DIRECTION('',(1.,-0.));
#4816 = ( GEOMETRIC_REPRESENTATION_CONTEXT(2) 
PARAMETRIC_REPRESENTATION_CONTEXT() REPRESENTATION_CONTEXT('2D SPACE',''
  ) );
#4817 = PCURVE('',#4060,#4818);
#4818 = DEFINITIONAL_REPRESENTATION('',(#4819),#4827);
#4819 = ( BOUNDED_CURVE() B_SPLINE_CURVE(2,(#4820,#4821,#4822,#4823,
#4824,#4825,#4826),.UNSPECIFIED.,.T.,.F.) B_SPLINE_CURVE_WITH_KNOTS((1,2
    ,2,2,2,1),(-2.094395102393,0.,2.094395102393,4.188790204786,
6.28318530718,8.377580409573),.UNSPECIFIED.) CURVE() 
GEOMETRIC_REPRESENTATION_ITEM() RATIONAL_B_SPLINE_CURVE((1.,0.5,1.,0.5,
1.,0.5,1.)) REPRESENTATION_ITEM('') );
#4820 = CARTESIAN_POINT('',(227.25,63.));
#4821 = CARTESIAN_POINT('',(227.25,59.10288568297));
#4822 = CARTESIAN_POINT('',(223.875,61.051442841485));
#4823 = CARTESIAN_POINT('',(220.5,63.));
#4824 = CARTESIAN_POINT('',(223.875,64.948557158515));
#4825 = CARTESIAN_POINT('',(227.25,66.89711431703));
#4826 = CARTESIAN_POINT('',(227.25,63.));
#4827 = ( GEOMETRIC_REPRESENTATION_CONTEXT(2) 
PARAMETRIC_REPRESENTATION_CONTEXT() REPRESENTATION_CONTEXT('2D SPACE',''
  ) );
#4828 = ORIENTED_EDGE('',*,*,#4780,.F.);
#4829 = ADVANCED_FACE('',(#4830),#3585,.F.);
#4830 = FACE_BOUND('',#4831,.T.);
#4831 = EDGE_LOOP('',(#4832,#4833,#4856,#4882));
#4832 = ORIENTED_EDGE('',*,*,#3564,.T.);
#4833 = ORIENTED_EDGE('',*,*,#4834,.T.);
#4834 = EDGE_CURVE('',#3565,#4835,#4837,.T.);
#4835 = VERTEX_POINT('',#4836);
#4836 = CARTESIAN_POINT('',(101.7,-90.,6.));
#4837 = SEAM_CURVE('',#4838,(#4842,#4849),.PCURVE_S1.);
#4838 = LINE('',#4839,#4840);
#4839 = CARTESIAN_POINT('',(101.7,-90.,-10.));
#4840 = VECTOR('',#4841,1.);
#4841 = DIRECTION('',(0.,0.,1.));
#4842 = PCURVE('',#3585,#4843);
#4843 = DEFINITIONAL_REPRESENTATION('',(#4844),#4848);
#4844 = LINE('',#4845,#4846);
#4845 = CARTESIAN_POINT('',(-6.28318530718,0.));
#4846 = VECTOR('',#4847,1.);
#4847 = DIRECTION('',(-0.,-1.));
#4848 = ( GEOMETRIC_REPRESENTATION_CONTEXT(2) 
PARAMETRIC_REPRESENTATION_CONTEXT() REPRESENTATION_CONTEXT('2D SPACE',''
  ) );
#4849 = PCURVE('',#3585,#4850);
#4850 = DEFINITIONAL_REPRESENTATION('',(#4851),#4855);
#4851 = LINE('',#4852,#4853);
#4852 = CARTESIAN_POINT('',(-0.,0.));
#4853 = VECTOR('',#4854,1.);
#4854 = DIRECTION('',(-0.,-1.));
#4855 = ( GEOMETRIC_REPRESENTATION_CONTEXT(2) 
PARAMETRIC_REPRESENTATION_CONTEXT() REPRESENTATION_CONTEXT('2D SPACE',''
  ) );
#4856 = ORIENTED_EDGE('',*,*,#4857,.F.);
#4857 = EDGE_CURVE('',#4835,#4835,#4858,.T.);
#4858 = SURFACE_CURVE('',#4859,(#4864,#4871),.PCURVE_S1.);
#4859 = CIRCLE('',#4860,1.7);
#4860 = AXIS2_PLACEMENT_3D('',#4861,#4862,#4863);
#4861 = CARTESIAN_POINT('',(100.,-90.,6.));
#4862 = DIRECTION('',(0.,0.,-1.));
#4863 = DIRECTION('',(1.,0.,0.));
#4864 = PCURVE('',#3585,#4865);
#4865 = DEFINITIONAL_REPRESENTATION('',(#4866),#4870);
#4866 = LINE('',#4867,#4868);
#4867 = CARTESIAN_POINT('',(-6.28318530718,-16.));
#4868 = VECTOR('',#4869,1.);
#4869 = DIRECTION('',(1.,-0.));
#4870 = ( GEOMETRIC_REPRESENTATION_CONTEXT(2) 
PARAMETRIC_REPRESENTATION_CONTEXT() REPRESENTATION_CONTEXT('2D SPACE',''
  ) );
#4871 = PCURVE('',#4060,#4872);
#4872 = DEFINITIONAL_REPRESENTATION('',(#4873),#4881);
#4873 = ( BOUNDED_CURVE() B_SPLINE_CURVE(2,(#4874,#4875,#4876,#4877,
#4878,#4879,#4880),.UNSPECIFIED.,.T.,.F.) B_SPLINE_CURVE_WITH_KNOTS((1,2
    ,2,2,2,1),(-2.094395102393,0.,2.094395102393,4.188790204786,
6.28318530718,8.377580409573),.UNSPECIFIED.) CURVE() 
GEOMETRIC_REPRESENTATION_ITEM() RATIONAL_B_SPLINE_CURVE((1.,0.5,1.,0.5,
1.,0.5,1.)) REPRESENTATION_ITEM('') );
#4874 = CARTESIAN_POINT('',(271.7,45.));
#4875 = CARTESIAN_POINT('',(271.7,42.055513627133));
#4876 = CARTESIAN_POINT('',(269.15,43.527756813566));
#4877 = CARTESIAN_POINT('',(266.6,45.));
#4878 = CARTESIAN_POINT('',(269.15,46.472243186434));
#4879 = CARTESIAN_POINT('',(271.7,47.944486372867));
#4880 = CARTESIAN_POINT('',(271.7,45.));
#4881 = ( GEOMETRIC_REPRESENTATION_CONTEXT(2) 
PARAMETRIC_REPRESENTATION_CONTEXT() REPRESENTATION_CONTEXT('2D SPACE',''
  ) );
#4882 = ORIENTED_EDGE('',*,*,#4834,.F.);
#4883 = ADVANCED_FACE('',(#4884),#3620,.F.);
#4884 = FACE_BOUND('',#4885,.T.);
#4885 = EDGE_LOOP('',(#4886,#4887,#4910,#4936));
#4886 = ORIENTED_EDGE('',*,*,#3599,.T.);
#4887 = ORIENTED_EDGE('',*,*,#4888,.T.);
#4888 = EDGE_CURVE('',#3600,#4889,#4891,.T.);
#4889 = VERTEX_POINT('',#4890);
#4890 = CARTESIAN_POINT('',(141.7,-90.,6.));
#4891 = SEAM_CURVE('',#4892,(#4896,#4903),.PCURVE_S1.);
#4892 = LINE('',#4893,#4894);
#4893 = CARTESIAN_POINT('',(141.7,-90.,-10.));
#4894 = VECTOR('',#4895,1.);
#4895 = DIRECTION('',(0.,0.,1.));
#4896 = PCURVE('',#3620,#4897);
#4897 = DEFINITIONAL_REPRESENTATION('',(#4898),#4902);
#4898 = LINE('',#4899,#4900);
#4899 = CARTESIAN_POINT('',(-6.28318530718,0.));
#4900 = VECTOR('',#4901,1.);
#4901 = DIRECTION('',(-0.,-1.));
#4902 = ( GEOMETRIC_REPRESENTATION_CONTEXT(2) 
PARAMETRIC_REPRESENTATION_CONTEXT() REPRESENTATION_CONTEXT('2D SPACE',''
  ) );
#4903 = PCURVE('',#3620,#4904);
#4904 = DEFINITIONAL_REPRESENTATION('',(#4905),#4909);
#4905 = LINE('',#4906,#4907);
#4906 = CARTESIAN_POINT('',(-0.,0.));
#4907 = VECTOR('',#4908,1.);
#4908 = DIRECTION('',(-0.,-1.));
#4909 = ( GEOMETRIC_REPRESENTATION_CONTEXT(2) 
PARAMETRIC_REPRESENTATION_CONTEXT() REPRESENTATION_CONTEXT('2D SPACE',''
  ) );
#4910 = ORIENTED_EDGE('',*,*,#4911,.F.);
#4911 = EDGE_CURVE('',#4889,#4889,#4912,.T.);
#4912 = SURFACE_CURVE('',#4913,(#4918,#4925),.PCURVE_S1.);
#4913 = CIRCLE('',#4914,1.7);
#4914 = AXIS2_PLACEMENT_3D('',#4915,#4916,#4917);
#4915 = CARTESIAN_POINT('',(140.,-90.,6.));
#4916 = DIRECTION('',(0.,0.,-1.));
#4917 = DIRECTION('',(1.,0.,0.));
#4918 = PCURVE('',#3620,#4919);
#4919 = DEFINITIONAL_REPRESENTATION('',(#4920),#4924);
#4920 = LINE('',#4921,#4922);
#4921 = CARTESIAN_POINT('',(-6.28318530718,-16.));
#4922 = VECTOR('',#4923,1.);
#4923 = DIRECTION('',(1.,-0.));
#4924 = ( GEOMETRIC_REPRESENTATION_CONTEXT(2) 
PARAMETRIC_REPRESENTATION_CONTEXT() REPRESENTATION_CONTEXT('2D SPACE',''
  ) );
#4925 = PCURVE('',#4060,#4926);
#4926 = DEFINITIONAL_REPRESENTATION('',(#4927),#4935);
#4927 = ( BOUNDED_CURVE() B_SPLINE_CURVE(2,(#4928,#4929,#4930,#4931,
#4932,#4933,#4934),.UNSPECIFIED.,.T.,.F.) B_SPLINE_CURVE_WITH_KNOTS((1,2
    ,2,2,2,1),(-2.094395102393,0.,2.094395102393,4.188790204786,
6.28318530718,8.377580409573),.UNSPECIFIED.) CURVE() 
GEOMETRIC_REPRESENTATION_ITEM() RATIONAL_B_SPLINE_CURVE((1.,0.5,1.,0.5,
1.,0.5,1.)) REPRESENTATION_ITEM('') );
#4928 = CARTESIAN_POINT('',(311.7,45.));
#4929 = CARTESIAN_POINT('',(311.7,42.055513627133));
#4930 = CARTESIAN_POINT('',(309.15,43.527756813566));
#4931 = CARTESIAN_POINT('',(306.6,45.));
#4932 = CARTESIAN_POINT('',(309.15,46.472243186434));
#4933 = CARTESIAN_POINT('',(311.7,47.944486372867));
#4934 = CARTESIAN_POINT('',(311.7,45.));
#4935 = ( GEOMETRIC_REPRESENTATION_CONTEXT(2) 
PARAMETRIC_REPRESENTATION_CONTEXT() REPRESENTATION_CONTEXT('2D SPACE',''
  ) );
#4936 = ORIENTED_EDGE('',*,*,#4888,.F.);
#4937 = ADVANCED_FACE('',(#4938),#3655,.F.);
#4938 = FACE_BOUND('',#4939,.T.);
#4939 = EDGE_LOOP('',(#4940,#4941,#4964,#4990));
#4940 = ORIENTED_EDGE('',*,*,#3634,.T.);
#4941 = ORIENTED_EDGE('',*,*,#4942,.T.);
#4942 = EDGE_CURVE('',#3635,#4943,#4945,.T.);
#4943 = VERTEX_POINT('',#4944);
#4944 = CARTESIAN_POINT('',(86.7,-67.,6.));
#4945 = SEAM_CURVE('',#4946,(#4950,#4957),.PCURVE_S1.);
#4946 = LINE('',#4947,#4948);
#4947 = CARTESIAN_POINT('',(86.7,-67.,-10.));
#4948 = VECTOR('',#4949,1.);
#4949 = DIRECTION('',(0.,0.,1.));
#4950 = PCURVE('',#3655,#4951);
#4951 = DEFINITIONAL_REPRESENTATION('',(#4952),#4956);
#4952 = LINE('',#4953,#4954);
#4953 = CARTESIAN_POINT('',(-6.28318530718,0.));
#4954 = VECTOR('',#4955,1.);
#4955 = DIRECTION('',(-0.,-1.));
#4956 = ( GEOMETRIC_REPRESENTATION_CONTEXT(2) 
PARAMETRIC_REPRESENTATION_CONTEXT() REPRESENTATION_CONTEXT('2D SPACE',''
  ) );
#4957 = PCURVE('',#3655,#4958);
#4958 = DEFINITIONAL_REPRESENTATION('',(#4959),#4963);
#4959 = LINE('',#4960,#4961);
#4960 = CARTESIAN_POINT('',(-0.,0.));
#4961 = VECTOR('',#4962,1.);
#4962 = DIRECTION('',(-0.,-1.));
#4963 = ( GEOMETRIC_REPRESENTATION_CONTEXT(2) 
PARAMETRIC_REPRESENTATION_CONTEXT() REPRESENTATION_CONTEXT('2D SPACE',''
  ) );
#4964 = ORIENTED_EDGE('',*,*,#4965,.F.);
#4965 = EDGE_CURVE('',#4943,#4943,#4966,.T.);
#4966 = SURFACE_CURVE('',#4967,(#4972,#4979),.PCURVE_S1.);
#4967 = CIRCLE('',#4968,1.7);
#4968 = AXIS2_PLACEMENT_3D('',#4969,#4970,#4971);
#4969 = CARTESIAN_POINT('',(85.,-67.,6.));
#4970 = DIRECTION('',(0.,0.,-1.));
#4971 = DIRECTION('',(1.,0.,0.));
#4972 = PCURVE('',#3655,#4973);
#4973 = DEFINITIONAL_REPRESENTATION('',(#4974),#4978);
#4974 = LINE('',#4975,#4976);
#4975 = CARTESIAN_POINT('',(-6.28318530718,-16.));
#4976 = VECTOR('',#4977,1.);
#4977 = DIRECTION('',(1.,-0.));
#4978 = ( GEOMETRIC_REPRESENTATION_CONTEXT(2) 
PARAMETRIC_REPRESENTATION_CONTEXT() REPRESENTATION_CONTEXT('2D SPACE',''
  ) );
#4979 = PCURVE('',#4060,#4980);
#4980 = DEFINITIONAL_REPRESENTATION('',(#4981),#4989);
#4981 = ( BOUNDED_CURVE() B_SPLINE_CURVE(2,(#4982,#4983,#4984,#4985,
#4986,#4987,#4988),.UNSPECIFIED.,.T.,.F.) B_SPLINE_CURVE_WITH_KNOTS((1,2
    ,2,2,2,1),(-2.094395102393,0.,2.094395102393,4.188790204786,
6.28318530718,8.377580409573),.UNSPECIFIED.) CURVE() 
GEOMETRIC_REPRESENTATION_ITEM() RATIONAL_B_SPLINE_CURVE((1.,0.5,1.,0.5,
1.,0.5,1.)) REPRESENTATION_ITEM('') );
#4982 = CARTESIAN_POINT('',(256.7,68.));
#4983 = CARTESIAN_POINT('',(256.7,65.055513627133));
#4984 = CARTESIAN_POINT('',(254.15,66.527756813566));
#4985 = CARTESIAN_POINT('',(251.6,68.));
#4986 = CARTESIAN_POINT('',(254.15,69.472243186434));
#4987 = CARTESIAN_POINT('',(256.7,70.944486372867));
#4988 = CARTESIAN_POINT('',(256.7,68.));
#4989 = ( GEOMETRIC_REPRESENTATION_CONTEXT(2) 
PARAMETRIC_REPRESENTATION_CONTEXT() REPRESENTATION_CONTEXT('2D SPACE',''
  ) );
#4990 = ORIENTED_EDGE('',*,*,#4942,.F.);
#4991 = ADVANCED_FACE('',(#4992),#3690,.F.);
#4992 = FACE_BOUND('',#4993,.T.);
#4993 = EDGE_LOOP('',(#4994,#4995,#5018,#5044));
#4994 = ORIENTED_EDGE('',*,*,#3669,.T.);
#4995 = ORIENTED_EDGE('',*,*,#4996,.T.);
#4996 = EDGE_CURVE('',#3670,#4997,#4999,.T.);
#4997 = VERTEX_POINT('',#4998);
#4998 = CARTESIAN_POINT('',(146.7,-67.,6.));
#4999 = SEAM_CURVE('',#5000,(#5004,#5011),.PCURVE_S1.);
#5000 = LINE('',#5001,#5002);
#5001 = CARTESIAN_POINT('',(146.7,-67.,-10.));
#5002 = VECTOR('',#5003,1.);
#5003 = DIRECTION('',(0.,0.,1.));
#5004 = PCURVE('',#3690,#5005);
#5005 = DEFINITIONAL_REPRESENTATION('',(#5006),#5010);
#5006 = LINE('',#5007,#5008);
#5007 = CARTESIAN_POINT('',(-6.28318530718,0.));
#5008 = VECTOR('',#5009,1.);
#5009 = DIRECTION('',(-0.,-1.));
#5010 = ( GEOMETRIC_REPRESENTATION_CONTEXT(2) 
PARAMETRIC_REPRESENTATION_CONTEXT() REPRESENTATION_CONTEXT('2D SPACE',''
  ) );
#5011 = PCURVE('',#3690,#5012);
#5012 = DEFINITIONAL_REPRESENTATION('',(#5013),#5017);
#5013 = LINE('',#5014,#5015);
#5014 = CARTESIAN_POINT('',(-0.,0.));
#5015 = VECTOR('',#5016,1.);
#5016 = DIRECTION('',(-0.,-1.));
#5017 = ( GEOMETRIC_REPRESENTATION_CONTEXT(2) 
PARAMETRIC_REPRESENTATION_CONTEXT() REPRESENTATION_CONTEXT('2D SPACE',''
  ) );
#5018 = ORIENTED_EDGE('',*,*,#5019,.F.);
#5019 = EDGE_CURVE('',#4997,#4997,#5020,.T.);
#5020 = SURFACE_CURVE('',#5021,(#5026,#5033),.PCURVE_S1.);
#5021 = CIRCLE('',#5022,1.7);
#5022 = AXIS2_PLACEMENT_3D('',#5023,#5024,#5025);
#5023 = CARTESIAN_POINT('',(145.,-67.,6.));
#5024 = DIRECTION('',(0.,0.,-1.));
#5025 = DIRECTION('',(1.,0.,0.));
#5026 = PCURVE('',#3690,#5027);
#5027 = DEFINITIONAL_REPRESENTATION('',(#5028),#5032);
#5028 = LINE('',#5029,#5030);
#5029 = CARTESIAN_POINT('',(-6.28318530718,-16.));
#5030 = VECTOR('',#5031,1.);
#5031 = DIRECTION('',(1.,-0.));
#5032 = ( GEOMETRIC_REPRESENTATION_CONTEXT(2) 
PARAMETRIC_REPRESENTATION_CONTEXT() REPRESENTATION_CONTEXT('2D SPACE',''
  ) );
#5033 = PCURVE('',#4060,#5034);
#5034 = DEFINITIONAL_REPRESENTATION('',(#5035),#5043);
#5035 = ( BOUNDED_CURVE() B_SPLINE_CURVE(2,(#5036,#5037,#5038,#5039,
#5040,#5041,#5042),.UNSPECIFIED.,.T.,.F.) B_SPLINE_CURVE_WITH_KNOTS((1,2
    ,2,2,2,1),(-2.094395102393,0.,2.094395102393,4.188790204786,
6.28318530718,8.377580409573),.UNSPECIFIED.) CURVE() 
GEOMETRIC_REPRESENTATION_ITEM() RATIONAL_B_SPLINE_CURVE((1.,0.5,1.,0.5,
1.,0.5,1.)) REPRESENTATION_ITEM('') );
#5036 = CARTESIAN_POINT('',(316.7,68.));
#5037 = CARTESIAN_POINT('',(316.7,65.055513627133));
#5038 = CARTESIAN_POINT('',(314.15,66.527756813566));
#5039 = CARTESIAN_POINT('',(311.6,68.));
#5040 = CARTESIAN_POINT('',(314.15,69.472243186434));
#5041 = CARTESIAN_POINT('',(316.7,70.944486372867));
#5042 = CARTESIAN_POINT('',(316.7,68.));
#5043 = ( GEOMETRIC_REPRESENTATION_CONTEXT(2) 
PARAMETRIC_REPRESENTATION_CONTEXT() REPRESENTATION_CONTEXT('2D SPACE',''
  ) );
#5044 = ORIENTED_EDGE('',*,*,#4996,.F.);
#5045 = ADVANCED_FACE('',(#5046),#3721,.F.);
#5046 = FACE_BOUND('',#5047,.F.);
#5047 = EDGE_LOOP('',(#5048,#5049,#5072,#5093));
#5048 = ORIENTED_EDGE('',*,*,#3704,.T.);
#5049 = ORIENTED_EDGE('',*,*,#5050,.T.);
#5050 = EDGE_CURVE('',#3707,#5051,#5053,.T.);
#5051 = VERTEX_POINT('',#5052);
#5052 = CARTESIAN_POINT('',(3.,-46.,6.));
#5053 = SURFACE_CURVE('',#5054,(#5058,#5065),.PCURVE_S1.);
#5054 = LINE('',#5055,#5056);
#5055 = CARTESIAN_POINT('',(3.,-46.,-10.));
#5056 = VECTOR('',#5057,1.);
#5057 = DIRECTION('',(0.,0.,1.));
#5058 = PCURVE('',#3721,#5059);
#5059 = DEFINITIONAL_REPRESENTATION('',(#5060),#5064);
#5060 = LINE('',#5061,#5062);
#5061 = CARTESIAN_POINT('',(0.,0.));
#5062 = VECTOR('',#5063,1.);
#5063 = DIRECTION('',(0.,-1.));
#5064 = ( GEOMETRIC_REPRESENTATION_CONTEXT(2) 
PARAMETRIC_REPRESENTATION_CONTEXT() REPRESENTATION_CONTEXT('2D SPACE',''
  ) );
#5065 = PCURVE('',#3810,#5066);
#5066 = DEFINITIONAL_REPRESENTATION('',(#5067),#5071);
#5067 = LINE('',#5068,#5069);
#5068 = CARTESIAN_POINT('',(3.14159265359,0.));
#5069 = VECTOR('',#5070,1.);
#5070 = DIRECTION('',(0.,-1.));
#5071 = ( GEOMETRIC_REPRESENTATION_CONTEXT(2) 
PARAMETRIC_REPRESENTATION_CONTEXT() REPRESENTATION_CONTEXT('2D SPACE',''
  ) );
#5072 = ORIENTED_EDGE('',*,*,#5073,.F.);
#5073 = EDGE_CURVE('',#5074,#5051,#5076,.T.);
#5074 = VERTEX_POINT('',#5075);
#5075 = CARTESIAN_POINT('',(17.,-46.,6.));
#5076 = SURFACE_CURVE('',#5077,(#5081,#5087),.PCURVE_S1.);
#5077 = LINE('',#5078,#5079);
#5078 = CARTESIAN_POINT('',(-83.5,-46.,6.));
#5079 = VECTOR('',#5080,1.);
#5080 = DIRECTION('',(-1.,0.,0.));
#5081 = PCURVE('',#3721,#5082);
#5082 = DEFINITIONAL_REPRESENTATION('',(#5083),#5086);
#5083 = B_SPLINE_CURVE_WITH_KNOTS('',1,(#5084,#5085),.UNSPECIFIED.,.F.,
  .F.,(2,2),(-100.5,-86.5),.PIECEWISE_BEZIER_KNOTS.);
#5084 = CARTESIAN_POINT('',(14.,-16.));
#5085 = CARTESIAN_POINT('',(0.,-16.));
#5086 = ( GEOMETRIC_REPRESENTATION_CONTEXT(2) 
PARAMETRIC_REPRESENTATION_CONTEXT() REPRESENTATION_CONTEXT('2D SPACE',''
  ) );
#5087 = PCURVE('',#4060,#5088);
#5088 = DEFINITIONAL_REPRESENTATION('',(#5089),#5092);
#5089 = B_SPLINE_CURVE_WITH_KNOTS('',1,(#5090,#5091),.UNSPECIFIED.,.F.,
  .F.,(2,2),(-100.5,-86.5),.PIECEWISE_BEZIER_KNOTS.);
#5090 = CARTESIAN_POINT('',(187.,89.));
#5091 = CARTESIAN_POINT('',(173.,89.));
#5092 = ( GEOMETRIC_REPRESENTATION_CONTEXT(2) 
PARAMETRIC_REPRESENTATION_CONTEXT() REPRESENTATION_CONTEXT('2D SPACE',''
  ) );
#5093 = ORIENTED_EDGE('',*,*,#5094,.F.);
#5094 = EDGE_CURVE('',#3705,#5074,#5095,.T.);
#5095 = SURFACE_CURVE('',#5096,(#5100,#5107),.PCURVE_S1.);
#5096 = LINE('',#5097,#5098);
#5097 = CARTESIAN_POINT('',(17.,-46.,-10.));
#5098 = VECTOR('',#5099,1.);
#5099 = DIRECTION('',(0.,0.,1.));
#5100 = PCURVE('',#3721,#5101);
#5101 = DEFINITIONAL_REPRESENTATION('',(#5102),#5106);
#5102 = LINE('',#5103,#5104);
#5103 = CARTESIAN_POINT('',(14.,0.));
#5104 = VECTOR('',#5105,1.);
#5105 = DIRECTION('',(0.,-1.));
#5106 = ( GEOMETRIC_REPRESENTATION_CONTEXT(2) 
PARAMETRIC_REPRESENTATION_CONTEXT() REPRESENTATION_CONTEXT('2D SPACE',''
  ) );
#5107 = PCURVE('',#3753,#5108);
#5108 = DEFINITIONAL_REPRESENTATION('',(#5109),#5113);
#5109 = LINE('',#5110,#5111);
#5110 = CARTESIAN_POINT('',(0.,0.));
#5111 = VECTOR('',#5112,1.);
#5112 = DIRECTION('',(0.,-1.));
#5113 = ( GEOMETRIC_REPRESENTATION_CONTEXT(2) 
PARAMETRIC_REPRESENTATION_CONTEXT() REPRESENTATION_CONTEXT('2D SPACE',''
  ) );
#5114 = ADVANCED_FACE('',(#5115),#3753,.F.);
#5115 = FACE_BOUND('',#5116,.F.);
#5116 = EDGE_LOOP('',(#5117,#5118,#5119,#5147));
#5117 = ORIENTED_EDGE('',*,*,#3732,.F.);
#5118 = ORIENTED_EDGE('',*,*,#5094,.T.);
#5119 = ORIENTED_EDGE('',*,*,#5120,.T.);
#5120 = EDGE_CURVE('',#5074,#5121,#5123,.T.);
#5121 = VERTEX_POINT('',#5122);
#5122 = CARTESIAN_POINT('',(17.,-50.,6.));
#5123 = SURFACE_CURVE('',#5124,(#5129,#5136),.PCURVE_S1.);
#5124 = CIRCLE('',#5125,2.);
#5125 = AXIS2_PLACEMENT_3D('',#5126,#5127,#5128);
#5126 = CARTESIAN_POINT('',(17.,-48.,6.));
#5127 = DIRECTION('',(0.,0.,-1.));
#5128 = DIRECTION('',(0.,1.,0.));
#5129 = PCURVE('',#3753,#5130);
#5130 = DEFINITIONAL_REPRESENTATION('',(#5131),#5135);
#5131 = LINE('',#5132,#5133);
#5132 = CARTESIAN_POINT('',(0.,-16.));
#5133 = VECTOR('',#5134,1.);
#5134 = DIRECTION('',(1.,0.));
#5135 = ( GEOMETRIC_REPRESENTATION_CONTEXT(2) 
PARAMETRIC_REPRESENTATION_CONTEXT() REPRESENTATION_CONTEXT('2D SPACE',''
  ) );
#5136 = PCURVE('',#4060,#5137);
#5137 = DEFINITIONAL_REPRESENTATION('',(#5138),#5146);
#5138 = ( BOUNDED_CURVE() B_SPLINE_CURVE(2,(#5139,#5140,#5141,#5142,
#5143,#5144,#5145),.UNSPECIFIED.,.T.,.F.) B_SPLINE_CURVE_WITH_KNOTS((1,2
    ,2,2,2,1),(-2.094395102393,0.,2.094395102393,4.188790204786,
6.28318530718,8.377580409573),.UNSPECIFIED.) CURVE() 
GEOMETRIC_REPRESENTATION_ITEM() RATIONAL_B_SPLINE_CURVE((1.,0.5,1.,0.5,
1.,0.5,1.)) REPRESENTATION_ITEM('') );
#5139 = CARTESIAN_POINT('',(187.,89.));
#5140 = CARTESIAN_POINT('',(190.46410161513,89.));
#5141 = CARTESIAN_POINT('',(188.73205080756,86.));
#5142 = CARTESIAN_POINT('',(187.,83.));
#5143 = CARTESIAN_POINT('',(185.26794919243,86.));
#5144 = CARTESIAN_POINT('',(183.53589838486,89.));
#5145 = CARTESIAN_POINT('',(187.,89.));
#5146 = ( GEOMETRIC_REPRESENTATION_CONTEXT(2) 
PARAMETRIC_REPRESENTATION_CONTEXT() REPRESENTATION_CONTEXT('2D SPACE',''
  ) );
#5147 = ORIENTED_EDGE('',*,*,#5148,.F.);
#5148 = EDGE_CURVE('',#3733,#5121,#5149,.T.);
#5149 = SURFACE_CURVE('',#5150,(#5154,#5161),.PCURVE_S1.);
#5150 = LINE('',#5151,#5152);
#5151 = CARTESIAN_POINT('',(17.,-50.,-10.));
#5152 = VECTOR('',#5153,1.);
#5153 = DIRECTION('',(0.,0.,1.));
#5154 = PCURVE('',#3753,#5155);
#5155 = DEFINITIONAL_REPRESENTATION('',(#5156),#5160);
#5156 = LINE('',#5157,#5158);
#5157 = CARTESIAN_POINT('',(3.14159265359,0.));
#5158 = VECTOR('',#5159,1.);
#5159 = DIRECTION('',(0.,-1.));
#5160 = ( GEOMETRIC_REPRESENTATION_CONTEXT(2) 
PARAMETRIC_REPRESENTATION_CONTEXT() REPRESENTATION_CONTEXT('2D SPACE',''
  ) );
#5161 = PCURVE('',#3780,#5162);
#5162 = DEFINITIONAL_REPRESENTATION('',(#5163),#5167);
#5163 = LINE('',#5164,#5165);
#5164 = CARTESIAN_POINT('',(0.,-0.));
#5165 = VECTOR('',#5166,1.);
#5166 = DIRECTION('',(0.,-1.));
#5167 = ( GEOMETRIC_REPRESENTATION_CONTEXT(2) 
PARAMETRIC_REPRESENTATION_CONTEXT() REPRESENTATION_CONTEXT('2D SPACE',''
  ) );
#5168 = ADVANCED_FACE('',(#5169),#3810,.F.);
#5169 = FACE_BOUND('',#5170,.F.);
#5170 = EDGE_LOOP('',(#5171,#5172,#5195,#5221));
#5171 = ORIENTED_EDGE('',*,*,#3791,.F.);
#5172 = ORIENTED_EDGE('',*,*,#5173,.T.);
#5173 = EDGE_CURVE('',#3766,#5174,#5176,.T.);
#5174 = VERTEX_POINT('',#5175);
#5175 = CARTESIAN_POINT('',(3.,-50.,6.));
#5176 = SURFACE_CURVE('',#5177,(#5181,#5188),.PCURVE_S1.);
#5177 = LINE('',#5178,#5179);
#5178 = CARTESIAN_POINT('',(3.,-50.,-10.));
#5179 = VECTOR('',#5180,1.);
#5180 = DIRECTION('',(0.,0.,1.));
#5181 = PCURVE('',#3810,#5182);
#5182 = DEFINITIONAL_REPRESENTATION('',(#5183),#5187);
#5183 = LINE('',#5184,#5185);
#5184 = CARTESIAN_POINT('',(0.,0.));
#5185 = VECTOR('',#5186,1.);
#5186 = DIRECTION('',(0.,-1.));
#5187 = ( GEOMETRIC_REPRESENTATION_CONTEXT(2) 
PARAMETRIC_REPRESENTATION_CONTEXT() REPRESENTATION_CONTEXT('2D SPACE',''
  ) );
#5188 = PCURVE('',#3780,#5189);
#5189 = DEFINITIONAL_REPRESENTATION('',(#5190),#5194);
#5190 = LINE('',#5191,#5192);
#5191 = CARTESIAN_POINT('',(14.,0.));
#5192 = VECTOR('',#5193,1.);
#5193 = DIRECTION('',(0.,-1.));
#5194 = ( GEOMETRIC_REPRESENTATION_CONTEXT(2) 
PARAMETRIC_REPRESENTATION_CONTEXT() REPRESENTATION_CONTEXT('2D SPACE',''
  ) );
#5195 = ORIENTED_EDGE('',*,*,#5196,.T.);
#5196 = EDGE_CURVE('',#5174,#5051,#5197,.T.);
#5197 = SURFACE_CURVE('',#5198,(#5203,#5210),.PCURVE_S1.);
#5198 = CIRCLE('',#5199,2.);
#5199 = AXIS2_PLACEMENT_3D('',#5200,#5201,#5202);
#5200 = CARTESIAN_POINT('',(3.,-48.,6.));
#5201 = DIRECTION('',(0.,-0.,-1.));
#5202 = DIRECTION('',(0.,-1.,0.));
#5203 = PCURVE('',#3810,#5204);
#5204 = DEFINITIONAL_REPRESENTATION('',(#5205),#5209);
#5205 = LINE('',#5206,#5207);
#5206 = CARTESIAN_POINT('',(0.,-16.));
#5207 = VECTOR('',#5208,1.);
#5208 = DIRECTION('',(1.,0.));
#5209 = ( GEOMETRIC_REPRESENTATION_CONTEXT(2) 
PARAMETRIC_REPRESENTATION_CONTEXT() REPRESENTATION_CONTEXT('2D SPACE',''
  ) );
#5210 = PCURVE('',#4060,#5211);
#5211 = DEFINITIONAL_REPRESENTATION('',(#5212),#5220);
#5212 = ( BOUNDED_CURVE() B_SPLINE_CURVE(2,(#5213,#5214,#5215,#5216,
#5217,#5218,#5219),.UNSPECIFIED.,.T.,.F.) B_SPLINE_CURVE_WITH_KNOTS((1,2
    ,2,2,2,1),(-2.094395102393,0.,2.094395102393,4.188790204786,
6.28318530718,8.377580409573),.UNSPECIFIED.) CURVE() 
GEOMETRIC_REPRESENTATION_ITEM() RATIONAL_B_SPLINE_CURVE((1.,0.5,1.,0.5,
1.,0.5,1.)) REPRESENTATION_ITEM('') );
#5213 = CARTESIAN_POINT('',(173.,85.));
#5214 = CARTESIAN_POINT('',(169.53589838486,85.));
#5215 = CARTESIAN_POINT('',(171.26794919243,88.));
#5216 = CARTESIAN_POINT('',(173.,91.));
#5217 = CARTESIAN_POINT('',(174.73205080756,88.));
#5218 = CARTESIAN_POINT('',(176.46410161513,85.));
#5219 = CARTESIAN_POINT('',(173.,85.));
#5220 = ( GEOMETRIC_REPRESENTATION_CONTEXT(2) 
PARAMETRIC_REPRESENTATION_CONTEXT() REPRESENTATION_CONTEXT('2D SPACE',''
  ) );
#5221 = ORIENTED_EDGE('',*,*,#5050,.F.);
#5222 = ADVANCED_FACE('',(#5223),#3780,.F.);
#5223 = FACE_BOUND('',#5224,.F.);
#5224 = EDGE_LOOP('',(#5225,#5226,#5227,#5246));
#5225 = ORIENTED_EDGE('',*,*,#3765,.T.);
#5226 = ORIENTED_EDGE('',*,*,#5148,.T.);
#5227 = ORIENTED_EDGE('',*,*,#5228,.F.);
#5228 = EDGE_CURVE('',#5174,#5121,#5229,.T.);
#5229 = SURFACE_CURVE('',#5230,(#5234,#5240),.PCURVE_S1.);
#5230 = LINE('',#5231,#5232);
#5231 = CARTESIAN_POINT('',(-76.5,-50.,6.));
#5232 = VECTOR('',#5233,1.);
#5233 = DIRECTION('',(1.,0.,-0.));
#5234 = PCURVE('',#3780,#5235);
#5235 = DEFINITIONAL_REPRESENTATION('',(#5236),#5239);
#5236 = B_SPLINE_CURVE_WITH_KNOTS('',1,(#5237,#5238),.UNSPECIFIED.,.F.,
  .F.,(2,2),(79.5,93.5),.PIECEWISE_BEZIER_KNOTS.);
#5237 = CARTESIAN_POINT('',(14.,-16.));
#5238 = CARTESIAN_POINT('',(0.,-16.));
#5239 = ( GEOMETRIC_REPRESENTATION_CONTEXT(2) 
PARAMETRIC_REPRESENTATION_CONTEXT() REPRESENTATION_CONTEXT('2D SPACE',''
  ) );
#5240 = PCURVE('',#4060,#5241);
#5241 = DEFINITIONAL_REPRESENTATION('',(#5242),#5245);
#5242 = B_SPLINE_CURVE_WITH_KNOTS('',1,(#5243,#5244),.UNSPECIFIED.,.F.,
  .F.,(2,2),(79.5,93.5),.PIECEWISE_BEZIER_KNOTS.);
#5243 = CARTESIAN_POINT('',(173.,85.));
#5244 = CARTESIAN_POINT('',(187.,85.));
#5245 = ( GEOMETRIC_REPRESENTATION_CONTEXT(2) 
PARAMETRIC_REPRESENTATION_CONTEXT() REPRESENTATION_CONTEXT('2D SPACE',''
  ) );
#5246 = ORIENTED_EDGE('',*,*,#5173,.F.);
#5247 = ADVANCED_FACE('',(#5248),#3845,.F.);
#5248 = FACE_BOUND('',#5249,.T.);
#5249 = EDGE_LOOP('',(#5250,#5251,#5274,#5300));
#5250 = ORIENTED_EDGE('',*,*,#3824,.T.);
#5251 = ORIENTED_EDGE('',*,*,#5252,.T.);
#5252 = EDGE_CURVE('',#3825,#5253,#5255,.T.);
#5253 = VERTEX_POINT('',#5254);
#5254 = CARTESIAN_POINT('',(61.7,-45.,6.));
#5255 = SEAM_CURVE('',#5256,(#5260,#5267),.PCURVE_S1.);
#5256 = LINE('',#5257,#5258);
#5257 = CARTESIAN_POINT('',(61.7,-45.,-10.));
#5258 = VECTOR('',#5259,1.);
#5259 = DIRECTION('',(0.,0.,1.));
#5260 = PCURVE('',#3845,#5261);
#5261 = DEFINITIONAL_REPRESENTATION('',(#5262),#5266);
#5262 = LINE('',#5263,#5264);
#5263 = CARTESIAN_POINT('',(-6.28318530718,0.));
#5264 = VECTOR('',#5265,1.);
#5265 = DIRECTION('',(-0.,-1.));
#5266 = ( GEOMETRIC_REPRESENTATION_CONTEXT(2) 
PARAMETRIC_REPRESENTATION_CONTEXT() REPRESENTATION_CONTEXT('2D SPACE',''
  ) );
#5267 = PCURVE('',#3845,#5268);
#5268 = DEFINITIONAL_REPRESENTATION('',(#5269),#5273);
#5269 = LINE('',#5270,#5271);
#5270 = CARTESIAN_POINT('',(-0.,0.));
#5271 = VECTOR('',#5272,1.);
#5272 = DIRECTION('',(-0.,-1.));
#5273 = ( GEOMETRIC_REPRESENTATION_CONTEXT(2) 
PARAMETRIC_REPRESENTATION_CONTEXT() REPRESENTATION_CONTEXT('2D SPACE',''
  ) );
#5274 = ORIENTED_EDGE('',*,*,#5275,.F.);
#5275 = EDGE_CURVE('',#5253,#5253,#5276,.T.);
#5276 = SURFACE_CURVE('',#5277,(#5282,#5289),.PCURVE_S1.);
#5277 = CIRCLE('',#5278,1.7);
#5278 = AXIS2_PLACEMENT_3D('',#5279,#5280,#5281);
#5279 = CARTESIAN_POINT('',(60.,-45.,6.));
#5280 = DIRECTION('',(0.,0.,-1.));
#5281 = DIRECTION('',(1.,0.,0.));
#5282 = PCURVE('',#3845,#5283);
#5283 = DEFINITIONAL_REPRESENTATION('',(#5284),#5288);
#5284 = LINE('',#5285,#5286);
#5285 = CARTESIAN_POINT('',(-6.28318530718,-16.));
#5286 = VECTOR('',#5287,1.);
#5287 = DIRECTION('',(1.,-0.));
#5288 = ( GEOMETRIC_REPRESENTATION_CONTEXT(2) 
PARAMETRIC_REPRESENTATION_CONTEXT() REPRESENTATION_CONTEXT('2D SPACE',''
  ) );
#5289 = PCURVE('',#4060,#5290);
#5290 = DEFINITIONAL_REPRESENTATION('',(#5291),#5299);
#5291 = ( BOUNDED_CURVE() B_SPLINE_CURVE(2,(#5292,#5293,#5294,#5295,
#5296,#5297,#5298),.UNSPECIFIED.,.T.,.F.) B_SPLINE_CURVE_WITH_KNOTS((1,2
    ,2,2,2,1),(-2.094395102393,0.,2.094395102393,4.188790204786,
6.28318530718,8.377580409573),.UNSPECIFIED.) CURVE() 
GEOMETRIC_REPRESENTATION_ITEM() RATIONAL_B_SPLINE_CURVE((1.,0.5,1.,0.5,
1.,0.5,1.)) REPRESENTATION_ITEM('') );
#5292 = CARTESIAN_POINT('',(231.7,90.));
#5293 = CARTESIAN_POINT('',(231.7,87.055513627133));
#5294 = CARTESIAN_POINT('',(229.15,88.527756813566));
#5295 = CARTESIAN_POINT('',(226.6,90.));
#5296 = CARTESIAN_POINT('',(229.15,91.472243186434));
#5297 = CARTESIAN_POINT('',(231.7,92.944486372867));
#5298 = CARTESIAN_POINT('',(231.7,90.));
#5299 = ( GEOMETRIC_REPRESENTATION_CONTEXT(2) 
PARAMETRIC_REPRESENTATION_CONTEXT() REPRESENTATION_CONTEXT('2D SPACE',''
  ) );
#5300 = ORIENTED_EDGE('',*,*,#5252,.F.);
#5301 = ADVANCED_FACE('',(#5302),#3880,.F.);
#5302 = FACE_BOUND('',#5303,.T.);
#5303 = EDGE_LOOP('',(#5304,#5305,#5328,#5354));
#5304 = ORIENTED_EDGE('',*,*,#3859,.T.);
#5305 = ORIENTED_EDGE('',*,*,#5306,.T.);
#5306 = EDGE_CURVE('',#3860,#5307,#5309,.T.);
#5307 = VERTEX_POINT('',#5308);
#5308 = CARTESIAN_POINT('',(68.25,-24.,6.));
#5309 = SEAM_CURVE('',#5310,(#5314,#5321),.PCURVE_S1.);
#5310 = LINE('',#5311,#5312);
#5311 = CARTESIAN_POINT('',(68.25,-24.,-10.));
#5312 = VECTOR('',#5313,1.);
#5313 = DIRECTION('',(0.,0.,1.));
#5314 = PCURVE('',#3880,#5315);
#5315 = DEFINITIONAL_REPRESENTATION('',(#5316),#5320);
#5316 = LINE('',#5317,#5318);
#5317 = CARTESIAN_POINT('',(-6.28318530718,0.));
#5318 = VECTOR('',#5319,1.);
#5319 = DIRECTION('',(-0.,-1.));
#5320 = ( GEOMETRIC_REPRESENTATION_CONTEXT(2) 
PARAMETRIC_REPRESENTATION_CONTEXT() REPRESENTATION_CONTEXT('2D SPACE',''
  ) );
#5321 = PCURVE('',#3880,#5322);
#5322 = DEFINITIONAL_REPRESENTATION('',(#5323),#5327);
#5323 = LINE('',#5324,#5325);
#5324 = CARTESIAN_POINT('',(-0.,0.));
#5325 = VECTOR('',#5326,1.);
#5326 = DIRECTION('',(-0.,-1.));
#5327 = ( GEOMETRIC_REPRESENTATION_CONTEXT(2) 
PARAMETRIC_REPRESENTATION_CONTEXT() REPRESENTATION_CONTEXT('2D SPACE',''
  ) );
#5328 = ORIENTED_EDGE('',*,*,#5329,.F.);
#5329 = EDGE_CURVE('',#5307,#5307,#5330,.T.);
#5330 = SURFACE_CURVE('',#5331,(#5336,#5343),.PCURVE_S1.);
#5331 = CIRCLE('',#5332,2.25);
#5332 = AXIS2_PLACEMENT_3D('',#5333,#5334,#5335);
#5333 = CARTESIAN_POINT('',(66.,-24.,6.));
#5334 = DIRECTION('',(0.,0.,-1.));
#5335 = DIRECTION('',(1.,0.,0.));
#5336 = PCURVE('',#3880,#5337);
#5337 = DEFINITIONAL_REPRESENTATION('',(#5338),#5342);
#5338 = LINE('',#5339,#5340);
#5339 = CARTESIAN_POINT('',(-6.28318530718,-16.));
#5340 = VECTOR('',#5341,1.);
#5341 = DIRECTION('',(1.,-0.));
#5342 = ( GEOMETRIC_REPRESENTATION_CONTEXT(2) 
PARAMETRIC_REPRESENTATION_CONTEXT() REPRESENTATION_CONTEXT('2D SPACE',''
  ) );
#5343 = PCURVE('',#4060,#5344);
#5344 = DEFINITIONAL_REPRESENTATION('',(#5345),#5353);
#5345 = ( BOUNDED_CURVE() B_SPLINE_CURVE(2,(#5346,#5347,#5348,#5349,
#5350,#5351,#5352),.UNSPECIFIED.,.T.,.F.) B_SPLINE_CURVE_WITH_KNOTS((1,2
    ,2,2,2,1),(-2.094395102393,0.,2.094395102393,4.188790204786,
6.28318530718,8.377580409573),.UNSPECIFIED.) CURVE() 
GEOMETRIC_REPRESENTATION_ITEM() RATIONAL_B_SPLINE_CURVE((1.,0.5,1.,0.5,
1.,0.5,1.)) REPRESENTATION_ITEM('') );
#5346 = CARTESIAN_POINT('',(238.25,111.));
#5347 = CARTESIAN_POINT('',(238.25,107.10288568297));
#5348 = CARTESIAN_POINT('',(234.875,109.05144284148));
#5349 = CARTESIAN_POINT('',(231.5,111.));
#5350 = CARTESIAN_POINT('',(234.875,112.94855715851));
#5351 = CARTESIAN_POINT('',(238.25,114.89711431703));
#5352 = CARTESIAN_POINT('',(238.25,111.));
#5353 = ( GEOMETRIC_REPRESENTATION_CONTEXT(2) 
PARAMETRIC_REPRESENTATION_CONTEXT() REPRESENTATION_CONTEXT('2D SPACE',''
  ) );
#5354 = ORIENTED_EDGE('',*,*,#5306,.F.);
#5355 = ADVANCED_FACE('',(#5356),#3915,.F.);
#5356 = FACE_BOUND('',#5357,.T.);
#5357 = EDGE_LOOP('',(#5358,#5359,#5382,#5408));
#5358 = ORIENTED_EDGE('',*,*,#3894,.T.);
#5359 = ORIENTED_EDGE('',*,*,#5360,.T.);
#5360 = EDGE_CURVE('',#3895,#5361,#5363,.T.);
#5361 = VERTEX_POINT('',#5362);
#5362 = CARTESIAN_POINT('',(101.7,-45.,6.));
#5363 = SEAM_CURVE('',#5364,(#5368,#5375),.PCURVE_S1.);
#5364 = LINE('',#5365,#5366);
#5365 = CARTESIAN_POINT('',(101.7,-45.,-10.));
#5366 = VECTOR('',#5367,1.);
#5367 = DIRECTION('',(0.,0.,1.));
#5368 = PCURVE('',#3915,#5369);
#5369 = DEFINITIONAL_REPRESENTATION('',(#5370),#5374);
#5370 = LINE('',#5371,#5372);
#5371 = CARTESIAN_POINT('',(-6.28318530718,0.));
#5372 = VECTOR('',#5373,1.);
#5373 = DIRECTION('',(-0.,-1.));
#5374 = ( GEOMETRIC_REPRESENTATION_CONTEXT(2) 
PARAMETRIC_REPRESENTATION_CONTEXT() REPRESENTATION_CONTEXT('2D SPACE',''
  ) );
#5375 = PCURVE('',#3915,#5376);
#5376 = DEFINITIONAL_REPRESENTATION('',(#5377),#5381);
#5377 = LINE('',#5378,#5379);
#5378 = CARTESIAN_POINT('',(-0.,0.));
#5379 = VECTOR('',#5380,1.);
#5380 = DIRECTION('',(-0.,-1.));
#5381 = ( GEOMETRIC_REPRESENTATION_CONTEXT(2) 
PARAMETRIC_REPRESENTATION_CONTEXT() REPRESENTATION_CONTEXT('2D SPACE',''
  ) );
#5382 = ORIENTED_EDGE('',*,*,#5383,.F.);
#5383 = EDGE_CURVE('',#5361,#5361,#5384,.T.);
#5384 = SURFACE_CURVE('',#5385,(#5390,#5397),.PCURVE_S1.);
#5385 = CIRCLE('',#5386,1.7);
#5386 = AXIS2_PLACEMENT_3D('',#5387,#5388,#5389);
#5387 = CARTESIAN_POINT('',(100.,-45.,6.));
#5388 = DIRECTION('',(0.,0.,-1.));
#5389 = DIRECTION('',(1.,0.,0.));
#5390 = PCURVE('',#3915,#5391);
#5391 = DEFINITIONAL_REPRESENTATION('',(#5392),#5396);
#5392 = LINE('',#5393,#5394);
#5393 = CARTESIAN_POINT('',(-6.28318530718,-16.));
#5394 = VECTOR('',#5395,1.);
#5395 = DIRECTION('',(1.,-0.));
#5396 = ( GEOMETRIC_REPRESENTATION_CONTEXT(2) 
PARAMETRIC_REPRESENTATION_CONTEXT() REPRESENTATION_CONTEXT('2D SPACE',''
  ) );
#5397 = PCURVE('',#4060,#5398);
#5398 = DEFINITIONAL_REPRESENTATION('',(#5399),#5407);
#5399 = ( BOUNDED_CURVE() B_SPLINE_CURVE(2,(#5400,#5401,#5402,#5403,
#5404,#5405,#5406),.UNSPECIFIED.,.T.,.F.) B_SPLINE_CURVE_WITH_KNOTS((1,2
    ,2,2,2,1),(-2.094395102393,0.,2.094395102393,4.188790204786,
6.28318530718,8.377580409573),.UNSPECIFIED.) CURVE() 
GEOMETRIC_REPRESENTATION_ITEM() RATIONAL_B_SPLINE_CURVE((1.,0.5,1.,0.5,
1.,0.5,1.)) REPRESENTATION_ITEM('') );
#5400 = CARTESIAN_POINT('',(271.7,90.));
#5401 = CARTESIAN_POINT('',(271.7,87.055513627133));
#5402 = CARTESIAN_POINT('',(269.15,88.527756813566));
#5403 = CARTESIAN_POINT('',(266.6,90.));
#5404 = CARTESIAN_POINT('',(269.15,91.472243186434));
#5405 = CARTESIAN_POINT('',(271.7,92.944486372867));
#5406 = CARTESIAN_POINT('',(271.7,90.));
#5407 = ( GEOMETRIC_REPRESENTATION_CONTEXT(2) 
PARAMETRIC_REPRESENTATION_CONTEXT() REPRESENTATION_CONTEXT('2D SPACE',''
  ) );
#5408 = ORIENTED_EDGE('',*,*,#5360,.F.);
#5409 = ADVANCED_FACE('',(#5410),#3950,.F.);
#5410 = FACE_BOUND('',#5411,.T.);
#5411 = EDGE_LOOP('',(#5412,#5413,#5436,#5462));
#5412 = ORIENTED_EDGE('',*,*,#3929,.T.);
#5413 = ORIENTED_EDGE('',*,*,#5414,.T.);
#5414 = EDGE_CURVE('',#3930,#5415,#5417,.T.);
#5415 = VERTEX_POINT('',#5416);
#5416 = CARTESIAN_POINT('',(141.7,-45.,6.));
#5417 = SEAM_CURVE('',#5418,(#5422,#5429),.PCURVE_S1.);
#5418 = LINE('',#5419,#5420);
#5419 = CARTESIAN_POINT('',(141.7,-45.,-10.));
#5420 = VECTOR('',#5421,1.);
#5421 = DIRECTION('',(0.,0.,1.));
#5422 = PCURVE('',#3950,#5423);
#5423 = DEFINITIONAL_REPRESENTATION('',(#5424),#5428);
#5424 = LINE('',#5425,#5426);
#5425 = CARTESIAN_POINT('',(-6.28318530718,0.));
#5426 = VECTOR('',#5427,1.);
#5427 = DIRECTION('',(-0.,-1.));
#5428 = ( GEOMETRIC_REPRESENTATION_CONTEXT(2) 
PARAMETRIC_REPRESENTATION_CONTEXT() REPRESENTATION_CONTEXT('2D SPACE',''
  ) );
#5429 = PCURVE('',#3950,#5430);
#5430 = DEFINITIONAL_REPRESENTATION('',(#5431),#5435);
#5431 = LINE('',#5432,#5433);
#5432 = CARTESIAN_POINT('',(-0.,0.));
#5433 = VECTOR('',#5434,1.);
#5434 = DIRECTION('',(-0.,-1.));
#5435 = ( GEOMETRIC_REPRESENTATION_CONTEXT(2) 
PARAMETRIC_REPRESENTATION_CONTEXT() REPRESENTATION_CONTEXT('2D SPACE',''
  ) );
#5436 = ORIENTED_EDGE('',*,*,#5437,.F.);
#5437 = EDGE_CURVE('',#5415,#5415,#5438,.T.);
#5438 = SURFACE_CURVE('',#5439,(#5444,#5451),.PCURVE_S1.);
#5439 = CIRCLE('',#5440,1.7);
#5440 = AXIS2_PLACEMENT_3D('',#5441,#5442,#5443);
#5441 = CARTESIAN_POINT('',(140.,-45.,6.));
#5442 = DIRECTION('',(0.,0.,-1.));
#5443 = DIRECTION('',(1.,0.,0.));
#5444 = PCURVE('',#3950,#5445);
#5445 = DEFINITIONAL_REPRESENTATION('',(#5446),#5450);
#5446 = LINE('',#5447,#5448);
#5447 = CARTESIAN_POINT('',(-6.28318530718,-16.));
#5448 = VECTOR('',#5449,1.);
#5449 = DIRECTION('',(1.,-0.));
#5450 = ( GEOMETRIC_REPRESENTATION_CONTEXT(2) 
PARAMETRIC_REPRESENTATION_CONTEXT() REPRESENTATION_CONTEXT('2D SPACE',''
  ) );
#5451 = PCURVE('',#4060,#5452);
#5452 = DEFINITIONAL_REPRESENTATION('',(#5453),#5461);
#5453 = ( BOUNDED_CURVE() B_SPLINE_CURVE(2,(#5454,#5455,#5456,#5457,
#5458,#5459,#5460),.UNSPECIFIED.,.T.,.F.) B_SPLINE_CURVE_WITH_KNOTS((1,2
    ,2,2,2,1),(-2.094395102393,0.,2.094395102393,4.188790204786,
6.28318530718,8.377580409573),.UNSPECIFIED.) CURVE() 
GEOMETRIC_REPRESENTATION_ITEM() RATIONAL_B_SPLINE_CURVE((1.,0.5,1.,0.5,
1.,0.5,1.)) REPRESENTATION_ITEM('') );
#5454 = CARTESIAN_POINT('',(311.7,90.));
#5455 = CARTESIAN_POINT('',(311.7,87.055513627133));
#5456 = CARTESIAN_POINT('',(309.15,88.527756813566));
#5457 = CARTESIAN_POINT('',(306.6,90.));
#5458 = CARTESIAN_POINT('',(309.15,91.472243186434));
#5459 = CARTESIAN_POINT('',(311.7,92.944486372867));
#5460 = CARTESIAN_POINT('',(311.7,90.));
#5461 = ( GEOMETRIC_REPRESENTATION_CONTEXT(2) 
PARAMETRIC_REPRESENTATION_CONTEXT() REPRESENTATION_CONTEXT('2D SPACE',''
  ) );
#5462 = ORIENTED_EDGE('',*,*,#5414,.F.);
#5463 = ADVANCED_FACE('',(#5464),#3985,.F.);
#5464 = FACE_BOUND('',#5465,.T.);
#5465 = EDGE_LOOP('',(#5466,#5467,#5490,#5516));
#5466 = ORIENTED_EDGE('',*,*,#3964,.T.);
#5467 = ORIENTED_EDGE('',*,*,#5468,.T.);
#5468 = EDGE_CURVE('',#3965,#5469,#5471,.T.);
#5469 = VERTEX_POINT('',#5470);
#5470 = CARTESIAN_POINT('',(86.25,-24.,6.));
#5471 = SEAM_CURVE('',#5472,(#5476,#5483),.PCURVE_S1.);
#5472 = LINE('',#5473,#5474);
#5473 = CARTESIAN_POINT('',(86.25,-24.,-10.));
#5474 = VECTOR('',#5475,1.);
#5475 = DIRECTION('',(0.,0.,1.));
#5476 = PCURVE('',#3985,#5477);
#5477 = DEFINITIONAL_REPRESENTATION('',(#5478),#5482);
#5478 = LINE('',#5479,#5480);
#5479 = CARTESIAN_POINT('',(-6.28318530718,0.));
#5480 = VECTOR('',#5481,1.);
#5481 = DIRECTION('',(-0.,-1.));
#5482 = ( GEOMETRIC_REPRESENTATION_CONTEXT(2) 
PARAMETRIC_REPRESENTATION_CONTEXT() REPRESENTATION_CONTEXT('2D SPACE',''
  ) );
#5483 = PCURVE('',#3985,#5484);
#5484 = DEFINITIONAL_REPRESENTATION('',(#5485),#5489);
#5485 = LINE('',#5486,#5487);
#5486 = CARTESIAN_POINT('',(-0.,0.));
#5487 = VECTOR('',#5488,1.);
#5488 = DIRECTION('',(-0.,-1.));
#5489 = ( GEOMETRIC_REPRESENTATION_CONTEXT(2) 
PARAMETRIC_REPRESENTATION_CONTEXT() REPRESENTATION_CONTEXT('2D SPACE',''
  ) );
#5490 = ORIENTED_EDGE('',*,*,#5491,.F.);
#5491 = EDGE_CURVE('',#5469,#5469,#5492,.T.);
#5492 = SURFACE_CURVE('',#5493,(#5498,#5505),.PCURVE_S1.);
#5493 = CIRCLE('',#5494,2.25);
#5494 = AXIS2_PLACEMENT_3D('',#5495,#5496,#5497);
#5495 = CARTESIAN_POINT('',(84.,-24.,6.));
#5496 = DIRECTION('',(0.,0.,-1.));
#5497 = DIRECTION('',(1.,0.,0.));
#5498 = PCURVE('',#3985,#5499);
#5499 = DEFINITIONAL_REPRESENTATION('',(#5500),#5504);
#5500 = LINE('',#5501,#5502);
#5501 = CARTESIAN_POINT('',(-6.28318530718,-16.));
#5502 = VECTOR('',#5503,1.);
#5503 = DIRECTION('',(1.,-0.));
#5504 = ( GEOMETRIC_REPRESENTATION_CONTEXT(2) 
PARAMETRIC_REPRESENTATION_CONTEXT() REPRESENTATION_CONTEXT('2D SPACE',''
  ) );
#5505 = PCURVE('',#4060,#5506);
#5506 = DEFINITIONAL_REPRESENTATION('',(#5507),#5515);
#5507 = ( BOUNDED_CURVE() B_SPLINE_CURVE(2,(#5508,#5509,#5510,#5511,
#5512,#5513,#5514),.UNSPECIFIED.,.T.,.F.) B_SPLINE_CURVE_WITH_KNOTS((1,2
    ,2,2,2,1),(-2.094395102393,0.,2.094395102393,4.188790204786,
6.28318530718,8.377580409573),.UNSPECIFIED.) CURVE() 
GEOMETRIC_REPRESENTATION_ITEM() RATIONAL_B_SPLINE_CURVE((1.,0.5,1.,0.5,
1.,0.5,1.)) REPRESENTATION_ITEM('') );
#5508 = CARTESIAN_POINT('',(256.25,111.));
#5509 = CARTESIAN_POINT('',(256.25,107.10288568297));
#5510 = CARTESIAN_POINT('',(252.875,109.05144284148));
#5511 = CARTESIAN_POINT('',(249.5,111.));
#5512 = CARTESIAN_POINT('',(252.875,112.94855715851));
#5513 = CARTESIAN_POINT('',(256.25,114.89711431703));
#5514 = CARTESIAN_POINT('',(256.25,111.));
#5515 = ( GEOMETRIC_REPRESENTATION_CONTEXT(2) 
PARAMETRIC_REPRESENTATION_CONTEXT() REPRESENTATION_CONTEXT('2D SPACE',''
  ) );
#5516 = ORIENTED_EDGE('',*,*,#5468,.F.);
#5517 = ADVANCED_FACE('',(#5518,#5595,#5601,#5604,#5607,#5610,#5613,
    #5616,#5619,#5733,#5736,#5739,#5745,#5748,#5751,#5754,#5757),#4060,
  .T.);
#5518 = FACE_BOUND('',#5519,.T.);
#5519 = EDGE_LOOP('',(#5520,#5521,#5522,#5545,#5573,#5594));
#5520 = ORIENTED_EDGE('',*,*,#4047,.F.);
#5521 = ORIENTED_EDGE('',*,*,#4311,.T.);
#5522 = ORIENTED_EDGE('',*,*,#5523,.T.);
#5523 = EDGE_CURVE('',#4312,#5524,#5526,.T.);
#5524 = VERTEX_POINT('',#5525);
#5525 = CARTESIAN_POINT('',(48.,-129.,6.));
#5526 = SURFACE_CURVE('',#5527,(#5531,#5538),.PCURVE_S1.);
#5527 = LINE('',#5528,#5529);
#5528 = CARTESIAN_POINT('',(48.,-135.,6.));
#5529 = VECTOR('',#5530,1.);
#5530 = DIRECTION('',(0.,1.,0.));
#5531 = PCURVE('',#4060,#5532);
#5532 = DEFINITIONAL_REPRESENTATION('',(#5533),#5537);
#5533 = LINE('',#5534,#5535);
#5534 = CARTESIAN_POINT('',(218.,0.));
#5535 = VECTOR('',#5536,1.);
#5536 = DIRECTION('',(0.,1.));
#5537 = ( GEOMETRIC_REPRESENTATION_CONTEXT(2) 
PARAMETRIC_REPRESENTATION_CONTEXT() REPRESENTATION_CONTEXT('2D SPACE',''
  ) );
#5538 = PCURVE('',#4350,#5539);
#5539 = DEFINITIONAL_REPRESENTATION('',(#5540),#5544);
#5540 = LINE('',#5541,#5542);
#5541 = CARTESIAN_POINT('',(0.,0.));
#5542 = VECTOR('',#5543,1.);
#5543 = DIRECTION('',(0.,-1.));
#5544 = ( GEOMETRIC_REPRESENTATION_CONTEXT(2) 
PARAMETRIC_REPRESENTATION_CONTEXT() REPRESENTATION_CONTEXT('2D SPACE',''
  ) );
#5545 = ORIENTED_EDGE('',*,*,#5546,.T.);
#5546 = EDGE_CURVE('',#5524,#5547,#5549,.T.);
#5547 = VERTEX_POINT('',#5548);
#5548 = CARTESIAN_POINT('',(164.,-129.,6.));
#5549 = SURFACE_CURVE('',#5550,(#5554,#5561),.PCURVE_S1.);
#5550 = LINE('',#5551,#5552);
#5551 = CARTESIAN_POINT('',(48.,-129.,6.));
#5552 = VECTOR('',#5553,1.);
#5553 = DIRECTION('',(1.,0.,0.));
#5554 = PCURVE('',#4060,#5555);
#5555 = DEFINITIONAL_REPRESENTATION('',(#5556),#5560);
#5556 = LINE('',#5557,#5558);
#5557 = CARTESIAN_POINT('',(218.,6.));
#5558 = VECTOR('',#5559,1.);
#5559 = DIRECTION('',(1.,0.));
#5560 = ( GEOMETRIC_REPRESENTATION_CONTEXT(2) 
PARAMETRIC_REPRESENTATION_CONTEXT() REPRESENTATION_CONTEXT('2D SPACE',''
  ) );
#5561 = PCURVE('',#5562,#5567);
#5562 = PLANE('',#5563);
#5563 = AXIS2_PLACEMENT_3D('',#5564,#5565,#5566);
#5564 = CARTESIAN_POINT('',(48.,-129.,6.));
#5565 = DIRECTION('',(0.,1.,0.));
#5566 = DIRECTION('',(0.,0.,1.));
#5567 = DEFINITIONAL_REPRESENTATION('',(#5568),#5572);
#5568 = LINE('',#5569,#5570);
#5569 = CARTESIAN_POINT('',(0.,0.));
#5570 = VECTOR('',#5571,1.);
#5571 = DIRECTION('',(0.,1.));
#5572 = ( GEOMETRIC_REPRESENTATION_CONTEXT(2) 
PARAMETRIC_REPRESENTATION_CONTEXT() REPRESENTATION_CONTEXT('2D SPACE',''
  ) );
#5573 = ORIENTED_EDGE('',*,*,#5574,.T.);
#5574 = EDGE_CURVE('',#5547,#4100,#5575,.T.);
#5575 = SURFACE_CURVE('',#5576,(#5580,#5587),.PCURVE_S1.);
#5576 = LINE('',#5577,#5578);
#5577 = CARTESIAN_POINT('',(164.,-130.,6.));
#5578 = VECTOR('',#5579,1.);
#5579 = DIRECTION('',(0.,1.,0.));
#5580 = PCURVE('',#4060,#5581);
#5581 = DEFINITIONAL_REPRESENTATION('',(#5582),#5586);
#5582 = LINE('',#5583,#5584);
#5583 = CARTESIAN_POINT('',(334.,5.));
#5584 = VECTOR('',#5585,1.);
#5585 = DIRECTION('',(0.,1.));
#5586 = ( GEOMETRIC_REPRESENTATION_CONTEXT(2) 
PARAMETRIC_REPRESENTATION_CONTEXT() REPRESENTATION_CONTEXT('2D SPACE',''
  ) );
#5587 = PCURVE('',#4135,#5588);
#5588 = DEFINITIONAL_REPRESENTATION('',(#5589),#5593);
#5589 = LINE('',#5590,#5591);
#5590 = CARTESIAN_POINT('',(0.,0.));
#5591 = VECTOR('',#5592,1.);
#5592 = DIRECTION('',(0.,-1.));
#5593 = ( GEOMETRIC_REPRESENTATION_CONTEXT(2) 
PARAMETRIC_REPRESENTATION_CONTEXT() REPRESENTATION_CONTEXT('2D SPACE',''
  ) );
#5594 = ORIENTED_EDGE('',*,*,#4099,.T.);
#5595 = FACE_BOUND('',#5596,.T.);
#5596 = EDGE_LOOP('',(#5597,#5598,#5599,#5600));
#5597 = ORIENTED_EDGE('',*,*,#4439,.F.);
#5598 = ORIENTED_EDGE('',*,*,#4486,.T.);
#5599 = ORIENTED_EDGE('',*,*,#4594,.F.);
#5600 = ORIENTED_EDGE('',*,*,#4562,.T.);
#5601 = FACE_BOUND('',#5602,.T.);
#5602 = EDGE_LOOP('',(#5603));
#5603 = ORIENTED_EDGE('',*,*,#4695,.T.);
#5604 = FACE_BOUND('',#5605,.T.);
#5605 = EDGE_LOOP('',(#5606));
#5606 = ORIENTED_EDGE('',*,*,#4749,.T.);
#5607 = FACE_BOUND('',#5608,.T.);
#5608 = EDGE_LOOP('',(#5609));
#5609 = ORIENTED_EDGE('',*,*,#4641,.T.);
#5610 = FACE_BOUND('',#5611,.T.);
#5611 = EDGE_LOOP('',(#5612));
#5612 = ORIENTED_EDGE('',*,*,#4803,.T.);
#5613 = FACE_BOUND('',#5614,.T.);
#5614 = EDGE_LOOP('',(#5615));
#5615 = ORIENTED_EDGE('',*,*,#4857,.T.);
#5616 = FACE_BOUND('',#5617,.T.);
#5617 = EDGE_LOOP('',(#5618));
#5618 = ORIENTED_EDGE('',*,*,#4965,.T.);
#5619 = FACE_BOUND('',#5620,.T.);
#5620 = EDGE_LOOP('',(#5621,#5651,#5679,#5707));
#5621 = ORIENTED_EDGE('',*,*,#5622,.T.);
#5622 = EDGE_CURVE('',#5623,#5625,#5627,.T.);
#5623 = VERTEX_POINT('',#5624);
#5624 = CARTESIAN_POINT('',(107.,-120.,6.));
#5625 = VERTEX_POINT('',#5626);
#5626 = CARTESIAN_POINT('',(107.,-35.,6.));
#5627 = SURFACE_CURVE('',#5628,(#5632,#5639),.PCURVE_S1.);
#5628 = LINE('',#5629,#5630);
#5629 = CARTESIAN_POINT('',(107.,-120.,6.));
#5630 = VECTOR('',#5631,1.);
#5631 = DIRECTION('',(0.,1.,0.));
#5632 = PCURVE('',#4060,#5633);
#5633 = DEFINITIONAL_REPRESENTATION('',(#5634),#5638);
#5634 = LINE('',#5635,#5636);
#5635 = CARTESIAN_POINT('',(277.,15.));
#5636 = VECTOR('',#5637,1.);
#5637 = DIRECTION('',(0.,1.));
#5638 = ( GEOMETRIC_REPRESENTATION_CONTEXT(2) 
PARAMETRIC_REPRESENTATION_CONTEXT() REPRESENTATION_CONTEXT('2D SPACE',''
  ) );
#5639 = PCURVE('',#5640,#5645);
#5640 = PLANE('',#5641);
#5641 = AXIS2_PLACEMENT_3D('',#5642,#5643,#5644);
#5642 = CARTESIAN_POINT('',(107.,-120.,6.));
#5643 = DIRECTION('',(1.,0.,0.));
#5644 = DIRECTION('',(0.,0.,1.));
#5645 = DEFINITIONAL_REPRESENTATION('',(#5646),#5650);
#5646 = LINE('',#5647,#5648);
#5647 = CARTESIAN_POINT('',(0.,0.));
#5648 = VECTOR('',#5649,1.);
#5649 = DIRECTION('',(0.,-1.));
#5650 = ( GEOMETRIC_REPRESENTATION_CONTEXT(2) 
PARAMETRIC_REPRESENTATION_CONTEXT() REPRESENTATION_CONTEXT('2D SPACE',''
  ) );
#5651 = ORIENTED_EDGE('',*,*,#5652,.T.);
#5652 = EDGE_CURVE('',#5625,#5653,#5655,.T.);
#5653 = VERTEX_POINT('',#5654);
#5654 = CARTESIAN_POINT('',(113.,-35.,6.));
#5655 = SURFACE_CURVE('',#5656,(#5660,#5667),.PCURVE_S1.);
#5656 = LINE('',#5657,#5658);
#5657 = CARTESIAN_POINT('',(107.,-35.,6.));
#5658 = VECTOR('',#5659,1.);
#5659 = DIRECTION('',(1.,0.,0.));
#5660 = PCURVE('',#4060,#5661);
#5661 = DEFINITIONAL_REPRESENTATION('',(#5662),#5666);
#5662 = LINE('',#5663,#5664);
#5663 = CARTESIAN_POINT('',(277.,100.));
#5664 = VECTOR('',#5665,1.);
#5665 = DIRECTION('',(1.,0.));
#5666 = ( GEOMETRIC_REPRESENTATION_CONTEXT(2) 
PARAMETRIC_REPRESENTATION_CONTEXT() REPRESENTATION_CONTEXT('2D SPACE',''
  ) );
#5667 = PCURVE('',#5668,#5673);
#5668 = PLANE('',#5669);
#5669 = AXIS2_PLACEMENT_3D('',#5670,#5671,#5672);
#5670 = CARTESIAN_POINT('',(107.,-35.,6.));
#5671 = DIRECTION('',(0.,1.,0.));
#5672 = DIRECTION('',(0.,0.,1.));
#5673 = DEFINITIONAL_REPRESENTATION('',(#5674),#5678);
#5674 = LINE('',#5675,#5676);
#5675 = CARTESIAN_POINT('',(0.,0.));
#5676 = VECTOR('',#5677,1.);
#5677 = DIRECTION('',(0.,1.));
#5678 = ( GEOMETRIC_REPRESENTATION_CONTEXT(2) 
PARAMETRIC_REPRESENTATION_CONTEXT() REPRESENTATION_CONTEXT('2D SPACE',''
  ) );
#5679 = ORIENTED_EDGE('',*,*,#5680,.F.);
#5680 = EDGE_CURVE('',#5681,#5653,#5683,.T.);
#5681 = VERTEX_POINT('',#5682);
#5682 = CARTESIAN_POINT('',(113.,-120.,6.));
#5683 = SURFACE_CURVE('',#5684,(#5688,#5695),.PCURVE_S1.);
#5684 = LINE('',#5685,#5686);
#5685 = CARTESIAN_POINT('',(113.,-120.,6.));
#5686 = VECTOR('',#5687,1.);
#5687 = DIRECTION('',(0.,1.,0.));
#5688 = PCURVE('',#4060,#5689);
#5689 = DEFINITIONAL_REPRESENTATION('',(#5690),#5694);
#5690 = LINE('',#5691,#5692);
#5691 = CARTESIAN_POINT('',(283.,15.));
#5692 = VECTOR('',#5693,1.);
#5693 = DIRECTION('',(0.,1.));
#5694 = ( GEOMETRIC_REPRESENTATION_CONTEXT(2) 
PARAMETRIC_REPRESENTATION_CONTEXT() REPRESENTATION_CONTEXT('2D SPACE',''
  ) );
#5695 = PCURVE('',#5696,#5701);
#5696 = PLANE('',#5697);
#5697 = AXIS2_PLACEMENT_3D('',#5698,#5699,#5700);
#5698 = CARTESIAN_POINT('',(113.,-120.,6.));
#5699 = DIRECTION('',(1.,0.,0.));
#5700 = DIRECTION('',(0.,0.,1.));
#5701 = DEFINITIONAL_REPRESENTATION('',(#5702),#5706);
#5702 = LINE('',#5703,#5704);
#5703 = CARTESIAN_POINT('',(0.,0.));
#5704 = VECTOR('',#5705,1.);
#5705 = DIRECTION('',(0.,-1.));
#5706 = ( GEOMETRIC_REPRESENTATION_CONTEXT(2) 
PARAMETRIC_REPRESENTATION_CONTEXT() REPRESENTATION_CONTEXT('2D SPACE',''
  ) );
#5707 = ORIENTED_EDGE('',*,*,#5708,.F.);
#5708 = EDGE_CURVE('',#5623,#5681,#5709,.T.);
#5709 = SURFACE_CURVE('',#5710,(#5714,#5721),.PCURVE_S1.);
#5710 = LINE('',#5711,#5712);
#5711 = CARTESIAN_POINT('',(107.,-120.,6.));
#5712 = VECTOR('',#5713,1.);
#5713 = DIRECTION('',(1.,0.,0.));
#5714 = PCURVE('',#4060,#5715);
#5715 = DEFINITIONAL_REPRESENTATION('',(#5716),#5720);
#5716 = LINE('',#5717,#5718);
#5717 = CARTESIAN_POINT('',(277.,15.));
#5718 = VECTOR('',#5719,1.);
#5719 = DIRECTION('',(1.,0.));
#5720 = ( GEOMETRIC_REPRESENTATION_CONTEXT(2) 
PARAMETRIC_REPRESENTATION_CONTEXT() REPRESENTATION_CONTEXT('2D SPACE',''
  ) );
#5721 = PCURVE('',#5722,#5727);
#5722 = PLANE('',#5723);
#5723 = AXIS2_PLACEMENT_3D('',#5724,#5725,#5726);
#5724 = CARTESIAN_POINT('',(107.,-120.,6.));
#5725 = DIRECTION('',(0.,1.,0.));
#5726 = DIRECTION('',(0.,0.,1.));
#5727 = DEFINITIONAL_REPRESENTATION('',(#5728),#5732);
#5728 = LINE('',#5729,#5730);
#5729 = CARTESIAN_POINT('',(0.,0.));
#5730 = VECTOR('',#5731,1.);
#5731 = DIRECTION('',(0.,1.));
#5732 = ( GEOMETRIC_REPRESENTATION_CONTEXT(2) 
PARAMETRIC_REPRESENTATION_CONTEXT() REPRESENTATION_CONTEXT('2D SPACE',''
  ) );
#5733 = FACE_BOUND('',#5734,.T.);
#5734 = EDGE_LOOP('',(#5735));
#5735 = ORIENTED_EDGE('',*,*,#4911,.T.);
#5736 = FACE_BOUND('',#5737,.T.);
#5737 = EDGE_LOOP('',(#5738));
#5738 = ORIENTED_EDGE('',*,*,#5019,.T.);
#5739 = FACE_BOUND('',#5740,.T.);
#5740 = EDGE_LOOP('',(#5741,#5742,#5743,#5744));
#5741 = ORIENTED_EDGE('',*,*,#5073,.F.);
#5742 = ORIENTED_EDGE('',*,*,#5120,.T.);
#5743 = ORIENTED_EDGE('',*,*,#5228,.F.);
#5744 = ORIENTED_EDGE('',*,*,#5196,.T.);
#5745 = FACE_BOUND('',#5746,.T.);
#5746 = EDGE_LOOP('',(#5747));
#5747 = ORIENTED_EDGE('',*,*,#5275,.T.);
#5748 = FACE_BOUND('',#5749,.T.);
#5749 = EDGE_LOOP('',(#5750));
#5750 = ORIENTED_EDGE('',*,*,#5329,.T.);
#5751 = FACE_BOUND('',#5752,.T.);
#5752 = EDGE_LOOP('',(#5753));
#5753 = ORIENTED_EDGE('',*,*,#5383,.T.);
#5754 = FACE_BOUND('',#5755,.T.);
#5755 = EDGE_LOOP('',(#5756));
#5756 = ORIENTED_EDGE('',*,*,#5437,.T.);
#5757 = FACE_BOUND('',#5758,.T.);
#5758 = EDGE_LOOP('',(#5759));
#5759 = ORIENTED_EDGE('',*,*,#5491,.T.);
#5760 = ADVANCED_FACE('',(#5761),#4159,.T.);
#5761 = FACE_BOUND('',#5762,.T.);
#5762 = EDGE_LOOP('',(#5763,#5786,#5809,#5830,#5831,#5854,#5875,#5876));
#5763 = ORIENTED_EDGE('',*,*,#5764,.F.);
#5764 = EDGE_CURVE('',#5765,#4121,#5767,.T.);
#5765 = VERTEX_POINT('',#5766);
#5766 = CARTESIAN_POINT('',(164.,-129.,20.));
#5767 = SURFACE_CURVE('',#5768,(#5772,#5779),.PCURVE_S1.);
#5768 = LINE('',#5769,#5770);
#5769 = CARTESIAN_POINT('',(164.,-130.,20.));
#5770 = VECTOR('',#5771,1.);
#5771 = DIRECTION('',(0.,1.,0.));
#5772 = PCURVE('',#4159,#5773);
#5773 = DEFINITIONAL_REPRESENTATION('',(#5774),#5778);
#5774 = LINE('',#5775,#5776);
#5775 = CARTESIAN_POINT('',(0.,0.));
#5776 = VECTOR('',#5777,1.);
#5777 = DIRECTION('',(0.,1.));
#5778 = ( GEOMETRIC_REPRESENTATION_CONTEXT(2) 
PARAMETRIC_REPRESENTATION_CONTEXT() REPRESENTATION_CONTEXT('2D SPACE',''
  ) );
#5779 = PCURVE('',#4135,#5780);
#5780 = DEFINITIONAL_REPRESENTATION('',(#5781),#5785);
#5781 = LINE('',#5782,#5783);
#5782 = CARTESIAN_POINT('',(14.,0.));
#5783 = VECTOR('',#5784,1.);
#5784 = DIRECTION('',(0.,-1.));
#5785 = ( GEOMETRIC_REPRESENTATION_CONTEXT(2) 
PARAMETRIC_REPRESENTATION_CONTEXT() REPRESENTATION_CONTEXT('2D SPACE',''
  ) );
#5786 = ORIENTED_EDGE('',*,*,#5787,.F.);
#5787 = EDGE_CURVE('',#5788,#5765,#5790,.T.);
#5788 = VERTEX_POINT('',#5789);
#5789 = CARTESIAN_POINT('',(48.,-129.,20.));
#5790 = SURFACE_CURVE('',#5791,(#5795,#5802),.PCURVE_S1.);
#5791 = LINE('',#5792,#5793);
#5792 = CARTESIAN_POINT('',(48.,-129.,20.));
#5793 = VECTOR('',#5794,1.);
#5794 = DIRECTION('',(1.,0.,0.));
#5795 = PCURVE('',#4159,#5796);
#5796 = DEFINITIONAL_REPRESENTATION('',(#5797),#5801);
#5797 = LINE('',#5798,#5799);
#5798 = CARTESIAN_POINT('',(-116.,1.));
#5799 = VECTOR('',#5800,1.);
#5800 = DIRECTION('',(1.,0.));
#5801 = ( GEOMETRIC_REPRESENTATION_CONTEXT(2) 
PARAMETRIC_REPRESENTATION_CONTEXT() REPRESENTATION_CONTEXT('2D SPACE',''
  ) );
#5802 = PCURVE('',#5562,#5803);
#5803 = DEFINITIONAL_REPRESENTATION('',(#5804),#5808);
#5804 = LINE('',#5805,#5806);
#5805 = CARTESIAN_POINT('',(14.,0.));
#5806 = VECTOR('',#5807,1.);
#5807 = DIRECTION('',(0.,1.));
#5808 = ( GEOMETRIC_REPRESENTATION_CONTEXT(2) 
PARAMETRIC_REPRESENTATION_CONTEXT() REPRESENTATION_CONTEXT('2D SPACE',''
  ) );
#5809 = ORIENTED_EDGE('',*,*,#5810,.F.);
#5810 = EDGE_CURVE('',#4335,#5788,#5811,.T.);
#5811 = SURFACE_CURVE('',#5812,(#5816,#5823),.PCURVE_S1.);
#5812 = LINE('',#5813,#5814);
#5813 = CARTESIAN_POINT('',(48.,-135.,20.));
#5814 = VECTOR('',#5815,1.);
#5815 = DIRECTION('',(0.,1.,0.));
#5816 = PCURVE('',#4159,#5817);
#5817 = DEFINITIONAL_REPRESENTATION('',(#5818),#5822);
#5818 = LINE('',#5819,#5820);
#5819 = CARTESIAN_POINT('',(-116.,-5.));
#5820 = VECTOR('',#5821,1.);
#5821 = DIRECTION('',(0.,1.));
#5822 = ( GEOMETRIC_REPRESENTATION_CONTEXT(2) 
PARAMETRIC_REPRESENTATION_CONTEXT() REPRESENTATION_CONTEXT('2D SPACE',''
  ) );
#5823 = PCURVE('',#4350,#5824);
#5824 = DEFINITIONAL_REPRESENTATION('',(#5825),#5829);
#5825 = LINE('',#5826,#5827);
#5826 = CARTESIAN_POINT('',(14.,0.));
#5827 = VECTOR('',#5828,1.);
#5828 = DIRECTION('',(0.,-1.));
#5829 = ( GEOMETRIC_REPRESENTATION_CONTEXT(2) 
PARAMETRIC_REPRESENTATION_CONTEXT() REPRESENTATION_CONTEXT('2D SPACE',''
  ) );
#5830 = ORIENTED_EDGE('',*,*,#4362,.T.);
#5831 = ORIENTED_EDGE('',*,*,#5832,.T.);
#5832 = EDGE_CURVE('',#4363,#5833,#5835,.T.);
#5833 = VERTEX_POINT('',#5834);
#5834 = CARTESIAN_POINT('',(165.,-130.,20.));
#5835 = SURFACE_CURVE('',#5836,(#5840,#5847),.PCURVE_S1.);
#5836 = LINE('',#5837,#5838);
#5837 = CARTESIAN_POINT('',(165.,-135.,20.));
#5838 = VECTOR('',#5839,1.);
#5839 = DIRECTION('',(0.,1.,0.));
#5840 = PCURVE('',#4159,#5841);
#5841 = DEFINITIONAL_REPRESENTATION('',(#5842),#5846);
#5842 = LINE('',#5843,#5844);
#5843 = CARTESIAN_POINT('',(1.,-5.));
#5844 = VECTOR('',#5845,1.);
#5845 = DIRECTION('',(0.,1.));
#5846 = ( GEOMETRIC_REPRESENTATION_CONTEXT(2) 
PARAMETRIC_REPRESENTATION_CONTEXT() REPRESENTATION_CONTEXT('2D SPACE',''
  ) );
#5847 = PCURVE('',#4399,#5848);
#5848 = DEFINITIONAL_REPRESENTATION('',(#5849),#5853);
#5849 = LINE('',#5850,#5851);
#5850 = CARTESIAN_POINT('',(14.,0.));
#5851 = VECTOR('',#5852,1.);
#5852 = DIRECTION('',(0.,-1.));
#5853 = ( GEOMETRIC_REPRESENTATION_CONTEXT(2) 
PARAMETRIC_REPRESENTATION_CONTEXT() REPRESENTATION_CONTEXT('2D SPACE',''
  ) );
#5854 = ORIENTED_EDGE('',*,*,#5855,.T.);
#5855 = EDGE_CURVE('',#5833,#4199,#5856,.T.);
#5856 = SURFACE_CURVE('',#5857,(#5861,#5868),.PCURVE_S1.);
#5857 = LINE('',#5858,#5859);
#5858 = CARTESIAN_POINT('',(164.,-130.,20.));
#5859 = VECTOR('',#5860,1.);
#5860 = DIRECTION('',(1.,0.,0.));
#5861 = PCURVE('',#4159,#5862);
#5862 = DEFINITIONAL_REPRESENTATION('',(#5863),#5867);
#5863 = LINE('',#5864,#5865);
#5864 = CARTESIAN_POINT('',(0.,0.));
#5865 = VECTOR('',#5866,1.);
#5866 = DIRECTION('',(1.,0.));
#5867 = ( GEOMETRIC_REPRESENTATION_CONTEXT(2) 
PARAMETRIC_REPRESENTATION_CONTEXT() REPRESENTATION_CONTEXT('2D SPACE',''
  ) );
#5868 = PCURVE('',#4235,#5869);
#5869 = DEFINITIONAL_REPRESENTATION('',(#5870),#5874);
#5870 = LINE('',#5871,#5872);
#5871 = CARTESIAN_POINT('',(14.,0.));
#5872 = VECTOR('',#5873,1.);
#5873 = DIRECTION('',(0.,1.));
#5874 = ( GEOMETRIC_REPRESENTATION_CONTEXT(2) 
PARAMETRIC_REPRESENTATION_CONTEXT() REPRESENTATION_CONTEXT('2D SPACE',''
  ) );
#5875 = ORIENTED_EDGE('',*,*,#4198,.T.);
#5876 = ORIENTED_EDGE('',*,*,#4146,.T.);
#5877 = ADVANCED_FACE('',(#5878),#4135,.F.);
#5878 = FACE_BOUND('',#5879,.F.);
#5879 = EDGE_LOOP('',(#5880,#5881,#5900,#5901));
#5880 = ORIENTED_EDGE('',*,*,#5764,.F.);
#5881 = ORIENTED_EDGE('',*,*,#5882,.F.);
#5882 = EDGE_CURVE('',#5547,#5765,#5883,.T.);
#5883 = SURFACE_CURVE('',#5884,(#5888,#5894),.PCURVE_S1.);
#5884 = LINE('',#5885,#5886);
#5885 = CARTESIAN_POINT('',(164.,-129.,6.));
#5886 = VECTOR('',#5887,1.);
#5887 = DIRECTION('',(0.,0.,1.));
#5888 = PCURVE('',#4135,#5889);
#5889 = DEFINITIONAL_REPRESENTATION('',(#5890),#5893);
#5890 = B_SPLINE_CURVE_WITH_KNOTS('',1,(#5891,#5892),.UNSPECIFIED.,.F.,
  .F.,(2,2),(0.,14.),.PIECEWISE_BEZIER_KNOTS.);
#5891 = CARTESIAN_POINT('',(0.,-1.));
#5892 = CARTESIAN_POINT('',(14.,-1.));
#5893 = ( GEOMETRIC_REPRESENTATION_CONTEXT(2) 
PARAMETRIC_REPRESENTATION_CONTEXT() REPRESENTATION_CONTEXT('2D SPACE',''
  ) );
#5894 = PCURVE('',#5562,#5895);
#5895 = DEFINITIONAL_REPRESENTATION('',(#5896),#5899);
#5896 = B_SPLINE_CURVE_WITH_KNOTS('',1,(#5897,#5898),.UNSPECIFIED.,.F.,
  .F.,(2,2),(0.,14.),.PIECEWISE_BEZIER_KNOTS.);
#5897 = CARTESIAN_POINT('',(0.,116.));
#5898 = CARTESIAN_POINT('',(14.,116.));
#5899 = ( GEOMETRIC_REPRESENTATION_CONTEXT(2) 
PARAMETRIC_REPRESENTATION_CONTEXT() REPRESENTATION_CONTEXT('2D SPACE',''
  ) );
#5900 = ORIENTED_EDGE('',*,*,#5574,.T.);
#5901 = ORIENTED_EDGE('',*,*,#4120,.T.);
#5902 = ADVANCED_FACE('',(#5903),#4235,.F.);
#5903 = FACE_BOUND('',#5904,.F.);
#5904 = EDGE_LOOP('',(#5905,#5928,#5947,#5948));
#5905 = ORIENTED_EDGE('',*,*,#5906,.F.);
#5906 = EDGE_CURVE('',#5907,#4174,#5909,.T.);
#5907 = VERTEX_POINT('',#5908);
#5908 = CARTESIAN_POINT('',(165.,-130.,6.));
#5909 = SURFACE_CURVE('',#5910,(#5914,#5921),.PCURVE_S1.);
#5910 = LINE('',#5911,#5912);
#5911 = CARTESIAN_POINT('',(164.,-130.,6.));
#5912 = VECTOR('',#5913,1.);
#5913 = DIRECTION('',(1.,0.,0.));
#5914 = PCURVE('',#4235,#5915);
#5915 = DEFINITIONAL_REPRESENTATION('',(#5916),#5920);
#5916 = LINE('',#5917,#5918);
#5917 = CARTESIAN_POINT('',(0.,0.));
#5918 = VECTOR('',#5919,1.);
#5919 = DIRECTION('',(0.,1.));
#5920 = ( GEOMETRIC_REPRESENTATION_CONTEXT(2) 
PARAMETRIC_REPRESENTATION_CONTEXT() REPRESENTATION_CONTEXT('2D SPACE',''
  ) );
#5921 = PCURVE('',#4289,#5922);
#5922 = DEFINITIONAL_REPRESENTATION('',(#5923),#5927);
#5923 = LINE('',#5924,#5925);
#5924 = CARTESIAN_POINT('',(334.,5.));
#5925 = VECTOR('',#5926,1.);
#5926 = DIRECTION('',(1.,0.));
#5927 = ( GEOMETRIC_REPRESENTATION_CONTEXT(2) 
PARAMETRIC_REPRESENTATION_CONTEXT() REPRESENTATION_CONTEXT('2D SPACE',''
  ) );
#5928 = ORIENTED_EDGE('',*,*,#5929,.F.);
#5929 = EDGE_CURVE('',#5833,#5907,#5930,.T.);
#5930 = SURFACE_CURVE('',#5931,(#5935,#5941),.PCURVE_S1.);
#5931 = LINE('',#5932,#5933);
#5932 = CARTESIAN_POINT('',(165.,-130.,6.));
#5933 = VECTOR('',#5934,1.);
#5934 = DIRECTION('',(0.,0.,-1.));
#5935 = PCURVE('',#4235,#5936);
#5936 = DEFINITIONAL_REPRESENTATION('',(#5937),#5940);
#5937 = B_SPLINE_CURVE_WITH_KNOTS('',1,(#5938,#5939),.UNSPECIFIED.,.F.,
  .F.,(2,2),(-14.,0.),.PIECEWISE_BEZIER_KNOTS.);
#5938 = CARTESIAN_POINT('',(14.,1.));
#5939 = CARTESIAN_POINT('',(0.,1.));
#5940 = ( GEOMETRIC_REPRESENTATION_CONTEXT(2) 
PARAMETRIC_REPRESENTATION_CONTEXT() REPRESENTATION_CONTEXT('2D SPACE',''
  ) );
#5941 = PCURVE('',#4399,#5942);
#5942 = DEFINITIONAL_REPRESENTATION('',(#5943),#5946);
#5943 = B_SPLINE_CURVE_WITH_KNOTS('',1,(#5944,#5945),.UNSPECIFIED.,.F.,
  .F.,(2,2),(-14.,0.),.PIECEWISE_BEZIER_KNOTS.);
#5944 = CARTESIAN_POINT('',(14.,-5.));
#5945 = CARTESIAN_POINT('',(0.,-5.));
#5946 = ( GEOMETRIC_REPRESENTATION_CONTEXT(2) 
PARAMETRIC_REPRESENTATION_CONTEXT() REPRESENTATION_CONTEXT('2D SPACE',''
  ) );
#5947 = ORIENTED_EDGE('',*,*,#5855,.T.);
#5948 = ORIENTED_EDGE('',*,*,#4221,.F.);
#5949 = ADVANCED_FACE('',(#5950),#4289,.T.);
#5950 = FACE_BOUND('',#5951,.T.);
#5951 = EDGE_LOOP('',(#5952,#5973,#5974));
#5952 = ORIENTED_EDGE('',*,*,#5953,.F.);
#5953 = EDGE_CURVE('',#4252,#5907,#5954,.T.);
#5954 = SURFACE_CURVE('',#5955,(#5959,#5966),.PCURVE_S1.);
#5955 = LINE('',#5956,#5957);
#5956 = CARTESIAN_POINT('',(165.,-135.,6.));
#5957 = VECTOR('',#5958,1.);
#5958 = DIRECTION('',(0.,1.,0.));
#5959 = PCURVE('',#4289,#5960);
#5960 = DEFINITIONAL_REPRESENTATION('',(#5961),#5965);
#5961 = LINE('',#5962,#5963);
#5962 = CARTESIAN_POINT('',(335.,0.));
#5963 = VECTOR('',#5964,1.);
#5964 = DIRECTION('',(0.,1.));
#5965 = ( GEOMETRIC_REPRESENTATION_CONTEXT(2) 
PARAMETRIC_REPRESENTATION_CONTEXT() REPRESENTATION_CONTEXT('2D SPACE',''
  ) );
#5966 = PCURVE('',#4399,#5967);
#5967 = DEFINITIONAL_REPRESENTATION('',(#5968),#5972);
#5968 = LINE('',#5969,#5970);
#5969 = CARTESIAN_POINT('',(0.,0.));
#5970 = VECTOR('',#5971,1.);
#5971 = DIRECTION('',(0.,-1.));
#5972 = ( GEOMETRIC_REPRESENTATION_CONTEXT(2) 
PARAMETRIC_REPRESENTATION_CONTEXT() REPRESENTATION_CONTEXT('2D SPACE',''
  ) );
#5973 = ORIENTED_EDGE('',*,*,#4274,.F.);
#5974 = ORIENTED_EDGE('',*,*,#5906,.F.);
#5975 = ADVANCED_FACE('',(#5976),#4399,.T.);
#5976 = FACE_BOUND('',#5977,.T.);
#5977 = EDGE_LOOP('',(#5978,#5979,#5980,#5981));
#5978 = ORIENTED_EDGE('',*,*,#4385,.F.);
#5979 = ORIENTED_EDGE('',*,*,#5953,.T.);
#5980 = ORIENTED_EDGE('',*,*,#5929,.F.);
#5981 = ORIENTED_EDGE('',*,*,#5832,.F.);
#5982 = ADVANCED_FACE('',(#5983),#4350,.F.);
#5983 = FACE_BOUND('',#5984,.F.);
#5984 = EDGE_LOOP('',(#5985,#5986,#5987,#6008));
#5985 = ORIENTED_EDGE('',*,*,#4334,.F.);
#5986 = ORIENTED_EDGE('',*,*,#5523,.T.);
#5987 = ORIENTED_EDGE('',*,*,#5988,.T.);
#5988 = EDGE_CURVE('',#5524,#5788,#5989,.T.);
#5989 = SURFACE_CURVE('',#5990,(#5994,#6001),.PCURVE_S1.);
#5990 = LINE('',#5991,#5992);
#5991 = CARTESIAN_POINT('',(48.,-129.,6.));
#5992 = VECTOR('',#5993,1.);
#5993 = DIRECTION('',(0.,0.,1.));
#5994 = PCURVE('',#4350,#5995);
#5995 = DEFINITIONAL_REPRESENTATION('',(#5996),#6000);
#5996 = LINE('',#5997,#5998);
#5997 = CARTESIAN_POINT('',(0.,-6.));
#5998 = VECTOR('',#5999,1.);
#5999 = DIRECTION('',(1.,0.));
#6000 = ( GEOMETRIC_REPRESENTATION_CONTEXT(2) 
PARAMETRIC_REPRESENTATION_CONTEXT() REPRESENTATION_CONTEXT('2D SPACE',''
  ) );
#6001 = PCURVE('',#5562,#6002);
#6002 = DEFINITIONAL_REPRESENTATION('',(#6003),#6007);
#6003 = LINE('',#6004,#6005);
#6004 = CARTESIAN_POINT('',(0.,0.));
#6005 = VECTOR('',#6006,1.);
#6006 = DIRECTION('',(1.,0.));
#6007 = ( GEOMETRIC_REPRESENTATION_CONTEXT(2) 
PARAMETRIC_REPRESENTATION_CONTEXT() REPRESENTATION_CONTEXT('2D SPACE',''
  ) );
#6008 = ORIENTED_EDGE('',*,*,#5810,.F.);
#6009 = ADVANCED_FACE('',(#6010),#5562,.T.);
#6010 = FACE_BOUND('',#6011,.T.);
#6011 = EDGE_LOOP('',(#6012,#6013,#6014,#6015));
#6012 = ORIENTED_EDGE('',*,*,#5546,.F.);
#6013 = ORIENTED_EDGE('',*,*,#5988,.T.);
#6014 = ORIENTED_EDGE('',*,*,#5787,.T.);
#6015 = ORIENTED_EDGE('',*,*,#5882,.F.);
#6016 = ADVANCED_FACE('',(#6017),#5640,.F.);
#6017 = FACE_BOUND('',#6018,.F.);
#6018 = EDGE_LOOP('',(#6019,#6042,#6043,#6066));
#6019 = ORIENTED_EDGE('',*,*,#6020,.F.);
#6020 = EDGE_CURVE('',#5623,#6021,#6023,.T.);
#6021 = VERTEX_POINT('',#6022);
#6022 = CARTESIAN_POINT('',(107.,-120.,14.));
#6023 = SURFACE_CURVE('',#6024,(#6028,#6035),.PCURVE_S1.);
#6024 = LINE('',#6025,#6026);
#6025 = CARTESIAN_POINT('',(107.,-120.,6.));
#6026 = VECTOR('',#6027,1.);
#6027 = DIRECTION('',(0.,0.,1.));
#6028 = PCURVE('',#5640,#6029);
#6029 = DEFINITIONAL_REPRESENTATION('',(#6030),#6034);
#6030 = LINE('',#6031,#6032);
#6031 = CARTESIAN_POINT('',(0.,0.));
#6032 = VECTOR('',#6033,1.);
#6033 = DIRECTION('',(1.,0.));
#6034 = ( GEOMETRIC_REPRESENTATION_CONTEXT(2) 
PARAMETRIC_REPRESENTATION_CONTEXT() REPRESENTATION_CONTEXT('2D SPACE',''
  ) );
#6035 = PCURVE('',#5722,#6036);
#6036 = DEFINITIONAL_REPRESENTATION('',(#6037),#6041);
#6037 = LINE('',#6038,#6039);
#6038 = CARTESIAN_POINT('',(0.,0.));
#6039 = VECTOR('',#6040,1.);
#6040 = DIRECTION('',(1.,0.));
#6041 = ( GEOMETRIC_REPRESENTATION_CONTEXT(2) 
PARAMETRIC_REPRESENTATION_CONTEXT() REPRESENTATION_CONTEXT('2D SPACE',''
  ) );
#6042 = ORIENTED_EDGE('',*,*,#5622,.T.);
#6043 = ORIENTED_EDGE('',*,*,#6044,.T.);
#6044 = EDGE_CURVE('',#5625,#6045,#6047,.T.);
#6045 = VERTEX_POINT('',#6046);
#6046 = CARTESIAN_POINT('',(107.,-35.,14.));
#6047 = SURFACE_CURVE('',#6048,(#6052,#6059),.PCURVE_S1.);
#6048 = LINE('',#6049,#6050);
#6049 = CARTESIAN_POINT('',(107.,-35.,6.));
#6050 = VECTOR('',#6051,1.);
#6051 = DIRECTION('',(0.,0.,1.));
#6052 = PCURVE('',#5640,#6053);
#6053 = DEFINITIONAL_REPRESENTATION('',(#6054),#6058);
#6054 = LINE('',#6055,#6056);
#6055 = CARTESIAN_POINT('',(0.,-85.));
#6056 = VECTOR('',#6057,1.);
#6057 = DIRECTION('',(1.,0.));
#6058 = ( GEOMETRIC_REPRESENTATION_CONTEXT(2) 
PARAMETRIC_REPRESENTATION_CONTEXT() REPRESENTATION_CONTEXT('2D SPACE',''
  ) );
#6059 = PCURVE('',#5668,#6060);
#6060 = DEFINITIONAL_REPRESENTATION('',(#6061),#6065);
#6061 = LINE('',#6062,#6063);
#6062 = CARTESIAN_POINT('',(0.,0.));
#6063 = VECTOR('',#6064,1.);
#6064 = DIRECTION('',(1.,0.));
#6065 = ( GEOMETRIC_REPRESENTATION_CONTEXT(2) 
PARAMETRIC_REPRESENTATION_CONTEXT() REPRESENTATION_CONTEXT('2D SPACE',''
  ) );
#6066 = ORIENTED_EDGE('',*,*,#6067,.F.);
#6067 = EDGE_CURVE('',#6021,#6045,#6068,.T.);
#6068 = SURFACE_CURVE('',#6069,(#6073,#6080),.PCURVE_S1.);
#6069 = LINE('',#6070,#6071);
#6070 = CARTESIAN_POINT('',(107.,-120.,14.));
#6071 = VECTOR('',#6072,1.);
#6072 = DIRECTION('',(0.,1.,0.));
#6073 = PCURVE('',#5640,#6074);
#6074 = DEFINITIONAL_REPRESENTATION('',(#6075),#6079);
#6075 = LINE('',#6076,#6077);
#6076 = CARTESIAN_POINT('',(8.,0.));
#6077 = VECTOR('',#6078,1.);
#6078 = DIRECTION('',(0.,-1.));
#6079 = ( GEOMETRIC_REPRESENTATION_CONTEXT(2) 
PARAMETRIC_REPRESENTATION_CONTEXT() REPRESENTATION_CONTEXT('2D SPACE',''
  ) );
#6080 = PCURVE('',#6081,#6086);
#6081 = PLANE('',#6082);
#6082 = AXIS2_PLACEMENT_3D('',#6083,#6084,#6085);
#6083 = CARTESIAN_POINT('',(107.,-120.,14.));
#6084 = DIRECTION('',(0.,0.,1.));
#6085 = DIRECTION('',(1.,0.,0.));
#6086 = DEFINITIONAL_REPRESENTATION('',(#6087),#6091);
#6087 = LINE('',#6088,#6089);
#6088 = CARTESIAN_POINT('',(0.,0.));
#6089 = VECTOR('',#6090,1.);
#6090 = DIRECTION('',(0.,1.));
#6091 = ( GEOMETRIC_REPRESENTATION_CONTEXT(2) 
PARAMETRIC_REPRESENTATION_CONTEXT() REPRESENTATION_CONTEXT('2D SPACE',''
  ) );
#6092 = ADVANCED_FACE('',(#6093),#5668,.T.);
#6093 = FACE_BOUND('',#6094,.T.);
#6094 = EDGE_LOOP('',(#6095,#6096,#6097,#6120));
#6095 = ORIENTED_EDGE('',*,*,#5652,.F.);
#6096 = ORIENTED_EDGE('',*,*,#6044,.T.);
#6097 = ORIENTED_EDGE('',*,*,#6098,.T.);
#6098 = EDGE_CURVE('',#6045,#6099,#6101,.T.);
#6099 = VERTEX_POINT('',#6100);
#6100 = CARTESIAN_POINT('',(113.,-35.,14.));
#6101 = SURFACE_CURVE('',#6102,(#6106,#6113),.PCURVE_S1.);
#6102 = LINE('',#6103,#6104);
#6103 = CARTESIAN_POINT('',(107.,-35.,14.));
#6104 = VECTOR('',#6105,1.);
#6105 = DIRECTION('',(1.,0.,0.));
#6106 = PCURVE('',#5668,#6107);
#6107 = DEFINITIONAL_REPRESENTATION('',(#6108),#6112);
#6108 = LINE('',#6109,#6110);
#6109 = CARTESIAN_POINT('',(8.,0.));
#6110 = VECTOR('',#6111,1.);
#6111 = DIRECTION('',(0.,1.));
#6112 = ( GEOMETRIC_REPRESENTATION_CONTEXT(2) 
PARAMETRIC_REPRESENTATION_CONTEXT() REPRESENTATION_CONTEXT('2D SPACE',''
  ) );
#6113 = PCURVE('',#6081,#6114);
#6114 = DEFINITIONAL_REPRESENTATION('',(#6115),#6119);
#6115 = LINE('',#6116,#6117);
#6116 = CARTESIAN_POINT('',(0.,85.));
#6117 = VECTOR('',#6118,1.);
#6118 = DIRECTION('',(1.,0.));
#6119 = ( GEOMETRIC_REPRESENTATION_CONTEXT(2) 
PARAMETRIC_REPRESENTATION_CONTEXT() REPRESENTATION_CONTEXT('2D SPACE',''
  ) );
#6120 = ORIENTED_EDGE('',*,*,#6121,.F.);
#6121 = EDGE_CURVE('',#5653,#6099,#6122,.T.);
#6122 = SURFACE_CURVE('',#6123,(#6127,#6134),.PCURVE_S1.);
#6123 = LINE('',#6124,#6125);
#6124 = CARTESIAN_POINT('',(113.,-35.,6.));
#6125 = VECTOR('',#6126,1.);
#6126 = DIRECTION('',(0.,0.,1.));
#6127 = PCURVE('',#5668,#6128);
#6128 = DEFINITIONAL_REPRESENTATION('',(#6129),#6133);
#6129 = LINE('',#6130,#6131);
#6130 = CARTESIAN_POINT('',(0.,6.));
#6131 = VECTOR('',#6132,1.);
#6132 = DIRECTION('',(1.,0.));
#6133 = ( GEOMETRIC_REPRESENTATION_CONTEXT(2) 
PARAMETRIC_REPRESENTATION_CONTEXT() REPRESENTATION_CONTEXT('2D SPACE',''
  ) );
#6134 = PCURVE('',#5696,#6135);
#6135 = DEFINITIONAL_REPRESENTATION('',(#6136),#6140);
#6136 = LINE('',#6137,#6138);
#6137 = CARTESIAN_POINT('',(0.,-85.));
#6138 = VECTOR('',#6139,1.);
#6139 = DIRECTION('',(1.,0.));
#6140 = ( GEOMETRIC_REPRESENTATION_CONTEXT(2) 
PARAMETRIC_REPRESENTATION_CONTEXT() REPRESENTATION_CONTEXT('2D SPACE',''
  ) );
#6141 = ADVANCED_FACE('',(#6142),#5722,.F.);
#6142 = FACE_BOUND('',#6143,.F.);
#6143 = EDGE_LOOP('',(#6144,#6145,#6146,#6169));
#6144 = ORIENTED_EDGE('',*,*,#5708,.F.);
#6145 = ORIENTED_EDGE('',*,*,#6020,.T.);
#6146 = ORIENTED_EDGE('',*,*,#6147,.T.);
#6147 = EDGE_CURVE('',#6021,#6148,#6150,.T.);
#6148 = VERTEX_POINT('',#6149);
#6149 = CARTESIAN_POINT('',(113.,-120.,14.));
#6150 = SURFACE_CURVE('',#6151,(#6155,#6162),.PCURVE_S1.);
#6151 = LINE('',#6152,#6153);
#6152 = CARTESIAN_POINT('',(107.,-120.,14.));
#6153 = VECTOR('',#6154,1.);
#6154 = DIRECTION('',(1.,0.,0.));
#6155 = PCURVE('',#5722,#6156);
#6156 = DEFINITIONAL_REPRESENTATION('',(#6157),#6161);
#6157 = LINE('',#6158,#6159);
#6158 = CARTESIAN_POINT('',(8.,0.));
#6159 = VECTOR('',#6160,1.);
#6160 = DIRECTION('',(0.,1.));
#6161 = ( GEOMETRIC_REPRESENTATION_CONTEXT(2) 
PARAMETRIC_REPRESENTATION_CONTEXT() REPRESENTATION_CONTEXT('2D SPACE',''
  ) );
#6162 = PCURVE('',#6081,#6163);
#6163 = DEFINITIONAL_REPRESENTATION('',(#6164),#6168);
#6164 = LINE('',#6165,#6166);
#6165 = CARTESIAN_POINT('',(0.,0.));
#6166 = VECTOR('',#6167,1.);
#6167 = DIRECTION('',(1.,0.));
#6168 = ( GEOMETRIC_REPRESENTATION_CONTEXT(2) 
PARAMETRIC_REPRESENTATION_CONTEXT() REPRESENTATION_CONTEXT('2D SPACE',''
  ) );
#6169 = ORIENTED_EDGE('',*,*,#6170,.F.);
#6170 = EDGE_CURVE('',#5681,#6148,#6171,.T.);
#6171 = SURFACE_CURVE('',#6172,(#6176,#6183),.PCURVE_S1.);
#6172 = LINE('',#6173,#6174);
#6173 = CARTESIAN_POINT('',(113.,-120.,6.));
#6174 = VECTOR('',#6175,1.);
#6175 = DIRECTION('',(0.,0.,1.));
#6176 = PCURVE('',#5722,#6177);
#6177 = DEFINITIONAL_REPRESENTATION('',(#6178),#6182);
#6178 = LINE('',#6179,#6180);
#6179 = CARTESIAN_POINT('',(0.,6.));
#6180 = VECTOR('',#6181,1.);
#6181 = DIRECTION('',(1.,0.));
#6182 = ( GEOMETRIC_REPRESENTATION_CONTEXT(2) 
PARAMETRIC_REPRESENTATION_CONTEXT() REPRESENTATION_CONTEXT('2D SPACE',''
  ) );
#6183 = PCURVE('',#5696,#6184);
#6184 = DEFINITIONAL_REPRESENTATION('',(#6185),#6189);
#6185 = LINE('',#6186,#6187);
#6186 = CARTESIAN_POINT('',(0.,0.));
#6187 = VECTOR('',#6188,1.);
#6188 = DIRECTION('',(1.,0.));
#6189 = ( GEOMETRIC_REPRESENTATION_CONTEXT(2) 
PARAMETRIC_REPRESENTATION_CONTEXT() REPRESENTATION_CONTEXT('2D SPACE',''
  ) );
#6190 = ADVANCED_FACE('',(#6191),#5696,.T.);
#6191 = FACE_BOUND('',#6192,.T.);
#6192 = EDGE_LOOP('',(#6193,#6194,#6195,#6196));
#6193 = ORIENTED_EDGE('',*,*,#6170,.F.);
#6194 = ORIENTED_EDGE('',*,*,#5680,.T.);
#6195 = ORIENTED_EDGE('',*,*,#6121,.T.);
#6196 = ORIENTED_EDGE('',*,*,#6197,.F.);
#6197 = EDGE_CURVE('',#6148,#6099,#6198,.T.);
#6198 = SURFACE_CURVE('',#6199,(#6203,#6210),.PCURVE_S1.);
#6199 = LINE('',#6200,#6201);
#6200 = CARTESIAN_POINT('',(113.,-120.,14.));
#6201 = VECTOR('',#6202,1.);
#6202 = DIRECTION('',(0.,1.,0.));
#6203 = PCURVE('',#5696,#6204);
#6204 = DEFINITIONAL_REPRESENTATION('',(#6205),#6209);
#6205 = LINE('',#6206,#6207);
#6206 = CARTESIAN_POINT('',(8.,0.));
#6207 = VECTOR('',#6208,1.);
#6208 = DIRECTION('',(0.,-1.));
#6209 = ( GEOMETRIC_REPRESENTATION_CONTEXT(2) 
PARAMETRIC_REPRESENTATION_CONTEXT() REPRESENTATION_CONTEXT('2D SPACE',''
  ) );
#6210 = PCURVE('',#6081,#6211);
#6211 = DEFINITIONAL_REPRESENTATION('',(#6212),#6216);
#6212 = LINE('',#6213,#6214);
#6213 = CARTESIAN_POINT('',(6.,0.));
#6214 = VECTOR('',#6215,1.);
#6215 = DIRECTION('',(0.,1.));
#6216 = ( GEOMETRIC_REPRESENTATION_CONTEXT(2) 
PARAMETRIC_REPRESENTATION_CONTEXT() REPRESENTATION_CONTEXT('2D SPACE',''
  ) );
#6217 = ADVANCED_FACE('',(#6218),#6081,.T.);
#6218 = FACE_BOUND('',#6219,.T.);
#6219 = EDGE_LOOP('',(#6220,#6221,#6222,#6223));
#6220 = ORIENTED_EDGE('',*,*,#6067,.F.);
#6221 = ORIENTED_EDGE('',*,*,#6147,.T.);
#6222 = ORIENTED_EDGE('',*,*,#6197,.T.);
#6223 = ORIENTED_EDGE('',*,*,#6098,.F.);
#6224 = ( GEOMETRIC_REPRESENTATION_CONTEXT(3) 
GLOBAL_UNCERTAINTY_ASSIGNED_CONTEXT((#6228)) 
GLOBAL_UNIT_ASSIGNED_CONTEXT((#6225,#6226,#6227)) REPRESENTATION_CONTEXT
('Context #1','3D Context with UNIT and UNCERTAINTY') );
#6225 = ( LENGTH_UNIT() NAMED_UNIT(*) SI_UNIT(.MILLI.,.METRE.) );
#6226 = ( NAMED_UNIT(*) PLANE_ANGLE_UNIT() SI_UNIT($,.RADIAN.) );
#6227 = ( NAMED_UNIT(*) SI_UNIT($,.STERADIAN.) SOLID_ANGLE_UNIT() );
#6228 = UNCERTAINTY_MEASURE_WITH_UNIT(LENGTH_MEASURE(1.E-07),#6225,
  'distance_accuracy_value','confusion accuracy');
#6229 = CONTEXT_DEPENDENT_SHAPE_REPRESENTATION(#6230,#6232);
#6230 = ( REPRESENTATION_RELATIONSHIP('','',#3149,#10) 
REPRESENTATION_RELATIONSHIP_WITH_TRANSFORMATION(#6231) 
SHAPE_REPRESENTATION_RELATIONSHIP() );
#6231 = ITEM_DEFINED_TRANSFORMATION('','',#11,#19);
#6232 = PRODUCT_DEFINITION_SHAPE('Placement','Placement of an item',
  #6233);
#6233 = NEXT_ASSEMBLY_USAGE_OCCURRENCE('2','02_Front_Right_Panel','',#5,
  #3144,$);
#6234 = PRODUCT_RELATED_PRODUCT_CATEGORY('part',$,(#3146));
#6235 = SHAPE_DEFINITION_REPRESENTATION(#6236,#6242);
#6236 = PRODUCT_DEFINITION_SHAPE('','',#6237);
#6237 = PRODUCT_DEFINITION('design','',#6238,#6241);
#6238 = PRODUCT_DEFINITION_FORMATION('','',#6239);
#6239 = PRODUCT('03_Rear_Left_Panel','03_Rear_Left_Panel','',(#6240));
#6240 = PRODUCT_CONTEXT('',#2,'mechanical');
#6241 = PRODUCT_DEFINITION_CONTEXT('part definition',#2,'design');
#6242 = ADVANCED_BREP_SHAPE_REPRESENTATION('',(#11,#6243),#9317);
#6243 = MANIFOLD_SOLID_BREP('',#6244);
#6244 = CLOSED_SHELL('',(#6245,#6393,#6517,#6678,#6730,#6811,#7554,#7601
    ,#8400,#8425,#8472,#8502,#8529,#8536,#8542,#8569,#8596,#8623,#8650,
    #8677,#8704,#8751,#8778,#8805,#8812,#8839,#8866,#8893,#8920,#8947,
    #8974,#9001,#9048,#9075,#9102,#9109,#9185,#9234,#9283,#9310));
#6245 = ADVANCED_FACE('',(#6246),#6260,.F.);
#6246 = FACE_BOUND('',#6247,.F.);
#6247 = EDGE_LOOP('',(#6248,#6283,#6311,#6339,#6367));
#6248 = ORIENTED_EDGE('',*,*,#6249,.F.);
#6249 = EDGE_CURVE('',#6250,#6252,#6254,.T.);
#6250 = VERTEX_POINT('',#6251);
#6251 = CARTESIAN_POINT('',(-170.,0.2,0.));
#6252 = VERTEX_POINT('',#6253);
#6253 = CARTESIAN_POINT('',(-170.,0.2,20.));
#6254 = SURFACE_CURVE('',#6255,(#6259,#6271),.PCURVE_S1.);
#6255 = LINE('',#6256,#6257);
#6256 = CARTESIAN_POINT('',(-170.,0.2,-5.));
#6257 = VECTOR('',#6258,1.);
#6258 = DIRECTION('',(0.,0.,1.));
#6259 = PCURVE('',#6260,#6265);
#6260 = PLANE('',#6261);
#6261 = AXIS2_PLACEMENT_3D('',#6262,#6263,#6264);
#6262 = CARTESIAN_POINT('',(-170.,-135.,0.));
#6263 = DIRECTION('',(1.,0.,0.));
#6264 = DIRECTION('',(0.,0.,1.));
#6265 = DEFINITIONAL_REPRESENTATION('',(#6266),#6270);
#6266 = LINE('',#6267,#6268);
#6267 = CARTESIAN_POINT('',(-5.,-135.2));
#6268 = VECTOR('',#6269,1.);
#6269 = DIRECTION('',(1.,0.));
#6270 = ( GEOMETRIC_REPRESENTATION_CONTEXT(2) 
PARAMETRIC_REPRESENTATION_CONTEXT() REPRESENTATION_CONTEXT('2D SPACE',''
  ) );
#6271 = PCURVE('',#6272,#6277);
#6272 = PLANE('',#6273);
#6273 = AXIS2_PLACEMENT_3D('',#6274,#6275,#6276);
#6274 = CARTESIAN_POINT('',(-170.,0.2,-5.));
#6275 = DIRECTION('',(0.,1.,0.));
#6276 = DIRECTION('',(0.,0.,1.));
#6277 = DEFINITIONAL_REPRESENTATION('',(#6278),#6282);
#6278 = LINE('',#6279,#6280);
#6279 = CARTESIAN_POINT('',(0.,0.));
#6280 = VECTOR('',#6281,1.);
#6281 = DIRECTION('',(1.,0.));
#6282 = ( GEOMETRIC_REPRESENTATION_CONTEXT(2) 
PARAMETRIC_REPRESENTATION_CONTEXT() REPRESENTATION_CONTEXT('2D SPACE',''
  ) );
#6283 = ORIENTED_EDGE('',*,*,#6284,.T.);
#6284 = EDGE_CURVE('',#6250,#6285,#6287,.T.);
#6285 = VERTEX_POINT('',#6286);
#6286 = CARTESIAN_POINT('',(-170.,130.,0.));
#6287 = SURFACE_CURVE('',#6288,(#6292,#6299),.PCURVE_S1.);
#6288 = LINE('',#6289,#6290);
#6289 = CARTESIAN_POINT('',(-170.,-135.,0.));
#6290 = VECTOR('',#6291,1.);
#6291 = DIRECTION('',(0.,1.,0.));
#6292 = PCURVE('',#6260,#6293);
#6293 = DEFINITIONAL_REPRESENTATION('',(#6294),#6298);
#6294 = LINE('',#6295,#6296);
#6295 = CARTESIAN_POINT('',(0.,0.));
#6296 = VECTOR('',#6297,1.);
#6297 = DIRECTION('',(0.,-1.));
#6298 = ( GEOMETRIC_REPRESENTATION_CONTEXT(2) 
PARAMETRIC_REPRESENTATION_CONTEXT() REPRESENTATION_CONTEXT('2D SPACE',''
  ) );
#6299 = PCURVE('',#6300,#6305);
#6300 = PLANE('',#6301);
#6301 = AXIS2_PLACEMENT_3D('',#6302,#6303,#6304);
#6302 = CARTESIAN_POINT('',(-170.,-135.,0.));
#6303 = DIRECTION('',(0.,0.,1.));
#6304 = DIRECTION('',(1.,0.,0.));
#6305 = DEFINITIONAL_REPRESENTATION('',(#6306),#6310);
#6306 = LINE('',#6307,#6308);
#6307 = CARTESIAN_POINT('',(0.,0.));
#6308 = VECTOR('',#6309,1.);
#6309 = DIRECTION('',(0.,1.));
#6310 = ( GEOMETRIC_REPRESENTATION_CONTEXT(2) 
PARAMETRIC_REPRESENTATION_CONTEXT() REPRESENTATION_CONTEXT('2D SPACE',''
  ) );
#6311 = ORIENTED_EDGE('',*,*,#6312,.T.);
#6312 = EDGE_CURVE('',#6285,#6313,#6315,.T.);
#6313 = VERTEX_POINT('',#6314);
#6314 = CARTESIAN_POINT('',(-170.,130.,6.));
#6315 = SURFACE_CURVE('',#6316,(#6320,#6327),.PCURVE_S1.);
#6316 = LINE('',#6317,#6318);
#6317 = CARTESIAN_POINT('',(-170.,130.,0.));
#6318 = VECTOR('',#6319,1.);
#6319 = DIRECTION('',(0.,0.,1.));
#6320 = PCURVE('',#6260,#6321);
#6321 = DEFINITIONAL_REPRESENTATION('',(#6322),#6326);
#6322 = LINE('',#6323,#6324);
#6323 = CARTESIAN_POINT('',(0.,-265.));
#6324 = VECTOR('',#6325,1.);
#6325 = DIRECTION('',(1.,0.));
#6326 = ( GEOMETRIC_REPRESENTATION_CONTEXT(2) 
PARAMETRIC_REPRESENTATION_CONTEXT() REPRESENTATION_CONTEXT('2D SPACE',''
  ) );
#6327 = PCURVE('',#6328,#6333);
#6328 = CYLINDRICAL_SURFACE('',#6329,5.);
#6329 = AXIS2_PLACEMENT_3D('',#6330,#6331,#6332);
#6330 = CARTESIAN_POINT('',(-165.,130.,0.));
#6331 = DIRECTION('',(0.,0.,1.));
#6332 = DIRECTION('',(-1.,-0.,0.));
#6333 = DEFINITIONAL_REPRESENTATION('',(#6334),#6338);
#6334 = LINE('',#6335,#6336);
#6335 = CARTESIAN_POINT('',(-0.,0.));
#6336 = VECTOR('',#6337,1.);
#6337 = DIRECTION('',(-0.,1.));
#6338 = ( GEOMETRIC_REPRESENTATION_CONTEXT(2) 
PARAMETRIC_REPRESENTATION_CONTEXT() REPRESENTATION_CONTEXT('2D SPACE',''
  ) );
#6339 = ORIENTED_EDGE('',*,*,#6340,.T.);
#6340 = EDGE_CURVE('',#6313,#6341,#6343,.T.);
#6341 = VERTEX_POINT('',#6342);
#6342 = CARTESIAN_POINT('',(-170.,130.,20.));
#6343 = SURFACE_CURVE('',#6344,(#6348,#6355),.PCURVE_S1.);
#6344 = LINE('',#6345,#6346);
#6345 = CARTESIAN_POINT('',(-170.,130.,6.));
#6346 = VECTOR('',#6347,1.);
#6347 = DIRECTION('',(0.,0.,1.));
#6348 = PCURVE('',#6260,#6349);
#6349 = DEFINITIONAL_REPRESENTATION('',(#6350),#6354);
#6350 = LINE('',#6351,#6352);
#6351 = CARTESIAN_POINT('',(6.,-265.));
#6352 = VECTOR('',#6353,1.);
#6353 = DIRECTION('',(1.,0.));
#6354 = ( GEOMETRIC_REPRESENTATION_CONTEXT(2) 
PARAMETRIC_REPRESENTATION_CONTEXT() REPRESENTATION_CONTEXT('2D SPACE',''
  ) );
#6355 = PCURVE('',#6356,#6361);
#6356 = PLANE('',#6357);
#6357 = AXIS2_PLACEMENT_3D('',#6358,#6359,#6360);
#6358 = CARTESIAN_POINT('',(-170.,130.,6.));
#6359 = DIRECTION('',(0.,1.,0.));
#6360 = DIRECTION('',(0.,0.,1.));
#6361 = DEFINITIONAL_REPRESENTATION('',(#6362),#6366);
#6362 = LINE('',#6363,#6364);
#6363 = CARTESIAN_POINT('',(0.,0.));
#6364 = VECTOR('',#6365,1.);
#6365 = DIRECTION('',(1.,0.));
#6366 = ( GEOMETRIC_REPRESENTATION_CONTEXT(2) 
PARAMETRIC_REPRESENTATION_CONTEXT() REPRESENTATION_CONTEXT('2D SPACE',''
  ) );
#6367 = ORIENTED_EDGE('',*,*,#6368,.F.);
#6368 = EDGE_CURVE('',#6252,#6341,#6369,.T.);
#6369 = SURFACE_CURVE('',#6370,(#6374,#6381),.PCURVE_S1.);
#6370 = LINE('',#6371,#6372);
#6371 = CARTESIAN_POINT('',(-170.,-130.,20.));
#6372 = VECTOR('',#6373,1.);
#6373 = DIRECTION('',(0.,1.,0.));
#6374 = PCURVE('',#6260,#6375);
#6375 = DEFINITIONAL_REPRESENTATION('',(#6376),#6380);
#6376 = LINE('',#6377,#6378);
#6377 = CARTESIAN_POINT('',(20.,-5.));
#6378 = VECTOR('',#6379,1.);
#6379 = DIRECTION('',(0.,-1.));
#6380 = ( GEOMETRIC_REPRESENTATION_CONTEXT(2) 
PARAMETRIC_REPRESENTATION_CONTEXT() REPRESENTATION_CONTEXT('2D SPACE',''
  ) );
#6381 = PCURVE('',#6382,#6387);
#6382 = PLANE('',#6383);
#6383 = AXIS2_PLACEMENT_3D('',#6384,#6385,#6386);
#6384 = CARTESIAN_POINT('',(-170.,-130.,20.));
#6385 = DIRECTION('',(0.,0.,1.));
#6386 = DIRECTION('',(1.,0.,0.));
#6387 = DEFINITIONAL_REPRESENTATION('',(#6388),#6392);
#6388 = LINE('',#6389,#6390);
#6389 = CARTESIAN_POINT('',(0.,0.));
#6390 = VECTOR('',#6391,1.);
#6391 = DIRECTION('',(0.,1.));
#6392 = ( GEOMETRIC_REPRESENTATION_CONTEXT(2) 
PARAMETRIC_REPRESENTATION_CONTEXT() REPRESENTATION_CONTEXT('2D SPACE',''
  ) );
#6393 = ADVANCED_FACE('',(#6394),#6272,.F.);
#6394 = FACE_BOUND('',#6395,.F.);
#6395 = EDGE_LOOP('',(#6396,#6426,#6445,#6446,#6467,#6493));
#6396 = ORIENTED_EDGE('',*,*,#6397,.F.);
#6397 = EDGE_CURVE('',#6398,#6400,#6402,.T.);
#6398 = VERTEX_POINT('',#6399);
#6399 = CARTESIAN_POINT('',(-0.2,0.2,0.));
#6400 = VERTEX_POINT('',#6401);
#6401 = CARTESIAN_POINT('',(-0.2,0.2,6.));
#6402 = SURFACE_CURVE('',#6403,(#6407,#6414),.PCURVE_S1.);
#6403 = LINE('',#6404,#6405);
#6404 = CARTESIAN_POINT('',(-0.2,0.2,-5.));
#6405 = VECTOR('',#6406,1.);
#6406 = DIRECTION('',(0.,0.,1.));
#6407 = PCURVE('',#6272,#6408);
#6408 = DEFINITIONAL_REPRESENTATION('',(#6409),#6413);
#6409 = LINE('',#6410,#6411);
#6410 = CARTESIAN_POINT('',(0.,169.8));
#6411 = VECTOR('',#6412,1.);
#6412 = DIRECTION('',(1.,0.));
#6413 = ( GEOMETRIC_REPRESENTATION_CONTEXT(2) 
PARAMETRIC_REPRESENTATION_CONTEXT() REPRESENTATION_CONTEXT('2D SPACE',''
  ) );
#6414 = PCURVE('',#6415,#6420);
#6415 = PLANE('',#6416);
#6416 = AXIS2_PLACEMENT_3D('',#6417,#6418,#6419);
#6417 = CARTESIAN_POINT('',(-0.2,0.2,-5.));
#6418 = DIRECTION('',(1.,0.,0.));
#6419 = DIRECTION('',(0.,0.,1.));
#6420 = DEFINITIONAL_REPRESENTATION('',(#6421),#6425);
#6421 = LINE('',#6422,#6423);
#6422 = CARTESIAN_POINT('',(0.,0.));
#6423 = VECTOR('',#6424,1.);
#6424 = DIRECTION('',(1.,0.));
#6425 = ( GEOMETRIC_REPRESENTATION_CONTEXT(2) 
PARAMETRIC_REPRESENTATION_CONTEXT() REPRESENTATION_CONTEXT('2D SPACE',''
  ) );
#6426 = ORIENTED_EDGE('',*,*,#6427,.T.);
#6427 = EDGE_CURVE('',#6398,#6250,#6428,.T.);
#6428 = SURFACE_CURVE('',#6429,(#6433,#6439),.PCURVE_S1.);
#6429 = LINE('',#6430,#6431);
#6430 = CARTESIAN_POINT('',(-170.,0.2,0.));
#6431 = VECTOR('',#6432,1.);
#6432 = DIRECTION('',(-1.,0.,0.));
#6433 = PCURVE('',#6272,#6434);
#6434 = DEFINITIONAL_REPRESENTATION('',(#6435),#6438);
#6435 = B_SPLINE_CURVE_WITH_KNOTS('',1,(#6436,#6437),.UNSPECIFIED.,.F.,
  .F.,(2,2),(-169.8,0.),.PIECEWISE_BEZIER_KNOTS.);
#6436 = CARTESIAN_POINT('',(5.,169.8));
#6437 = CARTESIAN_POINT('',(5.,0.));
#6438 = ( GEOMETRIC_REPRESENTATION_CONTEXT(2) 
PARAMETRIC_REPRESENTATION_CONTEXT() REPRESENTATION_CONTEXT('2D SPACE',''
  ) );
#6439 = PCURVE('',#6300,#6440);
#6440 = DEFINITIONAL_REPRESENTATION('',(#6441),#6444);
#6441 = B_SPLINE_CURVE_WITH_KNOTS('',1,(#6442,#6443),.UNSPECIFIED.,.F.,
  .F.,(2,2),(-169.8,0.),.PIECEWISE_BEZIER_KNOTS.);
#6442 = CARTESIAN_POINT('',(169.8,135.2));
#6443 = CARTESIAN_POINT('',(0.,135.2));
#6444 = ( GEOMETRIC_REPRESENTATION_CONTEXT(2) 
PARAMETRIC_REPRESENTATION_CONTEXT() REPRESENTATION_CONTEXT('2D SPACE',''
  ) );
#6445 = ORIENTED_EDGE('',*,*,#6249,.T.);
#6446 = ORIENTED_EDGE('',*,*,#6447,.F.);
#6447 = EDGE_CURVE('',#6448,#6252,#6450,.T.);
#6448 = VERTEX_POINT('',#6449);
#6449 = CARTESIAN_POINT('',(-164.,0.2,20.));
#6450 = SURFACE_CURVE('',#6451,(#6455,#6461),.PCURVE_S1.);
#6451 = LINE('',#6452,#6453);
#6452 = CARTESIAN_POINT('',(-170.,0.2,20.));
#6453 = VECTOR('',#6454,1.);
#6454 = DIRECTION('',(-1.,0.,0.));
#6455 = PCURVE('',#6272,#6456);
#6456 = DEFINITIONAL_REPRESENTATION('',(#6457),#6460);
#6457 = B_SPLINE_CURVE_WITH_KNOTS('',1,(#6458,#6459),.UNSPECIFIED.,.F.,
  .F.,(2,2),(-122.,0.),.PIECEWISE_BEZIER_KNOTS.);
#6458 = CARTESIAN_POINT('',(25.,122.));
#6459 = CARTESIAN_POINT('',(25.,0.));
#6460 = ( GEOMETRIC_REPRESENTATION_CONTEXT(2) 
PARAMETRIC_REPRESENTATION_CONTEXT() REPRESENTATION_CONTEXT('2D SPACE',''
  ) );
#6461 = PCURVE('',#6382,#6462);
#6462 = DEFINITIONAL_REPRESENTATION('',(#6463),#6466);
#6463 = B_SPLINE_CURVE_WITH_KNOTS('',1,(#6464,#6465),.UNSPECIFIED.,.F.,
  .F.,(2,2),(-122.,0.),.PIECEWISE_BEZIER_KNOTS.);
#6464 = CARTESIAN_POINT('',(122.,130.2));
#6465 = CARTESIAN_POINT('',(0.,130.2));
#6466 = ( GEOMETRIC_REPRESENTATION_CONTEXT(2) 
PARAMETRIC_REPRESENTATION_CONTEXT() REPRESENTATION_CONTEXT('2D SPACE',''
  ) );
#6467 = ORIENTED_EDGE('',*,*,#6468,.F.);
#6468 = EDGE_CURVE('',#6469,#6448,#6471,.T.);
#6469 = VERTEX_POINT('',#6470);
#6470 = CARTESIAN_POINT('',(-164.,0.2,6.));
#6471 = SURFACE_CURVE('',#6472,(#6476,#6482),.PCURVE_S1.);
#6472 = LINE('',#6473,#6474);
#6473 = CARTESIAN_POINT('',(-164.,0.2,0.5));
#6474 = VECTOR('',#6475,1.);
#6475 = DIRECTION('',(0.,0.,1.));
#6476 = PCURVE('',#6272,#6477);
#6477 = DEFINITIONAL_REPRESENTATION('',(#6478),#6481);
#6478 = B_SPLINE_CURVE_WITH_KNOTS('',1,(#6479,#6480),.UNSPECIFIED.,.F.,
  .F.,(2,2),(5.5,19.5),.PIECEWISE_BEZIER_KNOTS.);
#6479 = CARTESIAN_POINT('',(11.,6.));
#6480 = CARTESIAN_POINT('',(25.,6.));
#6481 = ( GEOMETRIC_REPRESENTATION_CONTEXT(2) 
PARAMETRIC_REPRESENTATION_CONTEXT() REPRESENTATION_CONTEXT('2D SPACE',''
  ) );
#6482 = PCURVE('',#6483,#6488);
#6483 = PLANE('',#6484);
#6484 = AXIS2_PLACEMENT_3D('',#6485,#6486,#6487);
#6485 = CARTESIAN_POINT('',(-164.,-130.,6.));
#6486 = DIRECTION('',(1.,0.,0.));
#6487 = DIRECTION('',(0.,0.,1.));
#6488 = DEFINITIONAL_REPRESENTATION('',(#6489),#6492);
#6489 = B_SPLINE_CURVE_WITH_KNOTS('',1,(#6490,#6491),.UNSPECIFIED.,.F.,
  .F.,(2,2),(5.5,19.5),.PIECEWISE_BEZIER_KNOTS.);
#6490 = CARTESIAN_POINT('',(0.,-130.2));
#6491 = CARTESIAN_POINT('',(14.,-130.2));
#6492 = ( GEOMETRIC_REPRESENTATION_CONTEXT(2) 
PARAMETRIC_REPRESENTATION_CONTEXT() REPRESENTATION_CONTEXT('2D SPACE',''
  ) );
#6493 = ORIENTED_EDGE('',*,*,#6494,.F.);
#6494 = EDGE_CURVE('',#6400,#6469,#6495,.T.);
#6495 = SURFACE_CURVE('',#6496,(#6500,#6506),.PCURVE_S1.);
#6496 = LINE('',#6497,#6498);
#6497 = CARTESIAN_POINT('',(-170.,0.2,6.));
#6498 = VECTOR('',#6499,1.);
#6499 = DIRECTION('',(-1.,0.,0.));
#6500 = PCURVE('',#6272,#6501);
#6501 = DEFINITIONAL_REPRESENTATION('',(#6502),#6505);
#6502 = B_SPLINE_CURVE_WITH_KNOTS('',1,(#6503,#6504),.UNSPECIFIED.,.F.,
  .F.,(2,2),(-169.8,-6.),.PIECEWISE_BEZIER_KNOTS.);
#6503 = CARTESIAN_POINT('',(11.,169.8));
#6504 = CARTESIAN_POINT('',(11.,6.));
#6505 = ( GEOMETRIC_REPRESENTATION_CONTEXT(2) 
PARAMETRIC_REPRESENTATION_CONTEXT() REPRESENTATION_CONTEXT('2D SPACE',''
  ) );
#6506 = PCURVE('',#6507,#6512);
#6507 = PLANE('',#6508);
#6508 = AXIS2_PLACEMENT_3D('',#6509,#6510,#6511);
#6509 = CARTESIAN_POINT('',(-170.,-135.,6.));
#6510 = DIRECTION('',(0.,0.,1.));
#6511 = DIRECTION('',(1.,0.,0.));
#6512 = DEFINITIONAL_REPRESENTATION('',(#6513),#6516);
#6513 = B_SPLINE_CURVE_WITH_KNOTS('',1,(#6514,#6515),.UNSPECIFIED.,.F.,
  .F.,(2,2),(-169.8,-6.),.PIECEWISE_BEZIER_KNOTS.);
#6514 = CARTESIAN_POINT('',(169.8,135.2));
#6515 = CARTESIAN_POINT('',(6.,135.2));
#6516 = ( GEOMETRIC_REPRESENTATION_CONTEXT(2) 
PARAMETRIC_REPRESENTATION_CONTEXT() REPRESENTATION_CONTEXT('2D SPACE',''
  ) );
#6517 = ADVANCED_FACE('',(#6518),#6382,.T.);
#6518 = FACE_BOUND('',#6519,.T.);
#6519 = EDGE_LOOP('',(#6520,#6543,#6544,#6545,#6568,#6596,#6624,#6652));
#6520 = ORIENTED_EDGE('',*,*,#6521,.F.);
#6521 = EDGE_CURVE('',#6341,#6522,#6524,.T.);
#6522 = VERTEX_POINT('',#6523);
#6523 = CARTESIAN_POINT('',(-165.,130.,20.));
#6524 = SURFACE_CURVE('',#6525,(#6529,#6536),.PCURVE_S1.);
#6525 = LINE('',#6526,#6527);
#6526 = CARTESIAN_POINT('',(-170.,130.,20.));
#6527 = VECTOR('',#6528,1.);
#6528 = DIRECTION('',(1.,0.,0.));
#6529 = PCURVE('',#6382,#6530);
#6530 = DEFINITIONAL_REPRESENTATION('',(#6531),#6535);
#6531 = LINE('',#6532,#6533);
#6532 = CARTESIAN_POINT('',(0.,260.));
#6533 = VECTOR('',#6534,1.);
#6534 = DIRECTION('',(1.,0.));
#6535 = ( GEOMETRIC_REPRESENTATION_CONTEXT(2) 
PARAMETRIC_REPRESENTATION_CONTEXT() REPRESENTATION_CONTEXT('2D SPACE',''
  ) );
#6536 = PCURVE('',#6356,#6537);
#6537 = DEFINITIONAL_REPRESENTATION('',(#6538),#6542);
#6538 = LINE('',#6539,#6540);
#6539 = CARTESIAN_POINT('',(14.,0.));
#6540 = VECTOR('',#6541,1.);
#6541 = DIRECTION('',(0.,1.));
#6542 = ( GEOMETRIC_REPRESENTATION_CONTEXT(2) 
PARAMETRIC_REPRESENTATION_CONTEXT() REPRESENTATION_CONTEXT('2D SPACE',''
  ) );
#6543 = ORIENTED_EDGE('',*,*,#6368,.F.);
#6544 = ORIENTED_EDGE('',*,*,#6447,.F.);
#6545 = ORIENTED_EDGE('',*,*,#6546,.T.);
#6546 = EDGE_CURVE('',#6448,#6547,#6549,.T.);
#6547 = VERTEX_POINT('',#6548);
#6548 = CARTESIAN_POINT('',(-164.,129.,20.));
#6549 = SURFACE_CURVE('',#6550,(#6554,#6561),.PCURVE_S1.);
#6550 = LINE('',#6551,#6552);
#6551 = CARTESIAN_POINT('',(-164.,-130.,20.));
#6552 = VECTOR('',#6553,1.);
#6553 = DIRECTION('',(0.,1.,0.));
#6554 = PCURVE('',#6382,#6555);
#6555 = DEFINITIONAL_REPRESENTATION('',(#6556),#6560);
#6556 = LINE('',#6557,#6558);
#6557 = CARTESIAN_POINT('',(6.,0.));
#6558 = VECTOR('',#6559,1.);
#6559 = DIRECTION('',(0.,1.));
#6560 = ( GEOMETRIC_REPRESENTATION_CONTEXT(2) 
PARAMETRIC_REPRESENTATION_CONTEXT() REPRESENTATION_CONTEXT('2D SPACE',''
  ) );
#6561 = PCURVE('',#6483,#6562);
#6562 = DEFINITIONAL_REPRESENTATION('',(#6563),#6567);
#6563 = LINE('',#6564,#6565);
#6564 = CARTESIAN_POINT('',(14.,0.));
#6565 = VECTOR('',#6566,1.);
#6566 = DIRECTION('',(0.,-1.));
#6567 = ( GEOMETRIC_REPRESENTATION_CONTEXT(2) 
PARAMETRIC_REPRESENTATION_CONTEXT() REPRESENTATION_CONTEXT('2D SPACE',''
  ) );
#6568 = ORIENTED_EDGE('',*,*,#6569,.T.);
#6569 = EDGE_CURVE('',#6547,#6570,#6572,.T.);
#6570 = VERTEX_POINT('',#6571);
#6571 = CARTESIAN_POINT('',(-48.,129.,20.));
#6572 = SURFACE_CURVE('',#6573,(#6577,#6584),.PCURVE_S1.);
#6573 = LINE('',#6574,#6575);
#6574 = CARTESIAN_POINT('',(-165.,129.,20.));
#6575 = VECTOR('',#6576,1.);
#6576 = DIRECTION('',(1.,0.,0.));
#6577 = PCURVE('',#6382,#6578);
#6578 = DEFINITIONAL_REPRESENTATION('',(#6579),#6583);
#6579 = LINE('',#6580,#6581);
#6580 = CARTESIAN_POINT('',(5.,259.));
#6581 = VECTOR('',#6582,1.);
#6582 = DIRECTION('',(1.,0.));
#6583 = ( GEOMETRIC_REPRESENTATION_CONTEXT(2) 
PARAMETRIC_REPRESENTATION_CONTEXT() REPRESENTATION_CONTEXT('2D SPACE',''
  ) );
#6584 = PCURVE('',#6585,#6590);
#6585 = PLANE('',#6586);
#6586 = AXIS2_PLACEMENT_3D('',#6587,#6588,#6589);
#6587 = CARTESIAN_POINT('',(-165.,129.,6.));
#6588 = DIRECTION('',(0.,1.,0.));
#6589 = DIRECTION('',(0.,0.,1.));
#6590 = DEFINITIONAL_REPRESENTATION('',(#6591),#6595);
#6591 = LINE('',#6592,#6593);
#6592 = CARTESIAN_POINT('',(14.,0.));
#6593 = VECTOR('',#6594,1.);
#6594 = DIRECTION('',(0.,1.));
#6595 = ( GEOMETRIC_REPRESENTATION_CONTEXT(2) 
PARAMETRIC_REPRESENTATION_CONTEXT() REPRESENTATION_CONTEXT('2D SPACE',''
  ) );
#6596 = ORIENTED_EDGE('',*,*,#6597,.T.);
#6597 = EDGE_CURVE('',#6570,#6598,#6600,.T.);
#6598 = VERTEX_POINT('',#6599);
#6599 = CARTESIAN_POINT('',(-48.,135.,20.));
#6600 = SURFACE_CURVE('',#6601,(#6605,#6612),.PCURVE_S1.);
#6601 = LINE('',#6602,#6603);
#6602 = CARTESIAN_POINT('',(-48.,129.,20.));
#6603 = VECTOR('',#6604,1.);
#6604 = DIRECTION('',(0.,1.,0.));
#6605 = PCURVE('',#6382,#6606);
#6606 = DEFINITIONAL_REPRESENTATION('',(#6607),#6611);
#6607 = LINE('',#6608,#6609);
#6608 = CARTESIAN_POINT('',(122.,259.));
#6609 = VECTOR('',#6610,1.);
#6610 = DIRECTION('',(0.,1.));
#6611 = ( GEOMETRIC_REPRESENTATION_CONTEXT(2) 
PARAMETRIC_REPRESENTATION_CONTEXT() REPRESENTATION_CONTEXT('2D SPACE',''
  ) );
#6612 = PCURVE('',#6613,#6618);
#6613 = PLANE('',#6614);
#6614 = AXIS2_PLACEMENT_3D('',#6615,#6616,#6617);
#6615 = CARTESIAN_POINT('',(-48.,129.,6.));
#6616 = DIRECTION('',(1.,0.,0.));
#6617 = DIRECTION('',(0.,0.,1.));
#6618 = DEFINITIONAL_REPRESENTATION('',(#6619),#6623);
#6619 = LINE('',#6620,#6621);
#6620 = CARTESIAN_POINT('',(14.,0.));
#6621 = VECTOR('',#6622,1.);
#6622 = DIRECTION('',(0.,-1.));
#6623 = ( GEOMETRIC_REPRESENTATION_CONTEXT(2) 
PARAMETRIC_REPRESENTATION_CONTEXT() REPRESENTATION_CONTEXT('2D SPACE',''
  ) );
#6624 = ORIENTED_EDGE('',*,*,#6625,.F.);
#6625 = EDGE_CURVE('',#6626,#6598,#6628,.T.);
#6626 = VERTEX_POINT('',#6627);
#6627 = CARTESIAN_POINT('',(-165.,135.,20.));
#6628 = SURFACE_CURVE('',#6629,(#6633,#6640),.PCURVE_S1.);
#6629 = LINE('',#6630,#6631);
#6630 = CARTESIAN_POINT('',(-165.,135.,20.));
#6631 = VECTOR('',#6632,1.);
#6632 = DIRECTION('',(1.,0.,0.));
#6633 = PCURVE('',#6382,#6634);
#6634 = DEFINITIONAL_REPRESENTATION('',(#6635),#6639);
#6635 = LINE('',#6636,#6637);
#6636 = CARTESIAN_POINT('',(5.,265.));
#6637 = VECTOR('',#6638,1.);
#6638 = DIRECTION('',(1.,0.));
#6639 = ( GEOMETRIC_REPRESENTATION_CONTEXT(2) 
PARAMETRIC_REPRESENTATION_CONTEXT() REPRESENTATION_CONTEXT('2D SPACE',''
  ) );
#6640 = PCURVE('',#6641,#6646);
#6641 = PLANE('',#6642);
#6642 = AXIS2_PLACEMENT_3D('',#6643,#6644,#6645);
#6643 = CARTESIAN_POINT('',(-170.,135.,0.));
#6644 = DIRECTION('',(0.,1.,0.));
#6645 = DIRECTION('',(0.,0.,1.));
#6646 = DEFINITIONAL_REPRESENTATION('',(#6647),#6651);
#6647 = LINE('',#6648,#6649);
#6648 = CARTESIAN_POINT('',(20.,5.));
#6649 = VECTOR('',#6650,1.);
#6650 = DIRECTION('',(0.,1.));
#6651 = ( GEOMETRIC_REPRESENTATION_CONTEXT(2) 
PARAMETRIC_REPRESENTATION_CONTEXT() REPRESENTATION_CONTEXT('2D SPACE',''
  ) );
#6652 = ORIENTED_EDGE('',*,*,#6653,.F.);
#6653 = EDGE_CURVE('',#6522,#6626,#6654,.T.);
#6654 = SURFACE_CURVE('',#6655,(#6659,#6666),.PCURVE_S1.);
#6655 = LINE('',#6656,#6657);
#6656 = CARTESIAN_POINT('',(-165.,129.,20.));
#6657 = VECTOR('',#6658,1.);
#6658 = DIRECTION('',(0.,1.,0.));
#6659 = PCURVE('',#6382,#6660);
#6660 = DEFINITIONAL_REPRESENTATION('',(#6661),#6665);
#6661 = LINE('',#6662,#6663);
#6662 = CARTESIAN_POINT('',(5.,259.));
#6663 = VECTOR('',#6664,1.);
#6664 = DIRECTION('',(0.,1.));
#6665 = ( GEOMETRIC_REPRESENTATION_CONTEXT(2) 
PARAMETRIC_REPRESENTATION_CONTEXT() REPRESENTATION_CONTEXT('2D SPACE',''
  ) );
#6666 = PCURVE('',#6667,#6672);
#6667 = PLANE('',#6668);
#6668 = AXIS2_PLACEMENT_3D('',#6669,#6670,#6671);
#6669 = CARTESIAN_POINT('',(-165.,129.,6.));
#6670 = DIRECTION('',(1.,0.,0.));
#6671 = DIRECTION('',(0.,0.,1.));
#6672 = DEFINITIONAL_REPRESENTATION('',(#6673),#6677);
#6673 = LINE('',#6674,#6675);
#6674 = CARTESIAN_POINT('',(14.,0.));
#6675 = VECTOR('',#6676,1.);
#6676 = DIRECTION('',(0.,-1.));
#6677 = ( GEOMETRIC_REPRESENTATION_CONTEXT(2) 
PARAMETRIC_REPRESENTATION_CONTEXT() REPRESENTATION_CONTEXT('2D SPACE',''
  ) );
#6678 = ADVANCED_FACE('',(#6679),#6356,.T.);
#6679 = FACE_BOUND('',#6680,.T.);
#6680 = EDGE_LOOP('',(#6681,#6709,#6710,#6711));
#6681 = ORIENTED_EDGE('',*,*,#6682,.F.);
#6682 = EDGE_CURVE('',#6313,#6683,#6685,.T.);
#6683 = VERTEX_POINT('',#6684);
#6684 = CARTESIAN_POINT('',(-165.,130.,6.));
#6685 = SURFACE_CURVE('',#6686,(#6690,#6697),.PCURVE_S1.);
#6686 = LINE('',#6687,#6688);
#6687 = CARTESIAN_POINT('',(-170.,130.,6.));
#6688 = VECTOR('',#6689,1.);
#6689 = DIRECTION('',(1.,0.,0.));
#6690 = PCURVE('',#6356,#6691);
#6691 = DEFINITIONAL_REPRESENTATION('',(#6692),#6696);
#6692 = LINE('',#6693,#6694);
#6693 = CARTESIAN_POINT('',(0.,0.));
#6694 = VECTOR('',#6695,1.);
#6695 = DIRECTION('',(0.,1.));
#6696 = ( GEOMETRIC_REPRESENTATION_CONTEXT(2) 
PARAMETRIC_REPRESENTATION_CONTEXT() REPRESENTATION_CONTEXT('2D SPACE',''
  ) );
#6697 = PCURVE('',#6698,#6703);
#6698 = PLANE('',#6699);
#6699 = AXIS2_PLACEMENT_3D('',#6700,#6701,#6702);
#6700 = CARTESIAN_POINT('',(-170.,-135.,6.));
#6701 = DIRECTION('',(0.,0.,1.));
#6702 = DIRECTION('',(1.,0.,0.));
#6703 = DEFINITIONAL_REPRESENTATION('',(#6704),#6708);
#6704 = LINE('',#6705,#6706);
#6705 = CARTESIAN_POINT('',(0.,265.));
#6706 = VECTOR('',#6707,1.);
#6707 = DIRECTION('',(1.,0.));
#6708 = ( GEOMETRIC_REPRESENTATION_CONTEXT(2) 
PARAMETRIC_REPRESENTATION_CONTEXT() REPRESENTATION_CONTEXT('2D SPACE',''
  ) );
#6709 = ORIENTED_EDGE('',*,*,#6340,.T.);
#6710 = ORIENTED_EDGE('',*,*,#6521,.T.);
#6711 = ORIENTED_EDGE('',*,*,#6712,.T.);
#6712 = EDGE_CURVE('',#6522,#6683,#6713,.T.);
#6713 = SURFACE_CURVE('',#6714,(#6718,#6724),.PCURVE_S1.);
#6714 = LINE('',#6715,#6716);
#6715 = CARTESIAN_POINT('',(-165.,130.,6.));
#6716 = VECTOR('',#6717,1.);
#6717 = DIRECTION('',(0.,0.,-1.));
#6718 = PCURVE('',#6356,#6719);
#6719 = DEFINITIONAL_REPRESENTATION('',(#6720),#6723);
#6720 = B_SPLINE_CURVE_WITH_KNOTS('',1,(#6721,#6722),.UNSPECIFIED.,.F.,
  .F.,(2,2),(-14.,0.),.PIECEWISE_BEZIER_KNOTS.);
#6721 = CARTESIAN_POINT('',(14.,5.));
#6722 = CARTESIAN_POINT('',(0.,5.));
#6723 = ( GEOMETRIC_REPRESENTATION_CONTEXT(2) 
PARAMETRIC_REPRESENTATION_CONTEXT() REPRESENTATION_CONTEXT('2D SPACE',''
  ) );
#6724 = PCURVE('',#6667,#6725);
#6725 = DEFINITIONAL_REPRESENTATION('',(#6726),#6729);
#6726 = B_SPLINE_CURVE_WITH_KNOTS('',1,(#6727,#6728),.UNSPECIFIED.,.F.,
  .F.,(2,2),(-14.,0.),.PIECEWISE_BEZIER_KNOTS.);
#6727 = CARTESIAN_POINT('',(14.,-1.));
#6728 = CARTESIAN_POINT('',(0.,-1.));
#6729 = ( GEOMETRIC_REPRESENTATION_CONTEXT(2) 
PARAMETRIC_REPRESENTATION_CONTEXT() REPRESENTATION_CONTEXT('2D SPACE',''
  ) );
#6730 = ADVANCED_FACE('',(#6731),#6328,.T.);
#6731 = FACE_BOUND('',#6732,.F.);
#6732 = EDGE_LOOP('',(#6733,#6761,#6784,#6810));
#6733 = ORIENTED_EDGE('',*,*,#6734,.T.);
#6734 = EDGE_CURVE('',#6285,#6735,#6737,.T.);
#6735 = VERTEX_POINT('',#6736);
#6736 = CARTESIAN_POINT('',(-165.,135.,0.));
#6737 = SURFACE_CURVE('',#6738,(#6743,#6750),.PCURVE_S1.);
#6738 = CIRCLE('',#6739,5.);
#6739 = AXIS2_PLACEMENT_3D('',#6740,#6741,#6742);
#6740 = CARTESIAN_POINT('',(-165.,130.,0.));
#6741 = DIRECTION('',(-0.,-0.,-1.));
#6742 = DIRECTION('',(0.,-1.,0.));
#6743 = PCURVE('',#6328,#6744);
#6744 = DEFINITIONAL_REPRESENTATION('',(#6745),#6749);
#6745 = LINE('',#6746,#6747);
#6746 = CARTESIAN_POINT('',(1.570796326795,-0.));
#6747 = VECTOR('',#6748,1.);
#6748 = DIRECTION('',(-1.,0.));
#6749 = ( GEOMETRIC_REPRESENTATION_CONTEXT(2) 
PARAMETRIC_REPRESENTATION_CONTEXT() REPRESENTATION_CONTEXT('2D SPACE',''
  ) );
#6750 = PCURVE('',#6300,#6751);
#6751 = DEFINITIONAL_REPRESENTATION('',(#6752),#6760);
#6752 = ( BOUNDED_CURVE() B_SPLINE_CURVE(2,(#6753,#6754,#6755,#6756,
#6757,#6758,#6759),.UNSPECIFIED.,.T.,.F.) B_SPLINE_CURVE_WITH_KNOTS((1,2
    ,2,2,2,1),(-2.094395102393,0.,2.094395102393,4.188790204786,
6.28318530718,8.377580409573),.UNSPECIFIED.) CURVE() 
GEOMETRIC_REPRESENTATION_ITEM() RATIONAL_B_SPLINE_CURVE((1.,0.5,1.,0.5,
1.,0.5,1.)) REPRESENTATION_ITEM('') );
#6753 = CARTESIAN_POINT('',(5.,260.));
#6754 = CARTESIAN_POINT('',(-3.660254037844,260.));
#6755 = CARTESIAN_POINT('',(0.669872981078,267.5));
#6756 = CARTESIAN_POINT('',(5.,275.));
#6757 = CARTESIAN_POINT('',(9.330127018922,267.5));
#6758 = CARTESIAN_POINT('',(13.660254037844,260.));
#6759 = CARTESIAN_POINT('',(5.,260.));
#6760 = ( GEOMETRIC_REPRESENTATION_CONTEXT(2) 
PARAMETRIC_REPRESENTATION_CONTEXT() REPRESENTATION_CONTEXT('2D SPACE',''
  ) );
#6761 = ORIENTED_EDGE('',*,*,#6762,.T.);
#6762 = EDGE_CURVE('',#6735,#6763,#6765,.T.);
#6763 = VERTEX_POINT('',#6764);
#6764 = CARTESIAN_POINT('',(-165.,135.,6.));
#6765 = SURFACE_CURVE('',#6766,(#6770,#6777),.PCURVE_S1.);
#6766 = LINE('',#6767,#6768);
#6767 = CARTESIAN_POINT('',(-165.,135.,0.));
#6768 = VECTOR('',#6769,1.);
#6769 = DIRECTION('',(0.,0.,1.));
#6770 = PCURVE('',#6328,#6771);
#6771 = DEFINITIONAL_REPRESENTATION('',(#6772),#6776);
#6772 = LINE('',#6773,#6774);
#6773 = CARTESIAN_POINT('',(-1.570796326795,0.));
#6774 = VECTOR('',#6775,1.);
#6775 = DIRECTION('',(-0.,1.));
#6776 = ( GEOMETRIC_REPRESENTATION_CONTEXT(2) 
PARAMETRIC_REPRESENTATION_CONTEXT() REPRESENTATION_CONTEXT('2D SPACE',''
  ) );
#6777 = PCURVE('',#6641,#6778);
#6778 = DEFINITIONAL_REPRESENTATION('',(#6779),#6783);
#6779 = LINE('',#6780,#6781);
#6780 = CARTESIAN_POINT('',(0.,5.));
#6781 = VECTOR('',#6782,1.);
#6782 = DIRECTION('',(1.,0.));
#6783 = ( GEOMETRIC_REPRESENTATION_CONTEXT(2) 
PARAMETRIC_REPRESENTATION_CONTEXT() REPRESENTATION_CONTEXT('2D SPACE',''
  ) );
#6784 = ORIENTED_EDGE('',*,*,#6785,.F.);
#6785 = EDGE_CURVE('',#6313,#6763,#6786,.T.);
#6786 = SURFACE_CURVE('',#6787,(#6792,#6799),.PCURVE_S1.);
#6787 = CIRCLE('',#6788,5.);
#6788 = AXIS2_PLACEMENT_3D('',#6789,#6790,#6791);
#6789 = CARTESIAN_POINT('',(-165.,130.,6.));
#6790 = DIRECTION('',(-0.,-0.,-1.));
#6791 = DIRECTION('',(0.,-1.,0.));
#6792 = PCURVE('',#6328,#6793);
#6793 = DEFINITIONAL_REPRESENTATION('',(#6794),#6798);
#6794 = LINE('',#6795,#6796);
#6795 = CARTESIAN_POINT('',(1.570796326795,6.));
#6796 = VECTOR('',#6797,1.);
#6797 = DIRECTION('',(-1.,0.));
#6798 = ( GEOMETRIC_REPRESENTATION_CONTEXT(2) 
PARAMETRIC_REPRESENTATION_CONTEXT() REPRESENTATION_CONTEXT('2D SPACE',''
  ) );
#6799 = PCURVE('',#6698,#6800);
#6800 = DEFINITIONAL_REPRESENTATION('',(#6801),#6809);
#6801 = ( BOUNDED_CURVE() B_SPLINE_CURVE(2,(#6802,#6803,#6804,#6805,
#6806,#6807,#6808),.UNSPECIFIED.,.T.,.F.) B_SPLINE_CURVE_WITH_KNOTS((1,2
    ,2,2,2,1),(-2.094395102393,0.,2.094395102393,4.188790204786,
6.28318530718,8.377580409573),.UNSPECIFIED.) CURVE() 
GEOMETRIC_REPRESENTATION_ITEM() RATIONAL_B_SPLINE_CURVE((1.,0.5,1.,0.5,
1.,0.5,1.)) REPRESENTATION_ITEM('') );
#6802 = CARTESIAN_POINT('',(5.,260.));
#6803 = CARTESIAN_POINT('',(-3.660254037844,260.));
#6804 = CARTESIAN_POINT('',(0.669872981078,267.5));
#6805 = CARTESIAN_POINT('',(5.,275.));
#6806 = CARTESIAN_POINT('',(9.330127018922,267.5));
#6807 = CARTESIAN_POINT('',(13.660254037844,260.));
#6808 = CARTESIAN_POINT('',(5.,260.));
#6809 = ( GEOMETRIC_REPRESENTATION_CONTEXT(2) 
PARAMETRIC_REPRESENTATION_CONTEXT() REPRESENTATION_CONTEXT('2D SPACE',''
  ) );
#6810 = ORIENTED_EDGE('',*,*,#6312,.F.);
#6811 = ADVANCED_FACE('',(#6812,#6859,#6894,#6929,#6964,#6999,#7034,
    #7069,#7189,#7224,#7259,#7294,#7329,#7364,#7399,#7434),#6300,.F.);
#6812 = FACE_BOUND('',#6813,.F.);
#6813 = EDGE_LOOP('',(#6814,#6815,#6816,#6837,#6858));
#6814 = ORIENTED_EDGE('',*,*,#6284,.F.);
#6815 = ORIENTED_EDGE('',*,*,#6427,.F.);
#6816 = ORIENTED_EDGE('',*,*,#6817,.T.);
#6817 = EDGE_CURVE('',#6398,#6818,#6820,.T.);
#6818 = VERTEX_POINT('',#6819);
#6819 = CARTESIAN_POINT('',(-0.2,135.,0.));
#6820 = SURFACE_CURVE('',#6821,(#6825,#6831),.PCURVE_S1.);
#6821 = LINE('',#6822,#6823);
#6822 = CARTESIAN_POINT('',(-0.2,-67.4,0.));
#6823 = VECTOR('',#6824,1.);
#6824 = DIRECTION('',(0.,1.,0.));
#6825 = PCURVE('',#6300,#6826);
#6826 = DEFINITIONAL_REPRESENTATION('',(#6827),#6830);
#6827 = B_SPLINE_CURVE_WITH_KNOTS('',1,(#6828,#6829),.UNSPECIFIED.,.F.,
  .F.,(2,2),(67.6,202.4),.PIECEWISE_BEZIER_KNOTS.);
#6828 = CARTESIAN_POINT('',(169.8,135.2));
#6829 = CARTESIAN_POINT('',(169.8,270.));
#6830 = ( GEOMETRIC_REPRESENTATION_CONTEXT(2) 
PARAMETRIC_REPRESENTATION_CONTEXT() REPRESENTATION_CONTEXT('2D SPACE',''
  ) );
#6831 = PCURVE('',#6415,#6832);
#6832 = DEFINITIONAL_REPRESENTATION('',(#6833),#6836);
#6833 = B_SPLINE_CURVE_WITH_KNOTS('',1,(#6834,#6835),.UNSPECIFIED.,.F.,
  .F.,(2,2),(67.6,202.4),.PIECEWISE_BEZIER_KNOTS.);
#6834 = CARTESIAN_POINT('',(5.,0.));
#6835 = CARTESIAN_POINT('',(5.,-134.8));
#6836 = ( GEOMETRIC_REPRESENTATION_CONTEXT(2) 
PARAMETRIC_REPRESENTATION_CONTEXT() REPRESENTATION_CONTEXT('2D SPACE',''
  ) );
#6837 = ORIENTED_EDGE('',*,*,#6838,.F.);
#6838 = EDGE_CURVE('',#6735,#6818,#6839,.T.);
#6839 = SURFACE_CURVE('',#6840,(#6844,#6851),.PCURVE_S1.);
#6840 = LINE('',#6841,#6842);
#6841 = CARTESIAN_POINT('',(-170.,135.,0.));
#6842 = VECTOR('',#6843,1.);
#6843 = DIRECTION('',(1.,0.,0.));
#6844 = PCURVE('',#6300,#6845);
#6845 = DEFINITIONAL_REPRESENTATION('',(#6846),#6850);
#6846 = LINE('',#6847,#6848);
#6847 = CARTESIAN_POINT('',(0.,270.));
#6848 = VECTOR('',#6849,1.);
#6849 = DIRECTION('',(1.,0.));
#6850 = ( GEOMETRIC_REPRESENTATION_CONTEXT(2) 
PARAMETRIC_REPRESENTATION_CONTEXT() REPRESENTATION_CONTEXT('2D SPACE',''
  ) );
#6851 = PCURVE('',#6641,#6852);
#6852 = DEFINITIONAL_REPRESENTATION('',(#6853),#6857);
#6853 = LINE('',#6854,#6855);
#6854 = CARTESIAN_POINT('',(0.,0.));
#6855 = VECTOR('',#6856,1.);
#6856 = DIRECTION('',(0.,1.));
#6857 = ( GEOMETRIC_REPRESENTATION_CONTEXT(2) 
PARAMETRIC_REPRESENTATION_CONTEXT() REPRESENTATION_CONTEXT('2D SPACE',''
  ) );
#6858 = ORIENTED_EDGE('',*,*,#6734,.F.);
#6859 = FACE_BOUND('',#6860,.F.);
#6860 = EDGE_LOOP('',(#6861));
#6861 = ORIENTED_EDGE('',*,*,#6862,.T.);
#6862 = EDGE_CURVE('',#6863,#6863,#6865,.T.);
#6863 = VERTEX_POINT('',#6864);
#6864 = CARTESIAN_POINT('',(-147.75,22.,0.));
#6865 = SURFACE_CURVE('',#6866,(#6871,#6882),.PCURVE_S1.);
#6866 = CIRCLE('',#6867,2.25);
#6867 = AXIS2_PLACEMENT_3D('',#6868,#6869,#6870);
#6868 = CARTESIAN_POINT('',(-150.,22.,0.));
#6869 = DIRECTION('',(0.,0.,-1.));
#6870 = DIRECTION('',(1.,0.,0.));
#6871 = PCURVE('',#6300,#6872);
#6872 = DEFINITIONAL_REPRESENTATION('',(#6873),#6881);
#6873 = ( BOUNDED_CURVE() B_SPLINE_CURVE(2,(#6874,#6875,#6876,#6877,
#6878,#6879,#6880),.UNSPECIFIED.,.T.,.F.) B_SPLINE_CURVE_WITH_KNOTS((1,2
    ,2,2,2,1),(-2.094395102393,0.,2.094395102393,4.188790204786,
6.28318530718,8.377580409573),.UNSPECIFIED.) CURVE() 
GEOMETRIC_REPRESENTATION_ITEM() RATIONAL_B_SPLINE_CURVE((1.,0.5,1.,0.5,
1.,0.5,1.)) REPRESENTATION_ITEM('') );
#6874 = CARTESIAN_POINT('',(22.25,157.));
#6875 = CARTESIAN_POINT('',(22.25,153.10288568297));
#6876 = CARTESIAN_POINT('',(18.875,155.05144284148));
#6877 = CARTESIAN_POINT('',(15.5,157.));
#6878 = CARTESIAN_POINT('',(18.875,158.94855715851));
#6879 = CARTESIAN_POINT('',(22.25,160.89711431703));
#6880 = CARTESIAN_POINT('',(22.25,157.));
#6881 = ( GEOMETRIC_REPRESENTATION_CONTEXT(2) 
PARAMETRIC_REPRESENTATION_CONTEXT() REPRESENTATION_CONTEXT('2D SPACE',''
  ) );
#6882 = PCURVE('',#6883,#6888);
#6883 = CYLINDRICAL_SURFACE('',#6884,2.25);
#6884 = AXIS2_PLACEMENT_3D('',#6885,#6886,#6887);
#6885 = CARTESIAN_POINT('',(-150.,22.,-10.));
#6886 = DIRECTION('',(-0.,-0.,-1.));
#6887 = DIRECTION('',(1.,0.,0.));
#6888 = DEFINITIONAL_REPRESENTATION('',(#6889),#6893);
#6889 = LINE('',#6890,#6891);
#6890 = CARTESIAN_POINT('',(-6.28318530718,-10.));
#6891 = VECTOR('',#6892,1.);
#6892 = DIRECTION('',(1.,-0.));
#6893 = ( GEOMETRIC_REPRESENTATION_CONTEXT(2) 
PARAMETRIC_REPRESENTATION_CONTEXT() REPRESENTATION_CONTEXT('2D SPACE',''
  ) );
#6894 = FACE_BOUND('',#6895,.F.);
#6895 = EDGE_LOOP('',(#6896));
#6896 = ORIENTED_EDGE('',*,*,#6897,.T.);
#6897 = EDGE_CURVE('',#6898,#6898,#6900,.T.);
#6898 = VERTEX_POINT('',#6899);
#6899 = CARTESIAN_POINT('',(-117.75,22.,0.));
#6900 = SURFACE_CURVE('',#6901,(#6906,#6917),.PCURVE_S1.);
#6901 = CIRCLE('',#6902,2.25);
#6902 = AXIS2_PLACEMENT_3D('',#6903,#6904,#6905);
#6903 = CARTESIAN_POINT('',(-120.,22.,0.));
#6904 = DIRECTION('',(0.,0.,-1.));
#6905 = DIRECTION('',(1.,0.,0.));
#6906 = PCURVE('',#6300,#6907);
#6907 = DEFINITIONAL_REPRESENTATION('',(#6908),#6916);
#6908 = ( BOUNDED_CURVE() B_SPLINE_CURVE(2,(#6909,#6910,#6911,#6912,
#6913,#6914,#6915),.UNSPECIFIED.,.T.,.F.) B_SPLINE_CURVE_WITH_KNOTS((1,2
    ,2,2,2,1),(-2.094395102393,0.,2.094395102393,4.188790204786,
6.28318530718,8.377580409573),.UNSPECIFIED.) CURVE() 
GEOMETRIC_REPRESENTATION_ITEM() RATIONAL_B_SPLINE_CURVE((1.,0.5,1.,0.5,
1.,0.5,1.)) REPRESENTATION_ITEM('') );
#6909 = CARTESIAN_POINT('',(52.25,157.));
#6910 = CARTESIAN_POINT('',(52.25,153.10288568297));
#6911 = CARTESIAN_POINT('',(48.875,155.05144284148));
#6912 = CARTESIAN_POINT('',(45.5,157.));
#6913 = CARTESIAN_POINT('',(48.875,158.94855715851));
#6914 = CARTESIAN_POINT('',(52.25,160.89711431703));
#6915 = CARTESIAN_POINT('',(52.25,157.));
#6916 = ( GEOMETRIC_REPRESENTATION_CONTEXT(2) 
PARAMETRIC_REPRESENTATION_CONTEXT() REPRESENTATION_CONTEXT('2D SPACE',''
  ) );
#6917 = PCURVE('',#6918,#6923);
#6918 = CYLINDRICAL_SURFACE('',#6919,2.25);
#6919 = AXIS2_PLACEMENT_3D('',#6920,#6921,#6922);
#6920 = CARTESIAN_POINT('',(-120.,22.,-10.));
#6921 = DIRECTION('',(-0.,-0.,-1.));
#6922 = DIRECTION('',(1.,0.,0.));
#6923 = DEFINITIONAL_REPRESENTATION('',(#6924),#6928);
#6924 = LINE('',#6925,#6926);
#6925 = CARTESIAN_POINT('',(-6.28318530718,-10.));
#6926 = VECTOR('',#6927,1.);
#6927 = DIRECTION('',(1.,-0.));
#6928 = ( GEOMETRIC_REPRESENTATION_CONTEXT(2) 
PARAMETRIC_REPRESENTATION_CONTEXT() REPRESENTATION_CONTEXT('2D SPACE',''
  ) );
#6929 = FACE_BOUND('',#6930,.F.);
#6930 = EDGE_LOOP('',(#6931));
#6931 = ORIENTED_EDGE('',*,*,#6932,.T.);
#6932 = EDGE_CURVE('',#6933,#6933,#6935,.T.);
#6933 = VERTEX_POINT('',#6934);
#6934 = CARTESIAN_POINT('',(-81.75,24.,0.));
#6935 = SURFACE_CURVE('',#6936,(#6941,#6952),.PCURVE_S1.);
#6936 = CIRCLE('',#6937,2.25);
#6937 = AXIS2_PLACEMENT_3D('',#6938,#6939,#6940);
#6938 = CARTESIAN_POINT('',(-84.,24.,0.));
#6939 = DIRECTION('',(0.,0.,-1.));
#6940 = DIRECTION('',(1.,0.,0.));
#6941 = PCURVE('',#6300,#6942);
#6942 = DEFINITIONAL_REPRESENTATION('',(#6943),#6951);
#6943 = ( BOUNDED_CURVE() B_SPLINE_CURVE(2,(#6944,#6945,#6946,#6947,
#6948,#6949,#6950),.UNSPECIFIED.,.T.,.F.) B_SPLINE_CURVE_WITH_KNOTS((1,2
    ,2,2,2,1),(-2.094395102393,0.,2.094395102393,4.188790204786,
6.28318530718,8.377580409573),.UNSPECIFIED.) CURVE() 
GEOMETRIC_REPRESENTATION_ITEM() RATIONAL_B_SPLINE_CURVE((1.,0.5,1.,0.5,
1.,0.5,1.)) REPRESENTATION_ITEM('') );
#6944 = CARTESIAN_POINT('',(88.25,159.));
#6945 = CARTESIAN_POINT('',(88.25,155.10288568297));
#6946 = CARTESIAN_POINT('',(84.875,157.05144284148));
#6947 = CARTESIAN_POINT('',(81.5,159.));
#6948 = CARTESIAN_POINT('',(84.875,160.94855715851));
#6949 = CARTESIAN_POINT('',(88.25,162.89711431703));
#6950 = CARTESIAN_POINT('',(88.25,159.));
#6951 = ( GEOMETRIC_REPRESENTATION_CONTEXT(2) 
PARAMETRIC_REPRESENTATION_CONTEXT() REPRESENTATION_CONTEXT('2D SPACE',''
  ) );
#6952 = PCURVE('',#6953,#6958);
#6953 = CYLINDRICAL_SURFACE('',#6954,2.25);
#6954 = AXIS2_PLACEMENT_3D('',#6955,#6956,#6957);
#6955 = CARTESIAN_POINT('',(-84.,24.,-10.));
#6956 = DIRECTION('',(-0.,-0.,-1.));
#6957 = DIRECTION('',(1.,0.,0.));
#6958 = DEFINITIONAL_REPRESENTATION('',(#6959),#6963);
#6959 = LINE('',#6960,#6961);
#6960 = CARTESIAN_POINT('',(-6.28318530718,-10.));
#6961 = VECTOR('',#6962,1.);
#6962 = DIRECTION('',(1.,-0.));
#6963 = ( GEOMETRIC_REPRESENTATION_CONTEXT(2) 
PARAMETRIC_REPRESENTATION_CONTEXT() REPRESENTATION_CONTEXT('2D SPACE',''
  ) );
#6964 = FACE_BOUND('',#6965,.F.);
#6965 = EDGE_LOOP('',(#6966));
#6966 = ORIENTED_EDGE('',*,*,#6967,.T.);
#6967 = EDGE_CURVE('',#6968,#6968,#6970,.T.);
#6968 = VERTEX_POINT('',#6969);
#6969 = CARTESIAN_POINT('',(-138.3,45.,0.));
#6970 = SURFACE_CURVE('',#6971,(#6976,#6987),.PCURVE_S1.);
#6971 = CIRCLE('',#6972,1.7);
#6972 = AXIS2_PLACEMENT_3D('',#6973,#6974,#6975);
#6973 = CARTESIAN_POINT('',(-140.,45.,0.));
#6974 = DIRECTION('',(0.,0.,-1.));
#6975 = DIRECTION('',(1.,0.,0.));
#6976 = PCURVE('',#6300,#6977);
#6977 = DEFINITIONAL_REPRESENTATION('',(#6978),#6986);
#6978 = ( BOUNDED_CURVE() B_SPLINE_CURVE(2,(#6979,#6980,#6981,#6982,
#6983,#6984,#6985),.UNSPECIFIED.,.T.,.F.) B_SPLINE_CURVE_WITH_KNOTS((1,2
    ,2,2,2,1),(-2.094395102393,0.,2.094395102393,4.188790204786,
6.28318530718,8.377580409573),.UNSPECIFIED.) CURVE() 
GEOMETRIC_REPRESENTATION_ITEM() RATIONAL_B_SPLINE_CURVE((1.,0.5,1.,0.5,
1.,0.5,1.)) REPRESENTATION_ITEM('') );
#6979 = CARTESIAN_POINT('',(31.7,180.));
#6980 = CARTESIAN_POINT('',(31.7,177.05551362713));
#6981 = CARTESIAN_POINT('',(29.15,178.52775681356));
#6982 = CARTESIAN_POINT('',(26.6,180.));
#6983 = CARTESIAN_POINT('',(29.15,181.47224318643));
#6984 = CARTESIAN_POINT('',(31.7,182.94448637286));
#6985 = CARTESIAN_POINT('',(31.7,180.));
#6986 = ( GEOMETRIC_REPRESENTATION_CONTEXT(2) 
PARAMETRIC_REPRESENTATION_CONTEXT() REPRESENTATION_CONTEXT('2D SPACE',''
  ) );
#6987 = PCURVE('',#6988,#6993);
#6988 = CYLINDRICAL_SURFACE('',#6989,1.7);
#6989 = AXIS2_PLACEMENT_3D('',#6990,#6991,#6992);
#6990 = CARTESIAN_POINT('',(-140.,45.,-10.));
#6991 = DIRECTION('',(-0.,-0.,-1.));
#6992 = DIRECTION('',(1.,0.,0.));
#6993 = DEFINITIONAL_REPRESENTATION('',(#6994),#6998);
#6994 = LINE('',#6995,#6996);
#6995 = CARTESIAN_POINT('',(-6.28318530718,-10.));
#6996 = VECTOR('',#6997,1.);
#6997 = DIRECTION('',(1.,-0.));
#6998 = ( GEOMETRIC_REPRESENTATION_CONTEXT(2) 
PARAMETRIC_REPRESENTATION_CONTEXT() REPRESENTATION_CONTEXT('2D SPACE',''
  ) );
#6999 = FACE_BOUND('',#7000,.F.);
#7000 = EDGE_LOOP('',(#7001));
#7001 = ORIENTED_EDGE('',*,*,#7002,.T.);
#7002 = EDGE_CURVE('',#7003,#7003,#7005,.T.);
#7003 = VERTEX_POINT('',#7004);
#7004 = CARTESIAN_POINT('',(-98.3,45.,0.));
#7005 = SURFACE_CURVE('',#7006,(#7011,#7022),.PCURVE_S1.);
#7006 = CIRCLE('',#7007,1.7);
#7007 = AXIS2_PLACEMENT_3D('',#7008,#7009,#7010);
#7008 = CARTESIAN_POINT('',(-100.,45.,0.));
#7009 = DIRECTION('',(0.,0.,-1.));
#7010 = DIRECTION('',(1.,0.,0.));
#7011 = PCURVE('',#6300,#7012);
#7012 = DEFINITIONAL_REPRESENTATION('',(#7013),#7021);
#7013 = ( BOUNDED_CURVE() B_SPLINE_CURVE(2,(#7014,#7015,#7016,#7017,
#7018,#7019,#7020),.UNSPECIFIED.,.T.,.F.) B_SPLINE_CURVE_WITH_KNOTS((1,2
    ,2,2,2,1),(-2.094395102393,0.,2.094395102393,4.188790204786,
6.28318530718,8.377580409573),.UNSPECIFIED.) CURVE() 
GEOMETRIC_REPRESENTATION_ITEM() RATIONAL_B_SPLINE_CURVE((1.,0.5,1.,0.5,
1.,0.5,1.)) REPRESENTATION_ITEM('') );
#7014 = CARTESIAN_POINT('',(71.7,180.));
#7015 = CARTESIAN_POINT('',(71.7,177.05551362713));
#7016 = CARTESIAN_POINT('',(69.15,178.52775681356));
#7017 = CARTESIAN_POINT('',(66.6,180.));
#7018 = CARTESIAN_POINT('',(69.15,181.47224318643));
#7019 = CARTESIAN_POINT('',(71.7,182.94448637286));
#7020 = CARTESIAN_POINT('',(71.7,180.));
#7021 = ( GEOMETRIC_REPRESENTATION_CONTEXT(2) 
PARAMETRIC_REPRESENTATION_CONTEXT() REPRESENTATION_CONTEXT('2D SPACE',''
  ) );
#7022 = PCURVE('',#7023,#7028);
#7023 = CYLINDRICAL_SURFACE('',#7024,1.7);
#7024 = AXIS2_PLACEMENT_3D('',#7025,#7026,#7027);
#7025 = CARTESIAN_POINT('',(-100.,45.,-10.));
#7026 = DIRECTION('',(-0.,-0.,-1.));
#7027 = DIRECTION('',(1.,0.,0.));
#7028 = DEFINITIONAL_REPRESENTATION('',(#7029),#7033);
#7029 = LINE('',#7030,#7031);
#7030 = CARTESIAN_POINT('',(-6.28318530718,-10.));
#7031 = VECTOR('',#7032,1.);
#7032 = DIRECTION('',(1.,-0.));
#7033 = ( GEOMETRIC_REPRESENTATION_CONTEXT(2) 
PARAMETRIC_REPRESENTATION_CONTEXT() REPRESENTATION_CONTEXT('2D SPACE',''
  ) );
#7034 = FACE_BOUND('',#7035,.F.);
#7035 = EDGE_LOOP('',(#7036));
#7036 = ORIENTED_EDGE('',*,*,#7037,.T.);
#7037 = EDGE_CURVE('',#7038,#7038,#7040,.T.);
#7038 = VERTEX_POINT('',#7039);
#7039 = CARTESIAN_POINT('',(-63.75,24.,0.));
#7040 = SURFACE_CURVE('',#7041,(#7046,#7057),.PCURVE_S1.);
#7041 = CIRCLE('',#7042,2.25);
#7042 = AXIS2_PLACEMENT_3D('',#7043,#7044,#7045);
#7043 = CARTESIAN_POINT('',(-66.,24.,0.));
#7044 = DIRECTION('',(0.,0.,-1.));
#7045 = DIRECTION('',(1.,0.,0.));
#7046 = PCURVE('',#6300,#7047);
#7047 = DEFINITIONAL_REPRESENTATION('',(#7048),#7056);
#7048 = ( BOUNDED_CURVE() B_SPLINE_CURVE(2,(#7049,#7050,#7051,#7052,
#7053,#7054,#7055),.UNSPECIFIED.,.T.,.F.) B_SPLINE_CURVE_WITH_KNOTS((1,2
    ,2,2,2,1),(-2.094395102393,0.,2.094395102393,4.188790204786,
6.28318530718,8.377580409573),.UNSPECIFIED.) CURVE() 
GEOMETRIC_REPRESENTATION_ITEM() RATIONAL_B_SPLINE_CURVE((1.,0.5,1.,0.5,
1.,0.5,1.)) REPRESENTATION_ITEM('') );
#7049 = CARTESIAN_POINT('',(106.25,159.));
#7050 = CARTESIAN_POINT('',(106.25,155.10288568297));
#7051 = CARTESIAN_POINT('',(102.875,157.05144284148));
#7052 = CARTESIAN_POINT('',(99.5,159.));
#7053 = CARTESIAN_POINT('',(102.875,160.94855715851));
#7054 = CARTESIAN_POINT('',(106.25,162.89711431703));
#7055 = CARTESIAN_POINT('',(106.25,159.));
#7056 = ( GEOMETRIC_REPRESENTATION_CONTEXT(2) 
PARAMETRIC_REPRESENTATION_CONTEXT() REPRESENTATION_CONTEXT('2D SPACE',''
  ) );
#7057 = PCURVE('',#7058,#7063);
#7058 = CYLINDRICAL_SURFACE('',#7059,2.25);
#7059 = AXIS2_PLACEMENT_3D('',#7060,#7061,#7062);
#7060 = CARTESIAN_POINT('',(-66.,24.,-10.));
#7061 = DIRECTION('',(-0.,-0.,-1.));
#7062 = DIRECTION('',(1.,0.,0.));
#7063 = DEFINITIONAL_REPRESENTATION('',(#7064),#7068);
#7064 = LINE('',#7065,#7066);
#7065 = CARTESIAN_POINT('',(-6.28318530718,-10.));
#7066 = VECTOR('',#7067,1.);
#7067 = DIRECTION('',(1.,-0.));
#7068 = ( GEOMETRIC_REPRESENTATION_CONTEXT(2) 
PARAMETRIC_REPRESENTATION_CONTEXT() REPRESENTATION_CONTEXT('2D SPACE',''
  ) );
#7069 = FACE_BOUND('',#7070,.F.);
#7070 = EDGE_LOOP('',(#7071,#7099,#7132,#7158));
#7071 = ORIENTED_EDGE('',*,*,#7072,.F.);
#7072 = EDGE_CURVE('',#7073,#7075,#7077,.T.);
#7073 = VERTEX_POINT('',#7074);
#7074 = CARTESIAN_POINT('',(-63.,50.,0.));
#7075 = VERTEX_POINT('',#7076);
#7076 = CARTESIAN_POINT('',(-77.,50.,0.));
#7077 = SURFACE_CURVE('',#7078,(#7082,#7088),.PCURVE_S1.);
#7078 = LINE('',#7079,#7080);
#7079 = CARTESIAN_POINT('',(-123.5,50.,0.));
#7080 = VECTOR('',#7081,1.);
#7081 = DIRECTION('',(-1.,0.,0.));
#7082 = PCURVE('',#6300,#7083);
#7083 = DEFINITIONAL_REPRESENTATION('',(#7084),#7087);
#7084 = B_SPLINE_CURVE_WITH_KNOTS('',1,(#7085,#7086),.UNSPECIFIED.,.F.,
  .F.,(2,2),(-60.5,-46.5),.PIECEWISE_BEZIER_KNOTS.);
#7085 = CARTESIAN_POINT('',(107.,185.));
#7086 = CARTESIAN_POINT('',(93.,185.));
#7087 = ( GEOMETRIC_REPRESENTATION_CONTEXT(2) 
PARAMETRIC_REPRESENTATION_CONTEXT() REPRESENTATION_CONTEXT('2D SPACE',''
  ) );
#7088 = PCURVE('',#7089,#7094);
#7089 = PLANE('',#7090);
#7090 = AXIS2_PLACEMENT_3D('',#7091,#7092,#7093);
#7091 = CARTESIAN_POINT('',(-77.,50.,-10.));
#7092 = DIRECTION('',(0.,1.,0.));
#7093 = DIRECTION('',(1.,0.,0.));
#7094 = DEFINITIONAL_REPRESENTATION('',(#7095),#7098);
#7095 = B_SPLINE_CURVE_WITH_KNOTS('',1,(#7096,#7097),.UNSPECIFIED.,.F.,
  .F.,(2,2),(-60.5,-46.5),.PIECEWISE_BEZIER_KNOTS.);
#7096 = CARTESIAN_POINT('',(14.,-10.));
#7097 = CARTESIAN_POINT('',(0.,-10.));
#7098 = ( GEOMETRIC_REPRESENTATION_CONTEXT(2) 
PARAMETRIC_REPRESENTATION_CONTEXT() REPRESENTATION_CONTEXT('2D SPACE',''
  ) );
#7099 = ORIENTED_EDGE('',*,*,#7100,.T.);
#7100 = EDGE_CURVE('',#7073,#7101,#7103,.T.);
#7101 = VERTEX_POINT('',#7102);
#7102 = CARTESIAN_POINT('',(-63.,46.,0.));
#7103 = SURFACE_CURVE('',#7104,(#7109,#7120),.PCURVE_S1.);
#7104 = CIRCLE('',#7105,2.);
#7105 = AXIS2_PLACEMENT_3D('',#7106,#7107,#7108);
#7106 = CARTESIAN_POINT('',(-63.,48.,0.));
#7107 = DIRECTION('',(0.,0.,-1.));
#7108 = DIRECTION('',(0.,1.,0.));
#7109 = PCURVE('',#6300,#7110);
#7110 = DEFINITIONAL_REPRESENTATION('',(#7111),#7119);
#7111 = ( BOUNDED_CURVE() B_SPLINE_CURVE(2,(#7112,#7113,#7114,#7115,
#7116,#7117,#7118),.UNSPECIFIED.,.T.,.F.) B_SPLINE_CURVE_WITH_KNOTS((1,2
    ,2,2,2,1),(-2.094395102393,0.,2.094395102393,4.188790204786,
6.28318530718,8.377580409573),.UNSPECIFIED.) CURVE() 
GEOMETRIC_REPRESENTATION_ITEM() RATIONAL_B_SPLINE_CURVE((1.,0.5,1.,0.5,
1.,0.5,1.)) REPRESENTATION_ITEM('') );
#7112 = CARTESIAN_POINT('',(107.,185.));
#7113 = CARTESIAN_POINT('',(110.46410161513,185.));
#7114 = CARTESIAN_POINT('',(108.73205080756,182.));
#7115 = CARTESIAN_POINT('',(107.,179.));
#7116 = CARTESIAN_POINT('',(105.26794919243,182.));
#7117 = CARTESIAN_POINT('',(103.53589838486,185.));
#7118 = CARTESIAN_POINT('',(107.,185.));
#7119 = ( GEOMETRIC_REPRESENTATION_CONTEXT(2) 
PARAMETRIC_REPRESENTATION_CONTEXT() REPRESENTATION_CONTEXT('2D SPACE',''
  ) );
#7120 = PCURVE('',#7121,#7126);
#7121 = CYLINDRICAL_SURFACE('',#7122,2.);
#7122 = AXIS2_PLACEMENT_3D('',#7123,#7124,#7125);
#7123 = CARTESIAN_POINT('',(-63.,48.,-10.));
#7124 = DIRECTION('',(0.,0.,-1.));
#7125 = DIRECTION('',(0.,1.,0.));
#7126 = DEFINITIONAL_REPRESENTATION('',(#7127),#7131);
#7127 = LINE('',#7128,#7129);
#7128 = CARTESIAN_POINT('',(0.,-10.));
#7129 = VECTOR('',#7130,1.);
#7130 = DIRECTION('',(1.,0.));
#7131 = ( GEOMETRIC_REPRESENTATION_CONTEXT(2) 
PARAMETRIC_REPRESENTATION_CONTEXT() REPRESENTATION_CONTEXT('2D SPACE',''
  ) );
#7132 = ORIENTED_EDGE('',*,*,#7133,.F.);
#7133 = EDGE_CURVE('',#7134,#7101,#7136,.T.);
#7134 = VERTEX_POINT('',#7135);
#7135 = CARTESIAN_POINT('',(-77.,46.,0.));
#7136 = SURFACE_CURVE('',#7137,(#7141,#7147),.PCURVE_S1.);
#7137 = LINE('',#7138,#7139);
#7138 = CARTESIAN_POINT('',(-116.5,46.,0.));
#7139 = VECTOR('',#7140,1.);
#7140 = DIRECTION('',(1.,0.,-0.));
#7141 = PCURVE('',#6300,#7142);
#7142 = DEFINITIONAL_REPRESENTATION('',(#7143),#7146);
#7143 = B_SPLINE_CURVE_WITH_KNOTS('',1,(#7144,#7145),.UNSPECIFIED.,.F.,
  .F.,(2,2),(39.5,53.5),.PIECEWISE_BEZIER_KNOTS.);
#7144 = CARTESIAN_POINT('',(93.,181.));
#7145 = CARTESIAN_POINT('',(107.,181.));
#7146 = ( GEOMETRIC_REPRESENTATION_CONTEXT(2) 
PARAMETRIC_REPRESENTATION_CONTEXT() REPRESENTATION_CONTEXT('2D SPACE',''
  ) );
#7147 = PCURVE('',#7148,#7153);
#7148 = PLANE('',#7149);
#7149 = AXIS2_PLACEMENT_3D('',#7150,#7151,#7152);
#7150 = CARTESIAN_POINT('',(-63.,46.,-10.));
#7151 = DIRECTION('',(0.,-1.,0.));
#7152 = DIRECTION('',(-1.,0.,0.));
#7153 = DEFINITIONAL_REPRESENTATION('',(#7154),#7157);
#7154 = B_SPLINE_CURVE_WITH_KNOTS('',1,(#7155,#7156),.UNSPECIFIED.,.F.,
  .F.,(2,2),(39.5,53.5),.PIECEWISE_BEZIER_KNOTS.);
#7155 = CARTESIAN_POINT('',(14.,-10.));
#7156 = CARTESIAN_POINT('',(0.,-10.));
#7157 = ( GEOMETRIC_REPRESENTATION_CONTEXT(2) 
PARAMETRIC_REPRESENTATION_CONTEXT() REPRESENTATION_CONTEXT('2D SPACE',''
  ) );
#7158 = ORIENTED_EDGE('',*,*,#7159,.T.);
#7159 = EDGE_CURVE('',#7134,#7075,#7160,.T.);
#7160 = SURFACE_CURVE('',#7161,(#7166,#7177),.PCURVE_S1.);
#7161 = CIRCLE('',#7162,2.);
#7162 = AXIS2_PLACEMENT_3D('',#7163,#7164,#7165);
#7163 = CARTESIAN_POINT('',(-77.,48.,0.));
#7164 = DIRECTION('',(0.,-0.,-1.));
#7165 = DIRECTION('',(0.,-1.,0.));
#7166 = PCURVE('',#6300,#7167);
#7167 = DEFINITIONAL_REPRESENTATION('',(#7168),#7176);
#7168 = ( BOUNDED_CURVE() B_SPLINE_CURVE(2,(#7169,#7170,#7171,#7172,
#7173,#7174,#7175),.UNSPECIFIED.,.T.,.F.) B_SPLINE_CURVE_WITH_KNOTS((1,2
    ,2,2,2,1),(-2.094395102393,0.,2.094395102393,4.188790204786,
6.28318530718,8.377580409573),.UNSPECIFIED.) CURVE() 
GEOMETRIC_REPRESENTATION_ITEM() RATIONAL_B_SPLINE_CURVE((1.,0.5,1.,0.5,
1.,0.5,1.)) REPRESENTATION_ITEM('') );
#7169 = CARTESIAN_POINT('',(93.,181.));
#7170 = CARTESIAN_POINT('',(89.535898384862,181.));
#7171 = CARTESIAN_POINT('',(91.267949192431,184.));
#7172 = CARTESIAN_POINT('',(93.,187.));
#7173 = CARTESIAN_POINT('',(94.732050807569,184.));
#7174 = CARTESIAN_POINT('',(96.464101615138,181.));
#7175 = CARTESIAN_POINT('',(93.,181.));
#7176 = ( GEOMETRIC_REPRESENTATION_CONTEXT(2) 
PARAMETRIC_REPRESENTATION_CONTEXT() REPRESENTATION_CONTEXT('2D SPACE',''
  ) );
#7177 = PCURVE('',#7178,#7183);
#7178 = CYLINDRICAL_SURFACE('',#7179,2.);
#7179 = AXIS2_PLACEMENT_3D('',#7180,#7181,#7182);
#7180 = CARTESIAN_POINT('',(-77.,48.,-10.));
#7181 = DIRECTION('',(0.,-0.,-1.));
#7182 = DIRECTION('',(0.,-1.,0.));
#7183 = DEFINITIONAL_REPRESENTATION('',(#7184),#7188);
#7184 = LINE('',#7185,#7186);
#7185 = CARTESIAN_POINT('',(0.,-10.));
#7186 = VECTOR('',#7187,1.);
#7187 = DIRECTION('',(1.,0.));
#7188 = ( GEOMETRIC_REPRESENTATION_CONTEXT(2) 
PARAMETRIC_REPRESENTATION_CONTEXT() REPRESENTATION_CONTEXT('2D SPACE',''
  ) );
#7189 = FACE_BOUND('',#7190,.F.);
#7190 = EDGE_LOOP('',(#7191));
#7191 = ORIENTED_EDGE('',*,*,#7192,.T.);
#7192 = EDGE_CURVE('',#7193,#7193,#7195,.T.);
#7193 = VERTEX_POINT('',#7194);
#7194 = CARTESIAN_POINT('',(-58.3,45.,0.));
#7195 = SURFACE_CURVE('',#7196,(#7201,#7212),.PCURVE_S1.);
#7196 = CIRCLE('',#7197,1.7);
#7197 = AXIS2_PLACEMENT_3D('',#7198,#7199,#7200);
#7198 = CARTESIAN_POINT('',(-60.,45.,0.));
#7199 = DIRECTION('',(0.,0.,-1.));
#7200 = DIRECTION('',(1.,0.,0.));
#7201 = PCURVE('',#6300,#7202);
#7202 = DEFINITIONAL_REPRESENTATION('',(#7203),#7211);
#7203 = ( BOUNDED_CURVE() B_SPLINE_CURVE(2,(#7204,#7205,#7206,#7207,
#7208,#7209,#7210),.UNSPECIFIED.,.T.,.F.) B_SPLINE_CURVE_WITH_KNOTS((1,2
    ,2,2,2,1),(-2.094395102393,0.,2.094395102393,4.188790204786,
6.28318530718,8.377580409573),.UNSPECIFIED.) CURVE() 
GEOMETRIC_REPRESENTATION_ITEM() RATIONAL_B_SPLINE_CURVE((1.,0.5,1.,0.5,
1.,0.5,1.)) REPRESENTATION_ITEM('') );
#7204 = CARTESIAN_POINT('',(111.7,180.));
#7205 = CARTESIAN_POINT('',(111.7,177.05551362713));
#7206 = CARTESIAN_POINT('',(109.15,178.52775681356));
#7207 = CARTESIAN_POINT('',(106.6,180.));
#7208 = CARTESIAN_POINT('',(109.15,181.47224318643));
#7209 = CARTESIAN_POINT('',(111.7,182.94448637286));
#7210 = CARTESIAN_POINT('',(111.7,180.));
#7211 = ( GEOMETRIC_REPRESENTATION_CONTEXT(2) 
PARAMETRIC_REPRESENTATION_CONTEXT() REPRESENTATION_CONTEXT('2D SPACE',''
  ) );
#7212 = PCURVE('',#7213,#7218);
#7213 = CYLINDRICAL_SURFACE('',#7214,1.7);
#7214 = AXIS2_PLACEMENT_3D('',#7215,#7216,#7217);
#7215 = CARTESIAN_POINT('',(-60.,45.,-10.));
#7216 = DIRECTION('',(-0.,-0.,-1.));
#7217 = DIRECTION('',(1.,0.,0.));
#7218 = DEFINITIONAL_REPRESENTATION('',(#7219),#7223);
#7219 = LINE('',#7220,#7221);
#7220 = CARTESIAN_POINT('',(-6.28318530718,-10.));
#7221 = VECTOR('',#7222,1.);
#7222 = DIRECTION('',(1.,-0.));
#7223 = ( GEOMETRIC_REPRESENTATION_CONTEXT(2) 
PARAMETRIC_REPRESENTATION_CONTEXT() REPRESENTATION_CONTEXT('2D SPACE',''
  ) );
#7224 = FACE_BOUND('',#7225,.F.);
#7225 = EDGE_LOOP('',(#7226));
#7226 = ORIENTED_EDGE('',*,*,#7227,.T.);
#7227 = EDGE_CURVE('',#7228,#7228,#7230,.T.);
#7228 = VERTEX_POINT('',#7229);
#7229 = CARTESIAN_POINT('',(-122.75,72.,0.));
#7230 = SURFACE_CURVE('',#7231,(#7236,#7247),.PCURVE_S1.);
#7231 = CIRCLE('',#7232,2.25);
#7232 = AXIS2_PLACEMENT_3D('',#7233,#7234,#7235);
#7233 = CARTESIAN_POINT('',(-125.,72.,0.));
#7234 = DIRECTION('',(0.,0.,-1.));
#7235 = DIRECTION('',(1.,0.,0.));
#7236 = PCURVE('',#6300,#7237);
#7237 = DEFINITIONAL_REPRESENTATION('',(#7238),#7246);
#7238 = ( BOUNDED_CURVE() B_SPLINE_CURVE(2,(#7239,#7240,#7241,#7242,
#7243,#7244,#7245),.UNSPECIFIED.,.T.,.F.) B_SPLINE_CURVE_WITH_KNOTS((1,2
    ,2,2,2,1),(-2.094395102393,0.,2.094395102393,4.188790204786,
6.28318530718,8.377580409573),.UNSPECIFIED.) CURVE() 
GEOMETRIC_REPRESENTATION_ITEM() RATIONAL_B_SPLINE_CURVE((1.,0.5,1.,0.5,
1.,0.5,1.)) REPRESENTATION_ITEM('') );
#7239 = CARTESIAN_POINT('',(47.25,207.));
#7240 = CARTESIAN_POINT('',(47.25,203.10288568297));
#7241 = CARTESIAN_POINT('',(43.875,205.05144284148));
#7242 = CARTESIAN_POINT('',(40.5,207.));
#7243 = CARTESIAN_POINT('',(43.875,208.94855715851));
#7244 = CARTESIAN_POINT('',(47.25,210.89711431703));
#7245 = CARTESIAN_POINT('',(47.25,207.));
#7246 = ( GEOMETRIC_REPRESENTATION_CONTEXT(2) 
PARAMETRIC_REPRESENTATION_CONTEXT() REPRESENTATION_CONTEXT('2D SPACE',''
  ) );
#7247 = PCURVE('',#7248,#7253);
#7248 = CYLINDRICAL_SURFACE('',#7249,2.25);
#7249 = AXIS2_PLACEMENT_3D('',#7250,#7251,#7252);
#7250 = CARTESIAN_POINT('',(-125.,72.,-10.));
#7251 = DIRECTION('',(-0.,-0.,-1.));
#7252 = DIRECTION('',(1.,0.,0.));
#7253 = DEFINITIONAL_REPRESENTATION('',(#7254),#7258);
#7254 = LINE('',#7255,#7256);
#7255 = CARTESIAN_POINT('',(-6.28318530718,-10.));
#7256 = VECTOR('',#7257,1.);
#7257 = DIRECTION('',(1.,-0.));
#7258 = ( GEOMETRIC_REPRESENTATION_CONTEXT(2) 
PARAMETRIC_REPRESENTATION_CONTEXT() REPRESENTATION_CONTEXT('2D SPACE',''
  ) );
#7259 = FACE_BOUND('',#7260,.F.);
#7260 = EDGE_LOOP('',(#7261));
#7261 = ORIENTED_EDGE('',*,*,#7262,.T.);
#7262 = EDGE_CURVE('',#7263,#7263,#7265,.T.);
#7263 = VERTEX_POINT('',#7264);
#7264 = CARTESIAN_POINT('',(-138.3,90.,0.));
#7265 = SURFACE_CURVE('',#7266,(#7271,#7282),.PCURVE_S1.);
#7266 = CIRCLE('',#7267,1.7);
#7267 = AXIS2_PLACEMENT_3D('',#7268,#7269,#7270);
#7268 = CARTESIAN_POINT('',(-140.,90.,0.));
#7269 = DIRECTION('',(0.,0.,-1.));
#7270 = DIRECTION('',(1.,0.,0.));
#7271 = PCURVE('',#6300,#7272);
#7272 = DEFINITIONAL_REPRESENTATION('',(#7273),#7281);
#7273 = ( BOUNDED_CURVE() B_SPLINE_CURVE(2,(#7274,#7275,#7276,#7277,
#7278,#7279,#7280),.UNSPECIFIED.,.T.,.F.) B_SPLINE_CURVE_WITH_KNOTS((1,2
    ,2,2,2,1),(-2.094395102393,0.,2.094395102393,4.188790204786,
6.28318530718,8.377580409573),.UNSPECIFIED.) CURVE() 
GEOMETRIC_REPRESENTATION_ITEM() RATIONAL_B_SPLINE_CURVE((1.,0.5,1.,0.5,
1.,0.5,1.)) REPRESENTATION_ITEM('') );
#7274 = CARTESIAN_POINT('',(31.7,225.));
#7275 = CARTESIAN_POINT('',(31.7,222.05551362713));
#7276 = CARTESIAN_POINT('',(29.15,223.52775681356));
#7277 = CARTESIAN_POINT('',(26.6,225.));
#7278 = CARTESIAN_POINT('',(29.15,226.47224318643));
#7279 = CARTESIAN_POINT('',(31.7,227.94448637286));
#7280 = CARTESIAN_POINT('',(31.7,225.));
#7281 = ( GEOMETRIC_REPRESENTATION_CONTEXT(2) 
PARAMETRIC_REPRESENTATION_CONTEXT() REPRESENTATION_CONTEXT('2D SPACE',''
  ) );
#7282 = PCURVE('',#7283,#7288);
#7283 = CYLINDRICAL_SURFACE('',#7284,1.7);
#7284 = AXIS2_PLACEMENT_3D('',#7285,#7286,#7287);
#7285 = CARTESIAN_POINT('',(-140.,90.,-10.));
#7286 = DIRECTION('',(-0.,-0.,-1.));
#7287 = DIRECTION('',(1.,0.,0.));
#7288 = DEFINITIONAL_REPRESENTATION('',(#7289),#7293);
#7289 = LINE('',#7290,#7291);
#7290 = CARTESIAN_POINT('',(-6.28318530718,-10.));
#7291 = VECTOR('',#7292,1.);
#7292 = DIRECTION('',(1.,-0.));
#7293 = ( GEOMETRIC_REPRESENTATION_CONTEXT(2) 
PARAMETRIC_REPRESENTATION_CONTEXT() REPRESENTATION_CONTEXT('2D SPACE',''
  ) );
#7294 = FACE_BOUND('',#7295,.F.);
#7295 = EDGE_LOOP('',(#7296));
#7296 = ORIENTED_EDGE('',*,*,#7297,.T.);
#7297 = EDGE_CURVE('',#7298,#7298,#7300,.T.);
#7298 = VERTEX_POINT('',#7299);
#7299 = CARTESIAN_POINT('',(-98.3,90.,0.));
#7300 = SURFACE_CURVE('',#7301,(#7306,#7317),.PCURVE_S1.);
#7301 = CIRCLE('',#7302,1.7);
#7302 = AXIS2_PLACEMENT_3D('',#7303,#7304,#7305);
#7303 = CARTESIAN_POINT('',(-100.,90.,0.));
#7304 = DIRECTION('',(0.,0.,-1.));
#7305 = DIRECTION('',(1.,0.,0.));
#7306 = PCURVE('',#6300,#7307);
#7307 = DEFINITIONAL_REPRESENTATION('',(#7308),#7316);
#7308 = ( BOUNDED_CURVE() B_SPLINE_CURVE(2,(#7309,#7310,#7311,#7312,
#7313,#7314,#7315),.UNSPECIFIED.,.T.,.F.) B_SPLINE_CURVE_WITH_KNOTS((1,2
    ,2,2,2,1),(-2.094395102393,0.,2.094395102393,4.188790204786,
6.28318530718,8.377580409573),.UNSPECIFIED.) CURVE() 
GEOMETRIC_REPRESENTATION_ITEM() RATIONAL_B_SPLINE_CURVE((1.,0.5,1.,0.5,
1.,0.5,1.)) REPRESENTATION_ITEM('') );
#7309 = CARTESIAN_POINT('',(71.7,225.));
#7310 = CARTESIAN_POINT('',(71.7,222.05551362713));
#7311 = CARTESIAN_POINT('',(69.15,223.52775681356));
#7312 = CARTESIAN_POINT('',(66.6,225.));
#7313 = CARTESIAN_POINT('',(69.15,226.47224318643));
#7314 = CARTESIAN_POINT('',(71.7,227.94448637286));
#7315 = CARTESIAN_POINT('',(71.7,225.));
#7316 = ( GEOMETRIC_REPRESENTATION_CONTEXT(2) 
PARAMETRIC_REPRESENTATION_CONTEXT() REPRESENTATION_CONTEXT('2D SPACE',''
  ) );
#7317 = PCURVE('',#7318,#7323);
#7318 = CYLINDRICAL_SURFACE('',#7319,1.7);
#7319 = AXIS2_PLACEMENT_3D('',#7320,#7321,#7322);
#7320 = CARTESIAN_POINT('',(-100.,90.,-10.));
#7321 = DIRECTION('',(-0.,-0.,-1.));
#7322 = DIRECTION('',(1.,0.,0.));
#7323 = DEFINITIONAL_REPRESENTATION('',(#7324),#7328);
#7324 = LINE('',#7325,#7326);
#7325 = CARTESIAN_POINT('',(-6.28318530718,-10.));
#7326 = VECTOR('',#7327,1.);
#7327 = DIRECTION('',(1.,-0.));
#7328 = ( GEOMETRIC_REPRESENTATION_CONTEXT(2) 
PARAMETRIC_REPRESENTATION_CONTEXT() REPRESENTATION_CONTEXT('2D SPACE',''
  ) );
#7329 = FACE_BOUND('',#7330,.F.);
#7330 = EDGE_LOOP('',(#7331));
#7331 = ORIENTED_EDGE('',*,*,#7332,.T.);
#7332 = EDGE_CURVE('',#7333,#7333,#7335,.T.);
#7333 = VERTEX_POINT('',#7334);
#7334 = CARTESIAN_POINT('',(-21.75,61.,0.));
#7335 = SURFACE_CURVE('',#7336,(#7341,#7352),.PCURVE_S1.);
#7336 = CIRCLE('',#7337,2.25);
#7337 = AXIS2_PLACEMENT_3D('',#7338,#7339,#7340);
#7338 = CARTESIAN_POINT('',(-24.,61.,0.));
#7339 = DIRECTION('',(0.,0.,-1.));
#7340 = DIRECTION('',(1.,0.,0.));
#7341 = PCURVE('',#6300,#7342);
#7342 = DEFINITIONAL_REPRESENTATION('',(#7343),#7351);
#7343 = ( BOUNDED_CURVE() B_SPLINE_CURVE(2,(#7344,#7345,#7346,#7347,
#7348,#7349,#7350),.UNSPECIFIED.,.T.,.F.) B_SPLINE_CURVE_WITH_KNOTS((1,2
    ,2,2,2,1),(-2.094395102393,0.,2.094395102393,4.188790204786,
6.28318530718,8.377580409573),.UNSPECIFIED.) CURVE() 
GEOMETRIC_REPRESENTATION_ITEM() RATIONAL_B_SPLINE_CURVE((1.,0.5,1.,0.5,
1.,0.5,1.)) REPRESENTATION_ITEM('') );
#7344 = CARTESIAN_POINT('',(148.25,196.));
#7345 = CARTESIAN_POINT('',(148.25,192.10288568297));
#7346 = CARTESIAN_POINT('',(144.875,194.05144284148));
#7347 = CARTESIAN_POINT('',(141.5,196.));
#7348 = CARTESIAN_POINT('',(144.875,197.94855715851));
#7349 = CARTESIAN_POINT('',(148.25,199.89711431703));
#7350 = CARTESIAN_POINT('',(148.25,196.));
#7351 = ( GEOMETRIC_REPRESENTATION_CONTEXT(2) 
PARAMETRIC_REPRESENTATION_CONTEXT() REPRESENTATION_CONTEXT('2D SPACE',''
  ) );
#7352 = PCURVE('',#7353,#7358);
#7353 = CYLINDRICAL_SURFACE('',#7354,2.25);
#7354 = AXIS2_PLACEMENT_3D('',#7355,#7356,#7357);
#7355 = CARTESIAN_POINT('',(-24.,61.,-10.));
#7356 = DIRECTION('',(-0.,-0.,-1.));
#7357 = DIRECTION('',(1.,0.,0.));
#7358 = DEFINITIONAL_REPRESENTATION('',(#7359),#7363);
#7359 = LINE('',#7360,#7361);
#7360 = CARTESIAN_POINT('',(-6.28318530718,-10.));
#7361 = VECTOR('',#7362,1.);
#7362 = DIRECTION('',(1.,-0.));
#7363 = ( GEOMETRIC_REPRESENTATION_CONTEXT(2) 
PARAMETRIC_REPRESENTATION_CONTEXT() REPRESENTATION_CONTEXT('2D SPACE',''
  ) );
#7364 = FACE_BOUND('',#7365,.F.);
#7365 = EDGE_LOOP('',(#7366));
#7366 = ORIENTED_EDGE('',*,*,#7367,.T.);
#7367 = EDGE_CURVE('',#7368,#7368,#7370,.T.);
#7368 = VERTEX_POINT('',#7369);
#7369 = CARTESIAN_POINT('',(-21.75,79.,0.));
#7370 = SURFACE_CURVE('',#7371,(#7376,#7387),.PCURVE_S1.);
#7371 = CIRCLE('',#7372,2.25);
#7372 = AXIS2_PLACEMENT_3D('',#7373,#7374,#7375);
#7373 = CARTESIAN_POINT('',(-24.,79.,0.));
#7374 = DIRECTION('',(0.,0.,-1.));
#7375 = DIRECTION('',(1.,0.,0.));
#7376 = PCURVE('',#6300,#7377);
#7377 = DEFINITIONAL_REPRESENTATION('',(#7378),#7386);
#7378 = ( BOUNDED_CURVE() B_SPLINE_CURVE(2,(#7379,#7380,#7381,#7382,
#7383,#7384,#7385),.UNSPECIFIED.,.T.,.F.) B_SPLINE_CURVE_WITH_KNOTS((1,2
    ,2,2,2,1),(-2.094395102393,0.,2.094395102393,4.188790204786,
6.28318530718,8.377580409573),.UNSPECIFIED.) CURVE() 
GEOMETRIC_REPRESENTATION_ITEM() RATIONAL_B_SPLINE_CURVE((1.,0.5,1.,0.5,
1.,0.5,1.)) REPRESENTATION_ITEM('') );
#7379 = CARTESIAN_POINT('',(148.25,214.));
#7380 = CARTESIAN_POINT('',(148.25,210.10288568297));
#7381 = CARTESIAN_POINT('',(144.875,212.05144284148));
#7382 = CARTESIAN_POINT('',(141.5,214.));
#7383 = CARTESIAN_POINT('',(144.875,215.94855715851));
#7384 = CARTESIAN_POINT('',(148.25,217.89711431703));
#7385 = CARTESIAN_POINT('',(148.25,214.));
#7386 = ( GEOMETRIC_REPRESENTATION_CONTEXT(2) 
PARAMETRIC_REPRESENTATION_CONTEXT() REPRESENTATION_CONTEXT('2D SPACE',''
  ) );
#7387 = PCURVE('',#7388,#7393);
#7388 = CYLINDRICAL_SURFACE('',#7389,2.25);
#7389 = AXIS2_PLACEMENT_3D('',#7390,#7391,#7392);
#7390 = CARTESIAN_POINT('',(-24.,79.,-10.));
#7391 = DIRECTION('',(-0.,-0.,-1.));
#7392 = DIRECTION('',(1.,0.,0.));
#7393 = DEFINITIONAL_REPRESENTATION('',(#7394),#7398);
#7394 = LINE('',#7395,#7396);
#7395 = CARTESIAN_POINT('',(-6.28318530718,-10.));
#7396 = VECTOR('',#7397,1.);
#7397 = DIRECTION('',(1.,-0.));
#7398 = ( GEOMETRIC_REPRESENTATION_CONTEXT(2) 
PARAMETRIC_REPRESENTATION_CONTEXT() REPRESENTATION_CONTEXT('2D SPACE',''
  ) );
#7399 = FACE_BOUND('',#7400,.F.);
#7400 = EDGE_LOOP('',(#7401));
#7401 = ORIENTED_EDGE('',*,*,#7402,.T.);
#7402 = EDGE_CURVE('',#7403,#7403,#7405,.T.);
#7403 = VERTEX_POINT('',#7404);
#7404 = CARTESIAN_POINT('',(-58.3,90.,0.));
#7405 = SURFACE_CURVE('',#7406,(#7411,#7422),.PCURVE_S1.);
#7406 = CIRCLE('',#7407,1.7);
#7407 = AXIS2_PLACEMENT_3D('',#7408,#7409,#7410);
#7408 = CARTESIAN_POINT('',(-60.,90.,0.));
#7409 = DIRECTION('',(0.,0.,-1.));
#7410 = DIRECTION('',(1.,0.,0.));
#7411 = PCURVE('',#6300,#7412);
#7412 = DEFINITIONAL_REPRESENTATION('',(#7413),#7421);
#7413 = ( BOUNDED_CURVE() B_SPLINE_CURVE(2,(#7414,#7415,#7416,#7417,
#7418,#7419,#7420),.UNSPECIFIED.,.T.,.F.) B_SPLINE_CURVE_WITH_KNOTS((1,2
    ,2,2,2,1),(-2.094395102393,0.,2.094395102393,4.188790204786,
6.28318530718,8.377580409573),.UNSPECIFIED.) CURVE() 
GEOMETRIC_REPRESENTATION_ITEM() RATIONAL_B_SPLINE_CURVE((1.,0.5,1.,0.5,
1.,0.5,1.)) REPRESENTATION_ITEM('') );
#7414 = CARTESIAN_POINT('',(111.7,225.));
#7415 = CARTESIAN_POINT('',(111.7,222.05551362713));
#7416 = CARTESIAN_POINT('',(109.15,223.52775681356));
#7417 = CARTESIAN_POINT('',(106.6,225.));
#7418 = CARTESIAN_POINT('',(109.15,226.47224318643));
#7419 = CARTESIAN_POINT('',(111.7,227.94448637286));
#7420 = CARTESIAN_POINT('',(111.7,225.));
#7421 = ( GEOMETRIC_REPRESENTATION_CONTEXT(2) 
PARAMETRIC_REPRESENTATION_CONTEXT() REPRESENTATION_CONTEXT('2D SPACE',''
  ) );
#7422 = PCURVE('',#7423,#7428);
#7423 = CYLINDRICAL_SURFACE('',#7424,1.7);
#7424 = AXIS2_PLACEMENT_3D('',#7425,#7426,#7427);
#7425 = CARTESIAN_POINT('',(-60.,90.,-10.));
#7426 = DIRECTION('',(-0.,-0.,-1.));
#7427 = DIRECTION('',(1.,0.,0.));
#7428 = DEFINITIONAL_REPRESENTATION('',(#7429),#7433);
#7429 = LINE('',#7430,#7431);
#7430 = CARTESIAN_POINT('',(-6.28318530718,-10.));
#7431 = VECTOR('',#7432,1.);
#7432 = DIRECTION('',(1.,-0.));
#7433 = ( GEOMETRIC_REPRESENTATION_CONTEXT(2) 
PARAMETRIC_REPRESENTATION_CONTEXT() REPRESENTATION_CONTEXT('2D SPACE',''
  ) );
#7434 = FACE_BOUND('',#7435,.F.);
#7435 = EDGE_LOOP('',(#7436,#7464,#7497,#7523));
#7436 = ORIENTED_EDGE('',*,*,#7437,.F.);
#7437 = EDGE_CURVE('',#7438,#7440,#7442,.T.);
#7438 = VERTEX_POINT('',#7439);
#7439 = CARTESIAN_POINT('',(-8.25,114.25,0.));
#7440 = VERTEX_POINT('',#7441);
#7441 = CARTESIAN_POINT('',(-31.75,114.25,0.));
#7442 = SURFACE_CURVE('',#7443,(#7447,#7453),.PCURVE_S1.);
#7443 = LINE('',#7444,#7445);
#7444 = CARTESIAN_POINT('',(-100.875,114.25,0.));
#7445 = VECTOR('',#7446,1.);
#7446 = DIRECTION('',(-1.,0.,0.));
#7447 = PCURVE('',#6300,#7448);
#7448 = DEFINITIONAL_REPRESENTATION('',(#7449),#7452);
#7449 = B_SPLINE_CURVE_WITH_KNOTS('',1,(#7450,#7451),.UNSPECIFIED.,.F.,
  .F.,(2,2),(-92.625,-69.125),.PIECEWISE_BEZIER_KNOTS.);
#7450 = CARTESIAN_POINT('',(161.75,249.25));
#7451 = CARTESIAN_POINT('',(138.25,249.25));
#7452 = ( GEOMETRIC_REPRESENTATION_CONTEXT(2) 
PARAMETRIC_REPRESENTATION_CONTEXT() REPRESENTATION_CONTEXT('2D SPACE',''
  ) );
#7453 = PCURVE('',#7454,#7459);
#7454 = PLANE('',#7455);
#7455 = AXIS2_PLACEMENT_3D('',#7456,#7457,#7458);
#7456 = CARTESIAN_POINT('',(-31.75,114.25,-10.));
#7457 = DIRECTION('',(0.,1.,0.));
#7458 = DIRECTION('',(1.,0.,0.));
#7459 = DEFINITIONAL_REPRESENTATION('',(#7460),#7463);
#7460 = B_SPLINE_CURVE_WITH_KNOTS('',1,(#7461,#7462),.UNSPECIFIED.,.F.,
  .F.,(2,2),(-92.625,-69.125),.PIECEWISE_BEZIER_KNOTS.);
#7461 = CARTESIAN_POINT('',(23.5,-10.));
#7462 = CARTESIAN_POINT('',(0.,-10.));
#7463 = ( GEOMETRIC_REPRESENTATION_CONTEXT(2) 
PARAMETRIC_REPRESENTATION_CONTEXT() REPRESENTATION_CONTEXT('2D SPACE',''
  ) );
#7464 = ORIENTED_EDGE('',*,*,#7465,.T.);
#7465 = EDGE_CURVE('',#7438,#7466,#7468,.T.);
#7466 = VERTEX_POINT('',#7467);
#7467 = CARTESIAN_POINT('',(-8.25,109.75,0.));
#7468 = SURFACE_CURVE('',#7469,(#7474,#7485),.PCURVE_S1.);
#7469 = CIRCLE('',#7470,2.25);
#7470 = AXIS2_PLACEMENT_3D('',#7471,#7472,#7473);
#7471 = CARTESIAN_POINT('',(-8.25,112.,0.));
#7472 = DIRECTION('',(0.,0.,-1.));
#7473 = DIRECTION('',(0.,1.,0.));
#7474 = PCURVE('',#6300,#7475);
#7475 = DEFINITIONAL_REPRESENTATION('',(#7476),#7484);
#7476 = ( BOUNDED_CURVE() B_SPLINE_CURVE(2,(#7477,#7478,#7479,#7480,
#7481,#7482,#7483),.UNSPECIFIED.,.T.,.F.) B_SPLINE_CURVE_WITH_KNOTS((1,2
    ,2,2,2,1),(-2.094395102393,0.,2.094395102393,4.188790204786,
6.28318530718,8.377580409573),.UNSPECIFIED.) CURVE() 
GEOMETRIC_REPRESENTATION_ITEM() RATIONAL_B_SPLINE_CURVE((1.,0.5,1.,0.5,
1.,0.5,1.)) REPRESENTATION_ITEM('') );
#7477 = CARTESIAN_POINT('',(161.75,249.25));
#7478 = CARTESIAN_POINT('',(165.64711431703,249.25));
#7479 = CARTESIAN_POINT('',(163.69855715851,245.875));
#7480 = CARTESIAN_POINT('',(161.75,242.5));
#7481 = CARTESIAN_POINT('',(159.80144284148,245.875));
#7482 = CARTESIAN_POINT('',(157.85288568297,249.25));
#7483 = CARTESIAN_POINT('',(161.75,249.25));
#7484 = ( GEOMETRIC_REPRESENTATION_CONTEXT(2) 
PARAMETRIC_REPRESENTATION_CONTEXT() REPRESENTATION_CONTEXT('2D SPACE',''
  ) );
#7485 = PCURVE('',#7486,#7491);
#7486 = CYLINDRICAL_SURFACE('',#7487,2.25);
#7487 = AXIS2_PLACEMENT_3D('',#7488,#7489,#7490);
#7488 = CARTESIAN_POINT('',(-8.25,112.,-10.));
#7489 = DIRECTION('',(0.,0.,-1.));
#7490 = DIRECTION('',(0.,1.,0.));
#7491 = DEFINITIONAL_REPRESENTATION('',(#7492),#7496);
#7492 = LINE('',#7493,#7494);
#7493 = CARTESIAN_POINT('',(0.,-10.));
#7494 = VECTOR('',#7495,1.);
#7495 = DIRECTION('',(1.,0.));
#7496 = ( GEOMETRIC_REPRESENTATION_CONTEXT(2) 
PARAMETRIC_REPRESENTATION_CONTEXT() REPRESENTATION_CONTEXT('2D SPACE',''
  ) );
#7497 = ORIENTED_EDGE('',*,*,#7498,.F.);
#7498 = EDGE_CURVE('',#7499,#7466,#7501,.T.);
#7499 = VERTEX_POINT('',#7500);
#7500 = CARTESIAN_POINT('',(-31.75,109.75,0.));
#7501 = SURFACE_CURVE('',#7502,(#7506,#7512),.PCURVE_S1.);
#7502 = LINE('',#7503,#7504);
#7503 = CARTESIAN_POINT('',(-89.125,109.75,0.));
#7504 = VECTOR('',#7505,1.);
#7505 = DIRECTION('',(1.,0.,-0.));
#7506 = PCURVE('',#6300,#7507);
#7507 = DEFINITIONAL_REPRESENTATION('',(#7508),#7511);
#7508 = B_SPLINE_CURVE_WITH_KNOTS('',1,(#7509,#7510),.UNSPECIFIED.,.F.,
  .F.,(2,2),(57.375,80.875),.PIECEWISE_BEZIER_KNOTS.);
#7509 = CARTESIAN_POINT('',(138.25,244.75));
#7510 = CARTESIAN_POINT('',(161.75,244.75));
#7511 = ( GEOMETRIC_REPRESENTATION_CONTEXT(2) 
PARAMETRIC_REPRESENTATION_CONTEXT() REPRESENTATION_CONTEXT('2D SPACE',''
  ) );
#7512 = PCURVE('',#7513,#7518);
#7513 = PLANE('',#7514);
#7514 = AXIS2_PLACEMENT_3D('',#7515,#7516,#7517);
#7515 = CARTESIAN_POINT('',(-8.25,109.75,-10.));
#7516 = DIRECTION('',(0.,-1.,0.));
#7517 = DIRECTION('',(-1.,0.,0.));
#7518 = DEFINITIONAL_REPRESENTATION('',(#7519),#7522);
#7519 = B_SPLINE_CURVE_WITH_KNOTS('',1,(#7520,#7521),.UNSPECIFIED.,.F.,
  .F.,(2,2),(57.375,80.875),.PIECEWISE_BEZIER_KNOTS.);
#7520 = CARTESIAN_POINT('',(23.5,-10.));
#7521 = CARTESIAN_POINT('',(0.,-10.));
#7522 = ( GEOMETRIC_REPRESENTATION_CONTEXT(2) 
PARAMETRIC_REPRESENTATION_CONTEXT() REPRESENTATION_CONTEXT('2D SPACE',''
  ) );
#7523 = ORIENTED_EDGE('',*,*,#7524,.T.);
#7524 = EDGE_CURVE('',#7499,#7440,#7525,.T.);
#7525 = SURFACE_CURVE('',#7526,(#7531,#7542),.PCURVE_S1.);
#7526 = CIRCLE('',#7527,2.25);
#7527 = AXIS2_PLACEMENT_3D('',#7528,#7529,#7530);
#7528 = CARTESIAN_POINT('',(-31.75,112.,0.));
#7529 = DIRECTION('',(0.,-0.,-1.));
#7530 = DIRECTION('',(0.,-1.,0.));
#7531 = PCURVE('',#6300,#7532);
#7532 = DEFINITIONAL_REPRESENTATION('',(#7533),#7541);
#7533 = ( BOUNDED_CURVE() B_SPLINE_CURVE(2,(#7534,#7535,#7536,#7537,
#7538,#7539,#7540),.UNSPECIFIED.,.T.,.F.) B_SPLINE_CURVE_WITH_KNOTS((1,2
    ,2,2,2,1),(-2.094395102393,0.,2.094395102393,4.188790204786,
6.28318530718,8.377580409573),.UNSPECIFIED.) CURVE() 
GEOMETRIC_REPRESENTATION_ITEM() RATIONAL_B_SPLINE_CURVE((1.,0.5,1.,0.5,
1.,0.5,1.)) REPRESENTATION_ITEM('') );
#7534 = CARTESIAN_POINT('',(138.25,244.75));
#7535 = CARTESIAN_POINT('',(134.35288568297,244.75));
#7536 = CARTESIAN_POINT('',(136.30144284148,248.125));
#7537 = CARTESIAN_POINT('',(138.25,251.5));
#7538 = CARTESIAN_POINT('',(140.19855715851,248.125));
#7539 = CARTESIAN_POINT('',(142.14711431703,244.75));
#7540 = CARTESIAN_POINT('',(138.25,244.75));
#7541 = ( GEOMETRIC_REPRESENTATION_CONTEXT(2) 
PARAMETRIC_REPRESENTATION_CONTEXT() REPRESENTATION_CONTEXT('2D SPACE',''
  ) );
#7542 = PCURVE('',#7543,#7548);
#7543 = CYLINDRICAL_SURFACE('',#7544,2.25);
#7544 = AXIS2_PLACEMENT_3D('',#7545,#7546,#7547);
#7545 = CARTESIAN_POINT('',(-31.75,112.,-10.));
#7546 = DIRECTION('',(0.,-0.,-1.));
#7547 = DIRECTION('',(0.,-1.,0.));
#7548 = DEFINITIONAL_REPRESENTATION('',(#7549),#7553);
#7549 = LINE('',#7550,#7551);
#7550 = CARTESIAN_POINT('',(0.,-10.));
#7551 = VECTOR('',#7552,1.);
#7552 = DIRECTION('',(1.,0.));
#7553 = ( GEOMETRIC_REPRESENTATION_CONTEXT(2) 
PARAMETRIC_REPRESENTATION_CONTEXT() REPRESENTATION_CONTEXT('2D SPACE',''
  ) );
#7554 = ADVANCED_FACE('',(#7555),#6415,.T.);
#7555 = FACE_BOUND('',#7556,.T.);
#7556 = EDGE_LOOP('',(#7557,#7558,#7559,#7582));
#7557 = ORIENTED_EDGE('',*,*,#6397,.F.);
#7558 = ORIENTED_EDGE('',*,*,#6817,.T.);
#7559 = ORIENTED_EDGE('',*,*,#7560,.T.);
#7560 = EDGE_CURVE('',#6818,#7561,#7563,.T.);
#7561 = VERTEX_POINT('',#7562);
#7562 = CARTESIAN_POINT('',(-0.2,135.,6.));
#7563 = SURFACE_CURVE('',#7564,(#7568,#7575),.PCURVE_S1.);
#7564 = LINE('',#7565,#7566);
#7565 = CARTESIAN_POINT('',(-0.2,135.,-5.));
#7566 = VECTOR('',#7567,1.);
#7567 = DIRECTION('',(0.,0.,1.));
#7568 = PCURVE('',#6415,#7569);
#7569 = DEFINITIONAL_REPRESENTATION('',(#7570),#7574);
#7570 = LINE('',#7571,#7572);
#7571 = CARTESIAN_POINT('',(0.,-134.8));
#7572 = VECTOR('',#7573,1.);
#7573 = DIRECTION('',(1.,0.));
#7574 = ( GEOMETRIC_REPRESENTATION_CONTEXT(2) 
PARAMETRIC_REPRESENTATION_CONTEXT() REPRESENTATION_CONTEXT('2D SPACE',''
  ) );
#7575 = PCURVE('',#6641,#7576);
#7576 = DEFINITIONAL_REPRESENTATION('',(#7577),#7581);
#7577 = LINE('',#7578,#7579);
#7578 = CARTESIAN_POINT('',(-5.,169.8));
#7579 = VECTOR('',#7580,1.);
#7580 = DIRECTION('',(1.,0.));
#7581 = ( GEOMETRIC_REPRESENTATION_CONTEXT(2) 
PARAMETRIC_REPRESENTATION_CONTEXT() REPRESENTATION_CONTEXT('2D SPACE',''
  ) );
#7582 = ORIENTED_EDGE('',*,*,#7583,.F.);
#7583 = EDGE_CURVE('',#6400,#7561,#7584,.T.);
#7584 = SURFACE_CURVE('',#7585,(#7589,#7595),.PCURVE_S1.);
#7585 = LINE('',#7586,#7587);
#7586 = CARTESIAN_POINT('',(-0.2,-67.4,6.));
#7587 = VECTOR('',#7588,1.);
#7588 = DIRECTION('',(0.,1.,0.));
#7589 = PCURVE('',#6415,#7590);
#7590 = DEFINITIONAL_REPRESENTATION('',(#7591),#7594);
#7591 = B_SPLINE_CURVE_WITH_KNOTS('',1,(#7592,#7593),.UNSPECIFIED.,.F.,
  .F.,(2,2),(67.6,202.4),.PIECEWISE_BEZIER_KNOTS.);
#7592 = CARTESIAN_POINT('',(11.,0.));
#7593 = CARTESIAN_POINT('',(11.,-134.8));
#7594 = ( GEOMETRIC_REPRESENTATION_CONTEXT(2) 
PARAMETRIC_REPRESENTATION_CONTEXT() REPRESENTATION_CONTEXT('2D SPACE',''
  ) );
#7595 = PCURVE('',#6507,#7596);
#7596 = DEFINITIONAL_REPRESENTATION('',(#7597),#7600);
#7597 = B_SPLINE_CURVE_WITH_KNOTS('',1,(#7598,#7599),.UNSPECIFIED.,.F.,
  .F.,(2,2),(67.6,202.4),.PIECEWISE_BEZIER_KNOTS.);
#7598 = CARTESIAN_POINT('',(169.8,135.2));
#7599 = CARTESIAN_POINT('',(169.8,270.));
#7600 = ( GEOMETRIC_REPRESENTATION_CONTEXT(2) 
PARAMETRIC_REPRESENTATION_CONTEXT() REPRESENTATION_CONTEXT('2D SPACE',''
  ) );
#7601 = ADVANCED_FACE('',(#7602,#7696,#7726,#7756,#7786,#7816,#7846,
    #7876,#7976,#8006,#8036,#8150,#8180,#8210,#8240,#8270,#8300),#6507,
  .T.);
#7602 = FACE_BOUND('',#7603,.T.);
#7603 = EDGE_LOOP('',(#7604,#7627,#7628,#7629,#7652,#7675));
#7604 = ORIENTED_EDGE('',*,*,#7605,.F.);
#7605 = EDGE_CURVE('',#6469,#7606,#7608,.T.);
#7606 = VERTEX_POINT('',#7607);
#7607 = CARTESIAN_POINT('',(-164.,129.,6.));
#7608 = SURFACE_CURVE('',#7609,(#7613,#7620),.PCURVE_S1.);
#7609 = LINE('',#7610,#7611);
#7610 = CARTESIAN_POINT('',(-164.,-130.,6.));
#7611 = VECTOR('',#7612,1.);
#7612 = DIRECTION('',(0.,1.,0.));
#7613 = PCURVE('',#6507,#7614);
#7614 = DEFINITIONAL_REPRESENTATION('',(#7615),#7619);
#7615 = LINE('',#7616,#7617);
#7616 = CARTESIAN_POINT('',(6.,5.));
#7617 = VECTOR('',#7618,1.);
#7618 = DIRECTION('',(0.,1.));
#7619 = ( GEOMETRIC_REPRESENTATION_CONTEXT(2) 
PARAMETRIC_REPRESENTATION_CONTEXT() REPRESENTATION_CONTEXT('2D SPACE',''
  ) );
#7620 = PCURVE('',#6483,#7621);
#7621 = DEFINITIONAL_REPRESENTATION('',(#7622),#7626);
#7622 = LINE('',#7623,#7624);
#7623 = CARTESIAN_POINT('',(0.,0.));
#7624 = VECTOR('',#7625,1.);
#7625 = DIRECTION('',(0.,-1.));
#7626 = ( GEOMETRIC_REPRESENTATION_CONTEXT(2) 
PARAMETRIC_REPRESENTATION_CONTEXT() REPRESENTATION_CONTEXT('2D SPACE',''
  ) );
#7627 = ORIENTED_EDGE('',*,*,#6494,.F.);
#7628 = ORIENTED_EDGE('',*,*,#7583,.T.);
#7629 = ORIENTED_EDGE('',*,*,#7630,.F.);
#7630 = EDGE_CURVE('',#7631,#7561,#7633,.T.);
#7631 = VERTEX_POINT('',#7632);
#7632 = CARTESIAN_POINT('',(-48.,135.,6.));
#7633 = SURFACE_CURVE('',#7634,(#7638,#7645),.PCURVE_S1.);
#7634 = LINE('',#7635,#7636);
#7635 = CARTESIAN_POINT('',(-170.,135.,6.));
#7636 = VECTOR('',#7637,1.);
#7637 = DIRECTION('',(1.,0.,0.));
#7638 = PCURVE('',#6507,#7639);
#7639 = DEFINITIONAL_REPRESENTATION('',(#7640),#7644);
#7640 = LINE('',#7641,#7642);
#7641 = CARTESIAN_POINT('',(0.,270.));
#7642 = VECTOR('',#7643,1.);
#7643 = DIRECTION('',(1.,0.));
#7644 = ( GEOMETRIC_REPRESENTATION_CONTEXT(2) 
PARAMETRIC_REPRESENTATION_CONTEXT() REPRESENTATION_CONTEXT('2D SPACE',''
  ) );
#7645 = PCURVE('',#6641,#7646);
#7646 = DEFINITIONAL_REPRESENTATION('',(#7647),#7651);
#7647 = LINE('',#7648,#7649);
#7648 = CARTESIAN_POINT('',(6.,0.));
#7649 = VECTOR('',#7650,1.);
#7650 = DIRECTION('',(0.,1.));
#7651 = ( GEOMETRIC_REPRESENTATION_CONTEXT(2) 
PARAMETRIC_REPRESENTATION_CONTEXT() REPRESENTATION_CONTEXT('2D SPACE',''
  ) );
#7652 = ORIENTED_EDGE('',*,*,#7653,.F.);
#7653 = EDGE_CURVE('',#7654,#7631,#7656,.T.);
#7654 = VERTEX_POINT('',#7655);
#7655 = CARTESIAN_POINT('',(-48.,129.,6.));
#7656 = SURFACE_CURVE('',#7657,(#7661,#7668),.PCURVE_S1.);
#7657 = LINE('',#7658,#7659);
#7658 = CARTESIAN_POINT('',(-48.,129.,6.));
#7659 = VECTOR('',#7660,1.);
#7660 = DIRECTION('',(0.,1.,0.));
#7661 = PCURVE('',#6507,#7662);
#7662 = DEFINITIONAL_REPRESENTATION('',(#7663),#7667);
#7663 = LINE('',#7664,#7665);
#7664 = CARTESIAN_POINT('',(122.,264.));
#7665 = VECTOR('',#7666,1.);
#7666 = DIRECTION('',(0.,1.));
#7667 = ( GEOMETRIC_REPRESENTATION_CONTEXT(2) 
PARAMETRIC_REPRESENTATION_CONTEXT() REPRESENTATION_CONTEXT('2D SPACE',''
  ) );
#7668 = PCURVE('',#6613,#7669);
#7669 = DEFINITIONAL_REPRESENTATION('',(#7670),#7674);
#7670 = LINE('',#7671,#7672);
#7671 = CARTESIAN_POINT('',(0.,0.));
#7672 = VECTOR('',#7673,1.);
#7673 = DIRECTION('',(0.,-1.));
#7674 = ( GEOMETRIC_REPRESENTATION_CONTEXT(2) 
PARAMETRIC_REPRESENTATION_CONTEXT() REPRESENTATION_CONTEXT('2D SPACE',''
  ) );
#7675 = ORIENTED_EDGE('',*,*,#7676,.F.);
#7676 = EDGE_CURVE('',#7606,#7654,#7677,.T.);
#7677 = SURFACE_CURVE('',#7678,(#7682,#7689),.PCURVE_S1.);
#7678 = LINE('',#7679,#7680);
#7679 = CARTESIAN_POINT('',(-165.,129.,6.));
#7680 = VECTOR('',#7681,1.);
#7681 = DIRECTION('',(1.,0.,0.));
#7682 = PCURVE('',#6507,#7683);
#7683 = DEFINITIONAL_REPRESENTATION('',(#7684),#7688);
#7684 = LINE('',#7685,#7686);
#7685 = CARTESIAN_POINT('',(5.,264.));
#7686 = VECTOR('',#7687,1.);
#7687 = DIRECTION('',(1.,0.));
#7688 = ( GEOMETRIC_REPRESENTATION_CONTEXT(2) 
PARAMETRIC_REPRESENTATION_CONTEXT() REPRESENTATION_CONTEXT('2D SPACE',''
  ) );
#7689 = PCURVE('',#6585,#7690);
#7690 = DEFINITIONAL_REPRESENTATION('',(#7691),#7695);
#7691 = LINE('',#7692,#7693);
#7692 = CARTESIAN_POINT('',(0.,0.));
#7693 = VECTOR('',#7694,1.);
#7694 = DIRECTION('',(0.,1.));
#7695 = ( GEOMETRIC_REPRESENTATION_CONTEXT(2) 
PARAMETRIC_REPRESENTATION_CONTEXT() REPRESENTATION_CONTEXT('2D SPACE',''
  ) );
#7696 = FACE_BOUND('',#7697,.T.);
#7697 = EDGE_LOOP('',(#7698));
#7698 = ORIENTED_EDGE('',*,*,#7699,.T.);
#7699 = EDGE_CURVE('',#7700,#7700,#7702,.T.);
#7700 = VERTEX_POINT('',#7701);
#7701 = CARTESIAN_POINT('',(-147.75,22.,6.));
#7702 = SURFACE_CURVE('',#7703,(#7708,#7719),.PCURVE_S1.);
#7703 = CIRCLE('',#7704,2.25);
#7704 = AXIS2_PLACEMENT_3D('',#7705,#7706,#7707);
#7705 = CARTESIAN_POINT('',(-150.,22.,6.));
#7706 = DIRECTION('',(0.,0.,-1.));
#7707 = DIRECTION('',(1.,0.,0.));
#7708 = PCURVE('',#6507,#7709);
#7709 = DEFINITIONAL_REPRESENTATION('',(#7710),#7718);
#7710 = ( BOUNDED_CURVE() B_SPLINE_CURVE(2,(#7711,#7712,#7713,#7714,
#7715,#7716,#7717),.UNSPECIFIED.,.T.,.F.) B_SPLINE_CURVE_WITH_KNOTS((1,2
    ,2,2,2,1),(-2.094395102393,0.,2.094395102393,4.188790204786,
6.28318530718,8.377580409573),.UNSPECIFIED.) CURVE() 
GEOMETRIC_REPRESENTATION_ITEM() RATIONAL_B_SPLINE_CURVE((1.,0.5,1.,0.5,
1.,0.5,1.)) REPRESENTATION_ITEM('') );
#7711 = CARTESIAN_POINT('',(22.25,157.));
#7712 = CARTESIAN_POINT('',(22.25,153.10288568297));
#7713 = CARTESIAN_POINT('',(18.875,155.05144284148));
#7714 = CARTESIAN_POINT('',(15.5,157.));
#7715 = CARTESIAN_POINT('',(18.875,158.94855715851));
#7716 = CARTESIAN_POINT('',(22.25,160.89711431703));
#7717 = CARTESIAN_POINT('',(22.25,157.));
#7718 = ( GEOMETRIC_REPRESENTATION_CONTEXT(2) 
PARAMETRIC_REPRESENTATION_CONTEXT() REPRESENTATION_CONTEXT('2D SPACE',''
  ) );
#7719 = PCURVE('',#6883,#7720);
#7720 = DEFINITIONAL_REPRESENTATION('',(#7721),#7725);
#7721 = LINE('',#7722,#7723);
#7722 = CARTESIAN_POINT('',(-6.28318530718,-16.));
#7723 = VECTOR('',#7724,1.);
#7724 = DIRECTION('',(1.,-0.));
#7725 = ( GEOMETRIC_REPRESENTATION_CONTEXT(2) 
PARAMETRIC_REPRESENTATION_CONTEXT() REPRESENTATION_CONTEXT('2D SPACE',''
  ) );
#7726 = FACE_BOUND('',#7727,.T.);
#7727 = EDGE_LOOP('',(#7728));
#7728 = ORIENTED_EDGE('',*,*,#7729,.T.);
#7729 = EDGE_CURVE('',#7730,#7730,#7732,.T.);
#7730 = VERTEX_POINT('',#7731);
#7731 = CARTESIAN_POINT('',(-117.75,22.,6.));
#7732 = SURFACE_CURVE('',#7733,(#7738,#7749),.PCURVE_S1.);
#7733 = CIRCLE('',#7734,2.25);
#7734 = AXIS2_PLACEMENT_3D('',#7735,#7736,#7737);
#7735 = CARTESIAN_POINT('',(-120.,22.,6.));
#7736 = DIRECTION('',(0.,0.,-1.));
#7737 = DIRECTION('',(1.,0.,0.));
#7738 = PCURVE('',#6507,#7739);
#7739 = DEFINITIONAL_REPRESENTATION('',(#7740),#7748);
#7740 = ( BOUNDED_CURVE() B_SPLINE_CURVE(2,(#7741,#7742,#7743,#7744,
#7745,#7746,#7747),.UNSPECIFIED.,.T.,.F.) B_SPLINE_CURVE_WITH_KNOTS((1,2
    ,2,2,2,1),(-2.094395102393,0.,2.094395102393,4.188790204786,
6.28318530718,8.377580409573),.UNSPECIFIED.) CURVE() 
GEOMETRIC_REPRESENTATION_ITEM() RATIONAL_B_SPLINE_CURVE((1.,0.5,1.,0.5,
1.,0.5,1.)) REPRESENTATION_ITEM('') );
#7741 = CARTESIAN_POINT('',(52.25,157.));
#7742 = CARTESIAN_POINT('',(52.25,153.10288568297));
#7743 = CARTESIAN_POINT('',(48.875,155.05144284148));
#7744 = CARTESIAN_POINT('',(45.5,157.));
#7745 = CARTESIAN_POINT('',(48.875,158.94855715851));
#7746 = CARTESIAN_POINT('',(52.25,160.89711431703));
#7747 = CARTESIAN_POINT('',(52.25,157.));
#7748 = ( GEOMETRIC_REPRESENTATION_CONTEXT(2) 
PARAMETRIC_REPRESENTATION_CONTEXT() REPRESENTATION_CONTEXT('2D SPACE',''
  ) );
#7749 = PCURVE('',#6918,#7750);
#7750 = DEFINITIONAL_REPRESENTATION('',(#7751),#7755);
#7751 = LINE('',#7752,#7753);
#7752 = CARTESIAN_POINT('',(-6.28318530718,-16.));
#7753 = VECTOR('',#7754,1.);
#7754 = DIRECTION('',(1.,-0.));
#7755 = ( GEOMETRIC_REPRESENTATION_CONTEXT(2) 
PARAMETRIC_REPRESENTATION_CONTEXT() REPRESENTATION_CONTEXT('2D SPACE',''
  ) );
#7756 = FACE_BOUND('',#7757,.T.);
#7757 = EDGE_LOOP('',(#7758));
#7758 = ORIENTED_EDGE('',*,*,#7759,.T.);
#7759 = EDGE_CURVE('',#7760,#7760,#7762,.T.);
#7760 = VERTEX_POINT('',#7761);
#7761 = CARTESIAN_POINT('',(-81.75,24.,6.));
#7762 = SURFACE_CURVE('',#7763,(#7768,#7779),.PCURVE_S1.);
#7763 = CIRCLE('',#7764,2.25);
#7764 = AXIS2_PLACEMENT_3D('',#7765,#7766,#7767);
#7765 = CARTESIAN_POINT('',(-84.,24.,6.));
#7766 = DIRECTION('',(0.,0.,-1.));
#7767 = DIRECTION('',(1.,0.,0.));
#7768 = PCURVE('',#6507,#7769);
#7769 = DEFINITIONAL_REPRESENTATION('',(#7770),#7778);
#7770 = ( BOUNDED_CURVE() B_SPLINE_CURVE(2,(#7771,#7772,#7773,#7774,
#7775,#7776,#7777),.UNSPECIFIED.,.T.,.F.) B_SPLINE_CURVE_WITH_KNOTS((1,2
    ,2,2,2,1),(-2.094395102393,0.,2.094395102393,4.188790204786,
6.28318530718,8.377580409573),.UNSPECIFIED.) CURVE() 
GEOMETRIC_REPRESENTATION_ITEM() RATIONAL_B_SPLINE_CURVE((1.,0.5,1.,0.5,
1.,0.5,1.)) REPRESENTATION_ITEM('') );
#7771 = CARTESIAN_POINT('',(88.25,159.));
#7772 = CARTESIAN_POINT('',(88.25,155.10288568297));
#7773 = CARTESIAN_POINT('',(84.875,157.05144284148));
#7774 = CARTESIAN_POINT('',(81.5,159.));
#7775 = CARTESIAN_POINT('',(84.875,160.94855715851));
#7776 = CARTESIAN_POINT('',(88.25,162.89711431703));
#7777 = CARTESIAN_POINT('',(88.25,159.));
#7778 = ( GEOMETRIC_REPRESENTATION_CONTEXT(2) 
PARAMETRIC_REPRESENTATION_CONTEXT() REPRESENTATION_CONTEXT('2D SPACE',''
  ) );
#7779 = PCURVE('',#6953,#7780);
#7780 = DEFINITIONAL_REPRESENTATION('',(#7781),#7785);
#7781 = LINE('',#7782,#7783);
#7782 = CARTESIAN_POINT('',(-6.28318530718,-16.));
#7783 = VECTOR('',#7784,1.);
#7784 = DIRECTION('',(1.,-0.));
#7785 = ( GEOMETRIC_REPRESENTATION_CONTEXT(2) 
PARAMETRIC_REPRESENTATION_CONTEXT() REPRESENTATION_CONTEXT('2D SPACE',''
  ) );
#7786 = FACE_BOUND('',#7787,.T.);
#7787 = EDGE_LOOP('',(#7788));
#7788 = ORIENTED_EDGE('',*,*,#7789,.T.);
#7789 = EDGE_CURVE('',#7790,#7790,#7792,.T.);
#7790 = VERTEX_POINT('',#7791);
#7791 = CARTESIAN_POINT('',(-138.3,45.,6.));
#7792 = SURFACE_CURVE('',#7793,(#7798,#7809),.PCURVE_S1.);
#7793 = CIRCLE('',#7794,1.7);
#7794 = AXIS2_PLACEMENT_3D('',#7795,#7796,#7797);
#7795 = CARTESIAN_POINT('',(-140.,45.,6.));
#7796 = DIRECTION('',(0.,0.,-1.));
#7797 = DIRECTION('',(1.,0.,0.));
#7798 = PCURVE('',#6507,#7799);
#7799 = DEFINITIONAL_REPRESENTATION('',(#7800),#7808);
#7800 = ( BOUNDED_CURVE() B_SPLINE_CURVE(2,(#7801,#7802,#7803,#7804,
#7805,#7806,#7807),.UNSPECIFIED.,.T.,.F.) B_SPLINE_CURVE_WITH_KNOTS((1,2
    ,2,2,2,1),(-2.094395102393,0.,2.094395102393,4.188790204786,
6.28318530718,8.377580409573),.UNSPECIFIED.) CURVE() 
GEOMETRIC_REPRESENTATION_ITEM() RATIONAL_B_SPLINE_CURVE((1.,0.5,1.,0.5,
1.,0.5,1.)) REPRESENTATION_ITEM('') );
#7801 = CARTESIAN_POINT('',(31.7,180.));
#7802 = CARTESIAN_POINT('',(31.7,177.05551362713));
#7803 = CARTESIAN_POINT('',(29.15,178.52775681356));
#7804 = CARTESIAN_POINT('',(26.6,180.));
#7805 = CARTESIAN_POINT('',(29.15,181.47224318643));
#7806 = CARTESIAN_POINT('',(31.7,182.94448637286));
#7807 = CARTESIAN_POINT('',(31.7,180.));
#7808 = ( GEOMETRIC_REPRESENTATION_CONTEXT(2) 
PARAMETRIC_REPRESENTATION_CONTEXT() REPRESENTATION_CONTEXT('2D SPACE',''
  ) );
#7809 = PCURVE('',#6988,#7810);
#7810 = DEFINITIONAL_REPRESENTATION('',(#7811),#7815);
#7811 = LINE('',#7812,#7813);
#7812 = CARTESIAN_POINT('',(-6.28318530718,-16.));
#7813 = VECTOR('',#7814,1.);
#7814 = DIRECTION('',(1.,-0.));
#7815 = ( GEOMETRIC_REPRESENTATION_CONTEXT(2) 
PARAMETRIC_REPRESENTATION_CONTEXT() REPRESENTATION_CONTEXT('2D SPACE',''
  ) );
#7816 = FACE_BOUND('',#7817,.T.);
#7817 = EDGE_LOOP('',(#7818));
#7818 = ORIENTED_EDGE('',*,*,#7819,.T.);
#7819 = EDGE_CURVE('',#7820,#7820,#7822,.T.);
#7820 = VERTEX_POINT('',#7821);
#7821 = CARTESIAN_POINT('',(-98.3,45.,6.));
#7822 = SURFACE_CURVE('',#7823,(#7828,#7839),.PCURVE_S1.);
#7823 = CIRCLE('',#7824,1.7);
#7824 = AXIS2_PLACEMENT_3D('',#7825,#7826,#7827);
#7825 = CARTESIAN_POINT('',(-100.,45.,6.));
#7826 = DIRECTION('',(0.,0.,-1.));
#7827 = DIRECTION('',(1.,0.,0.));
#7828 = PCURVE('',#6507,#7829);
#7829 = DEFINITIONAL_REPRESENTATION('',(#7830),#7838);
#7830 = ( BOUNDED_CURVE() B_SPLINE_CURVE(2,(#7831,#7832,#7833,#7834,
#7835,#7836,#7837),.UNSPECIFIED.,.T.,.F.) B_SPLINE_CURVE_WITH_KNOTS((1,2
    ,2,2,2,1),(-2.094395102393,0.,2.094395102393,4.188790204786,
6.28318530718,8.377580409573),.UNSPECIFIED.) CURVE() 
GEOMETRIC_REPRESENTATION_ITEM() RATIONAL_B_SPLINE_CURVE((1.,0.5,1.,0.5,
1.,0.5,1.)) REPRESENTATION_ITEM('') );
#7831 = CARTESIAN_POINT('',(71.7,180.));
#7832 = CARTESIAN_POINT('',(71.7,177.05551362713));
#7833 = CARTESIAN_POINT('',(69.15,178.52775681356));
#7834 = CARTESIAN_POINT('',(66.6,180.));
#7835 = CARTESIAN_POINT('',(69.15,181.47224318643));
#7836 = CARTESIAN_POINT('',(71.7,182.94448637286));
#7837 = CARTESIAN_POINT('',(71.7,180.));
#7838 = ( GEOMETRIC_REPRESENTATION_CONTEXT(2) 
PARAMETRIC_REPRESENTATION_CONTEXT() REPRESENTATION_CONTEXT('2D SPACE',''
  ) );
#7839 = PCURVE('',#7023,#7840);
#7840 = DEFINITIONAL_REPRESENTATION('',(#7841),#7845);
#7841 = LINE('',#7842,#7843);
#7842 = CARTESIAN_POINT('',(-6.28318530718,-16.));
#7843 = VECTOR('',#7844,1.);
#7844 = DIRECTION('',(1.,-0.));
#7845 = ( GEOMETRIC_REPRESENTATION_CONTEXT(2) 
PARAMETRIC_REPRESENTATION_CONTEXT() REPRESENTATION_CONTEXT('2D SPACE',''
  ) );
#7846 = FACE_BOUND('',#7847,.T.);
#7847 = EDGE_LOOP('',(#7848));
#7848 = ORIENTED_EDGE('',*,*,#7849,.T.);
#7849 = EDGE_CURVE('',#7850,#7850,#7852,.T.);
#7850 = VERTEX_POINT('',#7851);
#7851 = CARTESIAN_POINT('',(-63.75,24.,6.));
#7852 = SURFACE_CURVE('',#7853,(#7858,#7869),.PCURVE_S1.);
#7853 = CIRCLE('',#7854,2.25);
#7854 = AXIS2_PLACEMENT_3D('',#7855,#7856,#7857);
#7855 = CARTESIAN_POINT('',(-66.,24.,6.));
#7856 = DIRECTION('',(0.,0.,-1.));
#7857 = DIRECTION('',(1.,0.,0.));
#7858 = PCURVE('',#6507,#7859);
#7859 = DEFINITIONAL_REPRESENTATION('',(#7860),#7868);
#7860 = ( BOUNDED_CURVE() B_SPLINE_CURVE(2,(#7861,#7862,#7863,#7864,
#7865,#7866,#7867),.UNSPECIFIED.,.T.,.F.) B_SPLINE_CURVE_WITH_KNOTS((1,2
    ,2,2,2,1),(-2.094395102393,0.,2.094395102393,4.188790204786,
6.28318530718,8.377580409573),.UNSPECIFIED.) CURVE() 
GEOMETRIC_REPRESENTATION_ITEM() RATIONAL_B_SPLINE_CURVE((1.,0.5,1.,0.5,
1.,0.5,1.)) REPRESENTATION_ITEM('') );
#7861 = CARTESIAN_POINT('',(106.25,159.));
#7862 = CARTESIAN_POINT('',(106.25,155.10288568297));
#7863 = CARTESIAN_POINT('',(102.875,157.05144284148));
#7864 = CARTESIAN_POINT('',(99.5,159.));
#7865 = CARTESIAN_POINT('',(102.875,160.94855715851));
#7866 = CARTESIAN_POINT('',(106.25,162.89711431703));
#7867 = CARTESIAN_POINT('',(106.25,159.));
#7868 = ( GEOMETRIC_REPRESENTATION_CONTEXT(2) 
PARAMETRIC_REPRESENTATION_CONTEXT() REPRESENTATION_CONTEXT('2D SPACE',''
  ) );
#7869 = PCURVE('',#7058,#7870);
#7870 = DEFINITIONAL_REPRESENTATION('',(#7871),#7875);
#7871 = LINE('',#7872,#7873);
#7872 = CARTESIAN_POINT('',(-6.28318530718,-16.));
#7873 = VECTOR('',#7874,1.);
#7874 = DIRECTION('',(1.,-0.));
#7875 = ( GEOMETRIC_REPRESENTATION_CONTEXT(2) 
PARAMETRIC_REPRESENTATION_CONTEXT() REPRESENTATION_CONTEXT('2D SPACE',''
  ) );
#7876 = FACE_BOUND('',#7877,.T.);
#7877 = EDGE_LOOP('',(#7878,#7901,#7929,#7950));
#7878 = ORIENTED_EDGE('',*,*,#7879,.F.);
#7879 = EDGE_CURVE('',#7880,#7882,#7884,.T.);
#7880 = VERTEX_POINT('',#7881);
#7881 = CARTESIAN_POINT('',(-63.,50.,6.));
#7882 = VERTEX_POINT('',#7883);
#7883 = CARTESIAN_POINT('',(-77.,50.,6.));
#7884 = SURFACE_CURVE('',#7885,(#7889,#7895),.PCURVE_S1.);
#7885 = LINE('',#7886,#7887);
#7886 = CARTESIAN_POINT('',(-123.5,50.,6.));
#7887 = VECTOR('',#7888,1.);
#7888 = DIRECTION('',(-1.,0.,0.));
#7889 = PCURVE('',#6507,#7890);
#7890 = DEFINITIONAL_REPRESENTATION('',(#7891),#7894);
#7891 = B_SPLINE_CURVE_WITH_KNOTS('',1,(#7892,#7893),.UNSPECIFIED.,.F.,
  .F.,(2,2),(-60.5,-46.5),.PIECEWISE_BEZIER_KNOTS.);
#7892 = CARTESIAN_POINT('',(107.,185.));
#7893 = CARTESIAN_POINT('',(93.,185.));
#7894 = ( GEOMETRIC_REPRESENTATION_CONTEXT(2) 
PARAMETRIC_REPRESENTATION_CONTEXT() REPRESENTATION_CONTEXT('2D SPACE',''
  ) );
#7895 = PCURVE('',#7089,#7896);
#7896 = DEFINITIONAL_REPRESENTATION('',(#7897),#7900);
#7897 = B_SPLINE_CURVE_WITH_KNOTS('',1,(#7898,#7899),.UNSPECIFIED.,.F.,
  .F.,(2,2),(-60.5,-46.5),.PIECEWISE_BEZIER_KNOTS.);
#7898 = CARTESIAN_POINT('',(14.,-16.));
#7899 = CARTESIAN_POINT('',(0.,-16.));
#7900 = ( GEOMETRIC_REPRESENTATION_CONTEXT(2) 
PARAMETRIC_REPRESENTATION_CONTEXT() REPRESENTATION_CONTEXT('2D SPACE',''
  ) );
#7901 = ORIENTED_EDGE('',*,*,#7902,.T.);
#7902 = EDGE_CURVE('',#7880,#7903,#7905,.T.);
#7903 = VERTEX_POINT('',#7904);
#7904 = CARTESIAN_POINT('',(-63.,46.,6.));
#7905 = SURFACE_CURVE('',#7906,(#7911,#7922),.PCURVE_S1.);
#7906 = CIRCLE('',#7907,2.);
#7907 = AXIS2_PLACEMENT_3D('',#7908,#7909,#7910);
#7908 = CARTESIAN_POINT('',(-63.,48.,6.));
#7909 = DIRECTION('',(0.,0.,-1.));
#7910 = DIRECTION('',(0.,1.,0.));
#7911 = PCURVE('',#6507,#7912);
#7912 = DEFINITIONAL_REPRESENTATION('',(#7913),#7921);
#7913 = ( BOUNDED_CURVE() B_SPLINE_CURVE(2,(#7914,#7915,#7916,#7917,
#7918,#7919,#7920),.UNSPECIFIED.,.T.,.F.) B_SPLINE_CURVE_WITH_KNOTS((1,2
    ,2,2,2,1),(-2.094395102393,0.,2.094395102393,4.188790204786,
6.28318530718,8.377580409573),.UNSPECIFIED.) CURVE() 
GEOMETRIC_REPRESENTATION_ITEM() RATIONAL_B_SPLINE_CURVE((1.,0.5,1.,0.5,
1.,0.5,1.)) REPRESENTATION_ITEM('') );
#7914 = CARTESIAN_POINT('',(107.,185.));
#7915 = CARTESIAN_POINT('',(110.46410161513,185.));
#7916 = CARTESIAN_POINT('',(108.73205080756,182.));
#7917 = CARTESIAN_POINT('',(107.,179.));
#7918 = CARTESIAN_POINT('',(105.26794919243,182.));
#7919 = CARTESIAN_POINT('',(103.53589838486,185.));
#7920 = CARTESIAN_POINT('',(107.,185.));
#7921 = ( GEOMETRIC_REPRESENTATION_CONTEXT(2) 
PARAMETRIC_REPRESENTATION_CONTEXT() REPRESENTATION_CONTEXT('2D SPACE',''
  ) );
#7922 = PCURVE('',#7121,#7923);
#7923 = DEFINITIONAL_REPRESENTATION('',(#7924),#7928);
#7924 = LINE('',#7925,#7926);
#7925 = CARTESIAN_POINT('',(0.,-16.));
#7926 = VECTOR('',#7927,1.);
#7927 = DIRECTION('',(1.,0.));
#7928 = ( GEOMETRIC_REPRESENTATION_CONTEXT(2) 
PARAMETRIC_REPRESENTATION_CONTEXT() REPRESENTATION_CONTEXT('2D SPACE',''
  ) );
#7929 = ORIENTED_EDGE('',*,*,#7930,.F.);
#7930 = EDGE_CURVE('',#7931,#7903,#7933,.T.);
#7931 = VERTEX_POINT('',#7932);
#7932 = CARTESIAN_POINT('',(-77.,46.,6.));
#7933 = SURFACE_CURVE('',#7934,(#7938,#7944),.PCURVE_S1.);
#7934 = LINE('',#7935,#7936);
#7935 = CARTESIAN_POINT('',(-116.5,46.,6.));
#7936 = VECTOR('',#7937,1.);
#7937 = DIRECTION('',(1.,0.,-0.));
#7938 = PCURVE('',#6507,#7939);
#7939 = DEFINITIONAL_REPRESENTATION('',(#7940),#7943);
#7940 = B_SPLINE_CURVE_WITH_KNOTS('',1,(#7941,#7942),.UNSPECIFIED.,.F.,
  .F.,(2,2),(39.5,53.5),.PIECEWISE_BEZIER_KNOTS.);
#7941 = CARTESIAN_POINT('',(93.,181.));
#7942 = CARTESIAN_POINT('',(107.,181.));
#7943 = ( GEOMETRIC_REPRESENTATION_CONTEXT(2) 
PARAMETRIC_REPRESENTATION_CONTEXT() REPRESENTATION_CONTEXT('2D SPACE',''
  ) );
#7944 = PCURVE('',#7148,#7945);
#7945 = DEFINITIONAL_REPRESENTATION('',(#7946),#7949);
#7946 = B_SPLINE_CURVE_WITH_KNOTS('',1,(#7947,#7948),.UNSPECIFIED.,.F.,
  .F.,(2,2),(39.5,53.5),.PIECEWISE_BEZIER_KNOTS.);
#7947 = CARTESIAN_POINT('',(14.,-16.));
#7948 = CARTESIAN_POINT('',(0.,-16.));
#7949 = ( GEOMETRIC_REPRESENTATION_CONTEXT(2) 
PARAMETRIC_REPRESENTATION_CONTEXT() REPRESENTATION_CONTEXT('2D SPACE',''
  ) );
#7950 = ORIENTED_EDGE('',*,*,#7951,.T.);
#7951 = EDGE_CURVE('',#7931,#7882,#7952,.T.);
#7952 = SURFACE_CURVE('',#7953,(#7958,#7969),.PCURVE_S1.);
#7953 = CIRCLE('',#7954,2.);
#7954 = AXIS2_PLACEMENT_3D('',#7955,#7956,#7957);
#7955 = CARTESIAN_POINT('',(-77.,48.,6.));
#7956 = DIRECTION('',(0.,-0.,-1.));
#7957 = DIRECTION('',(0.,-1.,0.));
#7958 = PCURVE('',#6507,#7959);
#7959 = DEFINITIONAL_REPRESENTATION('',(#7960),#7968);
#7960 = ( BOUNDED_CURVE() B_SPLINE_CURVE(2,(#7961,#7962,#7963,#7964,
#7965,#7966,#7967),.UNSPECIFIED.,.T.,.F.) B_SPLINE_CURVE_WITH_KNOTS((1,2
    ,2,2,2,1),(-2.094395102393,0.,2.094395102393,4.188790204786,
6.28318530718,8.377580409573),.UNSPECIFIED.) CURVE() 
GEOMETRIC_REPRESENTATION_ITEM() RATIONAL_B_SPLINE_CURVE((1.,0.5,1.,0.5,
1.,0.5,1.)) REPRESENTATION_ITEM('') );
#7961 = CARTESIAN_POINT('',(93.,181.));
#7962 = CARTESIAN_POINT('',(89.535898384862,181.));
#7963 = CARTESIAN_POINT('',(91.267949192431,184.));
#7964 = CARTESIAN_POINT('',(93.,187.));
#7965 = CARTESIAN_POINT('',(94.732050807569,184.));
#7966 = CARTESIAN_POINT('',(96.464101615138,181.));
#7967 = CARTESIAN_POINT('',(93.,181.));
#7968 = ( GEOMETRIC_REPRESENTATION_CONTEXT(2) 
PARAMETRIC_REPRESENTATION_CONTEXT() REPRESENTATION_CONTEXT('2D SPACE',''
  ) );
#7969 = PCURVE('',#7178,#7970);
#7970 = DEFINITIONAL_REPRESENTATION('',(#7971),#7975);
#7971 = LINE('',#7972,#7973);
#7972 = CARTESIAN_POINT('',(0.,-16.));
#7973 = VECTOR('',#7974,1.);
#7974 = DIRECTION('',(1.,0.));
#7975 = ( GEOMETRIC_REPRESENTATION_CONTEXT(2) 
PARAMETRIC_REPRESENTATION_CONTEXT() REPRESENTATION_CONTEXT('2D SPACE',''
  ) );
#7976 = FACE_BOUND('',#7977,.T.);
#7977 = EDGE_LOOP('',(#7978));
#7978 = ORIENTED_EDGE('',*,*,#7979,.T.);
#7979 = EDGE_CURVE('',#7980,#7980,#7982,.T.);
#7980 = VERTEX_POINT('',#7981);
#7981 = CARTESIAN_POINT('',(-58.3,45.,6.));
#7982 = SURFACE_CURVE('',#7983,(#7988,#7999),.PCURVE_S1.);
#7983 = CIRCLE('',#7984,1.7);
#7984 = AXIS2_PLACEMENT_3D('',#7985,#7986,#7987);
#7985 = CARTESIAN_POINT('',(-60.,45.,6.));
#7986 = DIRECTION('',(0.,0.,-1.));
#7987 = DIRECTION('',(1.,0.,0.));
#7988 = PCURVE('',#6507,#7989);
#7989 = DEFINITIONAL_REPRESENTATION('',(#7990),#7998);
#7990 = ( BOUNDED_CURVE() B_SPLINE_CURVE(2,(#7991,#7992,#7993,#7994,
#7995,#7996,#7997),.UNSPECIFIED.,.T.,.F.) B_SPLINE_CURVE_WITH_KNOTS((1,2
    ,2,2,2,1),(-2.094395102393,0.,2.094395102393,4.188790204786,
6.28318530718,8.377580409573),.UNSPECIFIED.) CURVE() 
GEOMETRIC_REPRESENTATION_ITEM() RATIONAL_B_SPLINE_CURVE((1.,0.5,1.,0.5,
1.,0.5,1.)) REPRESENTATION_ITEM('') );
#7991 = CARTESIAN_POINT('',(111.7,180.));
#7992 = CARTESIAN_POINT('',(111.7,177.05551362713));
#7993 = CARTESIAN_POINT('',(109.15,178.52775681356));
#7994 = CARTESIAN_POINT('',(106.6,180.));
#7995 = CARTESIAN_POINT('',(109.15,181.47224318643));
#7996 = CARTESIAN_POINT('',(111.7,182.94448637286));
#7997 = CARTESIAN_POINT('',(111.7,180.));
#7998 = ( GEOMETRIC_REPRESENTATION_CONTEXT(2) 
PARAMETRIC_REPRESENTATION_CONTEXT() REPRESENTATION_CONTEXT('2D SPACE',''
  ) );
#7999 = PCURVE('',#7213,#8000);
#8000 = DEFINITIONAL_REPRESENTATION('',(#8001),#8005);
#8001 = LINE('',#8002,#8003);
#8002 = CARTESIAN_POINT('',(-6.28318530718,-16.));
#8003 = VECTOR('',#8004,1.);
#8004 = DIRECTION('',(1.,-0.));
#8005 = ( GEOMETRIC_REPRESENTATION_CONTEXT(2) 
PARAMETRIC_REPRESENTATION_CONTEXT() REPRESENTATION_CONTEXT('2D SPACE',''
  ) );
#8006 = FACE_BOUND('',#8007,.T.);
#8007 = EDGE_LOOP('',(#8008));
#8008 = ORIENTED_EDGE('',*,*,#8009,.T.);
#8009 = EDGE_CURVE('',#8010,#8010,#8012,.T.);
#8010 = VERTEX_POINT('',#8011);
#8011 = CARTESIAN_POINT('',(-122.75,72.,6.));
#8012 = SURFACE_CURVE('',#8013,(#8018,#8029),.PCURVE_S1.);
#8013 = CIRCLE('',#8014,2.25);
#8014 = AXIS2_PLACEMENT_3D('',#8015,#8016,#8017);
#8015 = CARTESIAN_POINT('',(-125.,72.,6.));
#8016 = DIRECTION('',(0.,0.,-1.));
#8017 = DIRECTION('',(1.,0.,0.));
#8018 = PCURVE('',#6507,#8019);
#8019 = DEFINITIONAL_REPRESENTATION('',(#8020),#8028);
#8020 = ( BOUNDED_CURVE() B_SPLINE_CURVE(2,(#8021,#8022,#8023,#8024,
#8025,#8026,#8027),.UNSPECIFIED.,.T.,.F.) B_SPLINE_CURVE_WITH_KNOTS((1,2
    ,2,2,2,1),(-2.094395102393,0.,2.094395102393,4.188790204786,
6.28318530718,8.377580409573),.UNSPECIFIED.) CURVE() 
GEOMETRIC_REPRESENTATION_ITEM() RATIONAL_B_SPLINE_CURVE((1.,0.5,1.,0.5,
1.,0.5,1.)) REPRESENTATION_ITEM('') );
#8021 = CARTESIAN_POINT('',(47.25,207.));
#8022 = CARTESIAN_POINT('',(47.25,203.10288568297));
#8023 = CARTESIAN_POINT('',(43.875,205.05144284148));
#8024 = CARTESIAN_POINT('',(40.5,207.));
#8025 = CARTESIAN_POINT('',(43.875,208.94855715851));
#8026 = CARTESIAN_POINT('',(47.25,210.89711431703));
#8027 = CARTESIAN_POINT('',(47.25,207.));
#8028 = ( GEOMETRIC_REPRESENTATION_CONTEXT(2) 
PARAMETRIC_REPRESENTATION_CONTEXT() REPRESENTATION_CONTEXT('2D SPACE',''
  ) );
#8029 = PCURVE('',#7248,#8030);
#8030 = DEFINITIONAL_REPRESENTATION('',(#8031),#8035);
#8031 = LINE('',#8032,#8033);
#8032 = CARTESIAN_POINT('',(-6.28318530718,-16.));
#8033 = VECTOR('',#8034,1.);
#8034 = DIRECTION('',(1.,-0.));
#8035 = ( GEOMETRIC_REPRESENTATION_CONTEXT(2) 
PARAMETRIC_REPRESENTATION_CONTEXT() REPRESENTATION_CONTEXT('2D SPACE',''
  ) );
#8036 = FACE_BOUND('',#8037,.T.);
#8037 = EDGE_LOOP('',(#8038,#8068,#8096,#8124));
#8038 = ORIENTED_EDGE('',*,*,#8039,.T.);
#8039 = EDGE_CURVE('',#8040,#8042,#8044,.T.);
#8040 = VERTEX_POINT('',#8041);
#8041 = CARTESIAN_POINT('',(-113.,35.,6.));
#8042 = VERTEX_POINT('',#8043);
#8043 = CARTESIAN_POINT('',(-113.,120.,6.));
#8044 = SURFACE_CURVE('',#8045,(#8049,#8056),.PCURVE_S1.);
#8045 = LINE('',#8046,#8047);
#8046 = CARTESIAN_POINT('',(-113.,35.,6.));
#8047 = VECTOR('',#8048,1.);
#8048 = DIRECTION('',(0.,1.,0.));
#8049 = PCURVE('',#6507,#8050);
#8050 = DEFINITIONAL_REPRESENTATION('',(#8051),#8055);
#8051 = LINE('',#8052,#8053);
#8052 = CARTESIAN_POINT('',(57.,170.));
#8053 = VECTOR('',#8054,1.);
#8054 = DIRECTION('',(0.,1.));
#8055 = ( GEOMETRIC_REPRESENTATION_CONTEXT(2) 
PARAMETRIC_REPRESENTATION_CONTEXT() REPRESENTATION_CONTEXT('2D SPACE',''
  ) );
#8056 = PCURVE('',#8057,#8062);
#8057 = PLANE('',#8058);
#8058 = AXIS2_PLACEMENT_3D('',#8059,#8060,#8061);
#8059 = CARTESIAN_POINT('',(-113.,35.,6.));
#8060 = DIRECTION('',(1.,0.,0.));
#8061 = DIRECTION('',(0.,0.,1.));
#8062 = DEFINITIONAL_REPRESENTATION('',(#8063),#8067);
#8063 = LINE('',#8064,#8065);
#8064 = CARTESIAN_POINT('',(0.,0.));
#8065 = VECTOR('',#8066,1.);
#8066 = DIRECTION('',(0.,-1.));
#8067 = ( GEOMETRIC_REPRESENTATION_CONTEXT(2) 
PARAMETRIC_REPRESENTATION_CONTEXT() REPRESENTATION_CONTEXT('2D SPACE',''
  ) );
#8068 = ORIENTED_EDGE('',*,*,#8069,.T.);
#8069 = EDGE_CURVE('',#8042,#8070,#8072,.T.);
#8070 = VERTEX_POINT('',#8071);
#8071 = CARTESIAN_POINT('',(-107.,120.,6.));
#8072 = SURFACE_CURVE('',#8073,(#8077,#8084),.PCURVE_S1.);
#8073 = LINE('',#8074,#8075);
#8074 = CARTESIAN_POINT('',(-113.,120.,6.));
#8075 = VECTOR('',#8076,1.);
#8076 = DIRECTION('',(1.,0.,0.));
#8077 = PCURVE('',#6507,#8078);
#8078 = DEFINITIONAL_REPRESENTATION('',(#8079),#8083);
#8079 = LINE('',#8080,#8081);
#8080 = CARTESIAN_POINT('',(57.,255.));
#8081 = VECTOR('',#8082,1.);
#8082 = DIRECTION('',(1.,0.));
#8083 = ( GEOMETRIC_REPRESENTATION_CONTEXT(2) 
PARAMETRIC_REPRESENTATION_CONTEXT() REPRESENTATION_CONTEXT('2D SPACE',''
  ) );
#8084 = PCURVE('',#8085,#8090);
#8085 = PLANE('',#8086);
#8086 = AXIS2_PLACEMENT_3D('',#8087,#8088,#8089);
#8087 = CARTESIAN_POINT('',(-113.,120.,6.));
#8088 = DIRECTION('',(0.,1.,0.));
#8089 = DIRECTION('',(0.,0.,1.));
#8090 = DEFINITIONAL_REPRESENTATION('',(#8091),#8095);
#8091 = LINE('',#8092,#8093);
#8092 = CARTESIAN_POINT('',(0.,0.));
#8093 = VECTOR('',#8094,1.);
#8094 = DIRECTION('',(0.,1.));
#8095 = ( GEOMETRIC_REPRESENTATION_CONTEXT(2) 
PARAMETRIC_REPRESENTATION_CONTEXT() REPRESENTATION_CONTEXT('2D SPACE',''
  ) );
#8096 = ORIENTED_EDGE('',*,*,#8097,.F.);
#8097 = EDGE_CURVE('',#8098,#8070,#8100,.T.);
#8098 = VERTEX_POINT('',#8099);
#8099 = CARTESIAN_POINT('',(-107.,35.,6.));
#8100 = SURFACE_CURVE('',#8101,(#8105,#8112),.PCURVE_S1.);
#8101 = LINE('',#8102,#8103);
#8102 = CARTESIAN_POINT('',(-107.,35.,6.));
#8103 = VECTOR('',#8104,1.);
#8104 = DIRECTION('',(0.,1.,0.));
#8105 = PCURVE('',#6507,#8106);
#8106 = DEFINITIONAL_REPRESENTATION('',(#8107),#8111);
#8107 = LINE('',#8108,#8109);
#8108 = CARTESIAN_POINT('',(63.,170.));
#8109 = VECTOR('',#8110,1.);
#8110 = DIRECTION('',(0.,1.));
#8111 = ( GEOMETRIC_REPRESENTATION_CONTEXT(2) 
PARAMETRIC_REPRESENTATION_CONTEXT() REPRESENTATION_CONTEXT('2D SPACE',''
  ) );
#8112 = PCURVE('',#8113,#8118);
#8113 = PLANE('',#8114);
#8114 = AXIS2_PLACEMENT_3D('',#8115,#8116,#8117);
#8115 = CARTESIAN_POINT('',(-107.,35.,6.));
#8116 = DIRECTION('',(1.,0.,0.));
#8117 = DIRECTION('',(0.,0.,1.));
#8118 = DEFINITIONAL_REPRESENTATION('',(#8119),#8123);
#8119 = LINE('',#8120,#8121);
#8120 = CARTESIAN_POINT('',(0.,0.));
#8121 = VECTOR('',#8122,1.);
#8122 = DIRECTION('',(0.,-1.));
#8123 = ( GEOMETRIC_REPRESENTATION_CONTEXT(2) 
PARAMETRIC_REPRESENTATION_CONTEXT() REPRESENTATION_CONTEXT('2D SPACE',''
  ) );
#8124 = ORIENTED_EDGE('',*,*,#8125,.F.);
#8125 = EDGE_CURVE('',#8040,#8098,#8126,.T.);
#8126 = SURFACE_CURVE('',#8127,(#8131,#8138),.PCURVE_S1.);
#8127 = LINE('',#8128,#8129);
#8128 = CARTESIAN_POINT('',(-113.,35.,6.));
#8129 = VECTOR('',#8130,1.);
#8130 = DIRECTION('',(1.,0.,0.));
#8131 = PCURVE('',#6507,#8132);
#8132 = DEFINITIONAL_REPRESENTATION('',(#8133),#8137);
#8133 = LINE('',#8134,#8135);
#8134 = CARTESIAN_POINT('',(57.,170.));
#8135 = VECTOR('',#8136,1.);
#8136 = DIRECTION('',(1.,0.));
#8137 = ( GEOMETRIC_REPRESENTATION_CONTEXT(2) 
PARAMETRIC_REPRESENTATION_CONTEXT() REPRESENTATION_CONTEXT('2D SPACE',''
  ) );
#8138 = PCURVE('',#8139,#8144);
#8139 = PLANE('',#8140);
#8140 = AXIS2_PLACEMENT_3D('',#8141,#8142,#8143);
#8141 = CARTESIAN_POINT('',(-113.,35.,6.));
#8142 = DIRECTION('',(0.,1.,0.));
#8143 = DIRECTION('',(0.,0.,1.));
#8144 = DEFINITIONAL_REPRESENTATION('',(#8145),#8149);
#8145 = LINE('',#8146,#8147);
#8146 = CARTESIAN_POINT('',(0.,0.));
#8147 = VECTOR('',#8148,1.);
#8148 = DIRECTION('',(0.,1.));
#8149 = ( GEOMETRIC_REPRESENTATION_CONTEXT(2) 
PARAMETRIC_REPRESENTATION_CONTEXT() REPRESENTATION_CONTEXT('2D SPACE',''
  ) );
#8150 = FACE_BOUND('',#8151,.T.);
#8151 = EDGE_LOOP('',(#8152));
#8152 = ORIENTED_EDGE('',*,*,#8153,.T.);
#8153 = EDGE_CURVE('',#8154,#8154,#8156,.T.);
#8154 = VERTEX_POINT('',#8155);
#8155 = CARTESIAN_POINT('',(-138.3,90.,6.));
#8156 = SURFACE_CURVE('',#8157,(#8162,#8173),.PCURVE_S1.);
#8157 = CIRCLE('',#8158,1.7);
#8158 = AXIS2_PLACEMENT_3D('',#8159,#8160,#8161);
#8159 = CARTESIAN_POINT('',(-140.,90.,6.));
#8160 = DIRECTION('',(0.,0.,-1.));
#8161 = DIRECTION('',(1.,0.,0.));
#8162 = PCURVE('',#6507,#8163);
#8163 = DEFINITIONAL_REPRESENTATION('',(#8164),#8172);
#8164 = ( BOUNDED_CURVE() B_SPLINE_CURVE(2,(#8165,#8166,#8167,#8168,
#8169,#8170,#8171),.UNSPECIFIED.,.T.,.F.) B_SPLINE_CURVE_WITH_KNOTS((1,2
    ,2,2,2,1),(-2.094395102393,0.,2.094395102393,4.188790204786,
6.28318530718,8.377580409573),.UNSPECIFIED.) CURVE() 
GEOMETRIC_REPRESENTATION_ITEM() RATIONAL_B_SPLINE_CURVE((1.,0.5,1.,0.5,
1.,0.5,1.)) REPRESENTATION_ITEM('') );
#8165 = CARTESIAN_POINT('',(31.7,225.));
#8166 = CARTESIAN_POINT('',(31.7,222.05551362713));
#8167 = CARTESIAN_POINT('',(29.15,223.52775681356));
#8168 = CARTESIAN_POINT('',(26.6,225.));
#8169 = CARTESIAN_POINT('',(29.15,226.47224318643));
#8170 = CARTESIAN_POINT('',(31.7,227.94448637286));
#8171 = CARTESIAN_POINT('',(31.7,225.));
#8172 = ( GEOMETRIC_REPRESENTATION_CONTEXT(2) 
PARAMETRIC_REPRESENTATION_CONTEXT() REPRESENTATION_CONTEXT('2D SPACE',''
  ) );
#8173 = PCURVE('',#7283,#8174);
#8174 = DEFINITIONAL_REPRESENTATION('',(#8175),#8179);
#8175 = LINE('',#8176,#8177);
#8176 = CARTESIAN_POINT('',(-6.28318530718,-16.));
#8177 = VECTOR('',#8178,1.);
#8178 = DIRECTION('',(1.,-0.));
#8179 = ( GEOMETRIC_REPRESENTATION_CONTEXT(2) 
PARAMETRIC_REPRESENTATION_CONTEXT() REPRESENTATION_CONTEXT('2D SPACE',''
  ) );
#8180 = FACE_BOUND('',#8181,.T.);
#8181 = EDGE_LOOP('',(#8182));
#8182 = ORIENTED_EDGE('',*,*,#8183,.T.);
#8183 = EDGE_CURVE('',#8184,#8184,#8186,.T.);
#8184 = VERTEX_POINT('',#8185);
#8185 = CARTESIAN_POINT('',(-98.3,90.,6.));
#8186 = SURFACE_CURVE('',#8187,(#8192,#8203),.PCURVE_S1.);
#8187 = CIRCLE('',#8188,1.7);
#8188 = AXIS2_PLACEMENT_3D('',#8189,#8190,#8191);
#8189 = CARTESIAN_POINT('',(-100.,90.,6.));
#8190 = DIRECTION('',(0.,0.,-1.));
#8191 = DIRECTION('',(1.,0.,0.));
#8192 = PCURVE('',#6507,#8193);
#8193 = DEFINITIONAL_REPRESENTATION('',(#8194),#8202);
#8194 = ( BOUNDED_CURVE() B_SPLINE_CURVE(2,(#8195,#8196,#8197,#8198,
#8199,#8200,#8201),.UNSPECIFIED.,.T.,.F.) B_SPLINE_CURVE_WITH_KNOTS((1,2
    ,2,2,2,1),(-2.094395102393,0.,2.094395102393,4.188790204786,
6.28318530718,8.377580409573),.UNSPECIFIED.) CURVE() 
GEOMETRIC_REPRESENTATION_ITEM() RATIONAL_B_SPLINE_CURVE((1.,0.5,1.,0.5,
1.,0.5,1.)) REPRESENTATION_ITEM('') );
#8195 = CARTESIAN_POINT('',(71.7,225.));
#8196 = CARTESIAN_POINT('',(71.7,222.05551362713));
#8197 = CARTESIAN_POINT('',(69.15,223.52775681356));
#8198 = CARTESIAN_POINT('',(66.6,225.));
#8199 = CARTESIAN_POINT('',(69.15,226.47224318643));
#8200 = CARTESIAN_POINT('',(71.7,227.94448637286));
#8201 = CARTESIAN_POINT('',(71.7,225.));
#8202 = ( GEOMETRIC_REPRESENTATION_CONTEXT(2) 
PARAMETRIC_REPRESENTATION_CONTEXT() REPRESENTATION_CONTEXT('2D SPACE',''
  ) );
#8203 = PCURVE('',#7318,#8204);
#8204 = DEFINITIONAL_REPRESENTATION('',(#8205),#8209);
#8205 = LINE('',#8206,#8207);
#8206 = CARTESIAN_POINT('',(-6.28318530718,-16.));
#8207 = VECTOR('',#8208,1.);
#8208 = DIRECTION('',(1.,-0.));
#8209 = ( GEOMETRIC_REPRESENTATION_CONTEXT(2) 
PARAMETRIC_REPRESENTATION_CONTEXT() REPRESENTATION_CONTEXT('2D SPACE',''
  ) );
#8210 = FACE_BOUND('',#8211,.T.);
#8211 = EDGE_LOOP('',(#8212));
#8212 = ORIENTED_EDGE('',*,*,#8213,.T.);
#8213 = EDGE_CURVE('',#8214,#8214,#8216,.T.);
#8214 = VERTEX_POINT('',#8215);
#8215 = CARTESIAN_POINT('',(-21.75,61.,6.));
#8216 = SURFACE_CURVE('',#8217,(#8222,#8233),.PCURVE_S1.);
#8217 = CIRCLE('',#8218,2.25);
#8218 = AXIS2_PLACEMENT_3D('',#8219,#8220,#8221);
#8219 = CARTESIAN_POINT('',(-24.,61.,6.));
#8220 = DIRECTION('',(0.,0.,-1.));
#8221 = DIRECTION('',(1.,0.,0.));
#8222 = PCURVE('',#6507,#8223);
#8223 = DEFINITIONAL_REPRESENTATION('',(#8224),#8232);
#8224 = ( BOUNDED_CURVE() B_SPLINE_CURVE(2,(#8225,#8226,#8227,#8228,
#8229,#8230,#8231),.UNSPECIFIED.,.T.,.F.) B_SPLINE_CURVE_WITH_KNOTS((1,2
    ,2,2,2,1),(-2.094395102393,0.,2.094395102393,4.188790204786,
6.28318530718,8.377580409573),.UNSPECIFIED.) CURVE() 
GEOMETRIC_REPRESENTATION_ITEM() RATIONAL_B_SPLINE_CURVE((1.,0.5,1.,0.5,
1.,0.5,1.)) REPRESENTATION_ITEM('') );
#8225 = CARTESIAN_POINT('',(148.25,196.));
#8226 = CARTESIAN_POINT('',(148.25,192.10288568297));
#8227 = CARTESIAN_POINT('',(144.875,194.05144284148));
#8228 = CARTESIAN_POINT('',(141.5,196.));
#8229 = CARTESIAN_POINT('',(144.875,197.94855715851));
#8230 = CARTESIAN_POINT('',(148.25,199.89711431703));
#8231 = CARTESIAN_POINT('',(148.25,196.));
#8232 = ( GEOMETRIC_REPRESENTATION_CONTEXT(2) 
PARAMETRIC_REPRESENTATION_CONTEXT() REPRESENTATION_CONTEXT('2D SPACE',''
  ) );
#8233 = PCURVE('',#7353,#8234);
#8234 = DEFINITIONAL_REPRESENTATION('',(#8235),#8239);
#8235 = LINE('',#8236,#8237);
#8236 = CARTESIAN_POINT('',(-6.28318530718,-16.));
#8237 = VECTOR('',#8238,1.);
#8238 = DIRECTION('',(1.,-0.));
#8239 = ( GEOMETRIC_REPRESENTATION_CONTEXT(2) 
PARAMETRIC_REPRESENTATION_CONTEXT() REPRESENTATION_CONTEXT('2D SPACE',''
  ) );
#8240 = FACE_BOUND('',#8241,.T.);
#8241 = EDGE_LOOP('',(#8242));
#8242 = ORIENTED_EDGE('',*,*,#8243,.T.);
#8243 = EDGE_CURVE('',#8244,#8244,#8246,.T.);
#8244 = VERTEX_POINT('',#8245);
#8245 = CARTESIAN_POINT('',(-21.75,79.,6.));
#8246 = SURFACE_CURVE('',#8247,(#8252,#8263),.PCURVE_S1.);
#8247 = CIRCLE('',#8248,2.25);
#8248 = AXIS2_PLACEMENT_3D('',#8249,#8250,#8251);
#8249 = CARTESIAN_POINT('',(-24.,79.,6.));
#8250 = DIRECTION('',(0.,0.,-1.));
#8251 = DIRECTION('',(1.,0.,0.));
#8252 = PCURVE('',#6507,#8253);
#8253 = DEFINITIONAL_REPRESENTATION('',(#8254),#8262);
#8254 = ( BOUNDED_CURVE() B_SPLINE_CURVE(2,(#8255,#8256,#8257,#8258,
#8259,#8260,#8261),.UNSPECIFIED.,.T.,.F.) B_SPLINE_CURVE_WITH_KNOTS((1,2
    ,2,2,2,1),(-2.094395102393,0.,2.094395102393,4.188790204786,
6.28318530718,8.377580409573),.UNSPECIFIED.) CURVE() 
GEOMETRIC_REPRESENTATION_ITEM() RATIONAL_B_SPLINE_CURVE((1.,0.5,1.,0.5,
1.,0.5,1.)) REPRESENTATION_ITEM('') );
#8255 = CARTESIAN_POINT('',(148.25,214.));
#8256 = CARTESIAN_POINT('',(148.25,210.10288568297));
#8257 = CARTESIAN_POINT('',(144.875,212.05144284148));
#8258 = CARTESIAN_POINT('',(141.5,214.));
#8259 = CARTESIAN_POINT('',(144.875,215.94855715851));
#8260 = CARTESIAN_POINT('',(148.25,217.89711431703));
#8261 = CARTESIAN_POINT('',(148.25,214.));
#8262 = ( GEOMETRIC_REPRESENTATION_CONTEXT(2) 
PARAMETRIC_REPRESENTATION_CONTEXT() REPRESENTATION_CONTEXT('2D SPACE',''
  ) );
#8263 = PCURVE('',#7388,#8264);
#8264 = DEFINITIONAL_REPRESENTATION('',(#8265),#8269);
#8265 = LINE('',#8266,#8267);
#8266 = CARTESIAN_POINT('',(-6.28318530718,-16.));
#8267 = VECTOR('',#8268,1.);
#8268 = DIRECTION('',(1.,-0.));
#8269 = ( GEOMETRIC_REPRESENTATION_CONTEXT(2) 
PARAMETRIC_REPRESENTATION_CONTEXT() REPRESENTATION_CONTEXT('2D SPACE',''
  ) );
#8270 = FACE_BOUND('',#8271,.T.);
#8271 = EDGE_LOOP('',(#8272));
#8272 = ORIENTED_EDGE('',*,*,#8273,.T.);
#8273 = EDGE_CURVE('',#8274,#8274,#8276,.T.);
#8274 = VERTEX_POINT('',#8275);
#8275 = CARTESIAN_POINT('',(-58.3,90.,6.));
#8276 = SURFACE_CURVE('',#8277,(#8282,#8293),.PCURVE_S1.);
#8277 = CIRCLE('',#8278,1.7);
#8278 = AXIS2_PLACEMENT_3D('',#8279,#8280,#8281);
#8279 = CARTESIAN_POINT('',(-60.,90.,6.));
#8280 = DIRECTION('',(0.,0.,-1.));
#8281 = DIRECTION('',(1.,0.,0.));
#8282 = PCURVE('',#6507,#8283);
#8283 = DEFINITIONAL_REPRESENTATION('',(#8284),#8292);
#8284 = ( BOUNDED_CURVE() B_SPLINE_CURVE(2,(#8285,#8286,#8287,#8288,
#8289,#8290,#8291),.UNSPECIFIED.,.T.,.F.) B_SPLINE_CURVE_WITH_KNOTS((1,2
    ,2,2,2,1),(-2.094395102393,0.,2.094395102393,4.188790204786,
6.28318530718,8.377580409573),.UNSPECIFIED.) CURVE() 
GEOMETRIC_REPRESENTATION_ITEM() RATIONAL_B_SPLINE_CURVE((1.,0.5,1.,0.5,
1.,0.5,1.)) REPRESENTATION_ITEM('') );
#8285 = CARTESIAN_POINT('',(111.7,225.));
#8286 = CARTESIAN_POINT('',(111.7,222.05551362713));
#8287 = CARTESIAN_POINT('',(109.15,223.52775681356));
#8288 = CARTESIAN_POINT('',(106.6,225.));
#8289 = CARTESIAN_POINT('',(109.15,226.47224318643));
#8290 = CARTESIAN_POINT('',(111.7,227.94448637286));
#8291 = CARTESIAN_POINT('',(111.7,225.));
#8292 = ( GEOMETRIC_REPRESENTATION_CONTEXT(2) 
PARAMETRIC_REPRESENTATION_CONTEXT() REPRESENTATION_CONTEXT('2D SPACE',''
  ) );
#8293 = PCURVE('',#7423,#8294);
#8294 = DEFINITIONAL_REPRESENTATION('',(#8295),#8299);
#8295 = LINE('',#8296,#8297);
#8296 = CARTESIAN_POINT('',(-6.28318530718,-16.));
#8297 = VECTOR('',#8298,1.);
#8298 = DIRECTION('',(1.,-0.));
#8299 = ( GEOMETRIC_REPRESENTATION_CONTEXT(2) 
PARAMETRIC_REPRESENTATION_CONTEXT() REPRESENTATION_CONTEXT('2D SPACE',''
  ) );
#8300 = FACE_BOUND('',#8301,.T.);
#8301 = EDGE_LOOP('',(#8302,#8325,#8353,#8374));
#8302 = ORIENTED_EDGE('',*,*,#8303,.F.);
#8303 = EDGE_CURVE('',#8304,#8306,#8308,.T.);
#8304 = VERTEX_POINT('',#8305);
#8305 = CARTESIAN_POINT('',(-8.25,114.25,6.));
#8306 = VERTEX_POINT('',#8307);
#8307 = CARTESIAN_POINT('',(-31.75,114.25,6.));
#8308 = SURFACE_CURVE('',#8309,(#8313,#8319),.PCURVE_S1.);
#8309 = LINE('',#8310,#8311);
#8310 = CARTESIAN_POINT('',(-100.875,114.25,6.));
#8311 = VECTOR('',#8312,1.);
#8312 = DIRECTION('',(-1.,0.,0.));
#8313 = PCURVE('',#6507,#8314);
#8314 = DEFINITIONAL_REPRESENTATION('',(#8315),#8318);
#8315 = B_SPLINE_CURVE_WITH_KNOTS('',1,(#8316,#8317),.UNSPECIFIED.,.F.,
  .F.,(2,2),(-92.625,-69.125),.PIECEWISE_BEZIER_KNOTS.);
#8316 = CARTESIAN_POINT('',(161.75,249.25));
#8317 = CARTESIAN_POINT('',(138.25,249.25));
#8318 = ( GEOMETRIC_REPRESENTATION_CONTEXT(2) 
PARAMETRIC_REPRESENTATION_CONTEXT() REPRESENTATION_CONTEXT('2D SPACE',''
  ) );
#8319 = PCURVE('',#7454,#8320);
#8320 = DEFINITIONAL_REPRESENTATION('',(#8321),#8324);
#8321 = B_SPLINE_CURVE_WITH_KNOTS('',1,(#8322,#8323),.UNSPECIFIED.,.F.,
  .F.,(2,2),(-92.625,-69.125),.PIECEWISE_BEZIER_KNOTS.);
#8322 = CARTESIAN_POINT('',(23.5,-16.));
#8323 = CARTESIAN_POINT('',(0.,-16.));
#8324 = ( GEOMETRIC_REPRESENTATION_CONTEXT(2) 
PARAMETRIC_REPRESENTATION_CONTEXT() REPRESENTATION_CONTEXT('2D SPACE',''
  ) );
#8325 = ORIENTED_EDGE('',*,*,#8326,.T.);
#8326 = EDGE_CURVE('',#8304,#8327,#8329,.T.);
#8327 = VERTEX_POINT('',#8328);
#8328 = CARTESIAN_POINT('',(-8.25,109.75,6.));
#8329 = SURFACE_CURVE('',#8330,(#8335,#8346),.PCURVE_S1.);
#8330 = CIRCLE('',#8331,2.25);
#8331 = AXIS2_PLACEMENT_3D('',#8332,#8333,#8334);
#8332 = CARTESIAN_POINT('',(-8.25,112.,6.));
#8333 = DIRECTION('',(0.,0.,-1.));
#8334 = DIRECTION('',(0.,1.,0.));
#8335 = PCURVE('',#6507,#8336);
#8336 = DEFINITIONAL_REPRESENTATION('',(#8337),#8345);
#8337 = ( BOUNDED_CURVE() B_SPLINE_CURVE(2,(#8338,#8339,#8340,#8341,
#8342,#8343,#8344),.UNSPECIFIED.,.T.,.F.) B_SPLINE_CURVE_WITH_KNOTS((1,2
    ,2,2,2,1),(-2.094395102393,0.,2.094395102393,4.188790204786,
6.28318530718,8.377580409573),.UNSPECIFIED.) CURVE() 
GEOMETRIC_REPRESENTATION_ITEM() RATIONAL_B_SPLINE_CURVE((1.,0.5,1.,0.5,
1.,0.5,1.)) REPRESENTATION_ITEM('') );
#8338 = CARTESIAN_POINT('',(161.75,249.25));
#8339 = CARTESIAN_POINT('',(165.64711431703,249.25));
#8340 = CARTESIAN_POINT('',(163.69855715851,245.875));
#8341 = CARTESIAN_POINT('',(161.75,242.5));
#8342 = CARTESIAN_POINT('',(159.80144284148,245.875));
#8343 = CARTESIAN_POINT('',(157.85288568297,249.25));
#8344 = CARTESIAN_POINT('',(161.75,249.25));
#8345 = ( GEOMETRIC_REPRESENTATION_CONTEXT(2) 
PARAMETRIC_REPRESENTATION_CONTEXT() REPRESENTATION_CONTEXT('2D SPACE',''
  ) );
#8346 = PCURVE('',#7486,#8347);
#8347 = DEFINITIONAL_REPRESENTATION('',(#8348),#8352);
#8348 = LINE('',#8349,#8350);
#8349 = CARTESIAN_POINT('',(0.,-16.));
#8350 = VECTOR('',#8351,1.);
#8351 = DIRECTION('',(1.,0.));
#8352 = ( GEOMETRIC_REPRESENTATION_CONTEXT(2) 
PARAMETRIC_REPRESENTATION_CONTEXT() REPRESENTATION_CONTEXT('2D SPACE',''
  ) );
#8353 = ORIENTED_EDGE('',*,*,#8354,.F.);
#8354 = EDGE_CURVE('',#8355,#8327,#8357,.T.);
#8355 = VERTEX_POINT('',#8356);
#8356 = CARTESIAN_POINT('',(-31.75,109.75,6.));
#8357 = SURFACE_CURVE('',#8358,(#8362,#8368),.PCURVE_S1.);
#8358 = LINE('',#8359,#8360);
#8359 = CARTESIAN_POINT('',(-89.125,109.75,6.));
#8360 = VECTOR('',#8361,1.);
#8361 = DIRECTION('',(1.,0.,-0.));
#8362 = PCURVE('',#6507,#8363);
#8363 = DEFINITIONAL_REPRESENTATION('',(#8364),#8367);
#8364 = B_SPLINE_CURVE_WITH_KNOTS('',1,(#8365,#8366),.UNSPECIFIED.,.F.,
  .F.,(2,2),(57.375,80.875),.PIECEWISE_BEZIER_KNOTS.);
#8365 = CARTESIAN_POINT('',(138.25,244.75));
#8366 = CARTESIAN_POINT('',(161.75,244.75));
#8367 = ( GEOMETRIC_REPRESENTATION_CONTEXT(2) 
PARAMETRIC_REPRESENTATION_CONTEXT() REPRESENTATION_CONTEXT('2D SPACE',''
  ) );
#8368 = PCURVE('',#7513,#8369);
#8369 = DEFINITIONAL_REPRESENTATION('',(#8370),#8373);
#8370 = B_SPLINE_CURVE_WITH_KNOTS('',1,(#8371,#8372),.UNSPECIFIED.,.F.,
  .F.,(2,2),(57.375,80.875),.PIECEWISE_BEZIER_KNOTS.);
#8371 = CARTESIAN_POINT('',(23.5,-16.));
#8372 = CARTESIAN_POINT('',(0.,-16.));
#8373 = ( GEOMETRIC_REPRESENTATION_CONTEXT(2) 
PARAMETRIC_REPRESENTATION_CONTEXT() REPRESENTATION_CONTEXT('2D SPACE',''
  ) );
#8374 = ORIENTED_EDGE('',*,*,#8375,.T.);
#8375 = EDGE_CURVE('',#8355,#8306,#8376,.T.);
#8376 = SURFACE_CURVE('',#8377,(#8382,#8393),.PCURVE_S1.);
#8377 = CIRCLE('',#8378,2.25);
#8378 = AXIS2_PLACEMENT_3D('',#8379,#8380,#8381);
#8379 = CARTESIAN_POINT('',(-31.75,112.,6.));
#8380 = DIRECTION('',(0.,-0.,-1.));
#8381 = DIRECTION('',(0.,-1.,0.));
#8382 = PCURVE('',#6507,#8383);
#8383 = DEFINITIONAL_REPRESENTATION('',(#8384),#8392);
#8384 = ( BOUNDED_CURVE() B_SPLINE_CURVE(2,(#8385,#8386,#8387,#8388,
#8389,#8390,#8391),.UNSPECIFIED.,.T.,.F.) B_SPLINE_CURVE_WITH_KNOTS((1,2
    ,2,2,2,1),(-2.094395102393,0.,2.094395102393,4.188790204786,
6.28318530718,8.377580409573),.UNSPECIFIED.) CURVE() 
GEOMETRIC_REPRESENTATION_ITEM() RATIONAL_B_SPLINE_CURVE((1.,0.5,1.,0.5,
1.,0.5,1.)) REPRESENTATION_ITEM('') );
#8385 = CARTESIAN_POINT('',(138.25,244.75));
#8386 = CARTESIAN_POINT('',(134.35288568297,244.75));
#8387 = CARTESIAN_POINT('',(136.30144284148,248.125));
#8388 = CARTESIAN_POINT('',(138.25,251.5));
#8389 = CARTESIAN_POINT('',(140.19855715851,248.125));
#8390 = CARTESIAN_POINT('',(142.14711431703,244.75));
#8391 = CARTESIAN_POINT('',(138.25,244.75));
#8392 = ( GEOMETRIC_REPRESENTATION_CONTEXT(2) 
PARAMETRIC_REPRESENTATION_CONTEXT() REPRESENTATION_CONTEXT('2D SPACE',''
  ) );
#8393 = PCURVE('',#7543,#8394);
#8394 = DEFINITIONAL_REPRESENTATION('',(#8395),#8399);
#8395 = LINE('',#8396,#8397);
#8396 = CARTESIAN_POINT('',(0.,-16.));
#8397 = VECTOR('',#8398,1.);
#8398 = DIRECTION('',(1.,0.));
#8399 = ( GEOMETRIC_REPRESENTATION_CONTEXT(2) 
PARAMETRIC_REPRESENTATION_CONTEXT() REPRESENTATION_CONTEXT('2D SPACE',''
  ) );
#8400 = ADVANCED_FACE('',(#8401),#6483,.T.);
#8401 = FACE_BOUND('',#8402,.T.);
#8402 = EDGE_LOOP('',(#8403,#8404,#8405,#8406));
#8403 = ORIENTED_EDGE('',*,*,#6546,.F.);
#8404 = ORIENTED_EDGE('',*,*,#6468,.F.);
#8405 = ORIENTED_EDGE('',*,*,#7605,.T.);
#8406 = ORIENTED_EDGE('',*,*,#8407,.T.);
#8407 = EDGE_CURVE('',#7606,#6547,#8408,.T.);
#8408 = SURFACE_CURVE('',#8409,(#8413,#8419),.PCURVE_S1.);
#8409 = LINE('',#8410,#8411);
#8410 = CARTESIAN_POINT('',(-164.,129.,6.));
#8411 = VECTOR('',#8412,1.);
#8412 = DIRECTION('',(0.,0.,1.));
#8413 = PCURVE('',#6483,#8414);
#8414 = DEFINITIONAL_REPRESENTATION('',(#8415),#8418);
#8415 = B_SPLINE_CURVE_WITH_KNOTS('',1,(#8416,#8417),.UNSPECIFIED.,.F.,
  .F.,(2,2),(0.,14.),.PIECEWISE_BEZIER_KNOTS.);
#8416 = CARTESIAN_POINT('',(0.,-259.));
#8417 = CARTESIAN_POINT('',(14.,-259.));
#8418 = ( GEOMETRIC_REPRESENTATION_CONTEXT(2) 
PARAMETRIC_REPRESENTATION_CONTEXT() REPRESENTATION_CONTEXT('2D SPACE',''
  ) );
#8419 = PCURVE('',#6585,#8420);
#8420 = DEFINITIONAL_REPRESENTATION('',(#8421),#8424);
#8421 = B_SPLINE_CURVE_WITH_KNOTS('',1,(#8422,#8423),.UNSPECIFIED.,.F.,
  .F.,(2,2),(0.,14.),.PIECEWISE_BEZIER_KNOTS.);
#8422 = CARTESIAN_POINT('',(0.,1.));
#8423 = CARTESIAN_POINT('',(14.,1.));
#8424 = ( GEOMETRIC_REPRESENTATION_CONTEXT(2) 
PARAMETRIC_REPRESENTATION_CONTEXT() REPRESENTATION_CONTEXT('2D SPACE',''
  ) );
#8425 = ADVANCED_FACE('',(#8426),#6667,.F.);
#8426 = FACE_BOUND('',#8427,.F.);
#8427 = EDGE_LOOP('',(#8428,#8429,#8430,#8451));
#8428 = ORIENTED_EDGE('',*,*,#6653,.F.);
#8429 = ORIENTED_EDGE('',*,*,#6712,.T.);
#8430 = ORIENTED_EDGE('',*,*,#8431,.T.);
#8431 = EDGE_CURVE('',#6683,#6763,#8432,.T.);
#8432 = SURFACE_CURVE('',#8433,(#8437,#8444),.PCURVE_S1.);
#8433 = LINE('',#8434,#8435);
#8434 = CARTESIAN_POINT('',(-165.,129.,6.));
#8435 = VECTOR('',#8436,1.);
#8436 = DIRECTION('',(0.,1.,0.));
#8437 = PCURVE('',#6667,#8438);
#8438 = DEFINITIONAL_REPRESENTATION('',(#8439),#8443);
#8439 = LINE('',#8440,#8441);
#8440 = CARTESIAN_POINT('',(0.,0.));
#8441 = VECTOR('',#8442,1.);
#8442 = DIRECTION('',(0.,-1.));
#8443 = ( GEOMETRIC_REPRESENTATION_CONTEXT(2) 
PARAMETRIC_REPRESENTATION_CONTEXT() REPRESENTATION_CONTEXT('2D SPACE',''
  ) );
#8444 = PCURVE('',#6698,#8445);
#8445 = DEFINITIONAL_REPRESENTATION('',(#8446),#8450);
#8446 = LINE('',#8447,#8448);
#8447 = CARTESIAN_POINT('',(5.,264.));
#8448 = VECTOR('',#8449,1.);
#8449 = DIRECTION('',(0.,1.));
#8450 = ( GEOMETRIC_REPRESENTATION_CONTEXT(2) 
PARAMETRIC_REPRESENTATION_CONTEXT() REPRESENTATION_CONTEXT('2D SPACE',''
  ) );
#8451 = ORIENTED_EDGE('',*,*,#8452,.T.);
#8452 = EDGE_CURVE('',#6763,#6626,#8453,.T.);
#8453 = SURFACE_CURVE('',#8454,(#8458,#8465),.PCURVE_S1.);
#8454 = LINE('',#8455,#8456);
#8455 = CARTESIAN_POINT('',(-165.,135.,6.));
#8456 = VECTOR('',#8457,1.);
#8457 = DIRECTION('',(0.,0.,1.));
#8458 = PCURVE('',#6667,#8459);
#8459 = DEFINITIONAL_REPRESENTATION('',(#8460),#8464);
#8460 = LINE('',#8461,#8462);
#8461 = CARTESIAN_POINT('',(0.,-6.));
#8462 = VECTOR('',#8463,1.);
#8463 = DIRECTION('',(1.,0.));
#8464 = ( GEOMETRIC_REPRESENTATION_CONTEXT(2) 
PARAMETRIC_REPRESENTATION_CONTEXT() REPRESENTATION_CONTEXT('2D SPACE',''
  ) );
#8465 = PCURVE('',#6641,#8466);
#8466 = DEFINITIONAL_REPRESENTATION('',(#8467),#8471);
#8467 = LINE('',#8468,#8469);
#8468 = CARTESIAN_POINT('',(6.,5.));
#8469 = VECTOR('',#8470,1.);
#8470 = DIRECTION('',(1.,0.));
#8471 = ( GEOMETRIC_REPRESENTATION_CONTEXT(2) 
PARAMETRIC_REPRESENTATION_CONTEXT() REPRESENTATION_CONTEXT('2D SPACE',''
  ) );
#8472 = ADVANCED_FACE('',(#8473),#6641,.T.);
#8473 = FACE_BOUND('',#8474,.T.);
#8474 = EDGE_LOOP('',(#8475,#8476,#8477,#8478,#8479,#8500,#8501));
#8475 = ORIENTED_EDGE('',*,*,#6838,.F.);
#8476 = ORIENTED_EDGE('',*,*,#6762,.T.);
#8477 = ORIENTED_EDGE('',*,*,#8452,.T.);
#8478 = ORIENTED_EDGE('',*,*,#6625,.T.);
#8479 = ORIENTED_EDGE('',*,*,#8480,.F.);
#8480 = EDGE_CURVE('',#7631,#6598,#8481,.T.);
#8481 = SURFACE_CURVE('',#8482,(#8486,#8493),.PCURVE_S1.);
#8482 = LINE('',#8483,#8484);
#8483 = CARTESIAN_POINT('',(-48.,135.,6.));
#8484 = VECTOR('',#8485,1.);
#8485 = DIRECTION('',(0.,0.,1.));
#8486 = PCURVE('',#6641,#8487);
#8487 = DEFINITIONAL_REPRESENTATION('',(#8488),#8492);
#8488 = LINE('',#8489,#8490);
#8489 = CARTESIAN_POINT('',(6.,122.));
#8490 = VECTOR('',#8491,1.);
#8491 = DIRECTION('',(1.,0.));
#8492 = ( GEOMETRIC_REPRESENTATION_CONTEXT(2) 
PARAMETRIC_REPRESENTATION_CONTEXT() REPRESENTATION_CONTEXT('2D SPACE',''
  ) );
#8493 = PCURVE('',#6613,#8494);
#8494 = DEFINITIONAL_REPRESENTATION('',(#8495),#8499);
#8495 = LINE('',#8496,#8497);
#8496 = CARTESIAN_POINT('',(0.,-6.));
#8497 = VECTOR('',#8498,1.);
#8498 = DIRECTION('',(1.,0.));
#8499 = ( GEOMETRIC_REPRESENTATION_CONTEXT(2) 
PARAMETRIC_REPRESENTATION_CONTEXT() REPRESENTATION_CONTEXT('2D SPACE',''
  ) );
#8500 = ORIENTED_EDGE('',*,*,#7630,.T.);
#8501 = ORIENTED_EDGE('',*,*,#7560,.F.);
#8502 = ADVANCED_FACE('',(#8503),#6613,.T.);
#8503 = FACE_BOUND('',#8504,.T.);
#8504 = EDGE_LOOP('',(#8505,#8526,#8527,#8528));
#8505 = ORIENTED_EDGE('',*,*,#8506,.F.);
#8506 = EDGE_CURVE('',#7654,#6570,#8507,.T.);
#8507 = SURFACE_CURVE('',#8508,(#8512,#8519),.PCURVE_S1.);
#8508 = LINE('',#8509,#8510);
#8509 = CARTESIAN_POINT('',(-48.,129.,6.));
#8510 = VECTOR('',#8511,1.);
#8511 = DIRECTION('',(0.,0.,1.));
#8512 = PCURVE('',#6613,#8513);
#8513 = DEFINITIONAL_REPRESENTATION('',(#8514),#8518);
#8514 = LINE('',#8515,#8516);
#8515 = CARTESIAN_POINT('',(0.,0.));
#8516 = VECTOR('',#8517,1.);
#8517 = DIRECTION('',(1.,0.));
#8518 = ( GEOMETRIC_REPRESENTATION_CONTEXT(2) 
PARAMETRIC_REPRESENTATION_CONTEXT() REPRESENTATION_CONTEXT('2D SPACE',''
  ) );
#8519 = PCURVE('',#6585,#8520);
#8520 = DEFINITIONAL_REPRESENTATION('',(#8521),#8525);
#8521 = LINE('',#8522,#8523);
#8522 = CARTESIAN_POINT('',(0.,117.));
#8523 = VECTOR('',#8524,1.);
#8524 = DIRECTION('',(1.,0.));
#8525 = ( GEOMETRIC_REPRESENTATION_CONTEXT(2) 
PARAMETRIC_REPRESENTATION_CONTEXT() REPRESENTATION_CONTEXT('2D SPACE',''
  ) );
#8526 = ORIENTED_EDGE('',*,*,#7653,.T.);
#8527 = ORIENTED_EDGE('',*,*,#8480,.T.);
#8528 = ORIENTED_EDGE('',*,*,#6597,.F.);
#8529 = ADVANCED_FACE('',(#8530),#6585,.F.);
#8530 = FACE_BOUND('',#8531,.F.);
#8531 = EDGE_LOOP('',(#8532,#8533,#8534,#8535));
#8532 = ORIENTED_EDGE('',*,*,#7676,.F.);
#8533 = ORIENTED_EDGE('',*,*,#8407,.T.);
#8534 = ORIENTED_EDGE('',*,*,#6569,.T.);
#8535 = ORIENTED_EDGE('',*,*,#8506,.F.);
#8536 = ADVANCED_FACE('',(#8537),#6698,.T.);
#8537 = FACE_BOUND('',#8538,.T.);
#8538 = EDGE_LOOP('',(#8539,#8540,#8541));
#8539 = ORIENTED_EDGE('',*,*,#6682,.T.);
#8540 = ORIENTED_EDGE('',*,*,#8431,.T.);
#8541 = ORIENTED_EDGE('',*,*,#6785,.F.);
#8542 = ADVANCED_FACE('',(#8543),#6883,.F.);
#8543 = FACE_BOUND('',#8544,.T.);
#8544 = EDGE_LOOP('',(#8545,#8546,#8567,#8568));
#8545 = ORIENTED_EDGE('',*,*,#6862,.T.);
#8546 = ORIENTED_EDGE('',*,*,#8547,.T.);
#8547 = EDGE_CURVE('',#6863,#7700,#8548,.T.);
#8548 = SEAM_CURVE('',#8549,(#8553,#8560),.PCURVE_S1.);
#8549 = LINE('',#8550,#8551);
#8550 = CARTESIAN_POINT('',(-147.75,22.,-10.));
#8551 = VECTOR('',#8552,1.);
#8552 = DIRECTION('',(0.,0.,1.));
#8553 = PCURVE('',#6883,#8554);
#8554 = DEFINITIONAL_REPRESENTATION('',(#8555),#8559);
#8555 = LINE('',#8556,#8557);
#8556 = CARTESIAN_POINT('',(-6.28318530718,0.));
#8557 = VECTOR('',#8558,1.);
#8558 = DIRECTION('',(-0.,-1.));
#8559 = ( GEOMETRIC_REPRESENTATION_CONTEXT(2) 
PARAMETRIC_REPRESENTATION_CONTEXT() REPRESENTATION_CONTEXT('2D SPACE',''
  ) );
#8560 = PCURVE('',#6883,#8561);
#8561 = DEFINITIONAL_REPRESENTATION('',(#8562),#8566);
#8562 = LINE('',#8563,#8564);
#8563 = CARTESIAN_POINT('',(-0.,0.));
#8564 = VECTOR('',#8565,1.);
#8565 = DIRECTION('',(-0.,-1.));
#8566 = ( GEOMETRIC_REPRESENTATION_CONTEXT(2) 
PARAMETRIC_REPRESENTATION_CONTEXT() REPRESENTATION_CONTEXT('2D SPACE',''
  ) );
#8567 = ORIENTED_EDGE('',*,*,#7699,.F.);
#8568 = ORIENTED_EDGE('',*,*,#8547,.F.);
#8569 = ADVANCED_FACE('',(#8570),#6918,.F.);
#8570 = FACE_BOUND('',#8571,.T.);
#8571 = EDGE_LOOP('',(#8572,#8573,#8594,#8595));
#8572 = ORIENTED_EDGE('',*,*,#6897,.T.);
#8573 = ORIENTED_EDGE('',*,*,#8574,.T.);
#8574 = EDGE_CURVE('',#6898,#7730,#8575,.T.);
#8575 = SEAM_CURVE('',#8576,(#8580,#8587),.PCURVE_S1.);
#8576 = LINE('',#8577,#8578);
#8577 = CARTESIAN_POINT('',(-117.75,22.,-10.));
#8578 = VECTOR('',#8579,1.);
#8579 = DIRECTION('',(0.,0.,1.));
#8580 = PCURVE('',#6918,#8581);
#8581 = DEFINITIONAL_REPRESENTATION('',(#8582),#8586);
#8582 = LINE('',#8583,#8584);
#8583 = CARTESIAN_POINT('',(-6.28318530718,0.));
#8584 = VECTOR('',#8585,1.);
#8585 = DIRECTION('',(-0.,-1.));
#8586 = ( GEOMETRIC_REPRESENTATION_CONTEXT(2) 
PARAMETRIC_REPRESENTATION_CONTEXT() REPRESENTATION_CONTEXT('2D SPACE',''
  ) );
#8587 = PCURVE('',#6918,#8588);
#8588 = DEFINITIONAL_REPRESENTATION('',(#8589),#8593);
#8589 = LINE('',#8590,#8591);
#8590 = CARTESIAN_POINT('',(-0.,0.));
#8591 = VECTOR('',#8592,1.);
#8592 = DIRECTION('',(-0.,-1.));
#8593 = ( GEOMETRIC_REPRESENTATION_CONTEXT(2) 
PARAMETRIC_REPRESENTATION_CONTEXT() REPRESENTATION_CONTEXT('2D SPACE',''
  ) );
#8594 = ORIENTED_EDGE('',*,*,#7729,.F.);
#8595 = ORIENTED_EDGE('',*,*,#8574,.F.);
#8596 = ADVANCED_FACE('',(#8597),#6953,.F.);
#8597 = FACE_BOUND('',#8598,.T.);
#8598 = EDGE_LOOP('',(#8599,#8600,#8621,#8622));
#8599 = ORIENTED_EDGE('',*,*,#6932,.T.);
#8600 = ORIENTED_EDGE('',*,*,#8601,.T.);
#8601 = EDGE_CURVE('',#6933,#7760,#8602,.T.);
#8602 = SEAM_CURVE('',#8603,(#8607,#8614),.PCURVE_S1.);
#8603 = LINE('',#8604,#8605);
#8604 = CARTESIAN_POINT('',(-81.75,24.,-10.));
#8605 = VECTOR('',#8606,1.);
#8606 = DIRECTION('',(0.,0.,1.));
#8607 = PCURVE('',#6953,#8608);
#8608 = DEFINITIONAL_REPRESENTATION('',(#8609),#8613);
#8609 = LINE('',#8610,#8611);
#8610 = CARTESIAN_POINT('',(-6.28318530718,0.));
#8611 = VECTOR('',#8612,1.);
#8612 = DIRECTION('',(-0.,-1.));
#8613 = ( GEOMETRIC_REPRESENTATION_CONTEXT(2) 
PARAMETRIC_REPRESENTATION_CONTEXT() REPRESENTATION_CONTEXT('2D SPACE',''
  ) );
#8614 = PCURVE('',#6953,#8615);
#8615 = DEFINITIONAL_REPRESENTATION('',(#8616),#8620);
#8616 = LINE('',#8617,#8618);
#8617 = CARTESIAN_POINT('',(-0.,0.));
#8618 = VECTOR('',#8619,1.);
#8619 = DIRECTION('',(-0.,-1.));
#8620 = ( GEOMETRIC_REPRESENTATION_CONTEXT(2) 
PARAMETRIC_REPRESENTATION_CONTEXT() REPRESENTATION_CONTEXT('2D SPACE',''
  ) );
#8621 = ORIENTED_EDGE('',*,*,#7759,.F.);
#8622 = ORIENTED_EDGE('',*,*,#8601,.F.);
#8623 = ADVANCED_FACE('',(#8624),#6988,.F.);
#8624 = FACE_BOUND('',#8625,.T.);
#8625 = EDGE_LOOP('',(#8626,#8627,#8648,#8649));
#8626 = ORIENTED_EDGE('',*,*,#6967,.T.);
#8627 = ORIENTED_EDGE('',*,*,#8628,.T.);
#8628 = EDGE_CURVE('',#6968,#7790,#8629,.T.);
#8629 = SEAM_CURVE('',#8630,(#8634,#8641),.PCURVE_S1.);
#8630 = LINE('',#8631,#8632);
#8631 = CARTESIAN_POINT('',(-138.3,45.,-10.));
#8632 = VECTOR('',#8633,1.);
#8633 = DIRECTION('',(0.,0.,1.));
#8634 = PCURVE('',#6988,#8635);
#8635 = DEFINITIONAL_REPRESENTATION('',(#8636),#8640);
#8636 = LINE('',#8637,#8638);
#8637 = CARTESIAN_POINT('',(-6.28318530718,0.));
#8638 = VECTOR('',#8639,1.);
#8639 = DIRECTION('',(-0.,-1.));
#8640 = ( GEOMETRIC_REPRESENTATION_CONTEXT(2) 
PARAMETRIC_REPRESENTATION_CONTEXT() REPRESENTATION_CONTEXT('2D SPACE',''
  ) );
#8641 = PCURVE('',#6988,#8642);
#8642 = DEFINITIONAL_REPRESENTATION('',(#8643),#8647);
#8643 = LINE('',#8644,#8645);
#8644 = CARTESIAN_POINT('',(-0.,0.));
#8645 = VECTOR('',#8646,1.);
#8646 = DIRECTION('',(-0.,-1.));
#8647 = ( GEOMETRIC_REPRESENTATION_CONTEXT(2) 
PARAMETRIC_REPRESENTATION_CONTEXT() REPRESENTATION_CONTEXT('2D SPACE',''
  ) );
#8648 = ORIENTED_EDGE('',*,*,#7789,.F.);
#8649 = ORIENTED_EDGE('',*,*,#8628,.F.);
#8650 = ADVANCED_FACE('',(#8651),#7023,.F.);
#8651 = FACE_BOUND('',#8652,.T.);
#8652 = EDGE_LOOP('',(#8653,#8654,#8675,#8676));
#8653 = ORIENTED_EDGE('',*,*,#7002,.T.);
#8654 = ORIENTED_EDGE('',*,*,#8655,.T.);
#8655 = EDGE_CURVE('',#7003,#7820,#8656,.T.);
#8656 = SEAM_CURVE('',#8657,(#8661,#8668),.PCURVE_S1.);
#8657 = LINE('',#8658,#8659);
#8658 = CARTESIAN_POINT('',(-98.3,45.,-10.));
#8659 = VECTOR('',#8660,1.);
#8660 = DIRECTION('',(0.,0.,1.));
#8661 = PCURVE('',#7023,#8662);
#8662 = DEFINITIONAL_REPRESENTATION('',(#8663),#8667);
#8663 = LINE('',#8664,#8665);
#8664 = CARTESIAN_POINT('',(-6.28318530718,0.));
#8665 = VECTOR('',#8666,1.);
#8666 = DIRECTION('',(-0.,-1.));
#8667 = ( GEOMETRIC_REPRESENTATION_CONTEXT(2) 
PARAMETRIC_REPRESENTATION_CONTEXT() REPRESENTATION_CONTEXT('2D SPACE',''
  ) );
#8668 = PCURVE('',#7023,#8669);
#8669 = DEFINITIONAL_REPRESENTATION('',(#8670),#8674);
#8670 = LINE('',#8671,#8672);
#8671 = CARTESIAN_POINT('',(-0.,0.));
#8672 = VECTOR('',#8673,1.);
#8673 = DIRECTION('',(-0.,-1.));
#8674 = ( GEOMETRIC_REPRESENTATION_CONTEXT(2) 
PARAMETRIC_REPRESENTATION_CONTEXT() REPRESENTATION_CONTEXT('2D SPACE',''
  ) );
#8675 = ORIENTED_EDGE('',*,*,#7819,.F.);
#8676 = ORIENTED_EDGE('',*,*,#8655,.F.);
#8677 = ADVANCED_FACE('',(#8678),#7058,.F.);
#8678 = FACE_BOUND('',#8679,.T.);
#8679 = EDGE_LOOP('',(#8680,#8681,#8702,#8703));
#8680 = ORIENTED_EDGE('',*,*,#7037,.T.);
#8681 = ORIENTED_EDGE('',*,*,#8682,.T.);
#8682 = EDGE_CURVE('',#7038,#7850,#8683,.T.);
#8683 = SEAM_CURVE('',#8684,(#8688,#8695),.PCURVE_S1.);
#8684 = LINE('',#8685,#8686);
#8685 = CARTESIAN_POINT('',(-63.75,24.,-10.));
#8686 = VECTOR('',#8687,1.);
#8687 = DIRECTION('',(0.,0.,1.));
#8688 = PCURVE('',#7058,#8689);
#8689 = DEFINITIONAL_REPRESENTATION('',(#8690),#8694);
#8690 = LINE('',#8691,#8692);
#8691 = CARTESIAN_POINT('',(-6.28318530718,0.));
#8692 = VECTOR('',#8693,1.);
#8693 = DIRECTION('',(-0.,-1.));
#8694 = ( GEOMETRIC_REPRESENTATION_CONTEXT(2) 
PARAMETRIC_REPRESENTATION_CONTEXT() REPRESENTATION_CONTEXT('2D SPACE',''
  ) );
#8695 = PCURVE('',#7058,#8696);
#8696 = DEFINITIONAL_REPRESENTATION('',(#8697),#8701);
#8697 = LINE('',#8698,#8699);
#8698 = CARTESIAN_POINT('',(-0.,0.));
#8699 = VECTOR('',#8700,1.);
#8700 = DIRECTION('',(-0.,-1.));
#8701 = ( GEOMETRIC_REPRESENTATION_CONTEXT(2) 
PARAMETRIC_REPRESENTATION_CONTEXT() REPRESENTATION_CONTEXT('2D SPACE',''
  ) );
#8702 = ORIENTED_EDGE('',*,*,#7849,.F.);
#8703 = ORIENTED_EDGE('',*,*,#8682,.F.);
#8704 = ADVANCED_FACE('',(#8705),#7089,.F.);
#8705 = FACE_BOUND('',#8706,.F.);
#8706 = EDGE_LOOP('',(#8707,#8708,#8729,#8730));
#8707 = ORIENTED_EDGE('',*,*,#7072,.T.);
#8708 = ORIENTED_EDGE('',*,*,#8709,.T.);
#8709 = EDGE_CURVE('',#7075,#7882,#8710,.T.);
#8710 = SURFACE_CURVE('',#8711,(#8715,#8722),.PCURVE_S1.);
#8711 = LINE('',#8712,#8713);
#8712 = CARTESIAN_POINT('',(-77.,50.,-10.));
#8713 = VECTOR('',#8714,1.);
#8714 = DIRECTION('',(0.,0.,1.));
#8715 = PCURVE('',#7089,#8716);
#8716 = DEFINITIONAL_REPRESENTATION('',(#8717),#8721);
#8717 = LINE('',#8718,#8719);
#8718 = CARTESIAN_POINT('',(0.,0.));
#8719 = VECTOR('',#8720,1.);
#8720 = DIRECTION('',(0.,-1.));
#8721 = ( GEOMETRIC_REPRESENTATION_CONTEXT(2) 
PARAMETRIC_REPRESENTATION_CONTEXT() REPRESENTATION_CONTEXT('2D SPACE',''
  ) );
#8722 = PCURVE('',#7178,#8723);
#8723 = DEFINITIONAL_REPRESENTATION('',(#8724),#8728);
#8724 = LINE('',#8725,#8726);
#8725 = CARTESIAN_POINT('',(3.14159265359,0.));
#8726 = VECTOR('',#8727,1.);
#8727 = DIRECTION('',(0.,-1.));
#8728 = ( GEOMETRIC_REPRESENTATION_CONTEXT(2) 
PARAMETRIC_REPRESENTATION_CONTEXT() REPRESENTATION_CONTEXT('2D SPACE',''
  ) );
#8729 = ORIENTED_EDGE('',*,*,#7879,.F.);
#8730 = ORIENTED_EDGE('',*,*,#8731,.F.);
#8731 = EDGE_CURVE('',#7073,#7880,#8732,.T.);
#8732 = SURFACE_CURVE('',#8733,(#8737,#8744),.PCURVE_S1.);
#8733 = LINE('',#8734,#8735);
#8734 = CARTESIAN_POINT('',(-63.,50.,-10.));
#8735 = VECTOR('',#8736,1.);
#8736 = DIRECTION('',(0.,0.,1.));
#8737 = PCURVE('',#7089,#8738);
#8738 = DEFINITIONAL_REPRESENTATION('',(#8739),#8743);
#8739 = LINE('',#8740,#8741);
#8740 = CARTESIAN_POINT('',(14.,0.));
#8741 = VECTOR('',#8742,1.);
#8742 = DIRECTION('',(0.,-1.));
#8743 = ( GEOMETRIC_REPRESENTATION_CONTEXT(2) 
PARAMETRIC_REPRESENTATION_CONTEXT() REPRESENTATION_CONTEXT('2D SPACE',''
  ) );
#8744 = PCURVE('',#7121,#8745);
#8745 = DEFINITIONAL_REPRESENTATION('',(#8746),#8750);
#8746 = LINE('',#8747,#8748);
#8747 = CARTESIAN_POINT('',(0.,0.));
#8748 = VECTOR('',#8749,1.);
#8749 = DIRECTION('',(0.,-1.));
#8750 = ( GEOMETRIC_REPRESENTATION_CONTEXT(2) 
PARAMETRIC_REPRESENTATION_CONTEXT() REPRESENTATION_CONTEXT('2D SPACE',''
  ) );
#8751 = ADVANCED_FACE('',(#8752),#7121,.F.);
#8752 = FACE_BOUND('',#8753,.F.);
#8753 = EDGE_LOOP('',(#8754,#8755,#8756,#8757));
#8754 = ORIENTED_EDGE('',*,*,#7100,.F.);
#8755 = ORIENTED_EDGE('',*,*,#8731,.T.);
#8756 = ORIENTED_EDGE('',*,*,#7902,.T.);
#8757 = ORIENTED_EDGE('',*,*,#8758,.F.);
#8758 = EDGE_CURVE('',#7101,#7903,#8759,.T.);
#8759 = SURFACE_CURVE('',#8760,(#8764,#8771),.PCURVE_S1.);
#8760 = LINE('',#8761,#8762);
#8761 = CARTESIAN_POINT('',(-63.,46.,-10.));
#8762 = VECTOR('',#8763,1.);
#8763 = DIRECTION('',(0.,0.,1.));
#8764 = PCURVE('',#7121,#8765);
#8765 = DEFINITIONAL_REPRESENTATION('',(#8766),#8770);
#8766 = LINE('',#8767,#8768);
#8767 = CARTESIAN_POINT('',(3.14159265359,0.));
#8768 = VECTOR('',#8769,1.);
#8769 = DIRECTION('',(0.,-1.));
#8770 = ( GEOMETRIC_REPRESENTATION_CONTEXT(2) 
PARAMETRIC_REPRESENTATION_CONTEXT() REPRESENTATION_CONTEXT('2D SPACE',''
  ) );
#8771 = PCURVE('',#7148,#8772);
#8772 = DEFINITIONAL_REPRESENTATION('',(#8773),#8777);
#8773 = LINE('',#8774,#8775);
#8774 = CARTESIAN_POINT('',(0.,-0.));
#8775 = VECTOR('',#8776,1.);
#8776 = DIRECTION('',(0.,-1.));
#8777 = ( GEOMETRIC_REPRESENTATION_CONTEXT(2) 
PARAMETRIC_REPRESENTATION_CONTEXT() REPRESENTATION_CONTEXT('2D SPACE',''
  ) );
#8778 = ADVANCED_FACE('',(#8779),#7178,.F.);
#8779 = FACE_BOUND('',#8780,.F.);
#8780 = EDGE_LOOP('',(#8781,#8782,#8803,#8804));
#8781 = ORIENTED_EDGE('',*,*,#7159,.F.);
#8782 = ORIENTED_EDGE('',*,*,#8783,.T.);
#8783 = EDGE_CURVE('',#7134,#7931,#8784,.T.);
#8784 = SURFACE_CURVE('',#8785,(#8789,#8796),.PCURVE_S1.);
#8785 = LINE('',#8786,#8787);
#8786 = CARTESIAN_POINT('',(-77.,46.,-10.));
#8787 = VECTOR('',#8788,1.);
#8788 = DIRECTION('',(0.,0.,1.));
#8789 = PCURVE('',#7178,#8790);
#8790 = DEFINITIONAL_REPRESENTATION('',(#8791),#8795);
#8791 = LINE('',#8792,#8793);
#8792 = CARTESIAN_POINT('',(0.,0.));
#8793 = VECTOR('',#8794,1.);
#8794 = DIRECTION('',(0.,-1.));
#8795 = ( GEOMETRIC_REPRESENTATION_CONTEXT(2) 
PARAMETRIC_REPRESENTATION_CONTEXT() REPRESENTATION_CONTEXT('2D SPACE',''
  ) );
#8796 = PCURVE('',#7148,#8797);
#8797 = DEFINITIONAL_REPRESENTATION('',(#8798),#8802);
#8798 = LINE('',#8799,#8800);
#8799 = CARTESIAN_POINT('',(14.,0.));
#8800 = VECTOR('',#8801,1.);
#8801 = DIRECTION('',(0.,-1.));
#8802 = ( GEOMETRIC_REPRESENTATION_CONTEXT(2) 
PARAMETRIC_REPRESENTATION_CONTEXT() REPRESENTATION_CONTEXT('2D SPACE',''
  ) );
#8803 = ORIENTED_EDGE('',*,*,#7951,.T.);
#8804 = ORIENTED_EDGE('',*,*,#8709,.F.);
#8805 = ADVANCED_FACE('',(#8806),#7148,.F.);
#8806 = FACE_BOUND('',#8807,.F.);
#8807 = EDGE_LOOP('',(#8808,#8809,#8810,#8811));
#8808 = ORIENTED_EDGE('',*,*,#7133,.T.);
#8809 = ORIENTED_EDGE('',*,*,#8758,.T.);
#8810 = ORIENTED_EDGE('',*,*,#7930,.F.);
#8811 = ORIENTED_EDGE('',*,*,#8783,.F.);
#8812 = ADVANCED_FACE('',(#8813),#7213,.F.);
#8813 = FACE_BOUND('',#8814,.T.);
#8814 = EDGE_LOOP('',(#8815,#8816,#8837,#8838));
#8815 = ORIENTED_EDGE('',*,*,#7192,.T.);
#8816 = ORIENTED_EDGE('',*,*,#8817,.T.);
#8817 = EDGE_CURVE('',#7193,#7980,#8818,.T.);
#8818 = SEAM_CURVE('',#8819,(#8823,#8830),.PCURVE_S1.);
#8819 = LINE('',#8820,#8821);
#8820 = CARTESIAN_POINT('',(-58.3,45.,-10.));
#8821 = VECTOR('',#8822,1.);
#8822 = DIRECTION('',(0.,0.,1.));
#8823 = PCURVE('',#7213,#8824);
#8824 = DEFINITIONAL_REPRESENTATION('',(#8825),#8829);
#8825 = LINE('',#8826,#8827);
#8826 = CARTESIAN_POINT('',(-6.28318530718,0.));
#8827 = VECTOR('',#8828,1.);
#8828 = DIRECTION('',(-0.,-1.));
#8829 = ( GEOMETRIC_REPRESENTATION_CONTEXT(2) 
PARAMETRIC_REPRESENTATION_CONTEXT() REPRESENTATION_CONTEXT('2D SPACE',''
  ) );
#8830 = PCURVE('',#7213,#8831);
#8831 = DEFINITIONAL_REPRESENTATION('',(#8832),#8836);
#8832 = LINE('',#8833,#8834);
#8833 = CARTESIAN_POINT('',(-0.,0.));
#8834 = VECTOR('',#8835,1.);
#8835 = DIRECTION('',(-0.,-1.));
#8836 = ( GEOMETRIC_REPRESENTATION_CONTEXT(2) 
PARAMETRIC_REPRESENTATION_CONTEXT() REPRESENTATION_CONTEXT('2D SPACE',''
  ) );
#8837 = ORIENTED_EDGE('',*,*,#7979,.F.);
#8838 = ORIENTED_EDGE('',*,*,#8817,.F.);
#8839 = ADVANCED_FACE('',(#8840),#7248,.F.);
#8840 = FACE_BOUND('',#8841,.T.);
#8841 = EDGE_LOOP('',(#8842,#8843,#8864,#8865));
#8842 = ORIENTED_EDGE('',*,*,#7227,.T.);
#8843 = ORIENTED_EDGE('',*,*,#8844,.T.);
#8844 = EDGE_CURVE('',#7228,#8010,#8845,.T.);
#8845 = SEAM_CURVE('',#8846,(#8850,#8857),.PCURVE_S1.);
#8846 = LINE('',#8847,#8848);
#8847 = CARTESIAN_POINT('',(-122.75,72.,-10.));
#8848 = VECTOR('',#8849,1.);
#8849 = DIRECTION('',(0.,0.,1.));
#8850 = PCURVE('',#7248,#8851);
#8851 = DEFINITIONAL_REPRESENTATION('',(#8852),#8856);
#8852 = LINE('',#8853,#8854);
#8853 = CARTESIAN_POINT('',(-6.28318530718,0.));
#8854 = VECTOR('',#8855,1.);
#8855 = DIRECTION('',(-0.,-1.));
#8856 = ( GEOMETRIC_REPRESENTATION_CONTEXT(2) 
PARAMETRIC_REPRESENTATION_CONTEXT() REPRESENTATION_CONTEXT('2D SPACE',''
  ) );
#8857 = PCURVE('',#7248,#8858);
#8858 = DEFINITIONAL_REPRESENTATION('',(#8859),#8863);
#8859 = LINE('',#8860,#8861);
#8860 = CARTESIAN_POINT('',(-0.,0.));
#8861 = VECTOR('',#8862,1.);
#8862 = DIRECTION('',(-0.,-1.));
#8863 = ( GEOMETRIC_REPRESENTATION_CONTEXT(2) 
PARAMETRIC_REPRESENTATION_CONTEXT() REPRESENTATION_CONTEXT('2D SPACE',''
  ) );
#8864 = ORIENTED_EDGE('',*,*,#8009,.F.);
#8865 = ORIENTED_EDGE('',*,*,#8844,.F.);
#8866 = ADVANCED_FACE('',(#8867),#7283,.F.);
#8867 = FACE_BOUND('',#8868,.T.);
#8868 = EDGE_LOOP('',(#8869,#8870,#8891,#8892));
#8869 = ORIENTED_EDGE('',*,*,#7262,.T.);
#8870 = ORIENTED_EDGE('',*,*,#8871,.T.);
#8871 = EDGE_CURVE('',#7263,#8154,#8872,.T.);
#8872 = SEAM_CURVE('',#8873,(#8877,#8884),.PCURVE_S1.);
#8873 = LINE('',#8874,#8875);
#8874 = CARTESIAN_POINT('',(-138.3,90.,-10.));
#8875 = VECTOR('',#8876,1.);
#8876 = DIRECTION('',(0.,0.,1.));
#8877 = PCURVE('',#7283,#8878);
#8878 = DEFINITIONAL_REPRESENTATION('',(#8879),#8883);
#8879 = LINE('',#8880,#8881);
#8880 = CARTESIAN_POINT('',(-6.28318530718,0.));
#8881 = VECTOR('',#8882,1.);
#8882 = DIRECTION('',(-0.,-1.));
#8883 = ( GEOMETRIC_REPRESENTATION_CONTEXT(2) 
PARAMETRIC_REPRESENTATION_CONTEXT() REPRESENTATION_CONTEXT('2D SPACE',''
  ) );
#8884 = PCURVE('',#7283,#8885);
#8885 = DEFINITIONAL_REPRESENTATION('',(#8886),#8890);
#8886 = LINE('',#8887,#8888);
#8887 = CARTESIAN_POINT('',(-0.,0.));
#8888 = VECTOR('',#8889,1.);
#8889 = DIRECTION('',(-0.,-1.));
#8890 = ( GEOMETRIC_REPRESENTATION_CONTEXT(2) 
PARAMETRIC_REPRESENTATION_CONTEXT() REPRESENTATION_CONTEXT('2D SPACE',''
  ) );
#8891 = ORIENTED_EDGE('',*,*,#8153,.F.);
#8892 = ORIENTED_EDGE('',*,*,#8871,.F.);
#8893 = ADVANCED_FACE('',(#8894),#7318,.F.);
#8894 = FACE_BOUND('',#8895,.T.);
#8895 = EDGE_LOOP('',(#8896,#8897,#8918,#8919));
#8896 = ORIENTED_EDGE('',*,*,#7297,.T.);
#8897 = ORIENTED_EDGE('',*,*,#8898,.T.);
#8898 = EDGE_CURVE('',#7298,#8184,#8899,.T.);
#8899 = SEAM_CURVE('',#8900,(#8904,#8911),.PCURVE_S1.);
#8900 = LINE('',#8901,#8902);
#8901 = CARTESIAN_POINT('',(-98.3,90.,-10.));
#8902 = VECTOR('',#8903,1.);
#8903 = DIRECTION('',(0.,0.,1.));
#8904 = PCURVE('',#7318,#8905);
#8905 = DEFINITIONAL_REPRESENTATION('',(#8906),#8910);
#8906 = LINE('',#8907,#8908);
#8907 = CARTESIAN_POINT('',(-6.28318530718,0.));
#8908 = VECTOR('',#8909,1.);
#8909 = DIRECTION('',(-0.,-1.));
#8910 = ( GEOMETRIC_REPRESENTATION_CONTEXT(2) 
PARAMETRIC_REPRESENTATION_CONTEXT() REPRESENTATION_CONTEXT('2D SPACE',''
  ) );
#8911 = PCURVE('',#7318,#8912);
#8912 = DEFINITIONAL_REPRESENTATION('',(#8913),#8917);
#8913 = LINE('',#8914,#8915);
#8914 = CARTESIAN_POINT('',(-0.,0.));
#8915 = VECTOR('',#8916,1.);
#8916 = DIRECTION('',(-0.,-1.));
#8917 = ( GEOMETRIC_REPRESENTATION_CONTEXT(2) 
PARAMETRIC_REPRESENTATION_CONTEXT() REPRESENTATION_CONTEXT('2D SPACE',''
  ) );
#8918 = ORIENTED_EDGE('',*,*,#8183,.F.);
#8919 = ORIENTED_EDGE('',*,*,#8898,.F.);
#8920 = ADVANCED_FACE('',(#8921),#7353,.F.);
#8921 = FACE_BOUND('',#8922,.T.);
#8922 = EDGE_LOOP('',(#8923,#8924,#8945,#8946));
#8923 = ORIENTED_EDGE('',*,*,#7332,.T.);
#8924 = ORIENTED_EDGE('',*,*,#8925,.T.);
#8925 = EDGE_CURVE('',#7333,#8214,#8926,.T.);
#8926 = SEAM_CURVE('',#8927,(#8931,#8938),.PCURVE_S1.);
#8927 = LINE('',#8928,#8929);
#8928 = CARTESIAN_POINT('',(-21.75,61.,-10.));
#8929 = VECTOR('',#8930,1.);
#8930 = DIRECTION('',(0.,0.,1.));
#8931 = PCURVE('',#7353,#8932);
#8932 = DEFINITIONAL_REPRESENTATION('',(#8933),#8937);
#8933 = LINE('',#8934,#8935);
#8934 = CARTESIAN_POINT('',(-6.28318530718,0.));
#8935 = VECTOR('',#8936,1.);
#8936 = DIRECTION('',(-0.,-1.));
#8937 = ( GEOMETRIC_REPRESENTATION_CONTEXT(2) 
PARAMETRIC_REPRESENTATION_CONTEXT() REPRESENTATION_CONTEXT('2D SPACE',''
  ) );
#8938 = PCURVE('',#7353,#8939);
#8939 = DEFINITIONAL_REPRESENTATION('',(#8940),#8944);
#8940 = LINE('',#8941,#8942);
#8941 = CARTESIAN_POINT('',(-0.,0.));
#8942 = VECTOR('',#8943,1.);
#8943 = DIRECTION('',(-0.,-1.));
#8944 = ( GEOMETRIC_REPRESENTATION_CONTEXT(2) 
PARAMETRIC_REPRESENTATION_CONTEXT() REPRESENTATION_CONTEXT('2D SPACE',''
  ) );
#8945 = ORIENTED_EDGE('',*,*,#8213,.F.);
#8946 = ORIENTED_EDGE('',*,*,#8925,.F.);
#8947 = ADVANCED_FACE('',(#8948),#7388,.F.);
#8948 = FACE_BOUND('',#8949,.T.);
#8949 = EDGE_LOOP('',(#8950,#8951,#8972,#8973));
#8950 = ORIENTED_EDGE('',*,*,#7367,.T.);
#8951 = ORIENTED_EDGE('',*,*,#8952,.T.);
#8952 = EDGE_CURVE('',#7368,#8244,#8953,.T.);
#8953 = SEAM_CURVE('',#8954,(#8958,#8965),.PCURVE_S1.);
#8954 = LINE('',#8955,#8956);
#8955 = CARTESIAN_POINT('',(-21.75,79.,-10.));
#8956 = VECTOR('',#8957,1.);
#8957 = DIRECTION('',(0.,0.,1.));
#8958 = PCURVE('',#7388,#8959);
#8959 = DEFINITIONAL_REPRESENTATION('',(#8960),#8964);
#8960 = LINE('',#8961,#8962);
#8961 = CARTESIAN_POINT('',(-6.28318530718,0.));
#8962 = VECTOR('',#8963,1.);
#8963 = DIRECTION('',(-0.,-1.));
#8964 = ( GEOMETRIC_REPRESENTATION_CONTEXT(2) 
PARAMETRIC_REPRESENTATION_CONTEXT() REPRESENTATION_CONTEXT('2D SPACE',''
  ) );
#8965 = PCURVE('',#7388,#8966);
#8966 = DEFINITIONAL_REPRESENTATION('',(#8967),#8971);
#8967 = LINE('',#8968,#8969);
#8968 = CARTESIAN_POINT('',(-0.,0.));
#8969 = VECTOR('',#8970,1.);
#8970 = DIRECTION('',(-0.,-1.));
#8971 = ( GEOMETRIC_REPRESENTATION_CONTEXT(2) 
PARAMETRIC_REPRESENTATION_CONTEXT() REPRESENTATION_CONTEXT('2D SPACE',''
  ) );
#8972 = ORIENTED_EDGE('',*,*,#8243,.F.);
#8973 = ORIENTED_EDGE('',*,*,#8952,.F.);
#8974 = ADVANCED_FACE('',(#8975),#7423,.F.);
#8975 = FACE_BOUND('',#8976,.T.);
#8976 = EDGE_LOOP('',(#8977,#8978,#8999,#9000));
#8977 = ORIENTED_EDGE('',*,*,#7402,.T.);
#8978 = ORIENTED_EDGE('',*,*,#8979,.T.);
#8979 = EDGE_CURVE('',#7403,#8274,#8980,.T.);
#8980 = SEAM_CURVE('',#8981,(#8985,#8992),.PCURVE_S1.);
#8981 = LINE('',#8982,#8983);
#8982 = CARTESIAN_POINT('',(-58.3,90.,-10.));
#8983 = VECTOR('',#8984,1.);
#8984 = DIRECTION('',(0.,0.,1.));
#8985 = PCURVE('',#7423,#8986);
#8986 = DEFINITIONAL_REPRESENTATION('',(#8987),#8991);
#8987 = LINE('',#8988,#8989);
#8988 = CARTESIAN_POINT('',(-6.28318530718,0.));
#8989 = VECTOR('',#8990,1.);
#8990 = DIRECTION('',(-0.,-1.));
#8991 = ( GEOMETRIC_REPRESENTATION_CONTEXT(2) 
PARAMETRIC_REPRESENTATION_CONTEXT() REPRESENTATION_CONTEXT('2D SPACE',''
  ) );
#8992 = PCURVE('',#7423,#8993);
#8993 = DEFINITIONAL_REPRESENTATION('',(#8994),#8998);
#8994 = LINE('',#8995,#8996);
#8995 = CARTESIAN_POINT('',(-0.,0.));
#8996 = VECTOR('',#8997,1.);
#8997 = DIRECTION('',(-0.,-1.));
#8998 = ( GEOMETRIC_REPRESENTATION_CONTEXT(2) 
PARAMETRIC_REPRESENTATION_CONTEXT() REPRESENTATION_CONTEXT('2D SPACE',''
  ) );
#8999 = ORIENTED_EDGE('',*,*,#8273,.F.);
#9000 = ORIENTED_EDGE('',*,*,#8979,.F.);
#9001 = ADVANCED_FACE('',(#9002),#7454,.F.);
#9002 = FACE_BOUND('',#9003,.F.);
#9003 = EDGE_LOOP('',(#9004,#9005,#9026,#9027));
#9004 = ORIENTED_EDGE('',*,*,#7437,.T.);
#9005 = ORIENTED_EDGE('',*,*,#9006,.T.);
#9006 = EDGE_CURVE('',#7440,#8306,#9007,.T.);
#9007 = SURFACE_CURVE('',#9008,(#9012,#9019),.PCURVE_S1.);
#9008 = LINE('',#9009,#9010);
#9009 = CARTESIAN_POINT('',(-31.75,114.25,-10.));
#9010 = VECTOR('',#9011,1.);
#9011 = DIRECTION('',(0.,0.,1.));
#9012 = PCURVE('',#7454,#9013);
#9013 = DEFINITIONAL_REPRESENTATION('',(#9014),#9018);
#9014 = LINE('',#9015,#9016);
#9015 = CARTESIAN_POINT('',(0.,0.));
#9016 = VECTOR('',#9017,1.);
#9017 = DIRECTION('',(0.,-1.));
#9018 = ( GEOMETRIC_REPRESENTATION_CONTEXT(2) 
PARAMETRIC_REPRESENTATION_CONTEXT() REPRESENTATION_CONTEXT('2D SPACE',''
  ) );
#9019 = PCURVE('',#7543,#9020);
#9020 = DEFINITIONAL_REPRESENTATION('',(#9021),#9025);
#9021 = LINE('',#9022,#9023);
#9022 = CARTESIAN_POINT('',(3.14159265359,0.));
#9023 = VECTOR('',#9024,1.);
#9024 = DIRECTION('',(0.,-1.));
#9025 = ( GEOMETRIC_REPRESENTATION_CONTEXT(2) 
PARAMETRIC_REPRESENTATION_CONTEXT() REPRESENTATION_CONTEXT('2D SPACE',''
  ) );
#9026 = ORIENTED_EDGE('',*,*,#8303,.F.);
#9027 = ORIENTED_EDGE('',*,*,#9028,.F.);
#9028 = EDGE_CURVE('',#7438,#8304,#9029,.T.);
#9029 = SURFACE_CURVE('',#9030,(#9034,#9041),.PCURVE_S1.);
#9030 = LINE('',#9031,#9032);
#9031 = CARTESIAN_POINT('',(-8.25,114.25,-10.));
#9032 = VECTOR('',#9033,1.);
#9033 = DIRECTION('',(0.,0.,1.));
#9034 = PCURVE('',#7454,#9035);
#9035 = DEFINITIONAL_REPRESENTATION('',(#9036),#9040);
#9036 = LINE('',#9037,#9038);
#9037 = CARTESIAN_POINT('',(23.5,0.));
#9038 = VECTOR('',#9039,1.);
#9039 = DIRECTION('',(0.,-1.));
#9040 = ( GEOMETRIC_REPRESENTATION_CONTEXT(2) 
PARAMETRIC_REPRESENTATION_CONTEXT() REPRESENTATION_CONTEXT('2D SPACE',''
  ) );
#9041 = PCURVE('',#7486,#9042);
#9042 = DEFINITIONAL_REPRESENTATION('',(#9043),#9047);
#9043 = LINE('',#9044,#9045);
#9044 = CARTESIAN_POINT('',(0.,0.));
#9045 = VECTOR('',#9046,1.);
#9046 = DIRECTION('',(0.,-1.));
#9047 = ( GEOMETRIC_REPRESENTATION_CONTEXT(2) 
PARAMETRIC_REPRESENTATION_CONTEXT() REPRESENTATION_CONTEXT('2D SPACE',''
  ) );
#9048 = ADVANCED_FACE('',(#9049),#7486,.F.);
#9049 = FACE_BOUND('',#9050,.F.);
#9050 = EDGE_LOOP('',(#9051,#9052,#9053,#9054));
#9051 = ORIENTED_EDGE('',*,*,#7465,.F.);
#9052 = ORIENTED_EDGE('',*,*,#9028,.T.);
#9053 = ORIENTED_EDGE('',*,*,#8326,.T.);
#9054 = ORIENTED_EDGE('',*,*,#9055,.F.);
#9055 = EDGE_CURVE('',#7466,#8327,#9056,.T.);
#9056 = SURFACE_CURVE('',#9057,(#9061,#9068),.PCURVE_S1.);
#9057 = LINE('',#9058,#9059);
#9058 = CARTESIAN_POINT('',(-8.25,109.75,-10.));
#9059 = VECTOR('',#9060,1.);
#9060 = DIRECTION('',(0.,0.,1.));
#9061 = PCURVE('',#7486,#9062);
#9062 = DEFINITIONAL_REPRESENTATION('',(#9063),#9067);
#9063 = LINE('',#9064,#9065);
#9064 = CARTESIAN_POINT('',(3.14159265359,0.));
#9065 = VECTOR('',#9066,1.);
#9066 = DIRECTION('',(0.,-1.));
#9067 = ( GEOMETRIC_REPRESENTATION_CONTEXT(2) 
PARAMETRIC_REPRESENTATION_CONTEXT() REPRESENTATION_CONTEXT('2D SPACE',''
  ) );
#9068 = PCURVE('',#7513,#9069);
#9069 = DEFINITIONAL_REPRESENTATION('',(#9070),#9074);
#9070 = LINE('',#9071,#9072);
#9071 = CARTESIAN_POINT('',(0.,-0.));
#9072 = VECTOR('',#9073,1.);
#9073 = DIRECTION('',(0.,-1.));
#9074 = ( GEOMETRIC_REPRESENTATION_CONTEXT(2) 
PARAMETRIC_REPRESENTATION_CONTEXT() REPRESENTATION_CONTEXT('2D SPACE',''
  ) );
#9075 = ADVANCED_FACE('',(#9076),#7543,.F.);
#9076 = FACE_BOUND('',#9077,.F.);
#9077 = EDGE_LOOP('',(#9078,#9079,#9100,#9101));
#9078 = ORIENTED_EDGE('',*,*,#7524,.F.);
#9079 = ORIENTED_EDGE('',*,*,#9080,.T.);
#9080 = EDGE_CURVE('',#7499,#8355,#9081,.T.);
#9081 = SURFACE_CURVE('',#9082,(#9086,#9093),.PCURVE_S1.);
#9082 = LINE('',#9083,#9084);
#9083 = CARTESIAN_POINT('',(-31.75,109.75,-10.));
#9084 = VECTOR('',#9085,1.);
#9085 = DIRECTION('',(0.,0.,1.));
#9086 = PCURVE('',#7543,#9087);
#9087 = DEFINITIONAL_REPRESENTATION('',(#9088),#9092);
#9088 = LINE('',#9089,#9090);
#9089 = CARTESIAN_POINT('',(0.,0.));
#9090 = VECTOR('',#9091,1.);
#9091 = DIRECTION('',(0.,-1.));
#9092 = ( GEOMETRIC_REPRESENTATION_CONTEXT(2) 
PARAMETRIC_REPRESENTATION_CONTEXT() REPRESENTATION_CONTEXT('2D SPACE',''
  ) );
#9093 = PCURVE('',#7513,#9094);
#9094 = DEFINITIONAL_REPRESENTATION('',(#9095),#9099);
#9095 = LINE('',#9096,#9097);
#9096 = CARTESIAN_POINT('',(23.5,0.));
#9097 = VECTOR('',#9098,1.);
#9098 = DIRECTION('',(0.,-1.));
#9099 = ( GEOMETRIC_REPRESENTATION_CONTEXT(2) 
PARAMETRIC_REPRESENTATION_CONTEXT() REPRESENTATION_CONTEXT('2D SPACE',''
  ) );
#9100 = ORIENTED_EDGE('',*,*,#8375,.T.);
#9101 = ORIENTED_EDGE('',*,*,#9006,.F.);
#9102 = ADVANCED_FACE('',(#9103),#7513,.F.);
#9103 = FACE_BOUND('',#9104,.F.);
#9104 = EDGE_LOOP('',(#9105,#9106,#9107,#9108));
#9105 = ORIENTED_EDGE('',*,*,#7498,.T.);
#9106 = ORIENTED_EDGE('',*,*,#9055,.T.);
#9107 = ORIENTED_EDGE('',*,*,#8354,.F.);
#9108 = ORIENTED_EDGE('',*,*,#9080,.F.);
#9109 = ADVANCED_FACE('',(#9110),#8057,.F.);
#9110 = FACE_BOUND('',#9111,.F.);
#9111 = EDGE_LOOP('',(#9112,#9135,#9136,#9159));
#9112 = ORIENTED_EDGE('',*,*,#9113,.F.);
#9113 = EDGE_CURVE('',#8040,#9114,#9116,.T.);
#9114 = VERTEX_POINT('',#9115);
#9115 = CARTESIAN_POINT('',(-113.,35.,14.));
#9116 = SURFACE_CURVE('',#9117,(#9121,#9128),.PCURVE_S1.);
#9117 = LINE('',#9118,#9119);
#9118 = CARTESIAN_POINT('',(-113.,35.,6.));
#9119 = VECTOR('',#9120,1.);
#9120 = DIRECTION('',(0.,0.,1.));
#9121 = PCURVE('',#8057,#9122);
#9122 = DEFINITIONAL_REPRESENTATION('',(#9123),#9127);
#9123 = LINE('',#9124,#9125);
#9124 = CARTESIAN_POINT('',(0.,0.));
#9125 = VECTOR('',#9126,1.);
#9126 = DIRECTION('',(1.,0.));
#9127 = ( GEOMETRIC_REPRESENTATION_CONTEXT(2) 
PARAMETRIC_REPRESENTATION_CONTEXT() REPRESENTATION_CONTEXT('2D SPACE',''
  ) );
#9128 = PCURVE('',#8139,#9129);
#9129 = DEFINITIONAL_REPRESENTATION('',(#9130),#9134);
#9130 = LINE('',#9131,#9132);
#9131 = CARTESIAN_POINT('',(0.,0.));
#9132 = VECTOR('',#9133,1.);
#9133 = DIRECTION('',(1.,0.));
#9134 = ( GEOMETRIC_REPRESENTATION_CONTEXT(2) 
PARAMETRIC_REPRESENTATION_CONTEXT() REPRESENTATION_CONTEXT('2D SPACE',''
  ) );
#9135 = ORIENTED_EDGE('',*,*,#8039,.T.);
#9136 = ORIENTED_EDGE('',*,*,#9137,.T.);
#9137 = EDGE_CURVE('',#8042,#9138,#9140,.T.);
#9138 = VERTEX_POINT('',#9139);
#9139 = CARTESIAN_POINT('',(-113.,120.,14.));
#9140 = SURFACE_CURVE('',#9141,(#9145,#9152),.PCURVE_S1.);
#9141 = LINE('',#9142,#9143);
#9142 = CARTESIAN_POINT('',(-113.,120.,6.));
#9143 = VECTOR('',#9144,1.);
#9144 = DIRECTION('',(0.,0.,1.));
#9145 = PCURVE('',#8057,#9146);
#9146 = DEFINITIONAL_REPRESENTATION('',(#9147),#9151);
#9147 = LINE('',#9148,#9149);
#9148 = CARTESIAN_POINT('',(0.,-85.));
#9149 = VECTOR('',#9150,1.);
#9150 = DIRECTION('',(1.,0.));
#9151 = ( GEOMETRIC_REPRESENTATION_CONTEXT(2) 
PARAMETRIC_REPRESENTATION_CONTEXT() REPRESENTATION_CONTEXT('2D SPACE',''
  ) );
#9152 = PCURVE('',#8085,#9153);
#9153 = DEFINITIONAL_REPRESENTATION('',(#9154),#9158);
#9154 = LINE('',#9155,#9156);
#9155 = CARTESIAN_POINT('',(0.,0.));
#9156 = VECTOR('',#9157,1.);
#9157 = DIRECTION('',(1.,0.));
#9158 = ( GEOMETRIC_REPRESENTATION_CONTEXT(2) 
PARAMETRIC_REPRESENTATION_CONTEXT() REPRESENTATION_CONTEXT('2D SPACE',''
  ) );
#9159 = ORIENTED_EDGE('',*,*,#9160,.F.);
#9160 = EDGE_CURVE('',#9114,#9138,#9161,.T.);
#9161 = SURFACE_CURVE('',#9162,(#9166,#9173),.PCURVE_S1.);
#9162 = LINE('',#9163,#9164);
#9163 = CARTESIAN_POINT('',(-113.,35.,14.));
#9164 = VECTOR('',#9165,1.);
#9165 = DIRECTION('',(0.,1.,0.));
#9166 = PCURVE('',#8057,#9167);
#9167 = DEFINITIONAL_REPRESENTATION('',(#9168),#9172);
#9168 = LINE('',#9169,#9170);
#9169 = CARTESIAN_POINT('',(8.,0.));
#9170 = VECTOR('',#9171,1.);
#9171 = DIRECTION('',(0.,-1.));
#9172 = ( GEOMETRIC_REPRESENTATION_CONTEXT(2) 
PARAMETRIC_REPRESENTATION_CONTEXT() REPRESENTATION_CONTEXT('2D SPACE',''
  ) );
#9173 = PCURVE('',#9174,#9179);
#9174 = PLANE('',#9175);
#9175 = AXIS2_PLACEMENT_3D('',#9176,#9177,#9178);
#9176 = CARTESIAN_POINT('',(-113.,35.,14.));
#9177 = DIRECTION('',(0.,0.,1.));
#9178 = DIRECTION('',(1.,0.,0.));
#9179 = DEFINITIONAL_REPRESENTATION('',(#9180),#9184);
#9180 = LINE('',#9181,#9182);
#9181 = CARTESIAN_POINT('',(0.,0.));
#9182 = VECTOR('',#9183,1.);
#9183 = DIRECTION('',(0.,1.));
#9184 = ( GEOMETRIC_REPRESENTATION_CONTEXT(2) 
PARAMETRIC_REPRESENTATION_CONTEXT() REPRESENTATION_CONTEXT('2D SPACE',''
  ) );
#9185 = ADVANCED_FACE('',(#9186),#8085,.T.);
#9186 = FACE_BOUND('',#9187,.T.);
#9187 = EDGE_LOOP('',(#9188,#9189,#9190,#9213));
#9188 = ORIENTED_EDGE('',*,*,#8069,.F.);
#9189 = ORIENTED_EDGE('',*,*,#9137,.T.);
#9190 = ORIENTED_EDGE('',*,*,#9191,.T.);
#9191 = EDGE_CURVE('',#9138,#9192,#9194,.T.);
#9192 = VERTEX_POINT('',#9193);
#9193 = CARTESIAN_POINT('',(-107.,120.,14.));
#9194 = SURFACE_CURVE('',#9195,(#9199,#9206),.PCURVE_S1.);
#9195 = LINE('',#9196,#9197);
#9196 = CARTESIAN_POINT('',(-113.,120.,14.));
#9197 = VECTOR('',#9198,1.);
#9198 = DIRECTION('',(1.,0.,0.));
#9199 = PCURVE('',#8085,#9200);
#9200 = DEFINITIONAL_REPRESENTATION('',(#9201),#9205);
#9201 = LINE('',#9202,#9203);
#9202 = CARTESIAN_POINT('',(8.,0.));
#9203 = VECTOR('',#9204,1.);
#9204 = DIRECTION('',(0.,1.));
#9205 = ( GEOMETRIC_REPRESENTATION_CONTEXT(2) 
PARAMETRIC_REPRESENTATION_CONTEXT() REPRESENTATION_CONTEXT('2D SPACE',''
  ) );
#9206 = PCURVE('',#9174,#9207);
#9207 = DEFINITIONAL_REPRESENTATION('',(#9208),#9212);
#9208 = LINE('',#9209,#9210);
#9209 = CARTESIAN_POINT('',(0.,85.));
#9210 = VECTOR('',#9211,1.);
#9211 = DIRECTION('',(1.,0.));
#9212 = ( GEOMETRIC_REPRESENTATION_CONTEXT(2) 
PARAMETRIC_REPRESENTATION_CONTEXT() REPRESENTATION_CONTEXT('2D SPACE',''
  ) );
#9213 = ORIENTED_EDGE('',*,*,#9214,.F.);
#9214 = EDGE_CURVE('',#8070,#9192,#9215,.T.);
#9215 = SURFACE_CURVE('',#9216,(#9220,#9227),.PCURVE_S1.);
#9216 = LINE('',#9217,#9218);
#9217 = CARTESIAN_POINT('',(-107.,120.,6.));
#9218 = VECTOR('',#9219,1.);
#9219 = DIRECTION('',(0.,0.,1.));
#9220 = PCURVE('',#8085,#9221);
#9221 = DEFINITIONAL_REPRESENTATION('',(#9222),#9226);
#9222 = LINE('',#9223,#9224);
#9223 = CARTESIAN_POINT('',(0.,6.));
#9224 = VECTOR('',#9225,1.);
#9225 = DIRECTION('',(1.,0.));
#9226 = ( GEOMETRIC_REPRESENTATION_CONTEXT(2) 
PARAMETRIC_REPRESENTATION_CONTEXT() REPRESENTATION_CONTEXT('2D SPACE',''
  ) );
#9227 = PCURVE('',#8113,#9228);
#9228 = DEFINITIONAL_REPRESENTATION('',(#9229),#9233);
#9229 = LINE('',#9230,#9231);
#9230 = CARTESIAN_POINT('',(0.,-85.));
#9231 = VECTOR('',#9232,1.);
#9232 = DIRECTION('',(1.,0.));
#9233 = ( GEOMETRIC_REPRESENTATION_CONTEXT(2) 
PARAMETRIC_REPRESENTATION_CONTEXT() REPRESENTATION_CONTEXT('2D SPACE',''
  ) );
#9234 = ADVANCED_FACE('',(#9235),#8139,.F.);
#9235 = FACE_BOUND('',#9236,.F.);
#9236 = EDGE_LOOP('',(#9237,#9238,#9239,#9262));
#9237 = ORIENTED_EDGE('',*,*,#8125,.F.);
#9238 = ORIENTED_EDGE('',*,*,#9113,.T.);
#9239 = ORIENTED_EDGE('',*,*,#9240,.T.);
#9240 = EDGE_CURVE('',#9114,#9241,#9243,.T.);
#9241 = VERTEX_POINT('',#9242);
#9242 = CARTESIAN_POINT('',(-107.,35.,14.));
#9243 = SURFACE_CURVE('',#9244,(#9248,#9255),.PCURVE_S1.);
#9244 = LINE('',#9245,#9246);
#9245 = CARTESIAN_POINT('',(-113.,35.,14.));
#9246 = VECTOR('',#9247,1.);
#9247 = DIRECTION('',(1.,0.,0.));
#9248 = PCURVE('',#8139,#9249);
#9249 = DEFINITIONAL_REPRESENTATION('',(#9250),#9254);
#9250 = LINE('',#9251,#9252);
#9251 = CARTESIAN_POINT('',(8.,0.));
#9252 = VECTOR('',#9253,1.);
#9253 = DIRECTION('',(0.,1.));
#9254 = ( GEOMETRIC_REPRESENTATION_CONTEXT(2) 
PARAMETRIC_REPRESENTATION_CONTEXT() REPRESENTATION_CONTEXT('2D SPACE',''
  ) );
#9255 = PCURVE('',#9174,#9256);
#9256 = DEFINITIONAL_REPRESENTATION('',(#9257),#9261);
#9257 = LINE('',#9258,#9259);
#9258 = CARTESIAN_POINT('',(0.,0.));
#9259 = VECTOR('',#9260,1.);
#9260 = DIRECTION('',(1.,0.));
#9261 = ( GEOMETRIC_REPRESENTATION_CONTEXT(2) 
PARAMETRIC_REPRESENTATION_CONTEXT() REPRESENTATION_CONTEXT('2D SPACE',''
  ) );
#9262 = ORIENTED_EDGE('',*,*,#9263,.F.);
#9263 = EDGE_CURVE('',#8098,#9241,#9264,.T.);
#9264 = SURFACE_CURVE('',#9265,(#9269,#9276),.PCURVE_S1.);
#9265 = LINE('',#9266,#9267);
#9266 = CARTESIAN_POINT('',(-107.,35.,6.));
#9267 = VECTOR('',#9268,1.);
#9268 = DIRECTION('',(0.,0.,1.));
#9269 = PCURVE('',#8139,#9270);
#9270 = DEFINITIONAL_REPRESENTATION('',(#9271),#9275);
#9271 = LINE('',#9272,#9273);
#9272 = CARTESIAN_POINT('',(0.,6.));
#9273 = VECTOR('',#9274,1.);
#9274 = DIRECTION('',(1.,0.));
#9275 = ( GEOMETRIC_REPRESENTATION_CONTEXT(2) 
PARAMETRIC_REPRESENTATION_CONTEXT() REPRESENTATION_CONTEXT('2D SPACE',''
  ) );
#9276 = PCURVE('',#8113,#9277);
#9277 = DEFINITIONAL_REPRESENTATION('',(#9278),#9282);
#9278 = LINE('',#9279,#9280);
#9279 = CARTESIAN_POINT('',(0.,0.));
#9280 = VECTOR('',#9281,1.);
#9281 = DIRECTION('',(1.,0.));
#9282 = ( GEOMETRIC_REPRESENTATION_CONTEXT(2) 
PARAMETRIC_REPRESENTATION_CONTEXT() REPRESENTATION_CONTEXT('2D SPACE',''
  ) );
#9283 = ADVANCED_FACE('',(#9284),#8113,.T.);
#9284 = FACE_BOUND('',#9285,.T.);
#9285 = EDGE_LOOP('',(#9286,#9287,#9288,#9289));
#9286 = ORIENTED_EDGE('',*,*,#9263,.F.);
#9287 = ORIENTED_EDGE('',*,*,#8097,.T.);
#9288 = ORIENTED_EDGE('',*,*,#9214,.T.);
#9289 = ORIENTED_EDGE('',*,*,#9290,.F.);
#9290 = EDGE_CURVE('',#9241,#9192,#9291,.T.);
#9291 = SURFACE_CURVE('',#9292,(#9296,#9303),.PCURVE_S1.);
#9292 = LINE('',#9293,#9294);
#9293 = CARTESIAN_POINT('',(-107.,35.,14.));
#9294 = VECTOR('',#9295,1.);
#9295 = DIRECTION('',(0.,1.,0.));
#9296 = PCURVE('',#8113,#9297);
#9297 = DEFINITIONAL_REPRESENTATION('',(#9298),#9302);
#9298 = LINE('',#9299,#9300);
#9299 = CARTESIAN_POINT('',(8.,0.));
#9300 = VECTOR('',#9301,1.);
#9301 = DIRECTION('',(0.,-1.));
#9302 = ( GEOMETRIC_REPRESENTATION_CONTEXT(2) 
PARAMETRIC_REPRESENTATION_CONTEXT() REPRESENTATION_CONTEXT('2D SPACE',''
  ) );
#9303 = PCURVE('',#9174,#9304);
#9304 = DEFINITIONAL_REPRESENTATION('',(#9305),#9309);
#9305 = LINE('',#9306,#9307);
#9306 = CARTESIAN_POINT('',(6.,0.));
#9307 = VECTOR('',#9308,1.);
#9308 = DIRECTION('',(0.,1.));
#9309 = ( GEOMETRIC_REPRESENTATION_CONTEXT(2) 
PARAMETRIC_REPRESENTATION_CONTEXT() REPRESENTATION_CONTEXT('2D SPACE',''
  ) );
#9310 = ADVANCED_FACE('',(#9311),#9174,.T.);
#9311 = FACE_BOUND('',#9312,.T.);
#9312 = EDGE_LOOP('',(#9313,#9314,#9315,#9316));
#9313 = ORIENTED_EDGE('',*,*,#9160,.F.);
#9314 = ORIENTED_EDGE('',*,*,#9240,.T.);
#9315 = ORIENTED_EDGE('',*,*,#9290,.T.);
#9316 = ORIENTED_EDGE('',*,*,#9191,.F.);
#9317 = ( GEOMETRIC_REPRESENTATION_CONTEXT(3) 
GLOBAL_UNCERTAINTY_ASSIGNED_CONTEXT((#9321)) 
GLOBAL_UNIT_ASSIGNED_CONTEXT((#9318,#9319,#9320)) REPRESENTATION_CONTEXT
('Context #1','3D Context with UNIT and UNCERTAINTY') );
#9318 = ( LENGTH_UNIT() NAMED_UNIT(*) SI_UNIT(.MILLI.,.METRE.) );
#9319 = ( NAMED_UNIT(*) PLANE_ANGLE_UNIT() SI_UNIT($,.RADIAN.) );
#9320 = ( NAMED_UNIT(*) SI_UNIT($,.STERADIAN.) SOLID_ANGLE_UNIT() );
#9321 = UNCERTAINTY_MEASURE_WITH_UNIT(LENGTH_MEASURE(1.E-07),#9318,
  'distance_accuracy_value','confusion accuracy');
#9322 = CONTEXT_DEPENDENT_SHAPE_REPRESENTATION(#9323,#9325);
#9323 = ( REPRESENTATION_RELATIONSHIP('','',#6242,#10) 
REPRESENTATION_RELATIONSHIP_WITH_TRANSFORMATION(#9324) 
SHAPE_REPRESENTATION_RELATIONSHIP() );
#9324 = ITEM_DEFINED_TRANSFORMATION('','',#11,#23);
#9325 = PRODUCT_DEFINITION_SHAPE('Placement','Placement of an item',
  #9326);
#9326 = NEXT_ASSEMBLY_USAGE_OCCURRENCE('3','03_Rear_Left_Panel','',#5,
  #6237,$);
#9327 = PRODUCT_RELATED_PRODUCT_CATEGORY('part',$,(#6239));
#9328 = SHAPE_DEFINITION_REPRESENTATION(#9329,#9335);
#9329 = PRODUCT_DEFINITION_SHAPE('','',#9330);
#9330 = PRODUCT_DEFINITION('design','',#9331,#9334);
#9331 = PRODUCT_DEFINITION_FORMATION('','',#9332);
#9332 = PRODUCT('04_Rear_Right_Panel','04_Rear_Right_Panel','',(#9333));
#9333 = PRODUCT_CONTEXT('',#2,'mechanical');
#9334 = PRODUCT_DEFINITION_CONTEXT('part definition',#2,'design');
#9335 = ADVANCED_BREP_SHAPE_REPRESENTATION('',(#11,#9336),#12402);
#9336 = MANIFOLD_SOLID_BREP('',#9337);
#9337 = CLOSED_SHELL('',(#9338,#9486,#9569,#9643,#9797,#9896,#10639,
    #10733,#10759,#10766,#10813,#10862,#10889,#10914,#11627,#11654,
    #11681,#11708,#11735,#11782,#11809,#11836,#11843,#11870,#11897,
    #11924,#11951,#11978,#12005,#12032,#12079,#12106,#12133,#12140,
    #12167,#12194,#12270,#12319,#12368,#12395));
#9338 = ADVANCED_FACE('',(#9339),#9353,.F.);
#9339 = FACE_BOUND('',#9340,.F.);
#9340 = EDGE_LOOP('',(#9341,#9376,#9404,#9432,#9460));
#9341 = ORIENTED_EDGE('',*,*,#9342,.F.);
#9342 = EDGE_CURVE('',#9343,#9345,#9347,.T.);
#9343 = VERTEX_POINT('',#9344);
#9344 = CARTESIAN_POINT('',(-170.,-130.,0.));
#9345 = VERTEX_POINT('',#9346);
#9346 = CARTESIAN_POINT('',(-170.,-130.,6.));
#9347 = SURFACE_CURVE('',#9348,(#9352,#9364),.PCURVE_S1.);
#9348 = LINE('',#9349,#9350);
#9349 = CARTESIAN_POINT('',(-170.,-130.,0.));
#9350 = VECTOR('',#9351,1.);
#9351 = DIRECTION('',(0.,0.,1.));
#9352 = PCURVE('',#9353,#9358);
#9353 = PLANE('',#9354);
#9354 = AXIS2_PLACEMENT_3D('',#9355,#9356,#9357);
#9355 = CARTESIAN_POINT('',(-170.,-135.,0.));
#9356 = DIRECTION('',(1.,0.,0.));
#9357 = DIRECTION('',(0.,0.,1.));
#9358 = DEFINITIONAL_REPRESENTATION('',(#9359),#9363);
#9359 = LINE('',#9360,#9361);
#9360 = CARTESIAN_POINT('',(0.,-5.));
#9361 = VECTOR('',#9362,1.);
#9362 = DIRECTION('',(1.,0.));
#9363 = ( GEOMETRIC_REPRESENTATION_CONTEXT(2) 
PARAMETRIC_REPRESENTATION_CONTEXT() REPRESENTATION_CONTEXT('2D SPACE',''
  ) );
#9364 = PCURVE('',#9365,#9370);
#9365 = CYLINDRICAL_SURFACE('',#9366,5.);
#9366 = AXIS2_PLACEMENT_3D('',#9367,#9368,#9369);
#9367 = CARTESIAN_POINT('',(-165.,-130.,0.));
#9368 = DIRECTION('',(0.,0.,1.));
#9369 = DIRECTION('',(-1.,-0.,0.));
#9370 = DEFINITIONAL_REPRESENTATION('',(#9371),#9375);
#9371 = LINE('',#9372,#9373);
#9372 = CARTESIAN_POINT('',(0.,0.));
#9373 = VECTOR('',#9374,1.);
#9374 = DIRECTION('',(0.,1.));
#9375 = ( GEOMETRIC_REPRESENTATION_CONTEXT(2) 
PARAMETRIC_REPRESENTATION_CONTEXT() REPRESENTATION_CONTEXT('2D SPACE',''
  ) );
#9376 = ORIENTED_EDGE('',*,*,#9377,.T.);
#9377 = EDGE_CURVE('',#9343,#9378,#9380,.T.);
#9378 = VERTEX_POINT('',#9379);
#9379 = CARTESIAN_POINT('',(-170.,-0.2,0.));
#9380 = SURFACE_CURVE('',#9381,(#9385,#9392),.PCURVE_S1.);
#9381 = LINE('',#9382,#9383);
#9382 = CARTESIAN_POINT('',(-170.,-135.,0.));
#9383 = VECTOR('',#9384,1.);
#9384 = DIRECTION('',(0.,1.,0.));
#9385 = PCURVE('',#9353,#9386);
#9386 = DEFINITIONAL_REPRESENTATION('',(#9387),#9391);
#9387 = LINE('',#9388,#9389);
#9388 = CARTESIAN_POINT('',(0.,0.));
#9389 = VECTOR('',#9390,1.);
#9390 = DIRECTION('',(0.,-1.));
#9391 = ( GEOMETRIC_REPRESENTATION_CONTEXT(2) 
PARAMETRIC_REPRESENTATION_CONTEXT() REPRESENTATION_CONTEXT('2D SPACE',''
  ) );
#9392 = PCURVE('',#9393,#9398);
#9393 = PLANE('',#9394);
#9394 = AXIS2_PLACEMENT_3D('',#9395,#9396,#9397);
#9395 = CARTESIAN_POINT('',(-170.,-135.,0.));
#9396 = DIRECTION('',(0.,0.,1.));
#9397 = DIRECTION('',(1.,0.,0.));
#9398 = DEFINITIONAL_REPRESENTATION('',(#9399),#9403);
#9399 = LINE('',#9400,#9401);
#9400 = CARTESIAN_POINT('',(0.,0.));
#9401 = VECTOR('',#9402,1.);
#9402 = DIRECTION('',(0.,1.));
#9403 = ( GEOMETRIC_REPRESENTATION_CONTEXT(2) 
PARAMETRIC_REPRESENTATION_CONTEXT() REPRESENTATION_CONTEXT('2D SPACE',''
  ) );
#9404 = ORIENTED_EDGE('',*,*,#9405,.T.);
#9405 = EDGE_CURVE('',#9378,#9406,#9408,.T.);
#9406 = VERTEX_POINT('',#9407);
#9407 = CARTESIAN_POINT('',(-170.,-0.2,20.));
#9408 = SURFACE_CURVE('',#9409,(#9413,#9420),.PCURVE_S1.);
#9409 = LINE('',#9410,#9411);
#9410 = CARTESIAN_POINT('',(-170.,-0.2,-5.));
#9411 = VECTOR('',#9412,1.);
#9412 = DIRECTION('',(0.,0.,1.));
#9413 = PCURVE('',#9353,#9414);
#9414 = DEFINITIONAL_REPRESENTATION('',(#9415),#9419);
#9415 = LINE('',#9416,#9417);
#9416 = CARTESIAN_POINT('',(-5.,-134.8));
#9417 = VECTOR('',#9418,1.);
#9418 = DIRECTION('',(1.,0.));
#9419 = ( GEOMETRIC_REPRESENTATION_CONTEXT(2) 
PARAMETRIC_REPRESENTATION_CONTEXT() REPRESENTATION_CONTEXT('2D SPACE',''
  ) );
#9420 = PCURVE('',#9421,#9426);
#9421 = PLANE('',#9422);
#9422 = AXIS2_PLACEMENT_3D('',#9423,#9424,#9425);
#9423 = CARTESIAN_POINT('',(-170.,-0.2,-5.));
#9424 = DIRECTION('',(0.,1.,0.));
#9425 = DIRECTION('',(0.,0.,1.));
#9426 = DEFINITIONAL_REPRESENTATION('',(#9427),#9431);
#9427 = LINE('',#9428,#9429);
#9428 = CARTESIAN_POINT('',(0.,0.));
#9429 = VECTOR('',#9430,1.);
#9430 = DIRECTION('',(1.,0.));
#9431 = ( GEOMETRIC_REPRESENTATION_CONTEXT(2) 
PARAMETRIC_REPRESENTATION_CONTEXT() REPRESENTATION_CONTEXT('2D SPACE',''
  ) );
#9432 = ORIENTED_EDGE('',*,*,#9433,.F.);
#9433 = EDGE_CURVE('',#9434,#9406,#9436,.T.);
#9434 = VERTEX_POINT('',#9435);
#9435 = CARTESIAN_POINT('',(-170.,-130.,20.));
#9436 = SURFACE_CURVE('',#9437,(#9441,#9448),.PCURVE_S1.);
#9437 = LINE('',#9438,#9439);
#9438 = CARTESIAN_POINT('',(-170.,-130.,20.));
#9439 = VECTOR('',#9440,1.);
#9440 = DIRECTION('',(0.,1.,0.));
#9441 = PCURVE('',#9353,#9442);
#9442 = DEFINITIONAL_REPRESENTATION('',(#9443),#9447);
#9443 = LINE('',#9444,#9445);
#9444 = CARTESIAN_POINT('',(20.,-5.));
#9445 = VECTOR('',#9446,1.);
#9446 = DIRECTION('',(0.,-1.));
#9447 = ( GEOMETRIC_REPRESENTATION_CONTEXT(2) 
PARAMETRIC_REPRESENTATION_CONTEXT() REPRESENTATION_CONTEXT('2D SPACE',''
  ) );
#9448 = PCURVE('',#9449,#9454);
#9449 = PLANE('',#9450);
#9450 = AXIS2_PLACEMENT_3D('',#9451,#9452,#9453);
#9451 = CARTESIAN_POINT('',(-170.,-130.,20.));
#9452 = DIRECTION('',(0.,0.,1.));
#9453 = DIRECTION('',(1.,0.,0.));
#9454 = DEFINITIONAL_REPRESENTATION('',(#9455),#9459);
#9455 = LINE('',#9456,#9457);
#9456 = CARTESIAN_POINT('',(0.,0.));
#9457 = VECTOR('',#9458,1.);
#9458 = DIRECTION('',(0.,1.));
#9459 = ( GEOMETRIC_REPRESENTATION_CONTEXT(2) 
PARAMETRIC_REPRESENTATION_CONTEXT() REPRESENTATION_CONTEXT('2D SPACE',''
  ) );
#9460 = ORIENTED_EDGE('',*,*,#9461,.F.);
#9461 = EDGE_CURVE('',#9345,#9434,#9462,.T.);
#9462 = SURFACE_CURVE('',#9463,(#9467,#9474),.PCURVE_S1.);
#9463 = LINE('',#9464,#9465);
#9464 = CARTESIAN_POINT('',(-170.,-130.,6.));
#9465 = VECTOR('',#9466,1.);
#9466 = DIRECTION('',(0.,0.,1.));
#9467 = PCURVE('',#9353,#9468);
#9468 = DEFINITIONAL_REPRESENTATION('',(#9469),#9473);
#9469 = LINE('',#9470,#9471);
#9470 = CARTESIAN_POINT('',(6.,-5.));
#9471 = VECTOR('',#9472,1.);
#9472 = DIRECTION('',(1.,0.));
#9473 = ( GEOMETRIC_REPRESENTATION_CONTEXT(2) 
PARAMETRIC_REPRESENTATION_CONTEXT() REPRESENTATION_CONTEXT('2D SPACE',''
  ) );
#9474 = PCURVE('',#9475,#9480);
#9475 = PLANE('',#9476);
#9476 = AXIS2_PLACEMENT_3D('',#9477,#9478,#9479);
#9477 = CARTESIAN_POINT('',(-170.,-130.,6.));
#9478 = DIRECTION('',(0.,1.,0.));
#9479 = DIRECTION('',(0.,0.,1.));
#9480 = DEFINITIONAL_REPRESENTATION('',(#9481),#9485);
#9481 = LINE('',#9482,#9483);
#9482 = CARTESIAN_POINT('',(0.,0.));
#9483 = VECTOR('',#9484,1.);
#9484 = DIRECTION('',(1.,0.));
#9485 = ( GEOMETRIC_REPRESENTATION_CONTEXT(2) 
PARAMETRIC_REPRESENTATION_CONTEXT() REPRESENTATION_CONTEXT('2D SPACE',''
  ) );
#9486 = ADVANCED_FACE('',(#9487),#9365,.T.);
#9487 = FACE_BOUND('',#9488,.T.);
#9488 = EDGE_LOOP('',(#9489,#9513,#9541,#9568));
#9489 = ORIENTED_EDGE('',*,*,#9490,.T.);
#9490 = EDGE_CURVE('',#9343,#9491,#9493,.T.);
#9491 = VERTEX_POINT('',#9492);
#9492 = CARTESIAN_POINT('',(-165.,-135.,0.));
#9493 = SURFACE_CURVE('',#9494,(#9499,#9506),.PCURVE_S1.);
#9494 = CIRCLE('',#9495,5.);
#9495 = AXIS2_PLACEMENT_3D('',#9496,#9497,#9498);
#9496 = CARTESIAN_POINT('',(-165.,-130.,0.));
#9497 = DIRECTION('',(0.,0.,1.));
#9498 = DIRECTION('',(0.,-1.,0.));
#9499 = PCURVE('',#9365,#9500);
#9500 = DEFINITIONAL_REPRESENTATION('',(#9501),#9505);
#9501 = LINE('',#9502,#9503);
#9502 = CARTESIAN_POINT('',(-4.712388980385,0.));
#9503 = VECTOR('',#9504,1.);
#9504 = DIRECTION('',(1.,0.));
#9505 = ( GEOMETRIC_REPRESENTATION_CONTEXT(2) 
PARAMETRIC_REPRESENTATION_CONTEXT() REPRESENTATION_CONTEXT('2D SPACE',''
  ) );
#9506 = PCURVE('',#9393,#9507);
#9507 = DEFINITIONAL_REPRESENTATION('',(#9508),#9512);
#9508 = CIRCLE('',#9509,5.);
#9509 = AXIS2_PLACEMENT_2D('',#9510,#9511);
#9510 = CARTESIAN_POINT('',(5.,5.));
#9511 = DIRECTION('',(0.,-1.));
#9512 = ( GEOMETRIC_REPRESENTATION_CONTEXT(2) 
PARAMETRIC_REPRESENTATION_CONTEXT() REPRESENTATION_CONTEXT('2D SPACE',''
  ) );
#9513 = ORIENTED_EDGE('',*,*,#9514,.T.);
#9514 = EDGE_CURVE('',#9491,#9515,#9517,.T.);
#9515 = VERTEX_POINT('',#9516);
#9516 = CARTESIAN_POINT('',(-165.,-135.,6.));
#9517 = SURFACE_CURVE('',#9518,(#9522,#9529),.PCURVE_S1.);
#9518 = LINE('',#9519,#9520);
#9519 = CARTESIAN_POINT('',(-165.,-135.,0.));
#9520 = VECTOR('',#9521,1.);
#9521 = DIRECTION('',(0.,0.,1.));
#9522 = PCURVE('',#9365,#9523);
#9523 = DEFINITIONAL_REPRESENTATION('',(#9524),#9528);
#9524 = LINE('',#9525,#9526);
#9525 = CARTESIAN_POINT('',(1.570796326795,0.));
#9526 = VECTOR('',#9527,1.);
#9527 = DIRECTION('',(0.,1.));
#9528 = ( GEOMETRIC_REPRESENTATION_CONTEXT(2) 
PARAMETRIC_REPRESENTATION_CONTEXT() REPRESENTATION_CONTEXT('2D SPACE',''
  ) );
#9529 = PCURVE('',#9530,#9535);
#9530 = PLANE('',#9531);
#9531 = AXIS2_PLACEMENT_3D('',#9532,#9533,#9534);
#9532 = CARTESIAN_POINT('',(-170.,-135.,0.));
#9533 = DIRECTION('',(0.,1.,0.));
#9534 = DIRECTION('',(0.,0.,1.));
#9535 = DEFINITIONAL_REPRESENTATION('',(#9536),#9540);
#9536 = LINE('',#9537,#9538);
#9537 = CARTESIAN_POINT('',(0.,5.));
#9538 = VECTOR('',#9539,1.);
#9539 = DIRECTION('',(1.,0.));
#9540 = ( GEOMETRIC_REPRESENTATION_CONTEXT(2) 
PARAMETRIC_REPRESENTATION_CONTEXT() REPRESENTATION_CONTEXT('2D SPACE',''
  ) );
#9541 = ORIENTED_EDGE('',*,*,#9542,.F.);
#9542 = EDGE_CURVE('',#9345,#9515,#9543,.T.);
#9543 = SURFACE_CURVE('',#9544,(#9549,#9556),.PCURVE_S1.);
#9544 = CIRCLE('',#9545,5.);
#9545 = AXIS2_PLACEMENT_3D('',#9546,#9547,#9548);
#9546 = CARTESIAN_POINT('',(-165.,-130.,6.));
#9547 = DIRECTION('',(0.,0.,1.));
#9548 = DIRECTION('',(0.,-1.,0.));
#9549 = PCURVE('',#9365,#9550);
#9550 = DEFINITIONAL_REPRESENTATION('',(#9551),#9555);
#9551 = LINE('',#9552,#9553);
#9552 = CARTESIAN_POINT('',(-4.712388980385,6.));
#9553 = VECTOR('',#9554,1.);
#9554 = DIRECTION('',(1.,0.));
#9555 = ( GEOMETRIC_REPRESENTATION_CONTEXT(2) 
PARAMETRIC_REPRESENTATION_CONTEXT() REPRESENTATION_CONTEXT('2D SPACE',''
  ) );
#9556 = PCURVE('',#9557,#9562);
#9557 = PLANE('',#9558);
#9558 = AXIS2_PLACEMENT_3D('',#9559,#9560,#9561);
#9559 = CARTESIAN_POINT('',(-170.,-135.,6.));
#9560 = DIRECTION('',(0.,0.,1.));
#9561 = DIRECTION('',(1.,0.,0.));
#9562 = DEFINITIONAL_REPRESENTATION('',(#9563),#9567);
#9563 = CIRCLE('',#9564,5.);
#9564 = AXIS2_PLACEMENT_2D('',#9565,#9566);
#9565 = CARTESIAN_POINT('',(5.,5.));
#9566 = DIRECTION('',(0.,-1.));
#9567 = ( GEOMETRIC_REPRESENTATION_CONTEXT(2) 
PARAMETRIC_REPRESENTATION_CONTEXT() REPRESENTATION_CONTEXT('2D SPACE',''
  ) );
#9568 = ORIENTED_EDGE('',*,*,#9342,.F.);
#9569 = ADVANCED_FACE('',(#9570),#9475,.F.);
#9570 = FACE_BOUND('',#9571,.F.);
#9571 = EDGE_LOOP('',(#9572,#9595,#9596,#9619));
#9572 = ORIENTED_EDGE('',*,*,#9573,.F.);
#9573 = EDGE_CURVE('',#9345,#9574,#9576,.T.);
#9574 = VERTEX_POINT('',#9575);
#9575 = CARTESIAN_POINT('',(-165.,-130.,6.));
#9576 = SURFACE_CURVE('',#9577,(#9581,#9588),.PCURVE_S1.);
#9577 = LINE('',#9578,#9579);
#9578 = CARTESIAN_POINT('',(-170.,-130.,6.));
#9579 = VECTOR('',#9580,1.);
#9580 = DIRECTION('',(1.,0.,0.));
#9581 = PCURVE('',#9475,#9582);
#9582 = DEFINITIONAL_REPRESENTATION('',(#9583),#9587);
#9583 = LINE('',#9584,#9585);
#9584 = CARTESIAN_POINT('',(0.,0.));
#9585 = VECTOR('',#9586,1.);
#9586 = DIRECTION('',(0.,1.));
#9587 = ( GEOMETRIC_REPRESENTATION_CONTEXT(2) 
PARAMETRIC_REPRESENTATION_CONTEXT() REPRESENTATION_CONTEXT('2D SPACE',''
  ) );
#9588 = PCURVE('',#9557,#9589);
#9589 = DEFINITIONAL_REPRESENTATION('',(#9590),#9594);
#9590 = LINE('',#9591,#9592);
#9591 = CARTESIAN_POINT('',(0.,5.));
#9592 = VECTOR('',#9593,1.);
#9593 = DIRECTION('',(1.,0.));
#9594 = ( GEOMETRIC_REPRESENTATION_CONTEXT(2) 
PARAMETRIC_REPRESENTATION_CONTEXT() REPRESENTATION_CONTEXT('2D SPACE',''
  ) );
#9595 = ORIENTED_EDGE('',*,*,#9461,.T.);
#9596 = ORIENTED_EDGE('',*,*,#9597,.T.);
#9597 = EDGE_CURVE('',#9434,#9598,#9600,.T.);
#9598 = VERTEX_POINT('',#9599);
#9599 = CARTESIAN_POINT('',(-165.,-130.,20.));
#9600 = SURFACE_CURVE('',#9601,(#9605,#9612),.PCURVE_S1.);
#9601 = LINE('',#9602,#9603);
#9602 = CARTESIAN_POINT('',(-170.,-130.,20.));
#9603 = VECTOR('',#9604,1.);
#9604 = DIRECTION('',(1.,0.,0.));
#9605 = PCURVE('',#9475,#9606);
#9606 = DEFINITIONAL_REPRESENTATION('',(#9607),#9611);
#9607 = LINE('',#9608,#9609);
#9608 = CARTESIAN_POINT('',(14.,0.));
#9609 = VECTOR('',#9610,1.);
#9610 = DIRECTION('',(0.,1.));
#9611 = ( GEOMETRIC_REPRESENTATION_CONTEXT(2) 
PARAMETRIC_REPRESENTATION_CONTEXT() REPRESENTATION_CONTEXT('2D SPACE',''
  ) );
#9612 = PCURVE('',#9449,#9613);
#9613 = DEFINITIONAL_REPRESENTATION('',(#9614),#9618);
#9614 = LINE('',#9615,#9616);
#9615 = CARTESIAN_POINT('',(0.,0.));
#9616 = VECTOR('',#9617,1.);
#9617 = DIRECTION('',(1.,0.));
#9618 = ( GEOMETRIC_REPRESENTATION_CONTEXT(2) 
PARAMETRIC_REPRESENTATION_CONTEXT() REPRESENTATION_CONTEXT('2D SPACE',''
  ) );
#9619 = ORIENTED_EDGE('',*,*,#9620,.T.);
#9620 = EDGE_CURVE('',#9598,#9574,#9621,.T.);
#9621 = SURFACE_CURVE('',#9622,(#9626,#9632),.PCURVE_S1.);
#9622 = LINE('',#9623,#9624);
#9623 = CARTESIAN_POINT('',(-165.,-130.,6.));
#9624 = VECTOR('',#9625,1.);
#9625 = DIRECTION('',(0.,0.,-1.));
#9626 = PCURVE('',#9475,#9627);
#9627 = DEFINITIONAL_REPRESENTATION('',(#9628),#9631);
#9628 = B_SPLINE_CURVE_WITH_KNOTS('',1,(#9629,#9630),.UNSPECIFIED.,.F.,
  .F.,(2,2),(-14.,0.),.PIECEWISE_BEZIER_KNOTS.);
#9629 = CARTESIAN_POINT('',(14.,5.));
#9630 = CARTESIAN_POINT('',(0.,5.));
#9631 = ( GEOMETRIC_REPRESENTATION_CONTEXT(2) 
PARAMETRIC_REPRESENTATION_CONTEXT() REPRESENTATION_CONTEXT('2D SPACE',''
  ) );
#9632 = PCURVE('',#9633,#9638);
#9633 = PLANE('',#9634);
#9634 = AXIS2_PLACEMENT_3D('',#9635,#9636,#9637);
#9635 = CARTESIAN_POINT('',(-165.,-135.,6.));
#9636 = DIRECTION('',(1.,0.,0.));
#9637 = DIRECTION('',(0.,0.,1.));
#9638 = DEFINITIONAL_REPRESENTATION('',(#9639),#9642);
#9639 = B_SPLINE_CURVE_WITH_KNOTS('',1,(#9640,#9641),.UNSPECIFIED.,.F.,
  .F.,(2,2),(-14.,0.),.PIECEWISE_BEZIER_KNOTS.);
#9640 = CARTESIAN_POINT('',(14.,-5.));
#9641 = CARTESIAN_POINT('',(0.,-5.));
#9642 = ( GEOMETRIC_REPRESENTATION_CONTEXT(2) 
PARAMETRIC_REPRESENTATION_CONTEXT() REPRESENTATION_CONTEXT('2D SPACE',''
  ) );
#9643 = ADVANCED_FACE('',(#9644),#9449,.T.);
#9644 = FACE_BOUND('',#9645,.T.);
#9645 = EDGE_LOOP('',(#9646,#9667,#9668,#9669,#9692,#9715,#9743,#9771));
#9646 = ORIENTED_EDGE('',*,*,#9647,.T.);
#9647 = EDGE_CURVE('',#9648,#9406,#9650,.T.);
#9648 = VERTEX_POINT('',#9649);
#9649 = CARTESIAN_POINT('',(-164.,-0.2,20.));
#9650 = SURFACE_CURVE('',#9651,(#9655,#9661),.PCURVE_S1.);
#9651 = LINE('',#9652,#9653);
#9652 = CARTESIAN_POINT('',(-170.,-0.2,20.));
#9653 = VECTOR('',#9654,1.);
#9654 = DIRECTION('',(-1.,0.,0.));
#9655 = PCURVE('',#9449,#9656);
#9656 = DEFINITIONAL_REPRESENTATION('',(#9657),#9660);
#9657 = B_SPLINE_CURVE_WITH_KNOTS('',1,(#9658,#9659),.UNSPECIFIED.,.F.,
  .F.,(2,2),(-122.,0.),.PIECEWISE_BEZIER_KNOTS.);
#9658 = CARTESIAN_POINT('',(122.,129.8));
#9659 = CARTESIAN_POINT('',(0.,129.8));
#9660 = ( GEOMETRIC_REPRESENTATION_CONTEXT(2) 
PARAMETRIC_REPRESENTATION_CONTEXT() REPRESENTATION_CONTEXT('2D SPACE',''
  ) );
#9661 = PCURVE('',#9421,#9662);
#9662 = DEFINITIONAL_REPRESENTATION('',(#9663),#9666);
#9663 = B_SPLINE_CURVE_WITH_KNOTS('',1,(#9664,#9665),.UNSPECIFIED.,.F.,
  .F.,(2,2),(-122.,0.),.PIECEWISE_BEZIER_KNOTS.);
#9664 = CARTESIAN_POINT('',(25.,122.));
#9665 = CARTESIAN_POINT('',(25.,0.));
#9666 = ( GEOMETRIC_REPRESENTATION_CONTEXT(2) 
PARAMETRIC_REPRESENTATION_CONTEXT() REPRESENTATION_CONTEXT('2D SPACE',''
  ) );
#9667 = ORIENTED_EDGE('',*,*,#9433,.F.);
#9668 = ORIENTED_EDGE('',*,*,#9597,.T.);
#9669 = ORIENTED_EDGE('',*,*,#9670,.F.);
#9670 = EDGE_CURVE('',#9671,#9598,#9673,.T.);
#9671 = VERTEX_POINT('',#9672);
#9672 = CARTESIAN_POINT('',(-165.,-135.,20.));
#9673 = SURFACE_CURVE('',#9674,(#9678,#9685),.PCURVE_S1.);
#9674 = LINE('',#9675,#9676);
#9675 = CARTESIAN_POINT('',(-165.,-135.,20.));
#9676 = VECTOR('',#9677,1.);
#9677 = DIRECTION('',(0.,1.,0.));
#9678 = PCURVE('',#9449,#9679);
#9679 = DEFINITIONAL_REPRESENTATION('',(#9680),#9684);
#9680 = LINE('',#9681,#9682);
#9681 = CARTESIAN_POINT('',(5.,-5.));
#9682 = VECTOR('',#9683,1.);
#9683 = DIRECTION('',(0.,1.));
#9684 = ( GEOMETRIC_REPRESENTATION_CONTEXT(2) 
PARAMETRIC_REPRESENTATION_CONTEXT() REPRESENTATION_CONTEXT('2D SPACE',''
  ) );
#9685 = PCURVE('',#9633,#9686);
#9686 = DEFINITIONAL_REPRESENTATION('',(#9687),#9691);
#9687 = LINE('',#9688,#9689);
#9688 = CARTESIAN_POINT('',(14.,0.));
#9689 = VECTOR('',#9690,1.);
#9690 = DIRECTION('',(0.,-1.));
#9691 = ( GEOMETRIC_REPRESENTATION_CONTEXT(2) 
PARAMETRIC_REPRESENTATION_CONTEXT() REPRESENTATION_CONTEXT('2D SPACE',''
  ) );
#9692 = ORIENTED_EDGE('',*,*,#9693,.T.);
#9693 = EDGE_CURVE('',#9671,#9694,#9696,.T.);
#9694 = VERTEX_POINT('',#9695);
#9695 = CARTESIAN_POINT('',(-48.,-135.,20.));
#9696 = SURFACE_CURVE('',#9697,(#9701,#9708),.PCURVE_S1.);
#9697 = LINE('',#9698,#9699);
#9698 = CARTESIAN_POINT('',(-165.,-135.,20.));
#9699 = VECTOR('',#9700,1.);
#9700 = DIRECTION('',(1.,0.,0.));
#9701 = PCURVE('',#9449,#9702);
#9702 = DEFINITIONAL_REPRESENTATION('',(#9703),#9707);
#9703 = LINE('',#9704,#9705);
#9704 = CARTESIAN_POINT('',(5.,-5.));
#9705 = VECTOR('',#9706,1.);
#9706 = DIRECTION('',(1.,0.));
#9707 = ( GEOMETRIC_REPRESENTATION_CONTEXT(2) 
PARAMETRIC_REPRESENTATION_CONTEXT() REPRESENTATION_CONTEXT('2D SPACE',''
  ) );
#9708 = PCURVE('',#9530,#9709);
#9709 = DEFINITIONAL_REPRESENTATION('',(#9710),#9714);
#9710 = LINE('',#9711,#9712);
#9711 = CARTESIAN_POINT('',(20.,5.));
#9712 = VECTOR('',#9713,1.);
#9713 = DIRECTION('',(0.,1.));
#9714 = ( GEOMETRIC_REPRESENTATION_CONTEXT(2) 
PARAMETRIC_REPRESENTATION_CONTEXT() REPRESENTATION_CONTEXT('2D SPACE',''
  ) );
#9715 = ORIENTED_EDGE('',*,*,#9716,.T.);
#9716 = EDGE_CURVE('',#9694,#9717,#9719,.T.);
#9717 = VERTEX_POINT('',#9718);
#9718 = CARTESIAN_POINT('',(-48.,-129.,20.));
#9719 = SURFACE_CURVE('',#9720,(#9724,#9731),.PCURVE_S1.);
#9720 = LINE('',#9721,#9722);
#9721 = CARTESIAN_POINT('',(-48.,-135.,20.));
#9722 = VECTOR('',#9723,1.);
#9723 = DIRECTION('',(0.,1.,0.));
#9724 = PCURVE('',#9449,#9725);
#9725 = DEFINITIONAL_REPRESENTATION('',(#9726),#9730);
#9726 = LINE('',#9727,#9728);
#9727 = CARTESIAN_POINT('',(122.,-5.));
#9728 = VECTOR('',#9729,1.);
#9729 = DIRECTION('',(0.,1.));
#9730 = ( GEOMETRIC_REPRESENTATION_CONTEXT(2) 
PARAMETRIC_REPRESENTATION_CONTEXT() REPRESENTATION_CONTEXT('2D SPACE',''
  ) );
#9731 = PCURVE('',#9732,#9737);
#9732 = PLANE('',#9733);
#9733 = AXIS2_PLACEMENT_3D('',#9734,#9735,#9736);
#9734 = CARTESIAN_POINT('',(-48.,-135.,6.));
#9735 = DIRECTION('',(1.,0.,0.));
#9736 = DIRECTION('',(0.,0.,1.));
#9737 = DEFINITIONAL_REPRESENTATION('',(#9738),#9742);
#9738 = LINE('',#9739,#9740);
#9739 = CARTESIAN_POINT('',(14.,0.));
#9740 = VECTOR('',#9741,1.);
#9741 = DIRECTION('',(0.,-1.));
#9742 = ( GEOMETRIC_REPRESENTATION_CONTEXT(2) 
PARAMETRIC_REPRESENTATION_CONTEXT() REPRESENTATION_CONTEXT('2D SPACE',''
  ) );
#9743 = ORIENTED_EDGE('',*,*,#9744,.F.);
#9744 = EDGE_CURVE('',#9745,#9717,#9747,.T.);
#9745 = VERTEX_POINT('',#9746);
#9746 = CARTESIAN_POINT('',(-164.,-129.,20.));
#9747 = SURFACE_CURVE('',#9748,(#9752,#9759),.PCURVE_S1.);
#9748 = LINE('',#9749,#9750);
#9749 = CARTESIAN_POINT('',(-165.,-129.,20.));
#9750 = VECTOR('',#9751,1.);
#9751 = DIRECTION('',(1.,0.,0.));
#9752 = PCURVE('',#9449,#9753);
#9753 = DEFINITIONAL_REPRESENTATION('',(#9754),#9758);
#9754 = LINE('',#9755,#9756);
#9755 = CARTESIAN_POINT('',(5.,1.));
#9756 = VECTOR('',#9757,1.);
#9757 = DIRECTION('',(1.,0.));
#9758 = ( GEOMETRIC_REPRESENTATION_CONTEXT(2) 
PARAMETRIC_REPRESENTATION_CONTEXT() REPRESENTATION_CONTEXT('2D SPACE',''
  ) );
#9759 = PCURVE('',#9760,#9765);
#9760 = PLANE('',#9761);
#9761 = AXIS2_PLACEMENT_3D('',#9762,#9763,#9764);
#9762 = CARTESIAN_POINT('',(-165.,-129.,6.));
#9763 = DIRECTION('',(0.,1.,0.));
#9764 = DIRECTION('',(0.,0.,1.));
#9765 = DEFINITIONAL_REPRESENTATION('',(#9766),#9770);
#9766 = LINE('',#9767,#9768);
#9767 = CARTESIAN_POINT('',(14.,0.));
#9768 = VECTOR('',#9769,1.);
#9769 = DIRECTION('',(0.,1.));
#9770 = ( GEOMETRIC_REPRESENTATION_CONTEXT(2) 
PARAMETRIC_REPRESENTATION_CONTEXT() REPRESENTATION_CONTEXT('2D SPACE',''
  ) );
#9771 = ORIENTED_EDGE('',*,*,#9772,.T.);
#9772 = EDGE_CURVE('',#9745,#9648,#9773,.T.);
#9773 = SURFACE_CURVE('',#9774,(#9778,#9785),.PCURVE_S1.);
#9774 = LINE('',#9775,#9776);
#9775 = CARTESIAN_POINT('',(-164.,-130.,20.));
#9776 = VECTOR('',#9777,1.);
#9777 = DIRECTION('',(0.,1.,0.));
#9778 = PCURVE('',#9449,#9779);
#9779 = DEFINITIONAL_REPRESENTATION('',(#9780),#9784);
#9780 = LINE('',#9781,#9782);
#9781 = CARTESIAN_POINT('',(6.,0.));
#9782 = VECTOR('',#9783,1.);
#9783 = DIRECTION('',(0.,1.));
#9784 = ( GEOMETRIC_REPRESENTATION_CONTEXT(2) 
PARAMETRIC_REPRESENTATION_CONTEXT() REPRESENTATION_CONTEXT('2D SPACE',''
  ) );
#9785 = PCURVE('',#9786,#9791);
#9786 = PLANE('',#9787);
#9787 = AXIS2_PLACEMENT_3D('',#9788,#9789,#9790);
#9788 = CARTESIAN_POINT('',(-164.,-130.,6.));
#9789 = DIRECTION('',(1.,0.,0.));
#9790 = DIRECTION('',(0.,0.,1.));
#9791 = DEFINITIONAL_REPRESENTATION('',(#9792),#9796);
#9792 = LINE('',#9793,#9794);
#9793 = CARTESIAN_POINT('',(14.,0.));
#9794 = VECTOR('',#9795,1.);
#9795 = DIRECTION('',(0.,-1.));
#9796 = ( GEOMETRIC_REPRESENTATION_CONTEXT(2) 
PARAMETRIC_REPRESENTATION_CONTEXT() REPRESENTATION_CONTEXT('2D SPACE',''
  ) );
#9797 = ADVANCED_FACE('',(#9798),#9421,.T.);
#9798 = FACE_BOUND('',#9799,.T.);
#9799 = EDGE_LOOP('',(#9800,#9830,#9849,#9850,#9851,#9872));
#9800 = ORIENTED_EDGE('',*,*,#9801,.F.);
#9801 = EDGE_CURVE('',#9802,#9804,#9806,.T.);
#9802 = VERTEX_POINT('',#9803);
#9803 = CARTESIAN_POINT('',(-0.2,-0.2,0.));
#9804 = VERTEX_POINT('',#9805);
#9805 = CARTESIAN_POINT('',(-0.2,-0.2,6.));
#9806 = SURFACE_CURVE('',#9807,(#9811,#9818),.PCURVE_S1.);
#9807 = LINE('',#9808,#9809);
#9808 = CARTESIAN_POINT('',(-0.2,-0.2,-5.));
#9809 = VECTOR('',#9810,1.);
#9810 = DIRECTION('',(0.,0.,1.));
#9811 = PCURVE('',#9421,#9812);
#9812 = DEFINITIONAL_REPRESENTATION('',(#9813),#9817);
#9813 = LINE('',#9814,#9815);
#9814 = CARTESIAN_POINT('',(0.,169.8));
#9815 = VECTOR('',#9816,1.);
#9816 = DIRECTION('',(1.,0.));
#9817 = ( GEOMETRIC_REPRESENTATION_CONTEXT(2) 
PARAMETRIC_REPRESENTATION_CONTEXT() REPRESENTATION_CONTEXT('2D SPACE',''
  ) );
#9818 = PCURVE('',#9819,#9824);
#9819 = PLANE('',#9820);
#9820 = AXIS2_PLACEMENT_3D('',#9821,#9822,#9823);
#9821 = CARTESIAN_POINT('',(-0.2,-135.,-5.));
#9822 = DIRECTION('',(1.,0.,0.));
#9823 = DIRECTION('',(0.,0.,1.));
#9824 = DEFINITIONAL_REPRESENTATION('',(#9825),#9829);
#9825 = LINE('',#9826,#9827);
#9826 = CARTESIAN_POINT('',(0.,-134.8));
#9827 = VECTOR('',#9828,1.);
#9828 = DIRECTION('',(1.,0.));
#9829 = ( GEOMETRIC_REPRESENTATION_CONTEXT(2) 
PARAMETRIC_REPRESENTATION_CONTEXT() REPRESENTATION_CONTEXT('2D SPACE',''
  ) );
#9830 = ORIENTED_EDGE('',*,*,#9831,.T.);
#9831 = EDGE_CURVE('',#9802,#9378,#9832,.T.);
#9832 = SURFACE_CURVE('',#9833,(#9837,#9843),.PCURVE_S1.);
#9833 = LINE('',#9834,#9835);
#9834 = CARTESIAN_POINT('',(-170.,-0.2,0.));
#9835 = VECTOR('',#9836,1.);
#9836 = DIRECTION('',(-1.,0.,0.));
#9837 = PCURVE('',#9421,#9838);
#9838 = DEFINITIONAL_REPRESENTATION('',(#9839),#9842);
#9839 = B_SPLINE_CURVE_WITH_KNOTS('',1,(#9840,#9841),.UNSPECIFIED.,.F.,
  .F.,(2,2),(-169.8,0.),.PIECEWISE_BEZIER_KNOTS.);
#9840 = CARTESIAN_POINT('',(5.,169.8));
#9841 = CARTESIAN_POINT('',(5.,0.));
#9842 = ( GEOMETRIC_REPRESENTATION_CONTEXT(2) 
PARAMETRIC_REPRESENTATION_CONTEXT() REPRESENTATION_CONTEXT('2D SPACE',''
  ) );
#9843 = PCURVE('',#9393,#9844);
#9844 = DEFINITIONAL_REPRESENTATION('',(#9845),#9848);
#9845 = B_SPLINE_CURVE_WITH_KNOTS('',1,(#9846,#9847),.UNSPECIFIED.,.F.,
  .F.,(2,2),(-169.8,0.),.PIECEWISE_BEZIER_KNOTS.);
#9846 = CARTESIAN_POINT('',(169.8,134.8));
#9847 = CARTESIAN_POINT('',(0.,134.8));
#9848 = ( GEOMETRIC_REPRESENTATION_CONTEXT(2) 
PARAMETRIC_REPRESENTATION_CONTEXT() REPRESENTATION_CONTEXT('2D SPACE',''
  ) );
#9849 = ORIENTED_EDGE('',*,*,#9405,.T.);
#9850 = ORIENTED_EDGE('',*,*,#9647,.F.);
#9851 = ORIENTED_EDGE('',*,*,#9852,.F.);
#9852 = EDGE_CURVE('',#9853,#9648,#9855,.T.);
#9853 = VERTEX_POINT('',#9854);
#9854 = CARTESIAN_POINT('',(-164.,-0.2,6.));
#9855 = SURFACE_CURVE('',#9856,(#9860,#9866),.PCURVE_S1.);
#9856 = LINE('',#9857,#9858);
#9857 = CARTESIAN_POINT('',(-164.,-0.2,0.5));
#9858 = VECTOR('',#9859,1.);
#9859 = DIRECTION('',(0.,0.,1.));
#9860 = PCURVE('',#9421,#9861);
#9861 = DEFINITIONAL_REPRESENTATION('',(#9862),#9865);
#9862 = B_SPLINE_CURVE_WITH_KNOTS('',1,(#9863,#9864),.UNSPECIFIED.,.F.,
  .F.,(2,2),(5.5,19.5),.PIECEWISE_BEZIER_KNOTS.);
#9863 = CARTESIAN_POINT('',(11.,6.));
#9864 = CARTESIAN_POINT('',(25.,6.));
#9865 = ( GEOMETRIC_REPRESENTATION_CONTEXT(2) 
PARAMETRIC_REPRESENTATION_CONTEXT() REPRESENTATION_CONTEXT('2D SPACE',''
  ) );
#9866 = PCURVE('',#9786,#9867);
#9867 = DEFINITIONAL_REPRESENTATION('',(#9868),#9871);
#9868 = B_SPLINE_CURVE_WITH_KNOTS('',1,(#9869,#9870),.UNSPECIFIED.,.F.,
  .F.,(2,2),(5.5,19.5),.PIECEWISE_BEZIER_KNOTS.);
#9869 = CARTESIAN_POINT('',(0.,-129.8));
#9870 = CARTESIAN_POINT('',(14.,-129.8));
#9871 = ( GEOMETRIC_REPRESENTATION_CONTEXT(2) 
PARAMETRIC_REPRESENTATION_CONTEXT() REPRESENTATION_CONTEXT('2D SPACE',''
  ) );
#9872 = ORIENTED_EDGE('',*,*,#9873,.F.);
#9873 = EDGE_CURVE('',#9804,#9853,#9874,.T.);
#9874 = SURFACE_CURVE('',#9875,(#9879,#9885),.PCURVE_S1.);
#9875 = LINE('',#9876,#9877);
#9876 = CARTESIAN_POINT('',(-170.,-0.2,6.));
#9877 = VECTOR('',#9878,1.);
#9878 = DIRECTION('',(-1.,0.,0.));
#9879 = PCURVE('',#9421,#9880);
#9880 = DEFINITIONAL_REPRESENTATION('',(#9881),#9884);
#9881 = B_SPLINE_CURVE_WITH_KNOTS('',1,(#9882,#9883),.UNSPECIFIED.,.F.,
  .F.,(2,2),(-169.8,-6.),.PIECEWISE_BEZIER_KNOTS.);
#9882 = CARTESIAN_POINT('',(11.,169.8));
#9883 = CARTESIAN_POINT('',(11.,6.));
#9884 = ( GEOMETRIC_REPRESENTATION_CONTEXT(2) 
PARAMETRIC_REPRESENTATION_CONTEXT() REPRESENTATION_CONTEXT('2D SPACE',''
  ) );
#9885 = PCURVE('',#9886,#9891);
#9886 = PLANE('',#9887);
#9887 = AXIS2_PLACEMENT_3D('',#9888,#9889,#9890);
#9888 = CARTESIAN_POINT('',(-170.,-135.,6.));
#9889 = DIRECTION('',(0.,0.,1.));
#9890 = DIRECTION('',(1.,0.,0.));
#9891 = DEFINITIONAL_REPRESENTATION('',(#9892),#9895);
#9892 = B_SPLINE_CURVE_WITH_KNOTS('',1,(#9893,#9894),.UNSPECIFIED.,.F.,
  .F.,(2,2),(-169.8,-6.),.PIECEWISE_BEZIER_KNOTS.);
#9893 = CARTESIAN_POINT('',(169.8,134.8));
#9894 = CARTESIAN_POINT('',(6.,134.8));
#9895 = ( GEOMETRIC_REPRESENTATION_CONTEXT(2) 
PARAMETRIC_REPRESENTATION_CONTEXT() REPRESENTATION_CONTEXT('2D SPACE',''
  ) );
#9896 = ADVANCED_FACE('',(#9897,#9944,#9979,#10014,#10049,#10084,#10204,
    #10239,#10274,#10309,#10344,#10379,#10414,#10449,#10569,#10604),
  #9393,.F.);
#9897 = FACE_BOUND('',#9898,.F.);
#9898 = EDGE_LOOP('',(#9899,#9900,#9901,#9924,#9943));
#9899 = ORIENTED_EDGE('',*,*,#9377,.F.);
#9900 = ORIENTED_EDGE('',*,*,#9490,.T.);
#9901 = ORIENTED_EDGE('',*,*,#9902,.T.);
#9902 = EDGE_CURVE('',#9491,#9903,#9905,.T.);
#9903 = VERTEX_POINT('',#9904);
#9904 = CARTESIAN_POINT('',(-0.2,-135.,0.));
#9905 = SURFACE_CURVE('',#9906,(#9910,#9917),.PCURVE_S1.);
#9906 = LINE('',#9907,#9908);
#9907 = CARTESIAN_POINT('',(-170.,-135.,0.));
#9908 = VECTOR('',#9909,1.);
#9909 = DIRECTION('',(1.,0.,0.));
#9910 = PCURVE('',#9393,#9911);
#9911 = DEFINITIONAL_REPRESENTATION('',(#9912),#9916);
#9912 = LINE('',#9913,#9914);
#9913 = CARTESIAN_POINT('',(0.,0.));
#9914 = VECTOR('',#9915,1.);
#9915 = DIRECTION('',(1.,0.));
#9916 = ( GEOMETRIC_REPRESENTATION_CONTEXT(2) 
PARAMETRIC_REPRESENTATION_CONTEXT() REPRESENTATION_CONTEXT('2D SPACE',''
  ) );
#9917 = PCURVE('',#9530,#9918);
#9918 = DEFINITIONAL_REPRESENTATION('',(#9919),#9923);
#9919 = LINE('',#9920,#9921);
#9920 = CARTESIAN_POINT('',(0.,0.));
#9921 = VECTOR('',#9922,1.);
#9922 = DIRECTION('',(0.,1.));
#9923 = ( GEOMETRIC_REPRESENTATION_CONTEXT(2) 
PARAMETRIC_REPRESENTATION_CONTEXT() REPRESENTATION_CONTEXT('2D SPACE',''
  ) );
#9924 = ORIENTED_EDGE('',*,*,#9925,.T.);
#9925 = EDGE_CURVE('',#9903,#9802,#9926,.T.);
#9926 = SURFACE_CURVE('',#9927,(#9931,#9937),.PCURVE_S1.);
#9927 = LINE('',#9928,#9929);
#9928 = CARTESIAN_POINT('',(-0.2,-135.,0.));
#9929 = VECTOR('',#9930,1.);
#9930 = DIRECTION('',(0.,1.,0.));
#9931 = PCURVE('',#9393,#9932);
#9932 = DEFINITIONAL_REPRESENTATION('',(#9933),#9936);
#9933 = B_SPLINE_CURVE_WITH_KNOTS('',1,(#9934,#9935),.UNSPECIFIED.,.F.,
  .F.,(2,2),(0.,134.8),.PIECEWISE_BEZIER_KNOTS.);
#9934 = CARTESIAN_POINT('',(169.8,0.));
#9935 = CARTESIAN_POINT('',(169.8,134.8));
#9936 = ( GEOMETRIC_REPRESENTATION_CONTEXT(2) 
PARAMETRIC_REPRESENTATION_CONTEXT() REPRESENTATION_CONTEXT('2D SPACE',''
  ) );
#9937 = PCURVE('',#9819,#9938);
#9938 = DEFINITIONAL_REPRESENTATION('',(#9939),#9942);
#9939 = B_SPLINE_CURVE_WITH_KNOTS('',1,(#9940,#9941),.UNSPECIFIED.,.F.,
  .F.,(2,2),(0.,134.8),.PIECEWISE_BEZIER_KNOTS.);
#9940 = CARTESIAN_POINT('',(5.,0.));
#9941 = CARTESIAN_POINT('',(5.,-134.8));
#9942 = ( GEOMETRIC_REPRESENTATION_CONTEXT(2) 
PARAMETRIC_REPRESENTATION_CONTEXT() REPRESENTATION_CONTEXT('2D SPACE',''
  ) );
#9943 = ORIENTED_EDGE('',*,*,#9831,.T.);
#9944 = FACE_BOUND('',#9945,.F.);
#9945 = EDGE_LOOP('',(#9946));
#9946 = ORIENTED_EDGE('',*,*,#9947,.T.);
#9947 = EDGE_CURVE('',#9948,#9948,#9950,.T.);
#9948 = VERTEX_POINT('',#9949);
#9949 = CARTESIAN_POINT('',(-138.3,-90.,0.));
#9950 = SURFACE_CURVE('',#9951,(#9956,#9967),.PCURVE_S1.);
#9951 = CIRCLE('',#9952,1.7);
#9952 = AXIS2_PLACEMENT_3D('',#9953,#9954,#9955);
#9953 = CARTESIAN_POINT('',(-140.,-90.,0.));
#9954 = DIRECTION('',(0.,0.,-1.));
#9955 = DIRECTION('',(1.,0.,0.));
#9956 = PCURVE('',#9393,#9957);
#9957 = DEFINITIONAL_REPRESENTATION('',(#9958),#9966);
#9958 = ( BOUNDED_CURVE() B_SPLINE_CURVE(2,(#9959,#9960,#9961,#9962,
#9963,#9964,#9965),.UNSPECIFIED.,.T.,.F.) B_SPLINE_CURVE_WITH_KNOTS((1,2
    ,2,2,2,1),(-2.094395102393,0.,2.094395102393,4.188790204786,
6.28318530718,8.377580409573),.UNSPECIFIED.) CURVE() 
GEOMETRIC_REPRESENTATION_ITEM() RATIONAL_B_SPLINE_CURVE((1.,0.5,1.,0.5,
1.,0.5,1.)) REPRESENTATION_ITEM('') );
#9959 = CARTESIAN_POINT('',(31.7,45.));
#9960 = CARTESIAN_POINT('',(31.7,42.055513627133));
#9961 = CARTESIAN_POINT('',(29.15,43.527756813566));
#9962 = CARTESIAN_POINT('',(26.6,45.));
#9963 = CARTESIAN_POINT('',(29.15,46.472243186434));
#9964 = CARTESIAN_POINT('',(31.7,47.944486372867));
#9965 = CARTESIAN_POINT('',(31.7,45.));
#9966 = ( GEOMETRIC_REPRESENTATION_CONTEXT(2) 
PARAMETRIC_REPRESENTATION_CONTEXT() REPRESENTATION_CONTEXT('2D SPACE',''
  ) );
#9967 = PCURVE('',#9968,#9973);
#9968 = CYLINDRICAL_SURFACE('',#9969,1.7);
#9969 = AXIS2_PLACEMENT_3D('',#9970,#9971,#9972);
#9970 = CARTESIAN_POINT('',(-140.,-90.,-10.));
#9971 = DIRECTION('',(-0.,-0.,-1.));
#9972 = DIRECTION('',(1.,0.,0.));
#9973 = DEFINITIONAL_REPRESENTATION('',(#9974),#9978);
#9974 = LINE('',#9975,#9976);
#9975 = CARTESIAN_POINT('',(-6.28318530718,-10.));
#9976 = VECTOR('',#9977,1.);
#9977 = DIRECTION('',(1.,-0.));
#9978 = ( GEOMETRIC_REPRESENTATION_CONTEXT(2) 
PARAMETRIC_REPRESENTATION_CONTEXT() REPRESENTATION_CONTEXT('2D SPACE',''
  ) );
#9979 = FACE_BOUND('',#9980,.F.);
#9980 = EDGE_LOOP('',(#9981));
#9981 = ORIENTED_EDGE('',*,*,#9982,.T.);
#9982 = EDGE_CURVE('',#9983,#9983,#9985,.T.);
#9983 = VERTEX_POINT('',#9984);
#9984 = CARTESIAN_POINT('',(-98.3,-90.,0.));
#9985 = SURFACE_CURVE('',#9986,(#9991,#10002),.PCURVE_S1.);
#9986 = CIRCLE('',#9987,1.7);
#9987 = AXIS2_PLACEMENT_3D('',#9988,#9989,#9990);
#9988 = CARTESIAN_POINT('',(-100.,-90.,0.));
#9989 = DIRECTION('',(0.,0.,-1.));
#9990 = DIRECTION('',(1.,0.,0.));
#9991 = PCURVE('',#9393,#9992);
#9992 = DEFINITIONAL_REPRESENTATION('',(#9993),#10001);
#9993 = ( BOUNDED_CURVE() B_SPLINE_CURVE(2,(#9994,#9995,#9996,#9997,
#9998,#9999,#10000),.UNSPECIFIED.,.T.,.F.) B_SPLINE_CURVE_WITH_KNOTS((1,
    2,2,2,2,1),(-2.094395102393,0.,2.094395102393,4.188790204786,
6.28318530718,8.377580409573),.UNSPECIFIED.) CURVE() 
GEOMETRIC_REPRESENTATION_ITEM() RATIONAL_B_SPLINE_CURVE((1.,0.5,1.,0.5,
1.,0.5,1.)) REPRESENTATION_ITEM('') );
#9994 = CARTESIAN_POINT('',(71.7,45.));
#9995 = CARTESIAN_POINT('',(71.7,42.055513627133));
#9996 = CARTESIAN_POINT('',(69.15,43.527756813566));
#9997 = CARTESIAN_POINT('',(66.6,45.));
#9998 = CARTESIAN_POINT('',(69.15,46.472243186434));
#9999 = CARTESIAN_POINT('',(71.7,47.944486372867));
#10000 = CARTESIAN_POINT('',(71.7,45.));
#10001 = ( GEOMETRIC_REPRESENTATION_CONTEXT(2) 
PARAMETRIC_REPRESENTATION_CONTEXT() REPRESENTATION_CONTEXT('2D SPACE',''
  ) );
#10002 = PCURVE('',#10003,#10008);
#10003 = CYLINDRICAL_SURFACE('',#10004,1.7);
#10004 = AXIS2_PLACEMENT_3D('',#10005,#10006,#10007);
#10005 = CARTESIAN_POINT('',(-100.,-90.,-10.));
#10006 = DIRECTION('',(-0.,-0.,-1.));
#10007 = DIRECTION('',(1.,0.,0.));
#10008 = DEFINITIONAL_REPRESENTATION('',(#10009),#10013);
#10009 = LINE('',#10010,#10011);
#10010 = CARTESIAN_POINT('',(-6.28318530718,-10.));
#10011 = VECTOR('',#10012,1.);
#10012 = DIRECTION('',(1.,-0.));
#10013 = ( GEOMETRIC_REPRESENTATION_CONTEXT(2) 
PARAMETRIC_REPRESENTATION_CONTEXT() REPRESENTATION_CONTEXT('2D SPACE',''
  ) );
#10014 = FACE_BOUND('',#10015,.F.);
#10015 = EDGE_LOOP('',(#10016));
#10016 = ORIENTED_EDGE('',*,*,#10017,.T.);
#10017 = EDGE_CURVE('',#10018,#10018,#10020,.T.);
#10018 = VERTEX_POINT('',#10019);
#10019 = CARTESIAN_POINT('',(-122.75,-72.,0.));
#10020 = SURFACE_CURVE('',#10021,(#10026,#10037),.PCURVE_S1.);
#10021 = CIRCLE('',#10022,2.25);
#10022 = AXIS2_PLACEMENT_3D('',#10023,#10024,#10025);
#10023 = CARTESIAN_POINT('',(-125.,-72.,0.));
#10024 = DIRECTION('',(0.,0.,-1.));
#10025 = DIRECTION('',(1.,0.,0.));
#10026 = PCURVE('',#9393,#10027);
#10027 = DEFINITIONAL_REPRESENTATION('',(#10028),#10036);
#10028 = ( BOUNDED_CURVE() B_SPLINE_CURVE(2,(#10029,#10030,#10031,#10032
    ,#10033,#10034,#10035),.UNSPECIFIED.,.T.,.F.) 
B_SPLINE_CURVE_WITH_KNOTS((1,2,2,2,2,1),(-2.094395102393,0.,
    2.094395102393,4.188790204786,6.28318530718,8.377580409573),
.UNSPECIFIED.) CURVE() GEOMETRIC_REPRESENTATION_ITEM() 
RATIONAL_B_SPLINE_CURVE((1.,0.5,1.,0.5,1.,0.5,1.)) REPRESENTATION_ITEM(
  '') );
#10029 = CARTESIAN_POINT('',(47.25,63.));
#10030 = CARTESIAN_POINT('',(47.25,59.10288568297));
#10031 = CARTESIAN_POINT('',(43.875,61.051442841485));
#10032 = CARTESIAN_POINT('',(40.5,63.));
#10033 = CARTESIAN_POINT('',(43.875,64.948557158515));
#10034 = CARTESIAN_POINT('',(47.25,66.89711431703));
#10035 = CARTESIAN_POINT('',(47.25,63.));
#10036 = ( GEOMETRIC_REPRESENTATION_CONTEXT(2) 
PARAMETRIC_REPRESENTATION_CONTEXT() REPRESENTATION_CONTEXT('2D SPACE',''
  ) );
#10037 = PCURVE('',#10038,#10043);
#10038 = CYLINDRICAL_SURFACE('',#10039,2.25);
#10039 = AXIS2_PLACEMENT_3D('',#10040,#10041,#10042);
#10040 = CARTESIAN_POINT('',(-125.,-72.,-10.));
#10041 = DIRECTION('',(-0.,-0.,-1.));
#10042 = DIRECTION('',(1.,0.,0.));
#10043 = DEFINITIONAL_REPRESENTATION('',(#10044),#10048);
#10044 = LINE('',#10045,#10046);
#10045 = CARTESIAN_POINT('',(-6.28318530718,-10.));
#10046 = VECTOR('',#10047,1.);
#10047 = DIRECTION('',(1.,-0.));
#10048 = ( GEOMETRIC_REPRESENTATION_CONTEXT(2) 
PARAMETRIC_REPRESENTATION_CONTEXT() REPRESENTATION_CONTEXT('2D SPACE',''
  ) );
#10049 = FACE_BOUND('',#10050,.F.);
#10050 = EDGE_LOOP('',(#10051));
#10051 = ORIENTED_EDGE('',*,*,#10052,.T.);
#10052 = EDGE_CURVE('',#10053,#10053,#10055,.T.);
#10053 = VERTEX_POINT('',#10054);
#10054 = CARTESIAN_POINT('',(-58.3,-90.,0.));
#10055 = SURFACE_CURVE('',#10056,(#10061,#10072),.PCURVE_S1.);
#10056 = CIRCLE('',#10057,1.7);
#10057 = AXIS2_PLACEMENT_3D('',#10058,#10059,#10060);
#10058 = CARTESIAN_POINT('',(-60.,-90.,0.));
#10059 = DIRECTION('',(0.,0.,-1.));
#10060 = DIRECTION('',(1.,0.,0.));
#10061 = PCURVE('',#9393,#10062);
#10062 = DEFINITIONAL_REPRESENTATION('',(#10063),#10071);
#10063 = ( BOUNDED_CURVE() B_SPLINE_CURVE(2,(#10064,#10065,#10066,#10067
    ,#10068,#10069,#10070),.UNSPECIFIED.,.T.,.F.) 
B_SPLINE_CURVE_WITH_KNOTS((1,2,2,2,2,1),(-2.094395102393,0.,
    2.094395102393,4.188790204786,6.28318530718,8.377580409573),
.UNSPECIFIED.) CURVE() GEOMETRIC_REPRESENTATION_ITEM() 
RATIONAL_B_SPLINE_CURVE((1.,0.5,1.,0.5,1.,0.5,1.)) REPRESENTATION_ITEM(
  '') );
#10064 = CARTESIAN_POINT('',(111.7,45.));
#10065 = CARTESIAN_POINT('',(111.7,42.055513627133));
#10066 = CARTESIAN_POINT('',(109.15,43.527756813566));
#10067 = CARTESIAN_POINT('',(106.6,45.));
#10068 = CARTESIAN_POINT('',(109.15,46.472243186434));
#10069 = CARTESIAN_POINT('',(111.7,47.944486372867));
#10070 = CARTESIAN_POINT('',(111.7,45.));
#10071 = ( GEOMETRIC_REPRESENTATION_CONTEXT(2) 
PARAMETRIC_REPRESENTATION_CONTEXT() REPRESENTATION_CONTEXT('2D SPACE',''
  ) );
#10072 = PCURVE('',#10073,#10078);
#10073 = CYLINDRICAL_SURFACE('',#10074,1.7);
#10074 = AXIS2_PLACEMENT_3D('',#10075,#10076,#10077);
#10075 = CARTESIAN_POINT('',(-60.,-90.,-10.));
#10076 = DIRECTION('',(-0.,-0.,-1.));
#10077 = DIRECTION('',(1.,0.,0.));
#10078 = DEFINITIONAL_REPRESENTATION('',(#10079),#10083);
#10079 = LINE('',#10080,#10081);
#10080 = CARTESIAN_POINT('',(-6.28318530718,-10.));
#10081 = VECTOR('',#10082,1.);
#10082 = DIRECTION('',(1.,-0.));
#10083 = ( GEOMETRIC_REPRESENTATION_CONTEXT(2) 
PARAMETRIC_REPRESENTATION_CONTEXT() REPRESENTATION_CONTEXT('2D SPACE',''
  ) );
#10084 = FACE_BOUND('',#10085,.F.);
#10085 = EDGE_LOOP('',(#10086,#10114,#10147,#10173));
#10086 = ORIENTED_EDGE('',*,*,#10087,.F.);
#10087 = EDGE_CURVE('',#10088,#10090,#10092,.T.);
#10088 = VERTEX_POINT('',#10089);
#10089 = CARTESIAN_POINT('',(-8.25,-109.75,0.));
#10090 = VERTEX_POINT('',#10091);
#10091 = CARTESIAN_POINT('',(-31.75,-109.75,0.));
#10092 = SURFACE_CURVE('',#10093,(#10097,#10103),.PCURVE_S1.);
#10093 = LINE('',#10094,#10095);
#10094 = CARTESIAN_POINT('',(-100.875,-109.75,0.));
#10095 = VECTOR('',#10096,1.);
#10096 = DIRECTION('',(-1.,0.,0.));
#10097 = PCURVE('',#9393,#10098);
#10098 = DEFINITIONAL_REPRESENTATION('',(#10099),#10102);
#10099 = B_SPLINE_CURVE_WITH_KNOTS('',1,(#10100,#10101),.UNSPECIFIED.,
  .F.,.F.,(2,2),(-92.625,-69.125),.PIECEWISE_BEZIER_KNOTS.);
#10100 = CARTESIAN_POINT('',(161.75,25.25));
#10101 = CARTESIAN_POINT('',(138.25,25.25));
#10102 = ( GEOMETRIC_REPRESENTATION_CONTEXT(2) 
PARAMETRIC_REPRESENTATION_CONTEXT() REPRESENTATION_CONTEXT('2D SPACE',''
  ) );
#10103 = PCURVE('',#10104,#10109);
#10104 = PLANE('',#10105);
#10105 = AXIS2_PLACEMENT_3D('',#10106,#10107,#10108);
#10106 = CARTESIAN_POINT('',(-31.75,-109.75,-10.));
#10107 = DIRECTION('',(0.,1.,0.));
#10108 = DIRECTION('',(1.,0.,0.));
#10109 = DEFINITIONAL_REPRESENTATION('',(#10110),#10113);
#10110 = B_SPLINE_CURVE_WITH_KNOTS('',1,(#10111,#10112),.UNSPECIFIED.,
  .F.,.F.,(2,2),(-92.625,-69.125),.PIECEWISE_BEZIER_KNOTS.);
#10111 = CARTESIAN_POINT('',(23.5,-10.));
#10112 = CARTESIAN_POINT('',(0.,-10.));
#10113 = ( GEOMETRIC_REPRESENTATION_CONTEXT(2) 
PARAMETRIC_REPRESENTATION_CONTEXT() REPRESENTATION_CONTEXT('2D SPACE',''
  ) );
#10114 = ORIENTED_EDGE('',*,*,#10115,.T.);
#10115 = EDGE_CURVE('',#10088,#10116,#10118,.T.);
#10116 = VERTEX_POINT('',#10117);
#10117 = CARTESIAN_POINT('',(-8.25,-114.25,0.));
#10118 = SURFACE_CURVE('',#10119,(#10124,#10135),.PCURVE_S1.);
#10119 = CIRCLE('',#10120,2.25);
#10120 = AXIS2_PLACEMENT_3D('',#10121,#10122,#10123);
#10121 = CARTESIAN_POINT('',(-8.25,-112.,0.));
#10122 = DIRECTION('',(0.,0.,-1.));
#10123 = DIRECTION('',(0.,1.,0.));
#10124 = PCURVE('',#9393,#10125);
#10125 = DEFINITIONAL_REPRESENTATION('',(#10126),#10134);
#10126 = ( BOUNDED_CURVE() B_SPLINE_CURVE(2,(#10127,#10128,#10129,#10130
    ,#10131,#10132,#10133),.UNSPECIFIED.,.T.,.F.) 
B_SPLINE_CURVE_WITH_KNOTS((1,2,2,2,2,1),(-2.094395102393,0.,
    2.094395102393,4.188790204786,6.28318530718,8.377580409573),
.UNSPECIFIED.) CURVE() GEOMETRIC_REPRESENTATION_ITEM() 
RATIONAL_B_SPLINE_CURVE((1.,0.5,1.,0.5,1.,0.5,1.)) REPRESENTATION_ITEM(
  '') );
#10127 = CARTESIAN_POINT('',(161.75,25.25));
#10128 = CARTESIAN_POINT('',(165.64711431703,25.25));
#10129 = CARTESIAN_POINT('',(163.69855715851,21.875));
#10130 = CARTESIAN_POINT('',(161.75,18.5));
#10131 = CARTESIAN_POINT('',(159.80144284148,21.875));
#10132 = CARTESIAN_POINT('',(157.85288568297,25.25));
#10133 = CARTESIAN_POINT('',(161.75,25.25));
#10134 = ( GEOMETRIC_REPRESENTATION_CONTEXT(2) 
PARAMETRIC_REPRESENTATION_CONTEXT() REPRESENTATION_CONTEXT('2D SPACE',''
  ) );
#10135 = PCURVE('',#10136,#10141);
#10136 = CYLINDRICAL_SURFACE('',#10137,2.25);
#10137 = AXIS2_PLACEMENT_3D('',#10138,#10139,#10140);
#10138 = CARTESIAN_POINT('',(-8.25,-112.,-10.));
#10139 = DIRECTION('',(0.,0.,-1.));
#10140 = DIRECTION('',(0.,1.,0.));
#10141 = DEFINITIONAL_REPRESENTATION('',(#10142),#10146);
#10142 = LINE('',#10143,#10144);
#10143 = CARTESIAN_POINT('',(0.,-10.));
#10144 = VECTOR('',#10145,1.);
#10145 = DIRECTION('',(1.,0.));
#10146 = ( GEOMETRIC_REPRESENTATION_CONTEXT(2) 
PARAMETRIC_REPRESENTATION_CONTEXT() REPRESENTATION_CONTEXT('2D SPACE',''
  ) );
#10147 = ORIENTED_EDGE('',*,*,#10148,.F.);
#10148 = EDGE_CURVE('',#10149,#10116,#10151,.T.);
#10149 = VERTEX_POINT('',#10150);
#10150 = CARTESIAN_POINT('',(-31.75,-114.25,0.));
#10151 = SURFACE_CURVE('',#10152,(#10156,#10162),.PCURVE_S1.);
#10152 = LINE('',#10153,#10154);
#10153 = CARTESIAN_POINT('',(-89.125,-114.25,0.));
#10154 = VECTOR('',#10155,1.);
#10155 = DIRECTION('',(1.,0.,-0.));
#10156 = PCURVE('',#9393,#10157);
#10157 = DEFINITIONAL_REPRESENTATION('',(#10158),#10161);
#10158 = B_SPLINE_CURVE_WITH_KNOTS('',1,(#10159,#10160),.UNSPECIFIED.,
  .F.,.F.,(2,2),(57.375,80.875),.PIECEWISE_BEZIER_KNOTS.);
#10159 = CARTESIAN_POINT('',(138.25,20.75));
#10160 = CARTESIAN_POINT('',(161.75,20.75));
#10161 = ( GEOMETRIC_REPRESENTATION_CONTEXT(2) 
PARAMETRIC_REPRESENTATION_CONTEXT() REPRESENTATION_CONTEXT('2D SPACE',''
  ) );
#10162 = PCURVE('',#10163,#10168);
#10163 = PLANE('',#10164);
#10164 = AXIS2_PLACEMENT_3D('',#10165,#10166,#10167);
#10165 = CARTESIAN_POINT('',(-8.25,-114.25,-10.));
#10166 = DIRECTION('',(0.,-1.,0.));
#10167 = DIRECTION('',(-1.,0.,0.));
#10168 = DEFINITIONAL_REPRESENTATION('',(#10169),#10172);
#10169 = B_SPLINE_CURVE_WITH_KNOTS('',1,(#10170,#10171),.UNSPECIFIED.,
  .F.,.F.,(2,2),(57.375,80.875),.PIECEWISE_BEZIER_KNOTS.);
#10170 = CARTESIAN_POINT('',(23.5,-10.));
#10171 = CARTESIAN_POINT('',(0.,-10.));
#10172 = ( GEOMETRIC_REPRESENTATION_CONTEXT(2) 
PARAMETRIC_REPRESENTATION_CONTEXT() REPRESENTATION_CONTEXT('2D SPACE',''
  ) );
#10173 = ORIENTED_EDGE('',*,*,#10174,.T.);
#10174 = EDGE_CURVE('',#10149,#10090,#10175,.T.);
#10175 = SURFACE_CURVE('',#10176,(#10181,#10192),.PCURVE_S1.);
#10176 = CIRCLE('',#10177,2.25);
#10177 = AXIS2_PLACEMENT_3D('',#10178,#10179,#10180);
#10178 = CARTESIAN_POINT('',(-31.75,-112.,0.));
#10179 = DIRECTION('',(0.,-0.,-1.));
#10180 = DIRECTION('',(0.,-1.,0.));
#10181 = PCURVE('',#9393,#10182);
#10182 = DEFINITIONAL_REPRESENTATION('',(#10183),#10191);
#10183 = ( BOUNDED_CURVE() B_SPLINE_CURVE(2,(#10184,#10185,#10186,#10187
    ,#10188,#10189,#10190),.UNSPECIFIED.,.T.,.F.) 
B_SPLINE_CURVE_WITH_KNOTS((1,2,2,2,2,1),(-2.094395102393,0.,
    2.094395102393,4.188790204786,6.28318530718,8.377580409573),
.UNSPECIFIED.) CURVE() GEOMETRIC_REPRESENTATION_ITEM() 
RATIONAL_B_SPLINE_CURVE((1.,0.5,1.,0.5,1.,0.5,1.)) REPRESENTATION_ITEM(
  '') );
#10184 = CARTESIAN_POINT('',(138.25,20.75));
#10185 = CARTESIAN_POINT('',(134.35288568297,20.75));
#10186 = CARTESIAN_POINT('',(136.30144284148,24.125));
#10187 = CARTESIAN_POINT('',(138.25,27.5));
#10188 = CARTESIAN_POINT('',(140.19855715851,24.125));
#10189 = CARTESIAN_POINT('',(142.14711431703,20.75));
#10190 = CARTESIAN_POINT('',(138.25,20.75));
#10191 = ( GEOMETRIC_REPRESENTATION_CONTEXT(2) 
PARAMETRIC_REPRESENTATION_CONTEXT() REPRESENTATION_CONTEXT('2D SPACE',''
  ) );
#10192 = PCURVE('',#10193,#10198);
#10193 = CYLINDRICAL_SURFACE('',#10194,2.25);
#10194 = AXIS2_PLACEMENT_3D('',#10195,#10196,#10197);
#10195 = CARTESIAN_POINT('',(-31.75,-112.,-10.));
#10196 = DIRECTION('',(0.,-0.,-1.));
#10197 = DIRECTION('',(0.,-1.,0.));
#10198 = DEFINITIONAL_REPRESENTATION('',(#10199),#10203);
#10199 = LINE('',#10200,#10201);
#10200 = CARTESIAN_POINT('',(0.,-10.));
#10201 = VECTOR('',#10202,1.);
#10202 = DIRECTION('',(1.,0.));
#10203 = ( GEOMETRIC_REPRESENTATION_CONTEXT(2) 
PARAMETRIC_REPRESENTATION_CONTEXT() REPRESENTATION_CONTEXT('2D SPACE',''
  ) );
#10204 = FACE_BOUND('',#10205,.F.);
#10205 = EDGE_LOOP('',(#10206));
#10206 = ORIENTED_EDGE('',*,*,#10207,.T.);
#10207 = EDGE_CURVE('',#10208,#10208,#10210,.T.);
#10208 = VERTEX_POINT('',#10209);
#10209 = CARTESIAN_POINT('',(-21.75,-79.,0.));
#10210 = SURFACE_CURVE('',#10211,(#10216,#10227),.PCURVE_S1.);
#10211 = CIRCLE('',#10212,2.25);
#10212 = AXIS2_PLACEMENT_3D('',#10213,#10214,#10215);
#10213 = CARTESIAN_POINT('',(-24.,-79.,0.));
#10214 = DIRECTION('',(0.,0.,-1.));
#10215 = DIRECTION('',(1.,0.,0.));
#10216 = PCURVE('',#9393,#10217);
#10217 = DEFINITIONAL_REPRESENTATION('',(#10218),#10226);
#10218 = ( BOUNDED_CURVE() B_SPLINE_CURVE(2,(#10219,#10220,#10221,#10222
    ,#10223,#10224,#10225),.UNSPECIFIED.,.T.,.F.) 
B_SPLINE_CURVE_WITH_KNOTS((1,2,2,2,2,1),(-2.094395102393,0.,
    2.094395102393,4.188790204786,6.28318530718,8.377580409573),
.UNSPECIFIED.) CURVE() GEOMETRIC_REPRESENTATION_ITEM() 
RATIONAL_B_SPLINE_CURVE((1.,0.5,1.,0.5,1.,0.5,1.)) REPRESENTATION_ITEM(
  '') );
#10219 = CARTESIAN_POINT('',(148.25,56.));
#10220 = CARTESIAN_POINT('',(148.25,52.10288568297));
#10221 = CARTESIAN_POINT('',(144.875,54.051442841485));
#10222 = CARTESIAN_POINT('',(141.5,56.));
#10223 = CARTESIAN_POINT('',(144.875,57.948557158515));
#10224 = CARTESIAN_POINT('',(148.25,59.89711431703));
#10225 = CARTESIAN_POINT('',(148.25,56.));
#10226 = ( GEOMETRIC_REPRESENTATION_CONTEXT(2) 
PARAMETRIC_REPRESENTATION_CONTEXT() REPRESENTATION_CONTEXT('2D SPACE',''
  ) );
#10227 = PCURVE('',#10228,#10233);
#10228 = CYLINDRICAL_SURFACE('',#10229,2.25);
#10229 = AXIS2_PLACEMENT_3D('',#10230,#10231,#10232);
#10230 = CARTESIAN_POINT('',(-24.,-79.,-10.));
#10231 = DIRECTION('',(-0.,-0.,-1.));
#10232 = DIRECTION('',(1.,0.,0.));
#10233 = DEFINITIONAL_REPRESENTATION('',(#10234),#10238);
#10234 = LINE('',#10235,#10236);
#10235 = CARTESIAN_POINT('',(-6.28318530718,-10.));
#10236 = VECTOR('',#10237,1.);
#10237 = DIRECTION('',(1.,-0.));
#10238 = ( GEOMETRIC_REPRESENTATION_CONTEXT(2) 
PARAMETRIC_REPRESENTATION_CONTEXT() REPRESENTATION_CONTEXT('2D SPACE',''
  ) );
#10239 = FACE_BOUND('',#10240,.F.);
#10240 = EDGE_LOOP('',(#10241));
#10241 = ORIENTED_EDGE('',*,*,#10242,.T.);
#10242 = EDGE_CURVE('',#10243,#10243,#10245,.T.);
#10243 = VERTEX_POINT('',#10244);
#10244 = CARTESIAN_POINT('',(-21.75,-61.,0.));
#10245 = SURFACE_CURVE('',#10246,(#10251,#10262),.PCURVE_S1.);
#10246 = CIRCLE('',#10247,2.25);
#10247 = AXIS2_PLACEMENT_3D('',#10248,#10249,#10250);
#10248 = CARTESIAN_POINT('',(-24.,-61.,0.));
#10249 = DIRECTION('',(0.,0.,-1.));
#10250 = DIRECTION('',(1.,0.,0.));
#10251 = PCURVE('',#9393,#10252);
#10252 = DEFINITIONAL_REPRESENTATION('',(#10253),#10261);
#10253 = ( BOUNDED_CURVE() B_SPLINE_CURVE(2,(#10254,#10255,#10256,#10257
    ,#10258,#10259,#10260),.UNSPECIFIED.,.T.,.F.) 
B_SPLINE_CURVE_WITH_KNOTS((1,2,2,2,2,1),(-2.094395102393,0.,
    2.094395102393,4.188790204786,6.28318530718,8.377580409573),
.UNSPECIFIED.) CURVE() GEOMETRIC_REPRESENTATION_ITEM() 
RATIONAL_B_SPLINE_CURVE((1.,0.5,1.,0.5,1.,0.5,1.)) REPRESENTATION_ITEM(
  '') );
#10254 = CARTESIAN_POINT('',(148.25,74.));
#10255 = CARTESIAN_POINT('',(148.25,70.10288568297));
#10256 = CARTESIAN_POINT('',(144.875,72.051442841485));
#10257 = CARTESIAN_POINT('',(141.5,74.));
#10258 = CARTESIAN_POINT('',(144.875,75.948557158515));
#10259 = CARTESIAN_POINT('',(148.25,77.89711431703));
#10260 = CARTESIAN_POINT('',(148.25,74.));
#10261 = ( GEOMETRIC_REPRESENTATION_CONTEXT(2) 
PARAMETRIC_REPRESENTATION_CONTEXT() REPRESENTATION_CONTEXT('2D SPACE',''
  ) );
#10262 = PCURVE('',#10263,#10268);
#10263 = CYLINDRICAL_SURFACE('',#10264,2.25);
#10264 = AXIS2_PLACEMENT_3D('',#10265,#10266,#10267);
#10265 = CARTESIAN_POINT('',(-24.,-61.,-10.));
#10266 = DIRECTION('',(-0.,-0.,-1.));
#10267 = DIRECTION('',(1.,0.,0.));
#10268 = DEFINITIONAL_REPRESENTATION('',(#10269),#10273);
#10269 = LINE('',#10270,#10271);
#10270 = CARTESIAN_POINT('',(-6.28318530718,-10.));
#10271 = VECTOR('',#10272,1.);
#10272 = DIRECTION('',(1.,-0.));
#10273 = ( GEOMETRIC_REPRESENTATION_CONTEXT(2) 
PARAMETRIC_REPRESENTATION_CONTEXT() REPRESENTATION_CONTEXT('2D SPACE',''
  ) );
#10274 = FACE_BOUND('',#10275,.F.);
#10275 = EDGE_LOOP('',(#10276));
#10276 = ORIENTED_EDGE('',*,*,#10277,.T.);
#10277 = EDGE_CURVE('',#10278,#10278,#10280,.T.);
#10278 = VERTEX_POINT('',#10279);
#10279 = CARTESIAN_POINT('',(-138.3,-45.,0.));
#10280 = SURFACE_CURVE('',#10281,(#10286,#10297),.PCURVE_S1.);
#10281 = CIRCLE('',#10282,1.7);
#10282 = AXIS2_PLACEMENT_3D('',#10283,#10284,#10285);
#10283 = CARTESIAN_POINT('',(-140.,-45.,0.));
#10284 = DIRECTION('',(0.,0.,-1.));
#10285 = DIRECTION('',(1.,0.,0.));
#10286 = PCURVE('',#9393,#10287);
#10287 = DEFINITIONAL_REPRESENTATION('',(#10288),#10296);
#10288 = ( BOUNDED_CURVE() B_SPLINE_CURVE(2,(#10289,#10290,#10291,#10292
    ,#10293,#10294,#10295),.UNSPECIFIED.,.T.,.F.) 
B_SPLINE_CURVE_WITH_KNOTS((1,2,2,2,2,1),(-2.094395102393,0.,
    2.094395102393,4.188790204786,6.28318530718,8.377580409573),
.UNSPECIFIED.) CURVE() GEOMETRIC_REPRESENTATION_ITEM() 
RATIONAL_B_SPLINE_CURVE((1.,0.5,1.,0.5,1.,0.5,1.)) REPRESENTATION_ITEM(
  '') );
#10289 = CARTESIAN_POINT('',(31.7,90.));
#10290 = CARTESIAN_POINT('',(31.7,87.055513627133));
#10291 = CARTESIAN_POINT('',(29.15,88.527756813566));
#10292 = CARTESIAN_POINT('',(26.6,90.));
#10293 = CARTESIAN_POINT('',(29.15,91.472243186434));
#10294 = CARTESIAN_POINT('',(31.7,92.944486372867));
#10295 = CARTESIAN_POINT('',(31.7,90.));
#10296 = ( GEOMETRIC_REPRESENTATION_CONTEXT(2) 
PARAMETRIC_REPRESENTATION_CONTEXT() REPRESENTATION_CONTEXT('2D SPACE',''
  ) );
#10297 = PCURVE('',#10298,#10303);
#10298 = CYLINDRICAL_SURFACE('',#10299,1.7);
#10299 = AXIS2_PLACEMENT_3D('',#10300,#10301,#10302);
#10300 = CARTESIAN_POINT('',(-140.,-45.,-10.));
#10301 = DIRECTION('',(-0.,-0.,-1.));
#10302 = DIRECTION('',(1.,0.,0.));
#10303 = DEFINITIONAL_REPRESENTATION('',(#10304),#10308);
#10304 = LINE('',#10305,#10306);
#10305 = CARTESIAN_POINT('',(-6.28318530718,-10.));
#10306 = VECTOR('',#10307,1.);
#10307 = DIRECTION('',(1.,-0.));
#10308 = ( GEOMETRIC_REPRESENTATION_CONTEXT(2) 
PARAMETRIC_REPRESENTATION_CONTEXT() REPRESENTATION_CONTEXT('2D SPACE',''
  ) );
#10309 = FACE_BOUND('',#10310,.F.);
#10310 = EDGE_LOOP('',(#10311));
#10311 = ORIENTED_EDGE('',*,*,#10312,.T.);
#10312 = EDGE_CURVE('',#10313,#10313,#10315,.T.);
#10313 = VERTEX_POINT('',#10314);
#10314 = CARTESIAN_POINT('',(-98.3,-45.,0.));
#10315 = SURFACE_CURVE('',#10316,(#10321,#10332),.PCURVE_S1.);
#10316 = CIRCLE('',#10317,1.7);
#10317 = AXIS2_PLACEMENT_3D('',#10318,#10319,#10320);
#10318 = CARTESIAN_POINT('',(-100.,-45.,0.));
#10319 = DIRECTION('',(0.,0.,-1.));
#10320 = DIRECTION('',(1.,0.,0.));
#10321 = PCURVE('',#9393,#10322);
#10322 = DEFINITIONAL_REPRESENTATION('',(#10323),#10331);
#10323 = ( BOUNDED_CURVE() B_SPLINE_CURVE(2,(#10324,#10325,#10326,#10327
    ,#10328,#10329,#10330),.UNSPECIFIED.,.T.,.F.) 
B_SPLINE_CURVE_WITH_KNOTS((1,2,2,2,2,1),(-2.094395102393,0.,
    2.094395102393,4.188790204786,6.28318530718,8.377580409573),
.UNSPECIFIED.) CURVE() GEOMETRIC_REPRESENTATION_ITEM() 
RATIONAL_B_SPLINE_CURVE((1.,0.5,1.,0.5,1.,0.5,1.)) REPRESENTATION_ITEM(
  '') );
#10324 = CARTESIAN_POINT('',(71.7,90.));
#10325 = CARTESIAN_POINT('',(71.7,87.055513627133));
#10326 = CARTESIAN_POINT('',(69.15,88.527756813566));
#10327 = CARTESIAN_POINT('',(66.6,90.));
#10328 = CARTESIAN_POINT('',(69.15,91.472243186434));
#10329 = CARTESIAN_POINT('',(71.7,92.944486372867));
#10330 = CARTESIAN_POINT('',(71.7,90.));
#10331 = ( GEOMETRIC_REPRESENTATION_CONTEXT(2) 
PARAMETRIC_REPRESENTATION_CONTEXT() REPRESENTATION_CONTEXT('2D SPACE',''
  ) );
#10332 = PCURVE('',#10333,#10338);
#10333 = CYLINDRICAL_SURFACE('',#10334,1.7);
#10334 = AXIS2_PLACEMENT_3D('',#10335,#10336,#10337);
#10335 = CARTESIAN_POINT('',(-100.,-45.,-10.));
#10336 = DIRECTION('',(-0.,-0.,-1.));
#10337 = DIRECTION('',(1.,0.,0.));
#10338 = DEFINITIONAL_REPRESENTATION('',(#10339),#10343);
#10339 = LINE('',#10340,#10341);
#10340 = CARTESIAN_POINT('',(-6.28318530718,-10.));
#10341 = VECTOR('',#10342,1.);
#10342 = DIRECTION('',(1.,-0.));
#10343 = ( GEOMETRIC_REPRESENTATION_CONTEXT(2) 
PARAMETRIC_REPRESENTATION_CONTEXT() REPRESENTATION_CONTEXT('2D SPACE',''
  ) );
#10344 = FACE_BOUND('',#10345,.F.);
#10345 = EDGE_LOOP('',(#10346));
#10346 = ORIENTED_EDGE('',*,*,#10347,.T.);
#10347 = EDGE_CURVE('',#10348,#10348,#10350,.T.);
#10348 = VERTEX_POINT('',#10349);
#10349 = CARTESIAN_POINT('',(-147.75,-22.,0.));
#10350 = SURFACE_CURVE('',#10351,(#10356,#10367),.PCURVE_S1.);
#10351 = CIRCLE('',#10352,2.25);
#10352 = AXIS2_PLACEMENT_3D('',#10353,#10354,#10355);
#10353 = CARTESIAN_POINT('',(-150.,-22.,0.));
#10354 = DIRECTION('',(0.,0.,-1.));
#10355 = DIRECTION('',(1.,0.,0.));
#10356 = PCURVE('',#9393,#10357);
#10357 = DEFINITIONAL_REPRESENTATION('',(#10358),#10366);
#10358 = ( BOUNDED_CURVE() B_SPLINE_CURVE(2,(#10359,#10360,#10361,#10362
    ,#10363,#10364,#10365),.UNSPECIFIED.,.T.,.F.) 
B_SPLINE_CURVE_WITH_KNOTS((1,2,2,2,2,1),(-2.094395102393,0.,
    2.094395102393,4.188790204786,6.28318530718,8.377580409573),
.UNSPECIFIED.) CURVE() GEOMETRIC_REPRESENTATION_ITEM() 
RATIONAL_B_SPLINE_CURVE((1.,0.5,1.,0.5,1.,0.5,1.)) REPRESENTATION_ITEM(
  '') );
#10359 = CARTESIAN_POINT('',(22.25,113.));
#10360 = CARTESIAN_POINT('',(22.25,109.10288568297));
#10361 = CARTESIAN_POINT('',(18.875,111.05144284148));
#10362 = CARTESIAN_POINT('',(15.5,113.));
#10363 = CARTESIAN_POINT('',(18.875,114.94855715851));
#10364 = CARTESIAN_POINT('',(22.25,116.89711431703));
#10365 = CARTESIAN_POINT('',(22.25,113.));
#10366 = ( GEOMETRIC_REPRESENTATION_CONTEXT(2) 
PARAMETRIC_REPRESENTATION_CONTEXT() REPRESENTATION_CONTEXT('2D SPACE',''
  ) );
#10367 = PCURVE('',#10368,#10373);
#10368 = CYLINDRICAL_SURFACE('',#10369,2.25);
#10369 = AXIS2_PLACEMENT_3D('',#10370,#10371,#10372);
#10370 = CARTESIAN_POINT('',(-150.,-22.,-10.));
#10371 = DIRECTION('',(-0.,-0.,-1.));
#10372 = DIRECTION('',(1.,0.,0.));
#10373 = DEFINITIONAL_REPRESENTATION('',(#10374),#10378);
#10374 = LINE('',#10375,#10376);
#10375 = CARTESIAN_POINT('',(-6.28318530718,-10.));
#10376 = VECTOR('',#10377,1.);
#10377 = DIRECTION('',(1.,-0.));
#10378 = ( GEOMETRIC_REPRESENTATION_CONTEXT(2) 
PARAMETRIC_REPRESENTATION_CONTEXT() REPRESENTATION_CONTEXT('2D SPACE',''
  ) );
#10379 = FACE_BOUND('',#10380,.F.);
#10380 = EDGE_LOOP('',(#10381));
#10381 = ORIENTED_EDGE('',*,*,#10382,.T.);
#10382 = EDGE_CURVE('',#10383,#10383,#10385,.T.);
#10383 = VERTEX_POINT('',#10384);
#10384 = CARTESIAN_POINT('',(-117.75,-22.,0.));
#10385 = SURFACE_CURVE('',#10386,(#10391,#10402),.PCURVE_S1.);
#10386 = CIRCLE('',#10387,2.25);
#10387 = AXIS2_PLACEMENT_3D('',#10388,#10389,#10390);
#10388 = CARTESIAN_POINT('',(-120.,-22.,0.));
#10389 = DIRECTION('',(0.,0.,-1.));
#10390 = DIRECTION('',(1.,0.,0.));
#10391 = PCURVE('',#9393,#10392);
#10392 = DEFINITIONAL_REPRESENTATION('',(#10393),#10401);
#10393 = ( BOUNDED_CURVE() B_SPLINE_CURVE(2,(#10394,#10395,#10396,#10397
    ,#10398,#10399,#10400),.UNSPECIFIED.,.T.,.F.) 
B_SPLINE_CURVE_WITH_KNOTS((1,2,2,2,2,1),(-2.094395102393,0.,
    2.094395102393,4.188790204786,6.28318530718,8.377580409573),
.UNSPECIFIED.) CURVE() GEOMETRIC_REPRESENTATION_ITEM() 
RATIONAL_B_SPLINE_CURVE((1.,0.5,1.,0.5,1.,0.5,1.)) REPRESENTATION_ITEM(
  '') );
#10394 = CARTESIAN_POINT('',(52.25,113.));
#10395 = CARTESIAN_POINT('',(52.25,109.10288568297));
#10396 = CARTESIAN_POINT('',(48.875,111.05144284148));
#10397 = CARTESIAN_POINT('',(45.5,113.));
#10398 = CARTESIAN_POINT('',(48.875,114.94855715851));
#10399 = CARTESIAN_POINT('',(52.25,116.89711431703));
#10400 = CARTESIAN_POINT('',(52.25,113.));
#10401 = ( GEOMETRIC_REPRESENTATION_CONTEXT(2) 
PARAMETRIC_REPRESENTATION_CONTEXT() REPRESENTATION_CONTEXT('2D SPACE',''
  ) );
#10402 = PCURVE('',#10403,#10408);
#10403 = CYLINDRICAL_SURFACE('',#10404,2.25);
#10404 = AXIS2_PLACEMENT_3D('',#10405,#10406,#10407);
#10405 = CARTESIAN_POINT('',(-120.,-22.,-10.));
#10406 = DIRECTION('',(-0.,-0.,-1.));
#10407 = DIRECTION('',(1.,0.,0.));
#10408 = DEFINITIONAL_REPRESENTATION('',(#10409),#10413);
#10409 = LINE('',#10410,#10411);
#10410 = CARTESIAN_POINT('',(-6.28318530718,-10.));
#10411 = VECTOR('',#10412,1.);
#10412 = DIRECTION('',(1.,-0.));
#10413 = ( GEOMETRIC_REPRESENTATION_CONTEXT(2) 
PARAMETRIC_REPRESENTATION_CONTEXT() REPRESENTATION_CONTEXT('2D SPACE',''
  ) );
#10414 = FACE_BOUND('',#10415,.F.);
#10415 = EDGE_LOOP('',(#10416));
#10416 = ORIENTED_EDGE('',*,*,#10417,.T.);
#10417 = EDGE_CURVE('',#10418,#10418,#10420,.T.);
#10418 = VERTEX_POINT('',#10419);
#10419 = CARTESIAN_POINT('',(-81.75,-24.,0.));
#10420 = SURFACE_CURVE('',#10421,(#10426,#10437),.PCURVE_S1.);
#10421 = CIRCLE('',#10422,2.25);
#10422 = AXIS2_PLACEMENT_3D('',#10423,#10424,#10425);
#10423 = CARTESIAN_POINT('',(-84.,-24.,0.));
#10424 = DIRECTION('',(0.,0.,-1.));
#10425 = DIRECTION('',(1.,0.,0.));
#10426 = PCURVE('',#9393,#10427);
#10427 = DEFINITIONAL_REPRESENTATION('',(#10428),#10436);
#10428 = ( BOUNDED_CURVE() B_SPLINE_CURVE(2,(#10429,#10430,#10431,#10432
    ,#10433,#10434,#10435),.UNSPECIFIED.,.T.,.F.) 
B_SPLINE_CURVE_WITH_KNOTS((1,2,2,2,2,1),(-2.094395102393,0.,
    2.094395102393,4.188790204786,6.28318530718,8.377580409573),
.UNSPECIFIED.) CURVE() GEOMETRIC_REPRESENTATION_ITEM() 
RATIONAL_B_SPLINE_CURVE((1.,0.5,1.,0.5,1.,0.5,1.)) REPRESENTATION_ITEM(
  '') );
#10429 = CARTESIAN_POINT('',(88.25,111.));
#10430 = CARTESIAN_POINT('',(88.25,107.10288568297));
#10431 = CARTESIAN_POINT('',(84.875,109.05144284148));
#10432 = CARTESIAN_POINT('',(81.5,111.));
#10433 = CARTESIAN_POINT('',(84.875,112.94855715851));
#10434 = CARTESIAN_POINT('',(88.25,114.89711431703));
#10435 = CARTESIAN_POINT('',(88.25,111.));
#10436 = ( GEOMETRIC_REPRESENTATION_CONTEXT(2) 
PARAMETRIC_REPRESENTATION_CONTEXT() REPRESENTATION_CONTEXT('2D SPACE',''
  ) );
#10437 = PCURVE('',#10438,#10443);
#10438 = CYLINDRICAL_SURFACE('',#10439,2.25);
#10439 = AXIS2_PLACEMENT_3D('',#10440,#10441,#10442);
#10440 = CARTESIAN_POINT('',(-84.,-24.,-10.));
#10441 = DIRECTION('',(-0.,-0.,-1.));
#10442 = DIRECTION('',(1.,0.,0.));
#10443 = DEFINITIONAL_REPRESENTATION('',(#10444),#10448);
#10444 = LINE('',#10445,#10446);
#10445 = CARTESIAN_POINT('',(-6.28318530718,-10.));
#10446 = VECTOR('',#10447,1.);
#10447 = DIRECTION('',(1.,-0.));
#10448 = ( GEOMETRIC_REPRESENTATION_CONTEXT(2) 
PARAMETRIC_REPRESENTATION_CONTEXT() REPRESENTATION_CONTEXT('2D SPACE',''
  ) );
#10449 = FACE_BOUND('',#10450,.F.);
#10450 = EDGE_LOOP('',(#10451,#10479,#10512,#10538));
#10451 = ORIENTED_EDGE('',*,*,#10452,.F.);
#10452 = EDGE_CURVE('',#10453,#10455,#10457,.T.);
#10453 = VERTEX_POINT('',#10454);
#10454 = CARTESIAN_POINT('',(-63.,-46.,0.));
#10455 = VERTEX_POINT('',#10456);
#10456 = CARTESIAN_POINT('',(-77.,-46.,0.));
#10457 = SURFACE_CURVE('',#10458,(#10462,#10468),.PCURVE_S1.);
#10458 = LINE('',#10459,#10460);
#10459 = CARTESIAN_POINT('',(-123.5,-46.,0.));
#10460 = VECTOR('',#10461,1.);
#10461 = DIRECTION('',(-1.,0.,0.));
#10462 = PCURVE('',#9393,#10463);
#10463 = DEFINITIONAL_REPRESENTATION('',(#10464),#10467);
#10464 = B_SPLINE_CURVE_WITH_KNOTS('',1,(#10465,#10466),.UNSPECIFIED.,
  .F.,.F.,(2,2),(-60.5,-46.5),.PIECEWISE_BEZIER_KNOTS.);
#10465 = CARTESIAN_POINT('',(107.,89.));
#10466 = CARTESIAN_POINT('',(93.,89.));
#10467 = ( GEOMETRIC_REPRESENTATION_CONTEXT(2) 
PARAMETRIC_REPRESENTATION_CONTEXT() REPRESENTATION_CONTEXT('2D SPACE',''
  ) );
#10468 = PCURVE('',#10469,#10474);
#10469 = PLANE('',#10470);
#10470 = AXIS2_PLACEMENT_3D('',#10471,#10472,#10473);
#10471 = CARTESIAN_POINT('',(-77.,-46.,-10.));
#10472 = DIRECTION('',(0.,1.,0.));
#10473 = DIRECTION('',(1.,0.,0.));
#10474 = DEFINITIONAL_REPRESENTATION('',(#10475),#10478);
#10475 = B_SPLINE_CURVE_WITH_KNOTS('',1,(#10476,#10477),.UNSPECIFIED.,
  .F.,.F.,(2,2),(-60.5,-46.5),.PIECEWISE_BEZIER_KNOTS.);
#10476 = CARTESIAN_POINT('',(14.,-10.));
#10477 = CARTESIAN_POINT('',(0.,-10.));
#10478 = ( GEOMETRIC_REPRESENTATION_CONTEXT(2) 
PARAMETRIC_REPRESENTATION_CONTEXT() REPRESENTATION_CONTEXT('2D SPACE',''
  ) );
#10479 = ORIENTED_EDGE('',*,*,#10480,.T.);
#10480 = EDGE_CURVE('',#10453,#10481,#10483,.T.);
#10481 = VERTEX_POINT('',#10482);
#10482 = CARTESIAN_POINT('',(-63.,-50.,0.));
#10483 = SURFACE_CURVE('',#10484,(#10489,#10500),.PCURVE_S1.);
#10484 = CIRCLE('',#10485,2.);
#10485 = AXIS2_PLACEMENT_3D('',#10486,#10487,#10488);
#10486 = CARTESIAN_POINT('',(-63.,-48.,0.));
#10487 = DIRECTION('',(0.,0.,-1.));
#10488 = DIRECTION('',(0.,1.,0.));
#10489 = PCURVE('',#9393,#10490);
#10490 = DEFINITIONAL_REPRESENTATION('',(#10491),#10499);
#10491 = ( BOUNDED_CURVE() B_SPLINE_CURVE(2,(#10492,#10493,#10494,#10495
    ,#10496,#10497,#10498),.UNSPECIFIED.,.T.,.F.) 
B_SPLINE_CURVE_WITH_KNOTS((1,2,2,2,2,1),(-2.094395102393,0.,
    2.094395102393,4.188790204786,6.28318530718,8.377580409573),
.UNSPECIFIED.) CURVE() GEOMETRIC_REPRESENTATION_ITEM() 
RATIONAL_B_SPLINE_CURVE((1.,0.5,1.,0.5,1.,0.5,1.)) REPRESENTATION_ITEM(
  '') );
#10492 = CARTESIAN_POINT('',(107.,89.));
#10493 = CARTESIAN_POINT('',(110.46410161513,89.));
#10494 = CARTESIAN_POINT('',(108.73205080756,86.));
#10495 = CARTESIAN_POINT('',(107.,83.));
#10496 = CARTESIAN_POINT('',(105.26794919243,86.));
#10497 = CARTESIAN_POINT('',(103.53589838486,89.));
#10498 = CARTESIAN_POINT('',(107.,89.));
#10499 = ( GEOMETRIC_REPRESENTATION_CONTEXT(2) 
PARAMETRIC_REPRESENTATION_CONTEXT() REPRESENTATION_CONTEXT('2D SPACE',''
  ) );
#10500 = PCURVE('',#10501,#10506);
#10501 = CYLINDRICAL_SURFACE('',#10502,2.);
#10502 = AXIS2_PLACEMENT_3D('',#10503,#10504,#10505);
#10503 = CARTESIAN_POINT('',(-63.,-48.,-10.));
#10504 = DIRECTION('',(0.,0.,-1.));
#10505 = DIRECTION('',(0.,1.,0.));
#10506 = DEFINITIONAL_REPRESENTATION('',(#10507),#10511);
#10507 = LINE('',#10508,#10509);
#10508 = CARTESIAN_POINT('',(0.,-10.));
#10509 = VECTOR('',#10510,1.);
#10510 = DIRECTION('',(1.,0.));
#10511 = ( GEOMETRIC_REPRESENTATION_CONTEXT(2) 
PARAMETRIC_REPRESENTATION_CONTEXT() REPRESENTATION_CONTEXT('2D SPACE',''
  ) );
#10512 = ORIENTED_EDGE('',*,*,#10513,.F.);
#10513 = EDGE_CURVE('',#10514,#10481,#10516,.T.);
#10514 = VERTEX_POINT('',#10515);
#10515 = CARTESIAN_POINT('',(-77.,-50.,0.));
#10516 = SURFACE_CURVE('',#10517,(#10521,#10527),.PCURVE_S1.);
#10517 = LINE('',#10518,#10519);
#10518 = CARTESIAN_POINT('',(-116.5,-50.,0.));
#10519 = VECTOR('',#10520,1.);
#10520 = DIRECTION('',(1.,0.,-0.));
#10521 = PCURVE('',#9393,#10522);
#10522 = DEFINITIONAL_REPRESENTATION('',(#10523),#10526);
#10523 = B_SPLINE_CURVE_WITH_KNOTS('',1,(#10524,#10525),.UNSPECIFIED.,
  .F.,.F.,(2,2),(39.5,53.5),.PIECEWISE_BEZIER_KNOTS.);
#10524 = CARTESIAN_POINT('',(93.,85.));
#10525 = CARTESIAN_POINT('',(107.,85.));
#10526 = ( GEOMETRIC_REPRESENTATION_CONTEXT(2) 
PARAMETRIC_REPRESENTATION_CONTEXT() REPRESENTATION_CONTEXT('2D SPACE',''
  ) );
#10527 = PCURVE('',#10528,#10533);
#10528 = PLANE('',#10529);
#10529 = AXIS2_PLACEMENT_3D('',#10530,#10531,#10532);
#10530 = CARTESIAN_POINT('',(-63.,-50.,-10.));
#10531 = DIRECTION('',(0.,-1.,0.));
#10532 = DIRECTION('',(-1.,0.,0.));
#10533 = DEFINITIONAL_REPRESENTATION('',(#10534),#10537);
#10534 = B_SPLINE_CURVE_WITH_KNOTS('',1,(#10535,#10536),.UNSPECIFIED.,
  .F.,.F.,(2,2),(39.5,53.5),.PIECEWISE_BEZIER_KNOTS.);
#10535 = CARTESIAN_POINT('',(14.,-10.));
#10536 = CARTESIAN_POINT('',(0.,-10.));
#10537 = ( GEOMETRIC_REPRESENTATION_CONTEXT(2) 
PARAMETRIC_REPRESENTATION_CONTEXT() REPRESENTATION_CONTEXT('2D SPACE',''
  ) );
#10538 = ORIENTED_EDGE('',*,*,#10539,.T.);
#10539 = EDGE_CURVE('',#10514,#10455,#10540,.T.);
#10540 = SURFACE_CURVE('',#10541,(#10546,#10557),.PCURVE_S1.);
#10541 = CIRCLE('',#10542,2.);
#10542 = AXIS2_PLACEMENT_3D('',#10543,#10544,#10545);
#10543 = CARTESIAN_POINT('',(-77.,-48.,0.));
#10544 = DIRECTION('',(0.,-0.,-1.));
#10545 = DIRECTION('',(0.,-1.,0.));
#10546 = PCURVE('',#9393,#10547);
#10547 = DEFINITIONAL_REPRESENTATION('',(#10548),#10556);
#10548 = ( BOUNDED_CURVE() B_SPLINE_CURVE(2,(#10549,#10550,#10551,#10552
    ,#10553,#10554,#10555),.UNSPECIFIED.,.T.,.F.) 
B_SPLINE_CURVE_WITH_KNOTS((1,2,2,2,2,1),(-2.094395102393,0.,
    2.094395102393,4.188790204786,6.28318530718,8.377580409573),
.UNSPECIFIED.) CURVE() GEOMETRIC_REPRESENTATION_ITEM() 
RATIONAL_B_SPLINE_CURVE((1.,0.5,1.,0.5,1.,0.5,1.)) REPRESENTATION_ITEM(
  '') );
#10549 = CARTESIAN_POINT('',(93.,85.));
#10550 = CARTESIAN_POINT('',(89.535898384862,85.));
#10551 = CARTESIAN_POINT('',(91.267949192431,88.));
#10552 = CARTESIAN_POINT('',(93.,91.));
#10553 = CARTESIAN_POINT('',(94.732050807569,88.));
#10554 = CARTESIAN_POINT('',(96.464101615138,85.));
#10555 = CARTESIAN_POINT('',(93.,85.));
#10556 = ( GEOMETRIC_REPRESENTATION_CONTEXT(2) 
PARAMETRIC_REPRESENTATION_CONTEXT() REPRESENTATION_CONTEXT('2D SPACE',''
  ) );
#10557 = PCURVE('',#10558,#10563);
#10558 = CYLINDRICAL_SURFACE('',#10559,2.);
#10559 = AXIS2_PLACEMENT_3D('',#10560,#10561,#10562);
#10560 = CARTESIAN_POINT('',(-77.,-48.,-10.));
#10561 = DIRECTION('',(0.,-0.,-1.));
#10562 = DIRECTION('',(0.,-1.,0.));
#10563 = DEFINITIONAL_REPRESENTATION('',(#10564),#10568);
#10564 = LINE('',#10565,#10566);
#10565 = CARTESIAN_POINT('',(0.,-10.));
#10566 = VECTOR('',#10567,1.);
#10567 = DIRECTION('',(1.,0.));
#10568 = ( GEOMETRIC_REPRESENTATION_CONTEXT(2) 
PARAMETRIC_REPRESENTATION_CONTEXT() REPRESENTATION_CONTEXT('2D SPACE',''
  ) );
#10569 = FACE_BOUND('',#10570,.F.);
#10570 = EDGE_LOOP('',(#10571));
#10571 = ORIENTED_EDGE('',*,*,#10572,.T.);
#10572 = EDGE_CURVE('',#10573,#10573,#10575,.T.);
#10573 = VERTEX_POINT('',#10574);
#10574 = CARTESIAN_POINT('',(-58.3,-45.,0.));
#10575 = SURFACE_CURVE('',#10576,(#10581,#10592),.PCURVE_S1.);
#10576 = CIRCLE('',#10577,1.7);
#10577 = AXIS2_PLACEMENT_3D('',#10578,#10579,#10580);
#10578 = CARTESIAN_POINT('',(-60.,-45.,0.));
#10579 = DIRECTION('',(0.,0.,-1.));
#10580 = DIRECTION('',(1.,0.,0.));
#10581 = PCURVE('',#9393,#10582);
#10582 = DEFINITIONAL_REPRESENTATION('',(#10583),#10591);
#10583 = ( BOUNDED_CURVE() B_SPLINE_CURVE(2,(#10584,#10585,#10586,#10587
    ,#10588,#10589,#10590),.UNSPECIFIED.,.T.,.F.) 
B_SPLINE_CURVE_WITH_KNOTS((1,2,2,2,2,1),(-2.094395102393,0.,
    2.094395102393,4.188790204786,6.28318530718,8.377580409573),
.UNSPECIFIED.) CURVE() GEOMETRIC_REPRESENTATION_ITEM() 
RATIONAL_B_SPLINE_CURVE((1.,0.5,1.,0.5,1.,0.5,1.)) REPRESENTATION_ITEM(
  '') );
#10584 = CARTESIAN_POINT('',(111.7,90.));
#10585 = CARTESIAN_POINT('',(111.7,87.055513627133));
#10586 = CARTESIAN_POINT('',(109.15,88.527756813566));
#10587 = CARTESIAN_POINT('',(106.6,90.));
#10588 = CARTESIAN_POINT('',(109.15,91.472243186434));
#10589 = CARTESIAN_POINT('',(111.7,92.944486372867));
#10590 = CARTESIAN_POINT('',(111.7,90.));
#10591 = ( GEOMETRIC_REPRESENTATION_CONTEXT(2) 
PARAMETRIC_REPRESENTATION_CONTEXT() REPRESENTATION_CONTEXT('2D SPACE',''
  ) );
#10592 = PCURVE('',#10593,#10598);
#10593 = CYLINDRICAL_SURFACE('',#10594,1.7);
#10594 = AXIS2_PLACEMENT_3D('',#10595,#10596,#10597);
#10595 = CARTESIAN_POINT('',(-60.,-45.,-10.));
#10596 = DIRECTION('',(-0.,-0.,-1.));
#10597 = DIRECTION('',(1.,0.,0.));
#10598 = DEFINITIONAL_REPRESENTATION('',(#10599),#10603);
#10599 = LINE('',#10600,#10601);
#10600 = CARTESIAN_POINT('',(-6.28318530718,-10.));
#10601 = VECTOR('',#10602,1.);
#10602 = DIRECTION('',(1.,-0.));
#10603 = ( GEOMETRIC_REPRESENTATION_CONTEXT(2) 
PARAMETRIC_REPRESENTATION_CONTEXT() REPRESENTATION_CONTEXT('2D SPACE',''
  ) );
#10604 = FACE_BOUND('',#10605,.F.);
#10605 = EDGE_LOOP('',(#10606));
#10606 = ORIENTED_EDGE('',*,*,#10607,.T.);
#10607 = EDGE_CURVE('',#10608,#10608,#10610,.T.);
#10608 = VERTEX_POINT('',#10609);
#10609 = CARTESIAN_POINT('',(-63.75,-24.,0.));
#10610 = SURFACE_CURVE('',#10611,(#10616,#10627),.PCURVE_S1.);
#10611 = CIRCLE('',#10612,2.25);
#10612 = AXIS2_PLACEMENT_3D('',#10613,#10614,#10615);
#10613 = CARTESIAN_POINT('',(-66.,-24.,0.));
#10614 = DIRECTION('',(0.,0.,-1.));
#10615 = DIRECTION('',(1.,0.,0.));
#10616 = PCURVE('',#9393,#10617);
#10617 = DEFINITIONAL_REPRESENTATION('',(#10618),#10626);
#10618 = ( BOUNDED_CURVE() B_SPLINE_CURVE(2,(#10619,#10620,#10621,#10622
    ,#10623,#10624,#10625),.UNSPECIFIED.,.T.,.F.) 
B_SPLINE_CURVE_WITH_KNOTS((1,2,2,2,2,1),(-2.094395102393,0.,
    2.094395102393,4.188790204786,6.28318530718,8.377580409573),
.UNSPECIFIED.) CURVE() GEOMETRIC_REPRESENTATION_ITEM() 
RATIONAL_B_SPLINE_CURVE((1.,0.5,1.,0.5,1.,0.5,1.)) REPRESENTATION_ITEM(
  '') );
#10619 = CARTESIAN_POINT('',(106.25,111.));
#10620 = CARTESIAN_POINT('',(106.25,107.10288568297));
#10621 = CARTESIAN_POINT('',(102.875,109.05144284148));
#10622 = CARTESIAN_POINT('',(99.5,111.));
#10623 = CARTESIAN_POINT('',(102.875,112.94855715851));
#10624 = CARTESIAN_POINT('',(106.25,114.89711431703));
#10625 = CARTESIAN_POINT('',(106.25,111.));
#10626 = ( GEOMETRIC_REPRESENTATION_CONTEXT(2) 
PARAMETRIC_REPRESENTATION_CONTEXT() REPRESENTATION_CONTEXT('2D SPACE',''
  ) );
#10627 = PCURVE('',#10628,#10633);
#10628 = CYLINDRICAL_SURFACE('',#10629,2.25);
#10629 = AXIS2_PLACEMENT_3D('',#10630,#10631,#10632);
#10630 = CARTESIAN_POINT('',(-66.,-24.,-10.));
#10631 = DIRECTION('',(-0.,-0.,-1.));
#10632 = DIRECTION('',(1.,0.,0.));
#10633 = DEFINITIONAL_REPRESENTATION('',(#10634),#10638);
#10634 = LINE('',#10635,#10636);
#10635 = CARTESIAN_POINT('',(-6.28318530718,-10.));
#10636 = VECTOR('',#10637,1.);
#10637 = DIRECTION('',(1.,-0.));
#10638 = ( GEOMETRIC_REPRESENTATION_CONTEXT(2) 
PARAMETRIC_REPRESENTATION_CONTEXT() REPRESENTATION_CONTEXT('2D SPACE',''
  ) );
#10639 = ADVANCED_FACE('',(#10640),#9530,.F.);
#10640 = FACE_BOUND('',#10641,.F.);
#10641 = EDGE_LOOP('',(#10642,#10643,#10644,#10665,#10666,#10689,#10712)
  );
#10642 = ORIENTED_EDGE('',*,*,#9902,.F.);
#10643 = ORIENTED_EDGE('',*,*,#9514,.T.);
#10644 = ORIENTED_EDGE('',*,*,#10645,.T.);
#10645 = EDGE_CURVE('',#9515,#9671,#10646,.T.);
#10646 = SURFACE_CURVE('',#10647,(#10651,#10658),.PCURVE_S1.);
#10647 = LINE('',#10648,#10649);
#10648 = CARTESIAN_POINT('',(-165.,-135.,6.));
#10649 = VECTOR('',#10650,1.);
#10650 = DIRECTION('',(0.,0.,1.));
#10651 = PCURVE('',#9530,#10652);
#10652 = DEFINITIONAL_REPRESENTATION('',(#10653),#10657);
#10653 = LINE('',#10654,#10655);
#10654 = CARTESIAN_POINT('',(6.,5.));
#10655 = VECTOR('',#10656,1.);
#10656 = DIRECTION('',(1.,0.));
#10657 = ( GEOMETRIC_REPRESENTATION_CONTEXT(2) 
PARAMETRIC_REPRESENTATION_CONTEXT() REPRESENTATION_CONTEXT('2D SPACE',''
  ) );
#10658 = PCURVE('',#9633,#10659);
#10659 = DEFINITIONAL_REPRESENTATION('',(#10660),#10664);
#10660 = LINE('',#10661,#10662);
#10661 = CARTESIAN_POINT('',(0.,0.));
#10662 = VECTOR('',#10663,1.);
#10663 = DIRECTION('',(1.,0.));
#10664 = ( GEOMETRIC_REPRESENTATION_CONTEXT(2) 
PARAMETRIC_REPRESENTATION_CONTEXT() REPRESENTATION_CONTEXT('2D SPACE',''
  ) );
#10665 = ORIENTED_EDGE('',*,*,#9693,.T.);
#10666 = ORIENTED_EDGE('',*,*,#10667,.F.);
#10667 = EDGE_CURVE('',#10668,#9694,#10670,.T.);
#10668 = VERTEX_POINT('',#10669);
#10669 = CARTESIAN_POINT('',(-48.,-135.,6.));
#10670 = SURFACE_CURVE('',#10671,(#10675,#10682),.PCURVE_S1.);
#10671 = LINE('',#10672,#10673);
#10672 = CARTESIAN_POINT('',(-48.,-135.,6.));
#10673 = VECTOR('',#10674,1.);
#10674 = DIRECTION('',(0.,0.,1.));
#10675 = PCURVE('',#9530,#10676);
#10676 = DEFINITIONAL_REPRESENTATION('',(#10677),#10681);
#10677 = LINE('',#10678,#10679);
#10678 = CARTESIAN_POINT('',(6.,122.));
#10679 = VECTOR('',#10680,1.);
#10680 = DIRECTION('',(1.,0.));
#10681 = ( GEOMETRIC_REPRESENTATION_CONTEXT(2) 
PARAMETRIC_REPRESENTATION_CONTEXT() REPRESENTATION_CONTEXT('2D SPACE',''
  ) );
#10682 = PCURVE('',#9732,#10683);
#10683 = DEFINITIONAL_REPRESENTATION('',(#10684),#10688);
#10684 = LINE('',#10685,#10686);
#10685 = CARTESIAN_POINT('',(0.,0.));
#10686 = VECTOR('',#10687,1.);
#10687 = DIRECTION('',(1.,0.));
#10688 = ( GEOMETRIC_REPRESENTATION_CONTEXT(2) 
PARAMETRIC_REPRESENTATION_CONTEXT() REPRESENTATION_CONTEXT('2D SPACE',''
  ) );
#10689 = ORIENTED_EDGE('',*,*,#10690,.T.);
#10690 = EDGE_CURVE('',#10668,#10691,#10693,.T.);
#10691 = VERTEX_POINT('',#10692);
#10692 = CARTESIAN_POINT('',(-0.2,-135.,6.));
#10693 = SURFACE_CURVE('',#10694,(#10698,#10705),.PCURVE_S1.);
#10694 = LINE('',#10695,#10696);
#10695 = CARTESIAN_POINT('',(-170.,-135.,6.));
#10696 = VECTOR('',#10697,1.);
#10697 = DIRECTION('',(1.,0.,0.));
#10698 = PCURVE('',#9530,#10699);
#10699 = DEFINITIONAL_REPRESENTATION('',(#10700),#10704);
#10700 = LINE('',#10701,#10702);
#10701 = CARTESIAN_POINT('',(6.,0.));
#10702 = VECTOR('',#10703,1.);
#10703 = DIRECTION('',(0.,1.));
#10704 = ( GEOMETRIC_REPRESENTATION_CONTEXT(2) 
PARAMETRIC_REPRESENTATION_CONTEXT() REPRESENTATION_CONTEXT('2D SPACE',''
  ) );
#10705 = PCURVE('',#9886,#10706);
#10706 = DEFINITIONAL_REPRESENTATION('',(#10707),#10711);
#10707 = LINE('',#10708,#10709);
#10708 = CARTESIAN_POINT('',(0.,0.));
#10709 = VECTOR('',#10710,1.);
#10710 = DIRECTION('',(1.,0.));
#10711 = ( GEOMETRIC_REPRESENTATION_CONTEXT(2) 
PARAMETRIC_REPRESENTATION_CONTEXT() REPRESENTATION_CONTEXT('2D SPACE',''
  ) );
#10712 = ORIENTED_EDGE('',*,*,#10713,.F.);
#10713 = EDGE_CURVE('',#9903,#10691,#10714,.T.);
#10714 = SURFACE_CURVE('',#10715,(#10719,#10726),.PCURVE_S1.);
#10715 = LINE('',#10716,#10717);
#10716 = CARTESIAN_POINT('',(-0.2,-135.,-5.));
#10717 = VECTOR('',#10718,1.);
#10718 = DIRECTION('',(0.,0.,1.));
#10719 = PCURVE('',#9530,#10720);
#10720 = DEFINITIONAL_REPRESENTATION('',(#10721),#10725);
#10721 = LINE('',#10722,#10723);
#10722 = CARTESIAN_POINT('',(-5.,169.8));
#10723 = VECTOR('',#10724,1.);
#10724 = DIRECTION('',(1.,0.));
#10725 = ( GEOMETRIC_REPRESENTATION_CONTEXT(2) 
PARAMETRIC_REPRESENTATION_CONTEXT() REPRESENTATION_CONTEXT('2D SPACE',''
  ) );
#10726 = PCURVE('',#9819,#10727);
#10727 = DEFINITIONAL_REPRESENTATION('',(#10728),#10732);
#10728 = LINE('',#10729,#10730);
#10729 = CARTESIAN_POINT('',(0.,0.));
#10730 = VECTOR('',#10731,1.);
#10731 = DIRECTION('',(1.,0.));
#10732 = ( GEOMETRIC_REPRESENTATION_CONTEXT(2) 
PARAMETRIC_REPRESENTATION_CONTEXT() REPRESENTATION_CONTEXT('2D SPACE',''
  ) );
#10733 = ADVANCED_FACE('',(#10734),#9557,.T.);
#10734 = FACE_BOUND('',#10735,.T.);
#10735 = EDGE_LOOP('',(#10736,#10737,#10738));
#10736 = ORIENTED_EDGE('',*,*,#9573,.F.);
#10737 = ORIENTED_EDGE('',*,*,#9542,.T.);
#10738 = ORIENTED_EDGE('',*,*,#10739,.T.);
#10739 = EDGE_CURVE('',#9515,#9574,#10740,.T.);
#10740 = SURFACE_CURVE('',#10741,(#10745,#10752),.PCURVE_S1.);
#10741 = LINE('',#10742,#10743);
#10742 = CARTESIAN_POINT('',(-165.,-135.,6.));
#10743 = VECTOR('',#10744,1.);
#10744 = DIRECTION('',(0.,1.,0.));
#10745 = PCURVE('',#9557,#10746);
#10746 = DEFINITIONAL_REPRESENTATION('',(#10747),#10751);
#10747 = LINE('',#10748,#10749);
#10748 = CARTESIAN_POINT('',(5.,0.));
#10749 = VECTOR('',#10750,1.);
#10750 = DIRECTION('',(0.,1.));
#10751 = ( GEOMETRIC_REPRESENTATION_CONTEXT(2) 
PARAMETRIC_REPRESENTATION_CONTEXT() REPRESENTATION_CONTEXT('2D SPACE',''
  ) );
#10752 = PCURVE('',#9633,#10753);
#10753 = DEFINITIONAL_REPRESENTATION('',(#10754),#10758);
#10754 = LINE('',#10755,#10756);
#10755 = CARTESIAN_POINT('',(0.,0.));
#10756 = VECTOR('',#10757,1.);
#10757 = DIRECTION('',(0.,-1.));
#10758 = ( GEOMETRIC_REPRESENTATION_CONTEXT(2) 
PARAMETRIC_REPRESENTATION_CONTEXT() REPRESENTATION_CONTEXT('2D SPACE',''
  ) );
#10759 = ADVANCED_FACE('',(#10760),#9633,.F.);
#10760 = FACE_BOUND('',#10761,.F.);
#10761 = EDGE_LOOP('',(#10762,#10763,#10764,#10765));
#10762 = ORIENTED_EDGE('',*,*,#10645,.F.);
#10763 = ORIENTED_EDGE('',*,*,#10739,.T.);
#10764 = ORIENTED_EDGE('',*,*,#9620,.F.);
#10765 = ORIENTED_EDGE('',*,*,#9670,.F.);
#10766 = ADVANCED_FACE('',(#10767),#9786,.T.);
#10767 = FACE_BOUND('',#10768,.T.);
#10768 = EDGE_LOOP('',(#10769,#10770,#10791,#10812));
#10769 = ORIENTED_EDGE('',*,*,#9772,.F.);
#10770 = ORIENTED_EDGE('',*,*,#10771,.F.);
#10771 = EDGE_CURVE('',#10772,#9745,#10774,.T.);
#10772 = VERTEX_POINT('',#10773);
#10773 = CARTESIAN_POINT('',(-164.,-129.,6.));
#10774 = SURFACE_CURVE('',#10775,(#10779,#10785),.PCURVE_S1.);
#10775 = LINE('',#10776,#10777);
#10776 = CARTESIAN_POINT('',(-164.,-129.,6.));
#10777 = VECTOR('',#10778,1.);
#10778 = DIRECTION('',(0.,0.,1.));
#10779 = PCURVE('',#9786,#10780);
#10780 = DEFINITIONAL_REPRESENTATION('',(#10781),#10784);
#10781 = B_SPLINE_CURVE_WITH_KNOTS('',1,(#10782,#10783),.UNSPECIFIED.,
  .F.,.F.,(2,2),(0.,14.),.PIECEWISE_BEZIER_KNOTS.);
#10782 = CARTESIAN_POINT('',(0.,-1.));
#10783 = CARTESIAN_POINT('',(14.,-1.));
#10784 = ( GEOMETRIC_REPRESENTATION_CONTEXT(2) 
PARAMETRIC_REPRESENTATION_CONTEXT() REPRESENTATION_CONTEXT('2D SPACE',''
  ) );
#10785 = PCURVE('',#9760,#10786);
#10786 = DEFINITIONAL_REPRESENTATION('',(#10787),#10790);
#10787 = B_SPLINE_CURVE_WITH_KNOTS('',1,(#10788,#10789),.UNSPECIFIED.,
  .F.,.F.,(2,2),(0.,14.),.PIECEWISE_BEZIER_KNOTS.);
#10788 = CARTESIAN_POINT('',(0.,1.));
#10789 = CARTESIAN_POINT('',(14.,1.));
#10790 = ( GEOMETRIC_REPRESENTATION_CONTEXT(2) 
PARAMETRIC_REPRESENTATION_CONTEXT() REPRESENTATION_CONTEXT('2D SPACE',''
  ) );
#10791 = ORIENTED_EDGE('',*,*,#10792,.T.);
#10792 = EDGE_CURVE('',#10772,#9853,#10793,.T.);
#10793 = SURFACE_CURVE('',#10794,(#10798,#10805),.PCURVE_S1.);
#10794 = LINE('',#10795,#10796);
#10795 = CARTESIAN_POINT('',(-164.,-130.,6.));
#10796 = VECTOR('',#10797,1.);
#10797 = DIRECTION('',(0.,1.,0.));
#10798 = PCURVE('',#9786,#10799);
#10799 = DEFINITIONAL_REPRESENTATION('',(#10800),#10804);
#10800 = LINE('',#10801,#10802);
#10801 = CARTESIAN_POINT('',(0.,0.));
#10802 = VECTOR('',#10803,1.);
#10803 = DIRECTION('',(0.,-1.));
#10804 = ( GEOMETRIC_REPRESENTATION_CONTEXT(2) 
PARAMETRIC_REPRESENTATION_CONTEXT() REPRESENTATION_CONTEXT('2D SPACE',''
  ) );
#10805 = PCURVE('',#9886,#10806);
#10806 = DEFINITIONAL_REPRESENTATION('',(#10807),#10811);
#10807 = LINE('',#10808,#10809);
#10808 = CARTESIAN_POINT('',(6.,5.));
#10809 = VECTOR('',#10810,1.);
#10810 = DIRECTION('',(0.,1.));
#10811 = ( GEOMETRIC_REPRESENTATION_CONTEXT(2) 
PARAMETRIC_REPRESENTATION_CONTEXT() REPRESENTATION_CONTEXT('2D SPACE',''
  ) );
#10812 = ORIENTED_EDGE('',*,*,#9852,.T.);
#10813 = ADVANCED_FACE('',(#10814),#9760,.T.);
#10814 = FACE_BOUND('',#10815,.T.);
#10815 = EDGE_LOOP('',(#10816,#10839,#10840,#10841));
#10816 = ORIENTED_EDGE('',*,*,#10817,.F.);
#10817 = EDGE_CURVE('',#10772,#10818,#10820,.T.);
#10818 = VERTEX_POINT('',#10819);
#10819 = CARTESIAN_POINT('',(-48.,-129.,6.));
#10820 = SURFACE_CURVE('',#10821,(#10825,#10832),.PCURVE_S1.);
#10821 = LINE('',#10822,#10823);
#10822 = CARTESIAN_POINT('',(-165.,-129.,6.));
#10823 = VECTOR('',#10824,1.);
#10824 = DIRECTION('',(1.,0.,0.));
#10825 = PCURVE('',#9760,#10826);
#10826 = DEFINITIONAL_REPRESENTATION('',(#10827),#10831);
#10827 = LINE('',#10828,#10829);
#10828 = CARTESIAN_POINT('',(0.,0.));
#10829 = VECTOR('',#10830,1.);
#10830 = DIRECTION('',(0.,1.));
#10831 = ( GEOMETRIC_REPRESENTATION_CONTEXT(2) 
PARAMETRIC_REPRESENTATION_CONTEXT() REPRESENTATION_CONTEXT('2D SPACE',''
  ) );
#10832 = PCURVE('',#9886,#10833);
#10833 = DEFINITIONAL_REPRESENTATION('',(#10834),#10838);
#10834 = LINE('',#10835,#10836);
#10835 = CARTESIAN_POINT('',(5.,6.));
#10836 = VECTOR('',#10837,1.);
#10837 = DIRECTION('',(1.,0.));
#10838 = ( GEOMETRIC_REPRESENTATION_CONTEXT(2) 
PARAMETRIC_REPRESENTATION_CONTEXT() REPRESENTATION_CONTEXT('2D SPACE',''
  ) );
#10839 = ORIENTED_EDGE('',*,*,#10771,.T.);
#10840 = ORIENTED_EDGE('',*,*,#9744,.T.);
#10841 = ORIENTED_EDGE('',*,*,#10842,.F.);
#10842 = EDGE_CURVE('',#10818,#9717,#10843,.T.);
#10843 = SURFACE_CURVE('',#10844,(#10848,#10855),.PCURVE_S1.);
#10844 = LINE('',#10845,#10846);
#10845 = CARTESIAN_POINT('',(-48.,-129.,6.));
#10846 = VECTOR('',#10847,1.);
#10847 = DIRECTION('',(0.,0.,1.));
#10848 = PCURVE('',#9760,#10849);
#10849 = DEFINITIONAL_REPRESENTATION('',(#10850),#10854);
#10850 = LINE('',#10851,#10852);
#10851 = CARTESIAN_POINT('',(0.,117.));
#10852 = VECTOR('',#10853,1.);
#10853 = DIRECTION('',(1.,0.));
#10854 = ( GEOMETRIC_REPRESENTATION_CONTEXT(2) 
PARAMETRIC_REPRESENTATION_CONTEXT() REPRESENTATION_CONTEXT('2D SPACE',''
  ) );
#10855 = PCURVE('',#9732,#10856);
#10856 = DEFINITIONAL_REPRESENTATION('',(#10857),#10861);
#10857 = LINE('',#10858,#10859);
#10858 = CARTESIAN_POINT('',(0.,-6.));
#10859 = VECTOR('',#10860,1.);
#10860 = DIRECTION('',(1.,0.));
#10861 = ( GEOMETRIC_REPRESENTATION_CONTEXT(2) 
PARAMETRIC_REPRESENTATION_CONTEXT() REPRESENTATION_CONTEXT('2D SPACE',''
  ) );
#10862 = ADVANCED_FACE('',(#10863),#9732,.T.);
#10863 = FACE_BOUND('',#10864,.T.);
#10864 = EDGE_LOOP('',(#10865,#10866,#10887,#10888));
#10865 = ORIENTED_EDGE('',*,*,#10667,.F.);
#10866 = ORIENTED_EDGE('',*,*,#10867,.T.);
#10867 = EDGE_CURVE('',#10668,#10818,#10868,.T.);
#10868 = SURFACE_CURVE('',#10869,(#10873,#10880),.PCURVE_S1.);
#10869 = LINE('',#10870,#10871);
#10870 = CARTESIAN_POINT('',(-48.,-135.,6.));
#10871 = VECTOR('',#10872,1.);
#10872 = DIRECTION('',(0.,1.,0.));
#10873 = PCURVE('',#9732,#10874);
#10874 = DEFINITIONAL_REPRESENTATION('',(#10875),#10879);
#10875 = LINE('',#10876,#10877);
#10876 = CARTESIAN_POINT('',(0.,0.));
#10877 = VECTOR('',#10878,1.);
#10878 = DIRECTION('',(0.,-1.));
#10879 = ( GEOMETRIC_REPRESENTATION_CONTEXT(2) 
PARAMETRIC_REPRESENTATION_CONTEXT() REPRESENTATION_CONTEXT('2D SPACE',''
  ) );
#10880 = PCURVE('',#9886,#10881);
#10881 = DEFINITIONAL_REPRESENTATION('',(#10882),#10886);
#10882 = LINE('',#10883,#10884);
#10883 = CARTESIAN_POINT('',(122.,0.));
#10884 = VECTOR('',#10885,1.);
#10885 = DIRECTION('',(0.,1.));
#10886 = ( GEOMETRIC_REPRESENTATION_CONTEXT(2) 
PARAMETRIC_REPRESENTATION_CONTEXT() REPRESENTATION_CONTEXT('2D SPACE',''
  ) );
#10887 = ORIENTED_EDGE('',*,*,#10842,.T.);
#10888 = ORIENTED_EDGE('',*,*,#9716,.F.);
#10889 = ADVANCED_FACE('',(#10890),#9819,.T.);
#10890 = FACE_BOUND('',#10891,.T.);
#10891 = EDGE_LOOP('',(#10892,#10893,#10894,#10895));
#10892 = ORIENTED_EDGE('',*,*,#10713,.F.);
#10893 = ORIENTED_EDGE('',*,*,#9925,.T.);
#10894 = ORIENTED_EDGE('',*,*,#9801,.T.);
#10895 = ORIENTED_EDGE('',*,*,#10896,.F.);
#10896 = EDGE_CURVE('',#10691,#9804,#10897,.T.);
#10897 = SURFACE_CURVE('',#10898,(#10902,#10908),.PCURVE_S1.);
#10898 = LINE('',#10899,#10900);
#10899 = CARTESIAN_POINT('',(-0.2,-135.,6.));
#10900 = VECTOR('',#10901,1.);
#10901 = DIRECTION('',(0.,1.,0.));
#10902 = PCURVE('',#9819,#10903);
#10903 = DEFINITIONAL_REPRESENTATION('',(#10904),#10907);
#10904 = B_SPLINE_CURVE_WITH_KNOTS('',1,(#10905,#10906),.UNSPECIFIED.,
  .F.,.F.,(2,2),(0.,134.8),.PIECEWISE_BEZIER_KNOTS.);
#10905 = CARTESIAN_POINT('',(11.,0.));
#10906 = CARTESIAN_POINT('',(11.,-134.8));
#10907 = ( GEOMETRIC_REPRESENTATION_CONTEXT(2) 
PARAMETRIC_REPRESENTATION_CONTEXT() REPRESENTATION_CONTEXT('2D SPACE',''
  ) );
#10908 = PCURVE('',#9886,#10909);
#10909 = DEFINITIONAL_REPRESENTATION('',(#10910),#10913);
#10910 = B_SPLINE_CURVE_WITH_KNOTS('',1,(#10911,#10912),.UNSPECIFIED.,
  .F.,.F.,(2,2),(0.,134.8),.PIECEWISE_BEZIER_KNOTS.);
#10911 = CARTESIAN_POINT('',(169.8,0.));
#10912 = CARTESIAN_POINT('',(169.8,134.8));
#10913 = ( GEOMETRIC_REPRESENTATION_CONTEXT(2) 
PARAMETRIC_REPRESENTATION_CONTEXT() REPRESENTATION_CONTEXT('2D SPACE',''
  ) );
#10914 = ADVANCED_FACE('',(#10915,#10923,#10953,#10983,#11013,#11127,
    #11227,#11257,#11287,#11317,#11347,#11377,#11407,#11437,#11467,
    #11567,#11597),#9886,.T.);
#10915 = FACE_BOUND('',#10916,.T.);
#10916 = EDGE_LOOP('',(#10917,#10918,#10919,#10920,#10921,#10922));
#10917 = ORIENTED_EDGE('',*,*,#10792,.F.);
#10918 = ORIENTED_EDGE('',*,*,#10817,.T.);
#10919 = ORIENTED_EDGE('',*,*,#10867,.F.);
#10920 = ORIENTED_EDGE('',*,*,#10690,.T.);
#10921 = ORIENTED_EDGE('',*,*,#10896,.T.);
#10922 = ORIENTED_EDGE('',*,*,#9873,.T.);
#10923 = FACE_BOUND('',#10924,.T.);
#10924 = EDGE_LOOP('',(#10925));
#10925 = ORIENTED_EDGE('',*,*,#10926,.T.);
#10926 = EDGE_CURVE('',#10927,#10927,#10929,.T.);
#10927 = VERTEX_POINT('',#10928);
#10928 = CARTESIAN_POINT('',(-138.3,-90.,6.));
#10929 = SURFACE_CURVE('',#10930,(#10935,#10946),.PCURVE_S1.);
#10930 = CIRCLE('',#10931,1.7);
#10931 = AXIS2_PLACEMENT_3D('',#10932,#10933,#10934);
#10932 = CARTESIAN_POINT('',(-140.,-90.,6.));
#10933 = DIRECTION('',(0.,0.,-1.));
#10934 = DIRECTION('',(1.,0.,0.));
#10935 = PCURVE('',#9886,#10936);
#10936 = DEFINITIONAL_REPRESENTATION('',(#10937),#10945);
#10937 = ( BOUNDED_CURVE() B_SPLINE_CURVE(2,(#10938,#10939,#10940,#10941
    ,#10942,#10943,#10944),.UNSPECIFIED.,.T.,.F.) 
B_SPLINE_CURVE_WITH_KNOTS((1,2,2,2,2,1),(-2.094395102393,0.,
    2.094395102393,4.188790204786,6.28318530718,8.377580409573),
.UNSPECIFIED.) CURVE() GEOMETRIC_REPRESENTATION_ITEM() 
RATIONAL_B_SPLINE_CURVE((1.,0.5,1.,0.5,1.,0.5,1.)) REPRESENTATION_ITEM(
  '') );
#10938 = CARTESIAN_POINT('',(31.7,45.));
#10939 = CARTESIAN_POINT('',(31.7,42.055513627133));
#10940 = CARTESIAN_POINT('',(29.15,43.527756813566));
#10941 = CARTESIAN_POINT('',(26.6,45.));
#10942 = CARTESIAN_POINT('',(29.15,46.472243186434));
#10943 = CARTESIAN_POINT('',(31.7,47.944486372867));
#10944 = CARTESIAN_POINT('',(31.7,45.));
#10945 = ( GEOMETRIC_REPRESENTATION_CONTEXT(2) 
PARAMETRIC_REPRESENTATION_CONTEXT() REPRESENTATION_CONTEXT('2D SPACE',''
  ) );
#10946 = PCURVE('',#9968,#10947);
#10947 = DEFINITIONAL_REPRESENTATION('',(#10948),#10952);
#10948 = LINE('',#10949,#10950);
#10949 = CARTESIAN_POINT('',(-6.28318530718,-16.));
#10950 = VECTOR('',#10951,1.);
#10951 = DIRECTION('',(1.,-0.));
#10952 = ( GEOMETRIC_REPRESENTATION_CONTEXT(2) 
PARAMETRIC_REPRESENTATION_CONTEXT() REPRESENTATION_CONTEXT('2D SPACE',''
  ) );
#10953 = FACE_BOUND('',#10954,.T.);
#10954 = EDGE_LOOP('',(#10955));
#10955 = ORIENTED_EDGE('',*,*,#10956,.T.);
#10956 = EDGE_CURVE('',#10957,#10957,#10959,.T.);
#10957 = VERTEX_POINT('',#10958);
#10958 = CARTESIAN_POINT('',(-122.75,-72.,6.));
#10959 = SURFACE_CURVE('',#10960,(#10965,#10976),.PCURVE_S1.);
#10960 = CIRCLE('',#10961,2.25);
#10961 = AXIS2_PLACEMENT_3D('',#10962,#10963,#10964);
#10962 = CARTESIAN_POINT('',(-125.,-72.,6.));
#10963 = DIRECTION('',(0.,0.,-1.));
#10964 = DIRECTION('',(1.,0.,0.));
#10965 = PCURVE('',#9886,#10966);
#10966 = DEFINITIONAL_REPRESENTATION('',(#10967),#10975);
#10967 = ( BOUNDED_CURVE() B_SPLINE_CURVE(2,(#10968,#10969,#10970,#10971
    ,#10972,#10973,#10974),.UNSPECIFIED.,.T.,.F.) 
B_SPLINE_CURVE_WITH_KNOTS((1,2,2,2,2,1),(-2.094395102393,0.,
    2.094395102393,4.188790204786,6.28318530718,8.377580409573),
.UNSPECIFIED.) CURVE() GEOMETRIC_REPRESENTATION_ITEM() 
RATIONAL_B_SPLINE_CURVE((1.,0.5,1.,0.5,1.,0.5,1.)) REPRESENTATION_ITEM(
  '') );
#10968 = CARTESIAN_POINT('',(47.25,63.));
#10969 = CARTESIAN_POINT('',(47.25,59.10288568297));
#10970 = CARTESIAN_POINT('',(43.875,61.051442841485));
#10971 = CARTESIAN_POINT('',(40.5,63.));
#10972 = CARTESIAN_POINT('',(43.875,64.948557158515));
#10973 = CARTESIAN_POINT('',(47.25,66.89711431703));
#10974 = CARTESIAN_POINT('',(47.25,63.));
#10975 = ( GEOMETRIC_REPRESENTATION_CONTEXT(2) 
PARAMETRIC_REPRESENTATION_CONTEXT() REPRESENTATION_CONTEXT('2D SPACE',''
  ) );
#10976 = PCURVE('',#10038,#10977);
#10977 = DEFINITIONAL_REPRESENTATION('',(#10978),#10982);
#10978 = LINE('',#10979,#10980);
#10979 = CARTESIAN_POINT('',(-6.28318530718,-16.));
#10980 = VECTOR('',#10981,1.);
#10981 = DIRECTION('',(1.,-0.));
#10982 = ( GEOMETRIC_REPRESENTATION_CONTEXT(2) 
PARAMETRIC_REPRESENTATION_CONTEXT() REPRESENTATION_CONTEXT('2D SPACE',''
  ) );
#10983 = FACE_BOUND('',#10984,.T.);
#10984 = EDGE_LOOP('',(#10985));
#10985 = ORIENTED_EDGE('',*,*,#10986,.T.);
#10986 = EDGE_CURVE('',#10987,#10987,#10989,.T.);
#10987 = VERTEX_POINT('',#10988);
#10988 = CARTESIAN_POINT('',(-98.3,-90.,6.));
#10989 = SURFACE_CURVE('',#10990,(#10995,#11006),.PCURVE_S1.);
#10990 = CIRCLE('',#10991,1.7);
#10991 = AXIS2_PLACEMENT_3D('',#10992,#10993,#10994);
#10992 = CARTESIAN_POINT('',(-100.,-90.,6.));
#10993 = DIRECTION('',(0.,0.,-1.));
#10994 = DIRECTION('',(1.,0.,0.));
#10995 = PCURVE('',#9886,#10996);
#10996 = DEFINITIONAL_REPRESENTATION('',(#10997),#11005);
#10997 = ( BOUNDED_CURVE() B_SPLINE_CURVE(2,(#10998,#10999,#11000,#11001
    ,#11002,#11003,#11004),.UNSPECIFIED.,.T.,.F.) 
B_SPLINE_CURVE_WITH_KNOTS((1,2,2,2,2,1),(-2.094395102393,0.,
    2.094395102393,4.188790204786,6.28318530718,8.377580409573),
.UNSPECIFIED.) CURVE() GEOMETRIC_REPRESENTATION_ITEM() 
RATIONAL_B_SPLINE_CURVE((1.,0.5,1.,0.5,1.,0.5,1.)) REPRESENTATION_ITEM(
  '') );
#10998 = CARTESIAN_POINT('',(71.7,45.));
#10999 = CARTESIAN_POINT('',(71.7,42.055513627133));
#11000 = CARTESIAN_POINT('',(69.15,43.527756813566));
#11001 = CARTESIAN_POINT('',(66.6,45.));
#11002 = CARTESIAN_POINT('',(69.15,46.472243186434));
#11003 = CARTESIAN_POINT('',(71.7,47.944486372867));
#11004 = CARTESIAN_POINT('',(71.7,45.));
#11005 = ( GEOMETRIC_REPRESENTATION_CONTEXT(2) 
PARAMETRIC_REPRESENTATION_CONTEXT() REPRESENTATION_CONTEXT('2D SPACE',''
  ) );
#11006 = PCURVE('',#10003,#11007);
#11007 = DEFINITIONAL_REPRESENTATION('',(#11008),#11012);
#11008 = LINE('',#11009,#11010);
#11009 = CARTESIAN_POINT('',(-6.28318530718,-16.));
#11010 = VECTOR('',#11011,1.);
#11011 = DIRECTION('',(1.,-0.));
#11012 = ( GEOMETRIC_REPRESENTATION_CONTEXT(2) 
PARAMETRIC_REPRESENTATION_CONTEXT() REPRESENTATION_CONTEXT('2D SPACE',''
  ) );
#11013 = FACE_BOUND('',#11014,.T.);
#11014 = EDGE_LOOP('',(#11015,#11045,#11073,#11101));
#11015 = ORIENTED_EDGE('',*,*,#11016,.T.);
#11016 = EDGE_CURVE('',#11017,#11019,#11021,.T.);
#11017 = VERTEX_POINT('',#11018);
#11018 = CARTESIAN_POINT('',(-113.,-120.,6.));
#11019 = VERTEX_POINT('',#11020);
#11020 = CARTESIAN_POINT('',(-113.,-35.,6.));
#11021 = SURFACE_CURVE('',#11022,(#11026,#11033),.PCURVE_S1.);
#11022 = LINE('',#11023,#11024);
#11023 = CARTESIAN_POINT('',(-113.,-120.,6.));
#11024 = VECTOR('',#11025,1.);
#11025 = DIRECTION('',(0.,1.,0.));
#11026 = PCURVE('',#9886,#11027);
#11027 = DEFINITIONAL_REPRESENTATION('',(#11028),#11032);
#11028 = LINE('',#11029,#11030);
#11029 = CARTESIAN_POINT('',(57.,15.));
#11030 = VECTOR('',#11031,1.);
#11031 = DIRECTION('',(0.,1.));
#11032 = ( GEOMETRIC_REPRESENTATION_CONTEXT(2) 
PARAMETRIC_REPRESENTATION_CONTEXT() REPRESENTATION_CONTEXT('2D SPACE',''
  ) );
#11033 = PCURVE('',#11034,#11039);
#11034 = PLANE('',#11035);
#11035 = AXIS2_PLACEMENT_3D('',#11036,#11037,#11038);
#11036 = CARTESIAN_POINT('',(-113.,-120.,6.));
#11037 = DIRECTION('',(1.,0.,0.));
#11038 = DIRECTION('',(0.,0.,1.));
#11039 = DEFINITIONAL_REPRESENTATION('',(#11040),#11044);
#11040 = LINE('',#11041,#11042);
#11041 = CARTESIAN_POINT('',(0.,0.));
#11042 = VECTOR('',#11043,1.);
#11043 = DIRECTION('',(0.,-1.));
#11044 = ( GEOMETRIC_REPRESENTATION_CONTEXT(2) 
PARAMETRIC_REPRESENTATION_CONTEXT() REPRESENTATION_CONTEXT('2D SPACE',''
  ) );
#11045 = ORIENTED_EDGE('',*,*,#11046,.T.);
#11046 = EDGE_CURVE('',#11019,#11047,#11049,.T.);
#11047 = VERTEX_POINT('',#11048);
#11048 = CARTESIAN_POINT('',(-107.,-35.,6.));
#11049 = SURFACE_CURVE('',#11050,(#11054,#11061),.PCURVE_S1.);
#11050 = LINE('',#11051,#11052);
#11051 = CARTESIAN_POINT('',(-113.,-35.,6.));
#11052 = VECTOR('',#11053,1.);
#11053 = DIRECTION('',(1.,0.,0.));
#11054 = PCURVE('',#9886,#11055);
#11055 = DEFINITIONAL_REPRESENTATION('',(#11056),#11060);
#11056 = LINE('',#11057,#11058);
#11057 = CARTESIAN_POINT('',(57.,100.));
#11058 = VECTOR('',#11059,1.);
#11059 = DIRECTION('',(1.,0.));
#11060 = ( GEOMETRIC_REPRESENTATION_CONTEXT(2) 
PARAMETRIC_REPRESENTATION_CONTEXT() REPRESENTATION_CONTEXT('2D SPACE',''
  ) );
#11061 = PCURVE('',#11062,#11067);
#11062 = PLANE('',#11063);
#11063 = AXIS2_PLACEMENT_3D('',#11064,#11065,#11066);
#11064 = CARTESIAN_POINT('',(-113.,-35.,6.));
#11065 = DIRECTION('',(0.,1.,0.));
#11066 = DIRECTION('',(0.,0.,1.));
#11067 = DEFINITIONAL_REPRESENTATION('',(#11068),#11072);
#11068 = LINE('',#11069,#11070);
#11069 = CARTESIAN_POINT('',(0.,0.));
#11070 = VECTOR('',#11071,1.);
#11071 = DIRECTION('',(0.,1.));
#11072 = ( GEOMETRIC_REPRESENTATION_CONTEXT(2) 
PARAMETRIC_REPRESENTATION_CONTEXT() REPRESENTATION_CONTEXT('2D SPACE',''
  ) );
#11073 = ORIENTED_EDGE('',*,*,#11074,.F.);
#11074 = EDGE_CURVE('',#11075,#11047,#11077,.T.);
#11075 = VERTEX_POINT('',#11076);
#11076 = CARTESIAN_POINT('',(-107.,-120.,6.));
#11077 = SURFACE_CURVE('',#11078,(#11082,#11089),.PCURVE_S1.);
#11078 = LINE('',#11079,#11080);
#11079 = CARTESIAN_POINT('',(-107.,-120.,6.));
#11080 = VECTOR('',#11081,1.);
#11081 = DIRECTION('',(0.,1.,0.));
#11082 = PCURVE('',#9886,#11083);
#11083 = DEFINITIONAL_REPRESENTATION('',(#11084),#11088);
#11084 = LINE('',#11085,#11086);
#11085 = CARTESIAN_POINT('',(63.,15.));
#11086 = VECTOR('',#11087,1.);
#11087 = DIRECTION('',(0.,1.));
#11088 = ( GEOMETRIC_REPRESENTATION_CONTEXT(2) 
PARAMETRIC_REPRESENTATION_CONTEXT() REPRESENTATION_CONTEXT('2D SPACE',''
  ) );
#11089 = PCURVE('',#11090,#11095);
#11090 = PLANE('',#11091);
#11091 = AXIS2_PLACEMENT_3D('',#11092,#11093,#11094);
#11092 = CARTESIAN_POINT('',(-107.,-120.,6.));
#11093 = DIRECTION('',(1.,0.,0.));
#11094 = DIRECTION('',(0.,0.,1.));
#11095 = DEFINITIONAL_REPRESENTATION('',(#11096),#11100);
#11096 = LINE('',#11097,#11098);
#11097 = CARTESIAN_POINT('',(0.,0.));
#11098 = VECTOR('',#11099,1.);
#11099 = DIRECTION('',(0.,-1.));
#11100 = ( GEOMETRIC_REPRESENTATION_CONTEXT(2) 
PARAMETRIC_REPRESENTATION_CONTEXT() REPRESENTATION_CONTEXT('2D SPACE',''
  ) );
#11101 = ORIENTED_EDGE('',*,*,#11102,.F.);
#11102 = EDGE_CURVE('',#11017,#11075,#11103,.T.);
#11103 = SURFACE_CURVE('',#11104,(#11108,#11115),.PCURVE_S1.);
#11104 = LINE('',#11105,#11106);
#11105 = CARTESIAN_POINT('',(-113.,-120.,6.));
#11106 = VECTOR('',#11107,1.);
#11107 = DIRECTION('',(1.,0.,0.));
#11108 = PCURVE('',#9886,#11109);
#11109 = DEFINITIONAL_REPRESENTATION('',(#11110),#11114);
#11110 = LINE('',#11111,#11112);
#11111 = CARTESIAN_POINT('',(57.,15.));
#11112 = VECTOR('',#11113,1.);
#11113 = DIRECTION('',(1.,0.));
#11114 = ( GEOMETRIC_REPRESENTATION_CONTEXT(2) 
PARAMETRIC_REPRESENTATION_CONTEXT() REPRESENTATION_CONTEXT('2D SPACE',''
  ) );
#11115 = PCURVE('',#11116,#11121);
#11116 = PLANE('',#11117);
#11117 = AXIS2_PLACEMENT_3D('',#11118,#11119,#11120);
#11118 = CARTESIAN_POINT('',(-113.,-120.,6.));
#11119 = DIRECTION('',(0.,1.,0.));
#11120 = DIRECTION('',(0.,0.,1.));
#11121 = DEFINITIONAL_REPRESENTATION('',(#11122),#11126);
#11122 = LINE('',#11123,#11124);
#11123 = CARTESIAN_POINT('',(0.,0.));
#11124 = VECTOR('',#11125,1.);
#11125 = DIRECTION('',(0.,1.));
#11126 = ( GEOMETRIC_REPRESENTATION_CONTEXT(2) 
PARAMETRIC_REPRESENTATION_CONTEXT() REPRESENTATION_CONTEXT('2D SPACE',''
  ) );
#11127 = FACE_BOUND('',#11128,.T.);
#11128 = EDGE_LOOP('',(#11129,#11152,#11180,#11201));
#11129 = ORIENTED_EDGE('',*,*,#11130,.F.);
#11130 = EDGE_CURVE('',#11131,#11133,#11135,.T.);
#11131 = VERTEX_POINT('',#11132);
#11132 = CARTESIAN_POINT('',(-8.25,-109.75,6.));
#11133 = VERTEX_POINT('',#11134);
#11134 = CARTESIAN_POINT('',(-31.75,-109.75,6.));
#11135 = SURFACE_CURVE('',#11136,(#11140,#11146),.PCURVE_S1.);
#11136 = LINE('',#11137,#11138);
#11137 = CARTESIAN_POINT('',(-100.875,-109.75,6.));
#11138 = VECTOR('',#11139,1.);
#11139 = DIRECTION('',(-1.,0.,0.));
#11140 = PCURVE('',#9886,#11141);
#11141 = DEFINITIONAL_REPRESENTATION('',(#11142),#11145);
#11142 = B_SPLINE_CURVE_WITH_KNOTS('',1,(#11143,#11144),.UNSPECIFIED.,
  .F.,.F.,(2,2),(-92.625,-69.125),.PIECEWISE_BEZIER_KNOTS.);
#11143 = CARTESIAN_POINT('',(161.75,25.25));
#11144 = CARTESIAN_POINT('',(138.25,25.25));
#11145 = ( GEOMETRIC_REPRESENTATION_CONTEXT(2) 
PARAMETRIC_REPRESENTATION_CONTEXT() REPRESENTATION_CONTEXT('2D SPACE',''
  ) );
#11146 = PCURVE('',#10104,#11147);
#11147 = DEFINITIONAL_REPRESENTATION('',(#11148),#11151);
#11148 = B_SPLINE_CURVE_WITH_KNOTS('',1,(#11149,#11150),.UNSPECIFIED.,
  .F.,.F.,(2,2),(-92.625,-69.125),.PIECEWISE_BEZIER_KNOTS.);
#11149 = CARTESIAN_POINT('',(23.5,-16.));
#11150 = CARTESIAN_POINT('',(0.,-16.));
#11151 = ( GEOMETRIC_REPRESENTATION_CONTEXT(2) 
PARAMETRIC_REPRESENTATION_CONTEXT() REPRESENTATION_CONTEXT('2D SPACE',''
  ) );
#11152 = ORIENTED_EDGE('',*,*,#11153,.T.);
#11153 = EDGE_CURVE('',#11131,#11154,#11156,.T.);
#11154 = VERTEX_POINT('',#11155);
#11155 = CARTESIAN_POINT('',(-8.25,-114.25,6.));
#11156 = SURFACE_CURVE('',#11157,(#11162,#11173),.PCURVE_S1.);
#11157 = CIRCLE('',#11158,2.25);
#11158 = AXIS2_PLACEMENT_3D('',#11159,#11160,#11161);
#11159 = CARTESIAN_POINT('',(-8.25,-112.,6.));
#11160 = DIRECTION('',(0.,0.,-1.));
#11161 = DIRECTION('',(0.,1.,0.));
#11162 = PCURVE('',#9886,#11163);
#11163 = DEFINITIONAL_REPRESENTATION('',(#11164),#11172);
#11164 = ( BOUNDED_CURVE() B_SPLINE_CURVE(2,(#11165,#11166,#11167,#11168
    ,#11169,#11170,#11171),.UNSPECIFIED.,.T.,.F.) 
B_SPLINE_CURVE_WITH_KNOTS((1,2,2,2,2,1),(-2.094395102393,0.,
    2.094395102393,4.188790204786,6.28318530718,8.377580409573),
.UNSPECIFIED.) CURVE() GEOMETRIC_REPRESENTATION_ITEM() 
RATIONAL_B_SPLINE_CURVE((1.,0.5,1.,0.5,1.,0.5,1.)) REPRESENTATION_ITEM(
  '') );
#11165 = CARTESIAN_POINT('',(161.75,25.25));
#11166 = CARTESIAN_POINT('',(165.64711431703,25.25));
#11167 = CARTESIAN_POINT('',(163.69855715851,21.875));
#11168 = CARTESIAN_POINT('',(161.75,18.5));
#11169 = CARTESIAN_POINT('',(159.80144284148,21.875));
#11170 = CARTESIAN_POINT('',(157.85288568297,25.25));
#11171 = CARTESIAN_POINT('',(161.75,25.25));
#11172 = ( GEOMETRIC_REPRESENTATION_CONTEXT(2) 
PARAMETRIC_REPRESENTATION_CONTEXT() REPRESENTATION_CONTEXT('2D SPACE',''
  ) );
#11173 = PCURVE('',#10136,#11174);
#11174 = DEFINITIONAL_REPRESENTATION('',(#11175),#11179);
#11175 = LINE('',#11176,#11177);
#11176 = CARTESIAN_POINT('',(0.,-16.));
#11177 = VECTOR('',#11178,1.);
#11178 = DIRECTION('',(1.,0.));
#11179 = ( GEOMETRIC_REPRESENTATION_CONTEXT(2) 
PARAMETRIC_REPRESENTATION_CONTEXT() REPRESENTATION_CONTEXT('2D SPACE',''
  ) );
#11180 = ORIENTED_EDGE('',*,*,#11181,.F.);
#11181 = EDGE_CURVE('',#11182,#11154,#11184,.T.);
#11182 = VERTEX_POINT('',#11183);
#11183 = CARTESIAN_POINT('',(-31.75,-114.25,6.));
#11184 = SURFACE_CURVE('',#11185,(#11189,#11195),.PCURVE_S1.);
#11185 = LINE('',#11186,#11187);
#11186 = CARTESIAN_POINT('',(-89.125,-114.25,6.));
#11187 = VECTOR('',#11188,1.);
#11188 = DIRECTION('',(1.,0.,-0.));
#11189 = PCURVE('',#9886,#11190);
#11190 = DEFINITIONAL_REPRESENTATION('',(#11191),#11194);
#11191 = B_SPLINE_CURVE_WITH_KNOTS('',1,(#11192,#11193),.UNSPECIFIED.,
  .F.,.F.,(2,2),(57.375,80.875),.PIECEWISE_BEZIER_KNOTS.);
#11192 = CARTESIAN_POINT('',(138.25,20.75));
#11193 = CARTESIAN_POINT('',(161.75,20.75));
#11194 = ( GEOMETRIC_REPRESENTATION_CONTEXT(2) 
PARAMETRIC_REPRESENTATION_CONTEXT() REPRESENTATION_CONTEXT('2D SPACE',''
  ) );
#11195 = PCURVE('',#10163,#11196);
#11196 = DEFINITIONAL_REPRESENTATION('',(#11197),#11200);
#11197 = B_SPLINE_CURVE_WITH_KNOTS('',1,(#11198,#11199),.UNSPECIFIED.,
  .F.,.F.,(2,2),(57.375,80.875),.PIECEWISE_BEZIER_KNOTS.);
#11198 = CARTESIAN_POINT('',(23.5,-16.));
#11199 = CARTESIAN_POINT('',(0.,-16.));
#11200 = ( GEOMETRIC_REPRESENTATION_CONTEXT(2) 
PARAMETRIC_REPRESENTATION_CONTEXT() REPRESENTATION_CONTEXT('2D SPACE',''
  ) );
#11201 = ORIENTED_EDGE('',*,*,#11202,.T.);
#11202 = EDGE_CURVE('',#11182,#11133,#11203,.T.);
#11203 = SURFACE_CURVE('',#11204,(#11209,#11220),.PCURVE_S1.);
#11204 = CIRCLE('',#11205,2.25);
#11205 = AXIS2_PLACEMENT_3D('',#11206,#11207,#11208);
#11206 = CARTESIAN_POINT('',(-31.75,-112.,6.));
#11207 = DIRECTION('',(0.,-0.,-1.));
#11208 = DIRECTION('',(0.,-1.,0.));
#11209 = PCURVE('',#9886,#11210);
#11210 = DEFINITIONAL_REPRESENTATION('',(#11211),#11219);
#11211 = ( BOUNDED_CURVE() B_SPLINE_CURVE(2,(#11212,#11213,#11214,#11215
    ,#11216,#11217,#11218),.UNSPECIFIED.,.T.,.F.) 
B_SPLINE_CURVE_WITH_KNOTS((1,2,2,2,2,1),(-2.094395102393,0.,
    2.094395102393,4.188790204786,6.28318530718,8.377580409573),
.UNSPECIFIED.) CURVE() GEOMETRIC_REPRESENTATION_ITEM() 
RATIONAL_B_SPLINE_CURVE((1.,0.5,1.,0.5,1.,0.5,1.)) REPRESENTATION_ITEM(
  '') );
#11212 = CARTESIAN_POINT('',(138.25,20.75));
#11213 = CARTESIAN_POINT('',(134.35288568297,20.75));
#11214 = CARTESIAN_POINT('',(136.30144284148,24.125));
#11215 = CARTESIAN_POINT('',(138.25,27.5));
#11216 = CARTESIAN_POINT('',(140.19855715851,24.125));
#11217 = CARTESIAN_POINT('',(142.14711431703,20.75));
#11218 = CARTESIAN_POINT('',(138.25,20.75));
#11219 = ( GEOMETRIC_REPRESENTATION_CONTEXT(2) 
PARAMETRIC_REPRESENTATION_CONTEXT() REPRESENTATION_CONTEXT('2D SPACE',''
  ) );
#11220 = PCURVE('',#10193,#11221);
#11221 = DEFINITIONAL_REPRESENTATION('',(#11222),#11226);
#11222 = LINE('',#11223,#11224);
#11223 = CARTESIAN_POINT('',(0.,-16.));
#11224 = VECTOR('',#11225,1.);
#11225 = DIRECTION('',(1.,0.));
#11226 = ( GEOMETRIC_REPRESENTATION_CONTEXT(2) 
PARAMETRIC_REPRESENTATION_CONTEXT() REPRESENTATION_CONTEXT('2D SPACE',''
  ) );
#11227 = FACE_BOUND('',#11228,.T.);
#11228 = EDGE_LOOP('',(#11229));
#11229 = ORIENTED_EDGE('',*,*,#11230,.T.);
#11230 = EDGE_CURVE('',#11231,#11231,#11233,.T.);
#11231 = VERTEX_POINT('',#11232);
#11232 = CARTESIAN_POINT('',(-58.3,-90.,6.));
#11233 = SURFACE_CURVE('',#11234,(#11239,#11250),.PCURVE_S1.);
#11234 = CIRCLE('',#11235,1.7);
#11235 = AXIS2_PLACEMENT_3D('',#11236,#11237,#11238);
#11236 = CARTESIAN_POINT('',(-60.,-90.,6.));
#11237 = DIRECTION('',(0.,0.,-1.));
#11238 = DIRECTION('',(1.,0.,0.));
#11239 = PCURVE('',#9886,#11240);
#11240 = DEFINITIONAL_REPRESENTATION('',(#11241),#11249);
#11241 = ( BOUNDED_CURVE() B_SPLINE_CURVE(2,(#11242,#11243,#11244,#11245
    ,#11246,#11247,#11248),.UNSPECIFIED.,.T.,.F.) 
B_SPLINE_CURVE_WITH_KNOTS((1,2,2,2,2,1),(-2.094395102393,0.,
    2.094395102393,4.188790204786,6.28318530718,8.377580409573),
.UNSPECIFIED.) CURVE() GEOMETRIC_REPRESENTATION_ITEM() 
RATIONAL_B_SPLINE_CURVE((1.,0.5,1.,0.5,1.,0.5,1.)) REPRESENTATION_ITEM(
  '') );
#11242 = CARTESIAN_POINT('',(111.7,45.));
#11243 = CARTESIAN_POINT('',(111.7,42.055513627133));
#11244 = CARTESIAN_POINT('',(109.15,43.527756813566));
#11245 = CARTESIAN_POINT('',(106.6,45.));
#11246 = CARTESIAN_POINT('',(109.15,46.472243186434));
#11247 = CARTESIAN_POINT('',(111.7,47.944486372867));
#11248 = CARTESIAN_POINT('',(111.7,45.));
#11249 = ( GEOMETRIC_REPRESENTATION_CONTEXT(2) 
PARAMETRIC_REPRESENTATION_CONTEXT() REPRESENTATION_CONTEXT('2D SPACE',''
  ) );
#11250 = PCURVE('',#10073,#11251);
#11251 = DEFINITIONAL_REPRESENTATION('',(#11252),#11256);
#11252 = LINE('',#11253,#11254);
#11253 = CARTESIAN_POINT('',(-6.28318530718,-16.));
#11254 = VECTOR('',#11255,1.);
#11255 = DIRECTION('',(1.,-0.));
#11256 = ( GEOMETRIC_REPRESENTATION_CONTEXT(2) 
PARAMETRIC_REPRESENTATION_CONTEXT() REPRESENTATION_CONTEXT('2D SPACE',''
  ) );
#11257 = FACE_BOUND('',#11258,.T.);
#11258 = EDGE_LOOP('',(#11259));
#11259 = ORIENTED_EDGE('',*,*,#11260,.T.);
#11260 = EDGE_CURVE('',#11261,#11261,#11263,.T.);
#11261 = VERTEX_POINT('',#11262);
#11262 = CARTESIAN_POINT('',(-21.75,-79.,6.));
#11263 = SURFACE_CURVE('',#11264,(#11269,#11280),.PCURVE_S1.);
#11264 = CIRCLE('',#11265,2.25);
#11265 = AXIS2_PLACEMENT_3D('',#11266,#11267,#11268);
#11266 = CARTESIAN_POINT('',(-24.,-79.,6.));
#11267 = DIRECTION('',(0.,0.,-1.));
#11268 = DIRECTION('',(1.,0.,0.));
#11269 = PCURVE('',#9886,#11270);
#11270 = DEFINITIONAL_REPRESENTATION('',(#11271),#11279);
#11271 = ( BOUNDED_CURVE() B_SPLINE_CURVE(2,(#11272,#11273,#11274,#11275
    ,#11276,#11277,#11278),.UNSPECIFIED.,.T.,.F.) 
B_SPLINE_CURVE_WITH_KNOTS((1,2,2,2,2,1),(-2.094395102393,0.,
    2.094395102393,4.188790204786,6.28318530718,8.377580409573),
.UNSPECIFIED.) CURVE() GEOMETRIC_REPRESENTATION_ITEM() 
RATIONAL_B_SPLINE_CURVE((1.,0.5,1.,0.5,1.,0.5,1.)) REPRESENTATION_ITEM(
  '') );
#11272 = CARTESIAN_POINT('',(148.25,56.));
#11273 = CARTESIAN_POINT('',(148.25,52.10288568297));
#11274 = CARTESIAN_POINT('',(144.875,54.051442841485));
#11275 = CARTESIAN_POINT('',(141.5,56.));
#11276 = CARTESIAN_POINT('',(144.875,57.948557158515));
#11277 = CARTESIAN_POINT('',(148.25,59.89711431703));
#11278 = CARTESIAN_POINT('',(148.25,56.));
#11279 = ( GEOMETRIC_REPRESENTATION_CONTEXT(2) 
PARAMETRIC_REPRESENTATION_CONTEXT() REPRESENTATION_CONTEXT('2D SPACE',''
  ) );
#11280 = PCURVE('',#10228,#11281);
#11281 = DEFINITIONAL_REPRESENTATION('',(#11282),#11286);
#11282 = LINE('',#11283,#11284);
#11283 = CARTESIAN_POINT('',(-6.28318530718,-16.));
#11284 = VECTOR('',#11285,1.);
#11285 = DIRECTION('',(1.,-0.));
#11286 = ( GEOMETRIC_REPRESENTATION_CONTEXT(2) 
PARAMETRIC_REPRESENTATION_CONTEXT() REPRESENTATION_CONTEXT('2D SPACE',''
  ) );
#11287 = FACE_BOUND('',#11288,.T.);
#11288 = EDGE_LOOP('',(#11289));
#11289 = ORIENTED_EDGE('',*,*,#11290,.T.);
#11290 = EDGE_CURVE('',#11291,#11291,#11293,.T.);
#11291 = VERTEX_POINT('',#11292);
#11292 = CARTESIAN_POINT('',(-21.75,-61.,6.));
#11293 = SURFACE_CURVE('',#11294,(#11299,#11310),.PCURVE_S1.);
#11294 = CIRCLE('',#11295,2.25);
#11295 = AXIS2_PLACEMENT_3D('',#11296,#11297,#11298);
#11296 = CARTESIAN_POINT('',(-24.,-61.,6.));
#11297 = DIRECTION('',(0.,0.,-1.));
#11298 = DIRECTION('',(1.,0.,0.));
#11299 = PCURVE('',#9886,#11300);
#11300 = DEFINITIONAL_REPRESENTATION('',(#11301),#11309);
#11301 = ( BOUNDED_CURVE() B_SPLINE_CURVE(2,(#11302,#11303,#11304,#11305
    ,#11306,#11307,#11308),.UNSPECIFIED.,.T.,.F.) 
B_SPLINE_CURVE_WITH_KNOTS((1,2,2,2,2,1),(-2.094395102393,0.,
    2.094395102393,4.188790204786,6.28318530718,8.377580409573),
.UNSPECIFIED.) CURVE() GEOMETRIC_REPRESENTATION_ITEM() 
RATIONAL_B_SPLINE_CURVE((1.,0.5,1.,0.5,1.,0.5,1.)) REPRESENTATION_ITEM(
  '') );
#11302 = CARTESIAN_POINT('',(148.25,74.));
#11303 = CARTESIAN_POINT('',(148.25,70.10288568297));
#11304 = CARTESIAN_POINT('',(144.875,72.051442841485));
#11305 = CARTESIAN_POINT('',(141.5,74.));
#11306 = CARTESIAN_POINT('',(144.875,75.948557158515));
#11307 = CARTESIAN_POINT('',(148.25,77.89711431703));
#11308 = CARTESIAN_POINT('',(148.25,74.));
#11309 = ( GEOMETRIC_REPRESENTATION_CONTEXT(2) 
PARAMETRIC_REPRESENTATION_CONTEXT() REPRESENTATION_CONTEXT('2D SPACE',''
  ) );
#11310 = PCURVE('',#10263,#11311);
#11311 = DEFINITIONAL_REPRESENTATION('',(#11312),#11316);
#11312 = LINE('',#11313,#11314);
#11313 = CARTESIAN_POINT('',(-6.28318530718,-16.));
#11314 = VECTOR('',#11315,1.);
#11315 = DIRECTION('',(1.,-0.));
#11316 = ( GEOMETRIC_REPRESENTATION_CONTEXT(2) 
PARAMETRIC_REPRESENTATION_CONTEXT() REPRESENTATION_CONTEXT('2D SPACE',''
  ) );
#11317 = FACE_BOUND('',#11318,.T.);
#11318 = EDGE_LOOP('',(#11319));
#11319 = ORIENTED_EDGE('',*,*,#11320,.T.);
#11320 = EDGE_CURVE('',#11321,#11321,#11323,.T.);
#11321 = VERTEX_POINT('',#11322);
#11322 = CARTESIAN_POINT('',(-138.3,-45.,6.));
#11323 = SURFACE_CURVE('',#11324,(#11329,#11340),.PCURVE_S1.);
#11324 = CIRCLE('',#11325,1.7);
#11325 = AXIS2_PLACEMENT_3D('',#11326,#11327,#11328);
#11326 = CARTESIAN_POINT('',(-140.,-45.,6.));
#11327 = DIRECTION('',(0.,0.,-1.));
#11328 = DIRECTION('',(1.,0.,0.));
#11329 = PCURVE('',#9886,#11330);
#11330 = DEFINITIONAL_REPRESENTATION('',(#11331),#11339);
#11331 = ( BOUNDED_CURVE() B_SPLINE_CURVE(2,(#11332,#11333,#11334,#11335
    ,#11336,#11337,#11338),.UNSPECIFIED.,.T.,.F.) 
B_SPLINE_CURVE_WITH_KNOTS((1,2,2,2,2,1),(-2.094395102393,0.,
    2.094395102393,4.188790204786,6.28318530718,8.377580409573),
.UNSPECIFIED.) CURVE() GEOMETRIC_REPRESENTATION_ITEM() 
RATIONAL_B_SPLINE_CURVE((1.,0.5,1.,0.5,1.,0.5,1.)) REPRESENTATION_ITEM(
  '') );
#11332 = CARTESIAN_POINT('',(31.7,90.));
#11333 = CARTESIAN_POINT('',(31.7,87.055513627133));
#11334 = CARTESIAN_POINT('',(29.15,88.527756813566));
#11335 = CARTESIAN_POINT('',(26.6,90.));
#11336 = CARTESIAN_POINT('',(29.15,91.472243186434));
#11337 = CARTESIAN_POINT('',(31.7,92.944486372867));
#11338 = CARTESIAN_POINT('',(31.7,90.));
#11339 = ( GEOMETRIC_REPRESENTATION_CONTEXT(2) 
PARAMETRIC_REPRESENTATION_CONTEXT() REPRESENTATION_CONTEXT('2D SPACE',''
  ) );
#11340 = PCURVE('',#10298,#11341);
#11341 = DEFINITIONAL_REPRESENTATION('',(#11342),#11346);
#11342 = LINE('',#11343,#11344);
#11343 = CARTESIAN_POINT('',(-6.28318530718,-16.));
#11344 = VECTOR('',#11345,1.);
#11345 = DIRECTION('',(1.,-0.));
#11346 = ( GEOMETRIC_REPRESENTATION_CONTEXT(2) 
PARAMETRIC_REPRESENTATION_CONTEXT() REPRESENTATION_CONTEXT('2D SPACE',''
  ) );
#11347 = FACE_BOUND('',#11348,.T.);
#11348 = EDGE_LOOP('',(#11349));
#11349 = ORIENTED_EDGE('',*,*,#11350,.T.);
#11350 = EDGE_CURVE('',#11351,#11351,#11353,.T.);
#11351 = VERTEX_POINT('',#11352);
#11352 = CARTESIAN_POINT('',(-98.3,-45.,6.));
#11353 = SURFACE_CURVE('',#11354,(#11359,#11370),.PCURVE_S1.);
#11354 = CIRCLE('',#11355,1.7);
#11355 = AXIS2_PLACEMENT_3D('',#11356,#11357,#11358);
#11356 = CARTESIAN_POINT('',(-100.,-45.,6.));
#11357 = DIRECTION('',(0.,0.,-1.));
#11358 = DIRECTION('',(1.,0.,0.));
#11359 = PCURVE('',#9886,#11360);
#11360 = DEFINITIONAL_REPRESENTATION('',(#11361),#11369);
#11361 = ( BOUNDED_CURVE() B_SPLINE_CURVE(2,(#11362,#11363,#11364,#11365
    ,#11366,#11367,#11368),.UNSPECIFIED.,.T.,.F.) 
B_SPLINE_CURVE_WITH_KNOTS((1,2,2,2,2,1),(-2.094395102393,0.,
    2.094395102393,4.188790204786,6.28318530718,8.377580409573),
.UNSPECIFIED.) CURVE() GEOMETRIC_REPRESENTATION_ITEM() 
RATIONAL_B_SPLINE_CURVE((1.,0.5,1.,0.5,1.,0.5,1.)) REPRESENTATION_ITEM(
  '') );
#11362 = CARTESIAN_POINT('',(71.7,90.));
#11363 = CARTESIAN_POINT('',(71.7,87.055513627133));
#11364 = CARTESIAN_POINT('',(69.15,88.527756813566));
#11365 = CARTESIAN_POINT('',(66.6,90.));
#11366 = CARTESIAN_POINT('',(69.15,91.472243186434));
#11367 = CARTESIAN_POINT('',(71.7,92.944486372867));
#11368 = CARTESIAN_POINT('',(71.7,90.));
#11369 = ( GEOMETRIC_REPRESENTATION_CONTEXT(2) 
PARAMETRIC_REPRESENTATION_CONTEXT() REPRESENTATION_CONTEXT('2D SPACE',''
  ) );
#11370 = PCURVE('',#10333,#11371);
#11371 = DEFINITIONAL_REPRESENTATION('',(#11372),#11376);
#11372 = LINE('',#11373,#11374);
#11373 = CARTESIAN_POINT('',(-6.28318530718,-16.));
#11374 = VECTOR('',#11375,1.);
#11375 = DIRECTION('',(1.,-0.));
#11376 = ( GEOMETRIC_REPRESENTATION_CONTEXT(2) 
PARAMETRIC_REPRESENTATION_CONTEXT() REPRESENTATION_CONTEXT('2D SPACE',''
  ) );
#11377 = FACE_BOUND('',#11378,.T.);
#11378 = EDGE_LOOP('',(#11379));
#11379 = ORIENTED_EDGE('',*,*,#11380,.T.);
#11380 = EDGE_CURVE('',#11381,#11381,#11383,.T.);
#11381 = VERTEX_POINT('',#11382);
#11382 = CARTESIAN_POINT('',(-147.75,-22.,6.));
#11383 = SURFACE_CURVE('',#11384,(#11389,#11400),.PCURVE_S1.);
#11384 = CIRCLE('',#11385,2.25);
#11385 = AXIS2_PLACEMENT_3D('',#11386,#11387,#11388);
#11386 = CARTESIAN_POINT('',(-150.,-22.,6.));
#11387 = DIRECTION('',(0.,0.,-1.));
#11388 = DIRECTION('',(1.,0.,0.));
#11389 = PCURVE('',#9886,#11390);
#11390 = DEFINITIONAL_REPRESENTATION('',(#11391),#11399);
#11391 = ( BOUNDED_CURVE() B_SPLINE_CURVE(2,(#11392,#11393,#11394,#11395
    ,#11396,#11397,#11398),.UNSPECIFIED.,.T.,.F.) 
B_SPLINE_CURVE_WITH_KNOTS((1,2,2,2,2,1),(-2.094395102393,0.,
    2.094395102393,4.188790204786,6.28318530718,8.377580409573),
.UNSPECIFIED.) CURVE() GEOMETRIC_REPRESENTATION_ITEM() 
RATIONAL_B_SPLINE_CURVE((1.,0.5,1.,0.5,1.,0.5,1.)) REPRESENTATION_ITEM(
  '') );
#11392 = CARTESIAN_POINT('',(22.25,113.));
#11393 = CARTESIAN_POINT('',(22.25,109.10288568297));
#11394 = CARTESIAN_POINT('',(18.875,111.05144284148));
#11395 = CARTESIAN_POINT('',(15.5,113.));
#11396 = CARTESIAN_POINT('',(18.875,114.94855715851));
#11397 = CARTESIAN_POINT('',(22.25,116.89711431703));
#11398 = CARTESIAN_POINT('',(22.25,113.));
#11399 = ( GEOMETRIC_REPRESENTATION_CONTEXT(2) 
PARAMETRIC_REPRESENTATION_CONTEXT() REPRESENTATION_CONTEXT('2D SPACE',''
  ) );
#11400 = PCURVE('',#10368,#11401);
#11401 = DEFINITIONAL_REPRESENTATION('',(#11402),#11406);
#11402 = LINE('',#11403,#11404);
#11403 = CARTESIAN_POINT('',(-6.28318530718,-16.));
#11404 = VECTOR('',#11405,1.);
#11405 = DIRECTION('',(1.,-0.));
#11406 = ( GEOMETRIC_REPRESENTATION_CONTEXT(2) 
PARAMETRIC_REPRESENTATION_CONTEXT() REPRESENTATION_CONTEXT('2D SPACE',''
  ) );
#11407 = FACE_BOUND('',#11408,.T.);
#11408 = EDGE_LOOP('',(#11409));
#11409 = ORIENTED_EDGE('',*,*,#11410,.T.);
#11410 = EDGE_CURVE('',#11411,#11411,#11413,.T.);
#11411 = VERTEX_POINT('',#11412);
#11412 = CARTESIAN_POINT('',(-117.75,-22.,6.));
#11413 = SURFACE_CURVE('',#11414,(#11419,#11430),.PCURVE_S1.);
#11414 = CIRCLE('',#11415,2.25);
#11415 = AXIS2_PLACEMENT_3D('',#11416,#11417,#11418);
#11416 = CARTESIAN_POINT('',(-120.,-22.,6.));
#11417 = DIRECTION('',(0.,0.,-1.));
#11418 = DIRECTION('',(1.,0.,0.));
#11419 = PCURVE('',#9886,#11420);
#11420 = DEFINITIONAL_REPRESENTATION('',(#11421),#11429);
#11421 = ( BOUNDED_CURVE() B_SPLINE_CURVE(2,(#11422,#11423,#11424,#11425
    ,#11426,#11427,#11428),.UNSPECIFIED.,.T.,.F.) 
B_SPLINE_CURVE_WITH_KNOTS((1,2,2,2,2,1),(-2.094395102393,0.,
    2.094395102393,4.188790204786,6.28318530718,8.377580409573),
.UNSPECIFIED.) CURVE() GEOMETRIC_REPRESENTATION_ITEM() 
RATIONAL_B_SPLINE_CURVE((1.,0.5,1.,0.5,1.,0.5,1.)) REPRESENTATION_ITEM(
  '') );
#11422 = CARTESIAN_POINT('',(52.25,113.));
#11423 = CARTESIAN_POINT('',(52.25,109.10288568297));
#11424 = CARTESIAN_POINT('',(48.875,111.05144284148));
#11425 = CARTESIAN_POINT('',(45.5,113.));
#11426 = CARTESIAN_POINT('',(48.875,114.94855715851));
#11427 = CARTESIAN_POINT('',(52.25,116.89711431703));
#11428 = CARTESIAN_POINT('',(52.25,113.));
#11429 = ( GEOMETRIC_REPRESENTATION_CONTEXT(2) 
PARAMETRIC_REPRESENTATION_CONTEXT() REPRESENTATION_CONTEXT('2D SPACE',''
  ) );
#11430 = PCURVE('',#10403,#11431);
#11431 = DEFINITIONAL_REPRESENTATION('',(#11432),#11436);
#11432 = LINE('',#11433,#11434);
#11433 = CARTESIAN_POINT('',(-6.28318530718,-16.));
#11434 = VECTOR('',#11435,1.);
#11435 = DIRECTION('',(1.,-0.));
#11436 = ( GEOMETRIC_REPRESENTATION_CONTEXT(2) 
PARAMETRIC_REPRESENTATION_CONTEXT() REPRESENTATION_CONTEXT('2D SPACE',''
  ) );
#11437 = FACE_BOUND('',#11438,.T.);
#11438 = EDGE_LOOP('',(#11439));
#11439 = ORIENTED_EDGE('',*,*,#11440,.T.);
#11440 = EDGE_CURVE('',#11441,#11441,#11443,.T.);
#11441 = VERTEX_POINT('',#11442);
#11442 = CARTESIAN_POINT('',(-81.75,-24.,6.));
#11443 = SURFACE_CURVE('',#11444,(#11449,#11460),.PCURVE_S1.);
#11444 = CIRCLE('',#11445,2.25);
#11445 = AXIS2_PLACEMENT_3D('',#11446,#11447,#11448);
#11446 = CARTESIAN_POINT('',(-84.,-24.,6.));
#11447 = DIRECTION('',(0.,0.,-1.));
#11448 = DIRECTION('',(1.,0.,0.));
#11449 = PCURVE('',#9886,#11450);
#11450 = DEFINITIONAL_REPRESENTATION('',(#11451),#11459);
#11451 = ( BOUNDED_CURVE() B_SPLINE_CURVE(2,(#11452,#11453,#11454,#11455
    ,#11456,#11457,#11458),.UNSPECIFIED.,.T.,.F.) 
B_SPLINE_CURVE_WITH_KNOTS((1,2,2,2,2,1),(-2.094395102393,0.,
    2.094395102393,4.188790204786,6.28318530718,8.377580409573),
.UNSPECIFIED.) CURVE() GEOMETRIC_REPRESENTATION_ITEM() 
RATIONAL_B_SPLINE_CURVE((1.,0.5,1.,0.5,1.,0.5,1.)) REPRESENTATION_ITEM(
  '') );
#11452 = CARTESIAN_POINT('',(88.25,111.));
#11453 = CARTESIAN_POINT('',(88.25,107.10288568297));
#11454 = CARTESIAN_POINT('',(84.875,109.05144284148));
#11455 = CARTESIAN_POINT('',(81.5,111.));
#11456 = CARTESIAN_POINT('',(84.875,112.94855715851));
#11457 = CARTESIAN_POINT('',(88.25,114.89711431703));
#11458 = CARTESIAN_POINT('',(88.25,111.));
#11459 = ( GEOMETRIC_REPRESENTATION_CONTEXT(2) 
PARAMETRIC_REPRESENTATION_CONTEXT() REPRESENTATION_CONTEXT('2D SPACE',''
  ) );
#11460 = PCURVE('',#10438,#11461);
#11461 = DEFINITIONAL_REPRESENTATION('',(#11462),#11466);
#11462 = LINE('',#11463,#11464);
#11463 = CARTESIAN_POINT('',(-6.28318530718,-16.));
#11464 = VECTOR('',#11465,1.);
#11465 = DIRECTION('',(1.,-0.));
#11466 = ( GEOMETRIC_REPRESENTATION_CONTEXT(2) 
PARAMETRIC_REPRESENTATION_CONTEXT() REPRESENTATION_CONTEXT('2D SPACE',''
  ) );
#11467 = FACE_BOUND('',#11468,.T.);
#11468 = EDGE_LOOP('',(#11469,#11492,#11520,#11541));
#11469 = ORIENTED_EDGE('',*,*,#11470,.F.);
#11470 = EDGE_CURVE('',#11471,#11473,#11475,.T.);
#11471 = VERTEX_POINT('',#11472);
#11472 = CARTESIAN_POINT('',(-63.,-46.,6.));
#11473 = VERTEX_POINT('',#11474);
#11474 = CARTESIAN_POINT('',(-77.,-46.,6.));
#11475 = SURFACE_CURVE('',#11476,(#11480,#11486),.PCURVE_S1.);
#11476 = LINE('',#11477,#11478);
#11477 = CARTESIAN_POINT('',(-123.5,-46.,6.));
#11478 = VECTOR('',#11479,1.);
#11479 = DIRECTION('',(-1.,0.,0.));
#11480 = PCURVE('',#9886,#11481);
#11481 = DEFINITIONAL_REPRESENTATION('',(#11482),#11485);
#11482 = B_SPLINE_CURVE_WITH_KNOTS('',1,(#11483,#11484),.UNSPECIFIED.,
  .F.,.F.,(2,2),(-60.5,-46.5),.PIECEWISE_BEZIER_KNOTS.);
#11483 = CARTESIAN_POINT('',(107.,89.));
#11484 = CARTESIAN_POINT('',(93.,89.));
#11485 = ( GEOMETRIC_REPRESENTATION_CONTEXT(2) 
PARAMETRIC_REPRESENTATION_CONTEXT() REPRESENTATION_CONTEXT('2D SPACE',''
  ) );
#11486 = PCURVE('',#10469,#11487);
#11487 = DEFINITIONAL_REPRESENTATION('',(#11488),#11491);
#11488 = B_SPLINE_CURVE_WITH_KNOTS('',1,(#11489,#11490),.UNSPECIFIED.,
  .F.,.F.,(2,2),(-60.5,-46.5),.PIECEWISE_BEZIER_KNOTS.);
#11489 = CARTESIAN_POINT('',(14.,-16.));
#11490 = CARTESIAN_POINT('',(0.,-16.));
#11491 = ( GEOMETRIC_REPRESENTATION_CONTEXT(2) 
PARAMETRIC_REPRESENTATION_CONTEXT() REPRESENTATION_CONTEXT('2D SPACE',''
  ) );
#11492 = ORIENTED_EDGE('',*,*,#11493,.T.);
#11493 = EDGE_CURVE('',#11471,#11494,#11496,.T.);
#11494 = VERTEX_POINT('',#11495);
#11495 = CARTESIAN_POINT('',(-63.,-50.,6.));
#11496 = SURFACE_CURVE('',#11497,(#11502,#11513),.PCURVE_S1.);
#11497 = CIRCLE('',#11498,2.);
#11498 = AXIS2_PLACEMENT_3D('',#11499,#11500,#11501);
#11499 = CARTESIAN_POINT('',(-63.,-48.,6.));
#11500 = DIRECTION('',(0.,0.,-1.));
#11501 = DIRECTION('',(0.,1.,0.));
#11502 = PCURVE('',#9886,#11503);
#11503 = DEFINITIONAL_REPRESENTATION('',(#11504),#11512);
#11504 = ( BOUNDED_CURVE() B_SPLINE_CURVE(2,(#11505,#11506,#11507,#11508
    ,#11509,#11510,#11511),.UNSPECIFIED.,.T.,.F.) 
B_SPLINE_CURVE_WITH_KNOTS((1,2,2,2,2,1),(-2.094395102393,0.,
    2.094395102393,4.188790204786,6.28318530718,8.377580409573),
.UNSPECIFIED.) CURVE() GEOMETRIC_REPRESENTATION_ITEM() 
RATIONAL_B_SPLINE_CURVE((1.,0.5,1.,0.5,1.,0.5,1.)) REPRESENTATION_ITEM(
  '') );
#11505 = CARTESIAN_POINT('',(107.,89.));
#11506 = CARTESIAN_POINT('',(110.46410161513,89.));
#11507 = CARTESIAN_POINT('',(108.73205080756,86.));
#11508 = CARTESIAN_POINT('',(107.,83.));
#11509 = CARTESIAN_POINT('',(105.26794919243,86.));
#11510 = CARTESIAN_POINT('',(103.53589838486,89.));
#11511 = CARTESIAN_POINT('',(107.,89.));
#11512 = ( GEOMETRIC_REPRESENTATION_CONTEXT(2) 
PARAMETRIC_REPRESENTATION_CONTEXT() REPRESENTATION_CONTEXT('2D SPACE',''
  ) );
#11513 = PCURVE('',#10501,#11514);
#11514 = DEFINITIONAL_REPRESENTATION('',(#11515),#11519);
#11515 = LINE('',#11516,#11517);
#11516 = CARTESIAN_POINT('',(0.,-16.));
#11517 = VECTOR('',#11518,1.);
#11518 = DIRECTION('',(1.,0.));
#11519 = ( GEOMETRIC_REPRESENTATION_CONTEXT(2) 
PARAMETRIC_REPRESENTATION_CONTEXT() REPRESENTATION_CONTEXT('2D SPACE',''
  ) );
#11520 = ORIENTED_EDGE('',*,*,#11521,.F.);
#11521 = EDGE_CURVE('',#11522,#11494,#11524,.T.);
#11522 = VERTEX_POINT('',#11523);
#11523 = CARTESIAN_POINT('',(-77.,-50.,6.));
#11524 = SURFACE_CURVE('',#11525,(#11529,#11535),.PCURVE_S1.);
#11525 = LINE('',#11526,#11527);
#11526 = CARTESIAN_POINT('',(-116.5,-50.,6.));
#11527 = VECTOR('',#11528,1.);
#11528 = DIRECTION('',(1.,0.,-0.));
#11529 = PCURVE('',#9886,#11530);
#11530 = DEFINITIONAL_REPRESENTATION('',(#11531),#11534);
#11531 = B_SPLINE_CURVE_WITH_KNOTS('',1,(#11532,#11533),.UNSPECIFIED.,
  .F.,.F.,(2,2),(39.5,53.5),.PIECEWISE_BEZIER_KNOTS.);
#11532 = CARTESIAN_POINT('',(93.,85.));
#11533 = CARTESIAN_POINT('',(107.,85.));
#11534 = ( GEOMETRIC_REPRESENTATION_CONTEXT(2) 
PARAMETRIC_REPRESENTATION_CONTEXT() REPRESENTATION_CONTEXT('2D SPACE',''
  ) );
#11535 = PCURVE('',#10528,#11536);
#11536 = DEFINITIONAL_REPRESENTATION('',(#11537),#11540);
#11537 = B_SPLINE_CURVE_WITH_KNOTS('',1,(#11538,#11539),.UNSPECIFIED.,
  .F.,.F.,(2,2),(39.5,53.5),.PIECEWISE_BEZIER_KNOTS.);
#11538 = CARTESIAN_POINT('',(14.,-16.));
#11539 = CARTESIAN_POINT('',(0.,-16.));
#11540 = ( GEOMETRIC_REPRESENTATION_CONTEXT(2) 
PARAMETRIC_REPRESENTATION_CONTEXT() REPRESENTATION_CONTEXT('2D SPACE',''
  ) );
#11541 = ORIENTED_EDGE('',*,*,#11542,.T.);
#11542 = EDGE_CURVE('',#11522,#11473,#11543,.T.);
#11543 = SURFACE_CURVE('',#11544,(#11549,#11560),.PCURVE_S1.);
#11544 = CIRCLE('',#11545,2.);
#11545 = AXIS2_PLACEMENT_3D('',#11546,#11547,#11548);
#11546 = CARTESIAN_POINT('',(-77.,-48.,6.));
#11547 = DIRECTION('',(0.,-0.,-1.));
#11548 = DIRECTION('',(0.,-1.,0.));
#11549 = PCURVE('',#9886,#11550);
#11550 = DEFINITIONAL_REPRESENTATION('',(#11551),#11559);
#11551 = ( BOUNDED_CURVE() B_SPLINE_CURVE(2,(#11552,#11553,#11554,#11555
    ,#11556,#11557,#11558),.UNSPECIFIED.,.T.,.F.) 
B_SPLINE_CURVE_WITH_KNOTS((1,2,2,2,2,1),(-2.094395102393,0.,
    2.094395102393,4.188790204786,6.28318530718,8.377580409573),
.UNSPECIFIED.) CURVE() GEOMETRIC_REPRESENTATION_ITEM() 
RATIONAL_B_SPLINE_CURVE((1.,0.5,1.,0.5,1.,0.5,1.)) REPRESENTATION_ITEM(
  '') );
#11552 = CARTESIAN_POINT('',(93.,85.));
#11553 = CARTESIAN_POINT('',(89.535898384862,85.));
#11554 = CARTESIAN_POINT('',(91.267949192431,88.));
#11555 = CARTESIAN_POINT('',(93.,91.));
#11556 = CARTESIAN_POINT('',(94.732050807569,88.));
#11557 = CARTESIAN_POINT('',(96.464101615138,85.));
#11558 = CARTESIAN_POINT('',(93.,85.));
#11559 = ( GEOMETRIC_REPRESENTATION_CONTEXT(2) 
PARAMETRIC_REPRESENTATION_CONTEXT() REPRESENTATION_CONTEXT('2D SPACE',''
  ) );
#11560 = PCURVE('',#10558,#11561);
#11561 = DEFINITIONAL_REPRESENTATION('',(#11562),#11566);
#11562 = LINE('',#11563,#11564);
#11563 = CARTESIAN_POINT('',(0.,-16.));
#11564 = VECTOR('',#11565,1.);
#11565 = DIRECTION('',(1.,0.));
#11566 = ( GEOMETRIC_REPRESENTATION_CONTEXT(2) 
PARAMETRIC_REPRESENTATION_CONTEXT() REPRESENTATION_CONTEXT('2D SPACE',''
  ) );
#11567 = FACE_BOUND('',#11568,.T.);
#11568 = EDGE_LOOP('',(#11569));
#11569 = ORIENTED_EDGE('',*,*,#11570,.T.);
#11570 = EDGE_CURVE('',#11571,#11571,#11573,.T.);
#11571 = VERTEX_POINT('',#11572);
#11572 = CARTESIAN_POINT('',(-58.3,-45.,6.));
#11573 = SURFACE_CURVE('',#11574,(#11579,#11590),.PCURVE_S1.);
#11574 = CIRCLE('',#11575,1.7);
#11575 = AXIS2_PLACEMENT_3D('',#11576,#11577,#11578);
#11576 = CARTESIAN_POINT('',(-60.,-45.,6.));
#11577 = DIRECTION('',(0.,0.,-1.));
#11578 = DIRECTION('',(1.,0.,0.));
#11579 = PCURVE('',#9886,#11580);
#11580 = DEFINITIONAL_REPRESENTATION('',(#11581),#11589);
#11581 = ( BOUNDED_CURVE() B_SPLINE_CURVE(2,(#11582,#11583,#11584,#11585
    ,#11586,#11587,#11588),.UNSPECIFIED.,.T.,.F.) 
B_SPLINE_CURVE_WITH_KNOTS((1,2,2,2,2,1),(-2.094395102393,0.,
    2.094395102393,4.188790204786,6.28318530718,8.377580409573),
.UNSPECIFIED.) CURVE() GEOMETRIC_REPRESENTATION_ITEM() 
RATIONAL_B_SPLINE_CURVE((1.,0.5,1.,0.5,1.,0.5,1.)) REPRESENTATION_ITEM(
  '') );
#11582 = CARTESIAN_POINT('',(111.7,90.));
#11583 = CARTESIAN_POINT('',(111.7,87.055513627133));
#11584 = CARTESIAN_POINT('',(109.15,88.527756813566));
#11585 = CARTESIAN_POINT('',(106.6,90.));
#11586 = CARTESIAN_POINT('',(109.15,91.472243186434));
#11587 = CARTESIAN_POINT('',(111.7,92.944486372867));
#11588 = CARTESIAN_POINT('',(111.7,90.));
#11589 = ( GEOMETRIC_REPRESENTATION_CONTEXT(2) 
PARAMETRIC_REPRESENTATION_CONTEXT() REPRESENTATION_CONTEXT('2D SPACE',''
  ) );
#11590 = PCURVE('',#10593,#11591);
#11591 = DEFINITIONAL_REPRESENTATION('',(#11592),#11596);
#11592 = LINE('',#11593,#11594);
#11593 = CARTESIAN_POINT('',(-6.28318530718,-16.));
#11594 = VECTOR('',#11595,1.);
#11595 = DIRECTION('',(1.,-0.));
#11596 = ( GEOMETRIC_REPRESENTATION_CONTEXT(2) 
PARAMETRIC_REPRESENTATION_CONTEXT() REPRESENTATION_CONTEXT('2D SPACE',''
  ) );
#11597 = FACE_BOUND('',#11598,.T.);
#11598 = EDGE_LOOP('',(#11599));
#11599 = ORIENTED_EDGE('',*,*,#11600,.T.);
#11600 = EDGE_CURVE('',#11601,#11601,#11603,.T.);
#11601 = VERTEX_POINT('',#11602);
#11602 = CARTESIAN_POINT('',(-63.75,-24.,6.));
#11603 = SURFACE_CURVE('',#11604,(#11609,#11620),.PCURVE_S1.);
#11604 = CIRCLE('',#11605,2.25);
#11605 = AXIS2_PLACEMENT_3D('',#11606,#11607,#11608);
#11606 = CARTESIAN_POINT('',(-66.,-24.,6.));
#11607 = DIRECTION('',(0.,0.,-1.));
#11608 = DIRECTION('',(1.,0.,0.));
#11609 = PCURVE('',#9886,#11610);
#11610 = DEFINITIONAL_REPRESENTATION('',(#11611),#11619);
#11611 = ( BOUNDED_CURVE() B_SPLINE_CURVE(2,(#11612,#11613,#11614,#11615
    ,#11616,#11617,#11618),.UNSPECIFIED.,.T.,.F.) 
B_SPLINE_CURVE_WITH_KNOTS((1,2,2,2,2,1),(-2.094395102393,0.,
    2.094395102393,4.188790204786,6.28318530718,8.377580409573),
.UNSPECIFIED.) CURVE() GEOMETRIC_REPRESENTATION_ITEM() 
RATIONAL_B_SPLINE_CURVE((1.,0.5,1.,0.5,1.,0.5,1.)) REPRESENTATION_ITEM(
  '') );
#11612 = CARTESIAN_POINT('',(106.25,111.));
#11613 = CARTESIAN_POINT('',(106.25,107.10288568297));
#11614 = CARTESIAN_POINT('',(102.875,109.05144284148));
#11615 = CARTESIAN_POINT('',(99.5,111.));
#11616 = CARTESIAN_POINT('',(102.875,112.94855715851));
#11617 = CARTESIAN_POINT('',(106.25,114.89711431703));
#11618 = CARTESIAN_POINT('',(106.25,111.));
#11619 = ( GEOMETRIC_REPRESENTATION_CONTEXT(2) 
PARAMETRIC_REPRESENTATION_CONTEXT() REPRESENTATION_CONTEXT('2D SPACE',''
  ) );
#11620 = PCURVE('',#10628,#11621);
#11621 = DEFINITIONAL_REPRESENTATION('',(#11622),#11626);
#11622 = LINE('',#11623,#11624);
#11623 = CARTESIAN_POINT('',(-6.28318530718,-16.));
#11624 = VECTOR('',#11625,1.);
#11625 = DIRECTION('',(1.,-0.));
#11626 = ( GEOMETRIC_REPRESENTATION_CONTEXT(2) 
PARAMETRIC_REPRESENTATION_CONTEXT() REPRESENTATION_CONTEXT('2D SPACE',''
  ) );
#11627 = ADVANCED_FACE('',(#11628),#9968,.F.);
#11628 = FACE_BOUND('',#11629,.T.);
#11629 = EDGE_LOOP('',(#11630,#11631,#11652,#11653));
#11630 = ORIENTED_EDGE('',*,*,#9947,.T.);
#11631 = ORIENTED_EDGE('',*,*,#11632,.T.);
#11632 = EDGE_CURVE('',#9948,#10927,#11633,.T.);
#11633 = SEAM_CURVE('',#11634,(#11638,#11645),.PCURVE_S1.);
#11634 = LINE('',#11635,#11636);
#11635 = CARTESIAN_POINT('',(-138.3,-90.,-10.));
#11636 = VECTOR('',#11637,1.);
#11637 = DIRECTION('',(0.,0.,1.));
#11638 = PCURVE('',#9968,#11639);
#11639 = DEFINITIONAL_REPRESENTATION('',(#11640),#11644);
#11640 = LINE('',#11641,#11642);
#11641 = CARTESIAN_POINT('',(-6.28318530718,0.));
#11642 = VECTOR('',#11643,1.);
#11643 = DIRECTION('',(-0.,-1.));
#11644 = ( GEOMETRIC_REPRESENTATION_CONTEXT(2) 
PARAMETRIC_REPRESENTATION_CONTEXT() REPRESENTATION_CONTEXT('2D SPACE',''
  ) );
#11645 = PCURVE('',#9968,#11646);
#11646 = DEFINITIONAL_REPRESENTATION('',(#11647),#11651);
#11647 = LINE('',#11648,#11649);
#11648 = CARTESIAN_POINT('',(-0.,0.));
#11649 = VECTOR('',#11650,1.);
#11650 = DIRECTION('',(-0.,-1.));
#11651 = ( GEOMETRIC_REPRESENTATION_CONTEXT(2) 
PARAMETRIC_REPRESENTATION_CONTEXT() REPRESENTATION_CONTEXT('2D SPACE',''
  ) );
#11652 = ORIENTED_EDGE('',*,*,#10926,.F.);
#11653 = ORIENTED_EDGE('',*,*,#11632,.F.);
#11654 = ADVANCED_FACE('',(#11655),#10003,.F.);
#11655 = FACE_BOUND('',#11656,.T.);
#11656 = EDGE_LOOP('',(#11657,#11658,#11679,#11680));
#11657 = ORIENTED_EDGE('',*,*,#9982,.T.);
#11658 = ORIENTED_EDGE('',*,*,#11659,.T.);
#11659 = EDGE_CURVE('',#9983,#10987,#11660,.T.);
#11660 = SEAM_CURVE('',#11661,(#11665,#11672),.PCURVE_S1.);
#11661 = LINE('',#11662,#11663);
#11662 = CARTESIAN_POINT('',(-98.3,-90.,-10.));
#11663 = VECTOR('',#11664,1.);
#11664 = DIRECTION('',(0.,0.,1.));
#11665 = PCURVE('',#10003,#11666);
#11666 = DEFINITIONAL_REPRESENTATION('',(#11667),#11671);
#11667 = LINE('',#11668,#11669);
#11668 = CARTESIAN_POINT('',(-6.28318530718,0.));
#11669 = VECTOR('',#11670,1.);
#11670 = DIRECTION('',(-0.,-1.));
#11671 = ( GEOMETRIC_REPRESENTATION_CONTEXT(2) 
PARAMETRIC_REPRESENTATION_CONTEXT() REPRESENTATION_CONTEXT('2D SPACE',''
  ) );
#11672 = PCURVE('',#10003,#11673);
#11673 = DEFINITIONAL_REPRESENTATION('',(#11674),#11678);
#11674 = LINE('',#11675,#11676);
#11675 = CARTESIAN_POINT('',(-0.,0.));
#11676 = VECTOR('',#11677,1.);
#11677 = DIRECTION('',(-0.,-1.));
#11678 = ( GEOMETRIC_REPRESENTATION_CONTEXT(2) 
PARAMETRIC_REPRESENTATION_CONTEXT() REPRESENTATION_CONTEXT('2D SPACE',''
  ) );
#11679 = ORIENTED_EDGE('',*,*,#10986,.F.);
#11680 = ORIENTED_EDGE('',*,*,#11659,.F.);
#11681 = ADVANCED_FACE('',(#11682),#10038,.F.);
#11682 = FACE_BOUND('',#11683,.T.);
#11683 = EDGE_LOOP('',(#11684,#11685,#11706,#11707));
#11684 = ORIENTED_EDGE('',*,*,#10017,.T.);
#11685 = ORIENTED_EDGE('',*,*,#11686,.T.);
#11686 = EDGE_CURVE('',#10018,#10957,#11687,.T.);
#11687 = SEAM_CURVE('',#11688,(#11692,#11699),.PCURVE_S1.);
#11688 = LINE('',#11689,#11690);
#11689 = CARTESIAN_POINT('',(-122.75,-72.,-10.));
#11690 = VECTOR('',#11691,1.);
#11691 = DIRECTION('',(0.,0.,1.));
#11692 = PCURVE('',#10038,#11693);
#11693 = DEFINITIONAL_REPRESENTATION('',(#11694),#11698);
#11694 = LINE('',#11695,#11696);
#11695 = CARTESIAN_POINT('',(-6.28318530718,0.));
#11696 = VECTOR('',#11697,1.);
#11697 = DIRECTION('',(-0.,-1.));
#11698 = ( GEOMETRIC_REPRESENTATION_CONTEXT(2) 
PARAMETRIC_REPRESENTATION_CONTEXT() REPRESENTATION_CONTEXT('2D SPACE',''
  ) );
#11699 = PCURVE('',#10038,#11700);
#11700 = DEFINITIONAL_REPRESENTATION('',(#11701),#11705);
#11701 = LINE('',#11702,#11703);
#11702 = CARTESIAN_POINT('',(-0.,0.));
#11703 = VECTOR('',#11704,1.);
#11704 = DIRECTION('',(-0.,-1.));
#11705 = ( GEOMETRIC_REPRESENTATION_CONTEXT(2) 
PARAMETRIC_REPRESENTATION_CONTEXT() REPRESENTATION_CONTEXT('2D SPACE',''
  ) );
#11706 = ORIENTED_EDGE('',*,*,#10956,.F.);
#11707 = ORIENTED_EDGE('',*,*,#11686,.F.);
#11708 = ADVANCED_FACE('',(#11709),#10073,.F.);
#11709 = FACE_BOUND('',#11710,.T.);
#11710 = EDGE_LOOP('',(#11711,#11712,#11733,#11734));
#11711 = ORIENTED_EDGE('',*,*,#10052,.T.);
#11712 = ORIENTED_EDGE('',*,*,#11713,.T.);
#11713 = EDGE_CURVE('',#10053,#11231,#11714,.T.);
#11714 = SEAM_CURVE('',#11715,(#11719,#11726),.PCURVE_S1.);
#11715 = LINE('',#11716,#11717);
#11716 = CARTESIAN_POINT('',(-58.3,-90.,-10.));
#11717 = VECTOR('',#11718,1.);
#11718 = DIRECTION('',(0.,0.,1.));
#11719 = PCURVE('',#10073,#11720);
#11720 = DEFINITIONAL_REPRESENTATION('',(#11721),#11725);
#11721 = LINE('',#11722,#11723);
#11722 = CARTESIAN_POINT('',(-6.28318530718,0.));
#11723 = VECTOR('',#11724,1.);
#11724 = DIRECTION('',(-0.,-1.));
#11725 = ( GEOMETRIC_REPRESENTATION_CONTEXT(2) 
PARAMETRIC_REPRESENTATION_CONTEXT() REPRESENTATION_CONTEXT('2D SPACE',''
  ) );
#11726 = PCURVE('',#10073,#11727);
#11727 = DEFINITIONAL_REPRESENTATION('',(#11728),#11732);
#11728 = LINE('',#11729,#11730);
#11729 = CARTESIAN_POINT('',(-0.,0.));
#11730 = VECTOR('',#11731,1.);
#11731 = DIRECTION('',(-0.,-1.));
#11732 = ( GEOMETRIC_REPRESENTATION_CONTEXT(2) 
PARAMETRIC_REPRESENTATION_CONTEXT() REPRESENTATION_CONTEXT('2D SPACE',''
  ) );
#11733 = ORIENTED_EDGE('',*,*,#11230,.F.);
#11734 = ORIENTED_EDGE('',*,*,#11713,.F.);
#11735 = ADVANCED_FACE('',(#11736),#10104,.F.);
#11736 = FACE_BOUND('',#11737,.F.);
#11737 = EDGE_LOOP('',(#11738,#11739,#11760,#11761));
#11738 = ORIENTED_EDGE('',*,*,#10087,.T.);
#11739 = ORIENTED_EDGE('',*,*,#11740,.T.);
#11740 = EDGE_CURVE('',#10090,#11133,#11741,.T.);
#11741 = SURFACE_CURVE('',#11742,(#11746,#11753),.PCURVE_S1.);
#11742 = LINE('',#11743,#11744);
#11743 = CARTESIAN_POINT('',(-31.75,-109.75,-10.));
#11744 = VECTOR('',#11745,1.);
#11745 = DIRECTION('',(0.,0.,1.));
#11746 = PCURVE('',#10104,#11747);
#11747 = DEFINITIONAL_REPRESENTATION('',(#11748),#11752);
#11748 = LINE('',#11749,#11750);
#11749 = CARTESIAN_POINT('',(0.,0.));
#11750 = VECTOR('',#11751,1.);
#11751 = DIRECTION('',(0.,-1.));
#11752 = ( GEOMETRIC_REPRESENTATION_CONTEXT(2) 
PARAMETRIC_REPRESENTATION_CONTEXT() REPRESENTATION_CONTEXT('2D SPACE',''
  ) );
#11753 = PCURVE('',#10193,#11754);
#11754 = DEFINITIONAL_REPRESENTATION('',(#11755),#11759);
#11755 = LINE('',#11756,#11757);
#11756 = CARTESIAN_POINT('',(3.14159265359,0.));
#11757 = VECTOR('',#11758,1.);
#11758 = DIRECTION('',(0.,-1.));
#11759 = ( GEOMETRIC_REPRESENTATION_CONTEXT(2) 
PARAMETRIC_REPRESENTATION_CONTEXT() REPRESENTATION_CONTEXT('2D SPACE',''
  ) );
#11760 = ORIENTED_EDGE('',*,*,#11130,.F.);
#11761 = ORIENTED_EDGE('',*,*,#11762,.F.);
#11762 = EDGE_CURVE('',#10088,#11131,#11763,.T.);
#11763 = SURFACE_CURVE('',#11764,(#11768,#11775),.PCURVE_S1.);
#11764 = LINE('',#11765,#11766);
#11765 = CARTESIAN_POINT('',(-8.25,-109.75,-10.));
#11766 = VECTOR('',#11767,1.);
#11767 = DIRECTION('',(0.,0.,1.));
#11768 = PCURVE('',#10104,#11769);
#11769 = DEFINITIONAL_REPRESENTATION('',(#11770),#11774);
#11770 = LINE('',#11771,#11772);
#11771 = CARTESIAN_POINT('',(23.5,0.));
#11772 = VECTOR('',#11773,1.);
#11773 = DIRECTION('',(0.,-1.));
#11774 = ( GEOMETRIC_REPRESENTATION_CONTEXT(2) 
PARAMETRIC_REPRESENTATION_CONTEXT() REPRESENTATION_CONTEXT('2D SPACE',''
  ) );
#11775 = PCURVE('',#10136,#11776);
#11776 = DEFINITIONAL_REPRESENTATION('',(#11777),#11781);
#11777 = LINE('',#11778,#11779);
#11778 = CARTESIAN_POINT('',(0.,0.));
#11779 = VECTOR('',#11780,1.);
#11780 = DIRECTION('',(0.,-1.));
#11781 = ( GEOMETRIC_REPRESENTATION_CONTEXT(2) 
PARAMETRIC_REPRESENTATION_CONTEXT() REPRESENTATION_CONTEXT('2D SPACE',''
  ) );
#11782 = ADVANCED_FACE('',(#11783),#10136,.F.);
#11783 = FACE_BOUND('',#11784,.F.);
#11784 = EDGE_LOOP('',(#11785,#11786,#11787,#11788));
#11785 = ORIENTED_EDGE('',*,*,#10115,.F.);
#11786 = ORIENTED_EDGE('',*,*,#11762,.T.);
#11787 = ORIENTED_EDGE('',*,*,#11153,.T.);
#11788 = ORIENTED_EDGE('',*,*,#11789,.F.);
#11789 = EDGE_CURVE('',#10116,#11154,#11790,.T.);
#11790 = SURFACE_CURVE('',#11791,(#11795,#11802),.PCURVE_S1.);
#11791 = LINE('',#11792,#11793);
#11792 = CARTESIAN_POINT('',(-8.25,-114.25,-10.));
#11793 = VECTOR('',#11794,1.);
#11794 = DIRECTION('',(0.,0.,1.));
#11795 = PCURVE('',#10136,#11796);
#11796 = DEFINITIONAL_REPRESENTATION('',(#11797),#11801);
#11797 = LINE('',#11798,#11799);
#11798 = CARTESIAN_POINT('',(3.14159265359,0.));
#11799 = VECTOR('',#11800,1.);
#11800 = DIRECTION('',(0.,-1.));
#11801 = ( GEOMETRIC_REPRESENTATION_CONTEXT(2) 
PARAMETRIC_REPRESENTATION_CONTEXT() REPRESENTATION_CONTEXT('2D SPACE',''
  ) );
#11802 = PCURVE('',#10163,#11803);
#11803 = DEFINITIONAL_REPRESENTATION('',(#11804),#11808);
#11804 = LINE('',#11805,#11806);
#11805 = CARTESIAN_POINT('',(0.,-0.));
#11806 = VECTOR('',#11807,1.);
#11807 = DIRECTION('',(0.,-1.));
#11808 = ( GEOMETRIC_REPRESENTATION_CONTEXT(2) 
PARAMETRIC_REPRESENTATION_CONTEXT() REPRESENTATION_CONTEXT('2D SPACE',''
  ) );
#11809 = ADVANCED_FACE('',(#11810),#10193,.F.);
#11810 = FACE_BOUND('',#11811,.F.);
#11811 = EDGE_LOOP('',(#11812,#11813,#11834,#11835));
#11812 = ORIENTED_EDGE('',*,*,#10174,.F.);
#11813 = ORIENTED_EDGE('',*,*,#11814,.T.);
#11814 = EDGE_CURVE('',#10149,#11182,#11815,.T.);
#11815 = SURFACE_CURVE('',#11816,(#11820,#11827),.PCURVE_S1.);
#11816 = LINE('',#11817,#11818);
#11817 = CARTESIAN_POINT('',(-31.75,-114.25,-10.));
#11818 = VECTOR('',#11819,1.);
#11819 = DIRECTION('',(0.,0.,1.));
#11820 = PCURVE('',#10193,#11821);
#11821 = DEFINITIONAL_REPRESENTATION('',(#11822),#11826);
#11822 = LINE('',#11823,#11824);
#11823 = CARTESIAN_POINT('',(0.,0.));
#11824 = VECTOR('',#11825,1.);
#11825 = DIRECTION('',(0.,-1.));
#11826 = ( GEOMETRIC_REPRESENTATION_CONTEXT(2) 
PARAMETRIC_REPRESENTATION_CONTEXT() REPRESENTATION_CONTEXT('2D SPACE',''
  ) );
#11827 = PCURVE('',#10163,#11828);
#11828 = DEFINITIONAL_REPRESENTATION('',(#11829),#11833);
#11829 = LINE('',#11830,#11831);
#11830 = CARTESIAN_POINT('',(23.5,0.));
#11831 = VECTOR('',#11832,1.);
#11832 = DIRECTION('',(0.,-1.));
#11833 = ( GEOMETRIC_REPRESENTATION_CONTEXT(2) 
PARAMETRIC_REPRESENTATION_CONTEXT() REPRESENTATION_CONTEXT('2D SPACE',''
  ) );
#11834 = ORIENTED_EDGE('',*,*,#11202,.T.);
#11835 = ORIENTED_EDGE('',*,*,#11740,.F.);
#11836 = ADVANCED_FACE('',(#11837),#10163,.F.);
#11837 = FACE_BOUND('',#11838,.F.);
#11838 = EDGE_LOOP('',(#11839,#11840,#11841,#11842));
#11839 = ORIENTED_EDGE('',*,*,#10148,.T.);
#11840 = ORIENTED_EDGE('',*,*,#11789,.T.);
#11841 = ORIENTED_EDGE('',*,*,#11181,.F.);
#11842 = ORIENTED_EDGE('',*,*,#11814,.F.);
#11843 = ADVANCED_FACE('',(#11844),#10228,.F.);
#11844 = FACE_BOUND('',#11845,.T.);
#11845 = EDGE_LOOP('',(#11846,#11847,#11868,#11869));
#11846 = ORIENTED_EDGE('',*,*,#10207,.T.);
#11847 = ORIENTED_EDGE('',*,*,#11848,.T.);
#11848 = EDGE_CURVE('',#10208,#11261,#11849,.T.);
#11849 = SEAM_CURVE('',#11850,(#11854,#11861),.PCURVE_S1.);
#11850 = LINE('',#11851,#11852);
#11851 = CARTESIAN_POINT('',(-21.75,-79.,-10.));
#11852 = VECTOR('',#11853,1.);
#11853 = DIRECTION('',(0.,0.,1.));
#11854 = PCURVE('',#10228,#11855);
#11855 = DEFINITIONAL_REPRESENTATION('',(#11856),#11860);
#11856 = LINE('',#11857,#11858);
#11857 = CARTESIAN_POINT('',(-6.28318530718,0.));
#11858 = VECTOR('',#11859,1.);
#11859 = DIRECTION('',(-0.,-1.));
#11860 = ( GEOMETRIC_REPRESENTATION_CONTEXT(2) 
PARAMETRIC_REPRESENTATION_CONTEXT() REPRESENTATION_CONTEXT('2D SPACE',''
  ) );
#11861 = PCURVE('',#10228,#11862);
#11862 = DEFINITIONAL_REPRESENTATION('',(#11863),#11867);
#11863 = LINE('',#11864,#11865);
#11864 = CARTESIAN_POINT('',(-0.,0.));
#11865 = VECTOR('',#11866,1.);
#11866 = DIRECTION('',(-0.,-1.));
#11867 = ( GEOMETRIC_REPRESENTATION_CONTEXT(2) 
PARAMETRIC_REPRESENTATION_CONTEXT() REPRESENTATION_CONTEXT('2D SPACE',''
  ) );
#11868 = ORIENTED_EDGE('',*,*,#11260,.F.);
#11869 = ORIENTED_EDGE('',*,*,#11848,.F.);
#11870 = ADVANCED_FACE('',(#11871),#10263,.F.);
#11871 = FACE_BOUND('',#11872,.T.);
#11872 = EDGE_LOOP('',(#11873,#11874,#11895,#11896));
#11873 = ORIENTED_EDGE('',*,*,#10242,.T.);
#11874 = ORIENTED_EDGE('',*,*,#11875,.T.);
#11875 = EDGE_CURVE('',#10243,#11291,#11876,.T.);
#11876 = SEAM_CURVE('',#11877,(#11881,#11888),.PCURVE_S1.);
#11877 = LINE('',#11878,#11879);
#11878 = CARTESIAN_POINT('',(-21.75,-61.,-10.));
#11879 = VECTOR('',#11880,1.);
#11880 = DIRECTION('',(0.,0.,1.));
#11881 = PCURVE('',#10263,#11882);
#11882 = DEFINITIONAL_REPRESENTATION('',(#11883),#11887);
#11883 = LINE('',#11884,#11885);
#11884 = CARTESIAN_POINT('',(-6.28318530718,0.));
#11885 = VECTOR('',#11886,1.);
#11886 = DIRECTION('',(-0.,-1.));
#11887 = ( GEOMETRIC_REPRESENTATION_CONTEXT(2) 
PARAMETRIC_REPRESENTATION_CONTEXT() REPRESENTATION_CONTEXT('2D SPACE',''
  ) );
#11888 = PCURVE('',#10263,#11889);
#11889 = DEFINITIONAL_REPRESENTATION('',(#11890),#11894);
#11890 = LINE('',#11891,#11892);
#11891 = CARTESIAN_POINT('',(-0.,0.));
#11892 = VECTOR('',#11893,1.);
#11893 = DIRECTION('',(-0.,-1.));
#11894 = ( GEOMETRIC_REPRESENTATION_CONTEXT(2) 
PARAMETRIC_REPRESENTATION_CONTEXT() REPRESENTATION_CONTEXT('2D SPACE',''
  ) );
#11895 = ORIENTED_EDGE('',*,*,#11290,.F.);
#11896 = ORIENTED_EDGE('',*,*,#11875,.F.);
#11897 = ADVANCED_FACE('',(#11898),#10298,.F.);
#11898 = FACE_BOUND('',#11899,.T.);
#11899 = EDGE_LOOP('',(#11900,#11901,#11922,#11923));
#11900 = ORIENTED_EDGE('',*,*,#10277,.T.);
#11901 = ORIENTED_EDGE('',*,*,#11902,.T.);
#11902 = EDGE_CURVE('',#10278,#11321,#11903,.T.);
#11903 = SEAM_CURVE('',#11904,(#11908,#11915),.PCURVE_S1.);
#11904 = LINE('',#11905,#11906);
#11905 = CARTESIAN_POINT('',(-138.3,-45.,-10.));
#11906 = VECTOR('',#11907,1.);
#11907 = DIRECTION('',(0.,0.,1.));
#11908 = PCURVE('',#10298,#11909);
#11909 = DEFINITIONAL_REPRESENTATION('',(#11910),#11914);
#11910 = LINE('',#11911,#11912);
#11911 = CARTESIAN_POINT('',(-6.28318530718,0.));
#11912 = VECTOR('',#11913,1.);
#11913 = DIRECTION('',(-0.,-1.));
#11914 = ( GEOMETRIC_REPRESENTATION_CONTEXT(2) 
PARAMETRIC_REPRESENTATION_CONTEXT() REPRESENTATION_CONTEXT('2D SPACE',''
  ) );
#11915 = PCURVE('',#10298,#11916);
#11916 = DEFINITIONAL_REPRESENTATION('',(#11917),#11921);
#11917 = LINE('',#11918,#11919);
#11918 = CARTESIAN_POINT('',(-0.,0.));
#11919 = VECTOR('',#11920,1.);
#11920 = DIRECTION('',(-0.,-1.));
#11921 = ( GEOMETRIC_REPRESENTATION_CONTEXT(2) 
PARAMETRIC_REPRESENTATION_CONTEXT() REPRESENTATION_CONTEXT('2D SPACE',''
  ) );
#11922 = ORIENTED_EDGE('',*,*,#11320,.F.);
#11923 = ORIENTED_EDGE('',*,*,#11902,.F.);
#11924 = ADVANCED_FACE('',(#11925),#10333,.F.);
#11925 = FACE_BOUND('',#11926,.T.);
#11926 = EDGE_LOOP('',(#11927,#11928,#11949,#11950));
#11927 = ORIENTED_EDGE('',*,*,#10312,.T.);
#11928 = ORIENTED_EDGE('',*,*,#11929,.T.);
#11929 = EDGE_CURVE('',#10313,#11351,#11930,.T.);
#11930 = SEAM_CURVE('',#11931,(#11935,#11942),.PCURVE_S1.);
#11931 = LINE('',#11932,#11933);
#11932 = CARTESIAN_POINT('',(-98.3,-45.,-10.));
#11933 = VECTOR('',#11934,1.);
#11934 = DIRECTION('',(0.,0.,1.));
#11935 = PCURVE('',#10333,#11936);
#11936 = DEFINITIONAL_REPRESENTATION('',(#11937),#11941);
#11937 = LINE('',#11938,#11939);
#11938 = CARTESIAN_POINT('',(-6.28318530718,0.));
#11939 = VECTOR('',#11940,1.);
#11940 = DIRECTION('',(-0.,-1.));
#11941 = ( GEOMETRIC_REPRESENTATION_CONTEXT(2) 
PARAMETRIC_REPRESENTATION_CONTEXT() REPRESENTATION_CONTEXT('2D SPACE',''
  ) );
#11942 = PCURVE('',#10333,#11943);
#11943 = DEFINITIONAL_REPRESENTATION('',(#11944),#11948);
#11944 = LINE('',#11945,#11946);
#11945 = CARTESIAN_POINT('',(-0.,0.));
#11946 = VECTOR('',#11947,1.);
#11947 = DIRECTION('',(-0.,-1.));
#11948 = ( GEOMETRIC_REPRESENTATION_CONTEXT(2) 
PARAMETRIC_REPRESENTATION_CONTEXT() REPRESENTATION_CONTEXT('2D SPACE',''
  ) );
#11949 = ORIENTED_EDGE('',*,*,#11350,.F.);
#11950 = ORIENTED_EDGE('',*,*,#11929,.F.);
#11951 = ADVANCED_FACE('',(#11952),#10368,.F.);
#11952 = FACE_BOUND('',#11953,.T.);
#11953 = EDGE_LOOP('',(#11954,#11955,#11976,#11977));
#11954 = ORIENTED_EDGE('',*,*,#10347,.T.);
#11955 = ORIENTED_EDGE('',*,*,#11956,.T.);
#11956 = EDGE_CURVE('',#10348,#11381,#11957,.T.);
#11957 = SEAM_CURVE('',#11958,(#11962,#11969),.PCURVE_S1.);
#11958 = LINE('',#11959,#11960);
#11959 = CARTESIAN_POINT('',(-147.75,-22.,-10.));
#11960 = VECTOR('',#11961,1.);
#11961 = DIRECTION('',(0.,0.,1.));
#11962 = PCURVE('',#10368,#11963);
#11963 = DEFINITIONAL_REPRESENTATION('',(#11964),#11968);
#11964 = LINE('',#11965,#11966);
#11965 = CARTESIAN_POINT('',(-6.28318530718,0.));
#11966 = VECTOR('',#11967,1.);
#11967 = DIRECTION('',(-0.,-1.));
#11968 = ( GEOMETRIC_REPRESENTATION_CONTEXT(2) 
PARAMETRIC_REPRESENTATION_CONTEXT() REPRESENTATION_CONTEXT('2D SPACE',''
  ) );
#11969 = PCURVE('',#10368,#11970);
#11970 = DEFINITIONAL_REPRESENTATION('',(#11971),#11975);
#11971 = LINE('',#11972,#11973);
#11972 = CARTESIAN_POINT('',(-0.,0.));
#11973 = VECTOR('',#11974,1.);
#11974 = DIRECTION('',(-0.,-1.));
#11975 = ( GEOMETRIC_REPRESENTATION_CONTEXT(2) 
PARAMETRIC_REPRESENTATION_CONTEXT() REPRESENTATION_CONTEXT('2D SPACE',''
  ) );
#11976 = ORIENTED_EDGE('',*,*,#11380,.F.);
#11977 = ORIENTED_EDGE('',*,*,#11956,.F.);
#11978 = ADVANCED_FACE('',(#11979),#10403,.F.);
#11979 = FACE_BOUND('',#11980,.T.);
#11980 = EDGE_LOOP('',(#11981,#11982,#12003,#12004));
#11981 = ORIENTED_EDGE('',*,*,#10382,.T.);
#11982 = ORIENTED_EDGE('',*,*,#11983,.T.);
#11983 = EDGE_CURVE('',#10383,#11411,#11984,.T.);
#11984 = SEAM_CURVE('',#11985,(#11989,#11996),.PCURVE_S1.);
#11985 = LINE('',#11986,#11987);
#11986 = CARTESIAN_POINT('',(-117.75,-22.,-10.));
#11987 = VECTOR('',#11988,1.);
#11988 = DIRECTION('',(0.,0.,1.));
#11989 = PCURVE('',#10403,#11990);
#11990 = DEFINITIONAL_REPRESENTATION('',(#11991),#11995);
#11991 = LINE('',#11992,#11993);
#11992 = CARTESIAN_POINT('',(-6.28318530718,0.));
#11993 = VECTOR('',#11994,1.);
#11994 = DIRECTION('',(-0.,-1.));
#11995 = ( GEOMETRIC_REPRESENTATION_CONTEXT(2) 
PARAMETRIC_REPRESENTATION_CONTEXT() REPRESENTATION_CONTEXT('2D SPACE',''
  ) );
#11996 = PCURVE('',#10403,#11997);
#11997 = DEFINITIONAL_REPRESENTATION('',(#11998),#12002);
#11998 = LINE('',#11999,#12000);
#11999 = CARTESIAN_POINT('',(-0.,0.));
#12000 = VECTOR('',#12001,1.);
#12001 = DIRECTION('',(-0.,-1.));
#12002 = ( GEOMETRIC_REPRESENTATION_CONTEXT(2) 
PARAMETRIC_REPRESENTATION_CONTEXT() REPRESENTATION_CONTEXT('2D SPACE',''
  ) );
#12003 = ORIENTED_EDGE('',*,*,#11410,.F.);
#12004 = ORIENTED_EDGE('',*,*,#11983,.F.);
#12005 = ADVANCED_FACE('',(#12006),#10438,.F.);
#12006 = FACE_BOUND('',#12007,.T.);
#12007 = EDGE_LOOP('',(#12008,#12009,#12030,#12031));
#12008 = ORIENTED_EDGE('',*,*,#10417,.T.);
#12009 = ORIENTED_EDGE('',*,*,#12010,.T.);
#12010 = EDGE_CURVE('',#10418,#11441,#12011,.T.);
#12011 = SEAM_CURVE('',#12012,(#12016,#12023),.PCURVE_S1.);
#12012 = LINE('',#12013,#12014);
#12013 = CARTESIAN_POINT('',(-81.75,-24.,-10.));
#12014 = VECTOR('',#12015,1.);
#12015 = DIRECTION('',(0.,0.,1.));
#12016 = PCURVE('',#10438,#12017);
#12017 = DEFINITIONAL_REPRESENTATION('',(#12018),#12022);
#12018 = LINE('',#12019,#12020);
#12019 = CARTESIAN_POINT('',(-6.28318530718,0.));
#12020 = VECTOR('',#12021,1.);
#12021 = DIRECTION('',(-0.,-1.));
#12022 = ( GEOMETRIC_REPRESENTATION_CONTEXT(2) 
PARAMETRIC_REPRESENTATION_CONTEXT() REPRESENTATION_CONTEXT('2D SPACE',''
  ) );
#12023 = PCURVE('',#10438,#12024);
#12024 = DEFINITIONAL_REPRESENTATION('',(#12025),#12029);
#12025 = LINE('',#12026,#12027);
#12026 = CARTESIAN_POINT('',(-0.,0.));
#12027 = VECTOR('',#12028,1.);
#12028 = DIRECTION('',(-0.,-1.));
#12029 = ( GEOMETRIC_REPRESENTATION_CONTEXT(2) 
PARAMETRIC_REPRESENTATION_CONTEXT() REPRESENTATION_CONTEXT('2D SPACE',''
  ) );
#12030 = ORIENTED_EDGE('',*,*,#11440,.F.);
#12031 = ORIENTED_EDGE('',*,*,#12010,.F.);
#12032 = ADVANCED_FACE('',(#12033),#10469,.F.);
#12033 = FACE_BOUND('',#12034,.F.);
#12034 = EDGE_LOOP('',(#12035,#12036,#12057,#12058));
#12035 = ORIENTED_EDGE('',*,*,#10452,.T.);
#12036 = ORIENTED_EDGE('',*,*,#12037,.T.);
#12037 = EDGE_CURVE('',#10455,#11473,#12038,.T.);
#12038 = SURFACE_CURVE('',#12039,(#12043,#12050),.PCURVE_S1.);
#12039 = LINE('',#12040,#12041);
#12040 = CARTESIAN_POINT('',(-77.,-46.,-10.));
#12041 = VECTOR('',#12042,1.);
#12042 = DIRECTION('',(0.,0.,1.));
#12043 = PCURVE('',#10469,#12044);
#12044 = DEFINITIONAL_REPRESENTATION('',(#12045),#12049);
#12045 = LINE('',#12046,#12047);
#12046 = CARTESIAN_POINT('',(0.,0.));
#12047 = VECTOR('',#12048,1.);
#12048 = DIRECTION('',(0.,-1.));
#12049 = ( GEOMETRIC_REPRESENTATION_CONTEXT(2) 
PARAMETRIC_REPRESENTATION_CONTEXT() REPRESENTATION_CONTEXT('2D SPACE',''
  ) );
#12050 = PCURVE('',#10558,#12051);
#12051 = DEFINITIONAL_REPRESENTATION('',(#12052),#12056);
#12052 = LINE('',#12053,#12054);
#12053 = CARTESIAN_POINT('',(3.14159265359,0.));
#12054 = VECTOR('',#12055,1.);
#12055 = DIRECTION('',(0.,-1.));
#12056 = ( GEOMETRIC_REPRESENTATION_CONTEXT(2) 
PARAMETRIC_REPRESENTATION_CONTEXT() REPRESENTATION_CONTEXT('2D SPACE',''
  ) );
#12057 = ORIENTED_EDGE('',*,*,#11470,.F.);
#12058 = ORIENTED_EDGE('',*,*,#12059,.F.);
#12059 = EDGE_CURVE('',#10453,#11471,#12060,.T.);
#12060 = SURFACE_CURVE('',#12061,(#12065,#12072),.PCURVE_S1.);
#12061 = LINE('',#12062,#12063);
#12062 = CARTESIAN_POINT('',(-63.,-46.,-10.));
#12063 = VECTOR('',#12064,1.);
#12064 = DIRECTION('',(0.,0.,1.));
#12065 = PCURVE('',#10469,#12066);
#12066 = DEFINITIONAL_REPRESENTATION('',(#12067),#12071);
#12067 = LINE('',#12068,#12069);
#12068 = CARTESIAN_POINT('',(14.,0.));
#12069 = VECTOR('',#12070,1.);
#12070 = DIRECTION('',(0.,-1.));
#12071 = ( GEOMETRIC_REPRESENTATION_CONTEXT(2) 
PARAMETRIC_REPRESENTATION_CONTEXT() REPRESENTATION_CONTEXT('2D SPACE',''
  ) );
#12072 = PCURVE('',#10501,#12073);
#12073 = DEFINITIONAL_REPRESENTATION('',(#12074),#12078);
#12074 = LINE('',#12075,#12076);
#12075 = CARTESIAN_POINT('',(0.,0.));
#12076 = VECTOR('',#12077,1.);
#12077 = DIRECTION('',(0.,-1.));
#12078 = ( GEOMETRIC_REPRESENTATION_CONTEXT(2) 
PARAMETRIC_REPRESENTATION_CONTEXT() REPRESENTATION_CONTEXT('2D SPACE',''
  ) );
#12079 = ADVANCED_FACE('',(#12080),#10501,.F.);
#12080 = FACE_BOUND('',#12081,.F.);
#12081 = EDGE_LOOP('',(#12082,#12083,#12084,#12085));
#12082 = ORIENTED_EDGE('',*,*,#10480,.F.);
#12083 = ORIENTED_EDGE('',*,*,#12059,.T.);
#12084 = ORIENTED_EDGE('',*,*,#11493,.T.);
#12085 = ORIENTED_EDGE('',*,*,#12086,.F.);
#12086 = EDGE_CURVE('',#10481,#11494,#12087,.T.);
#12087 = SURFACE_CURVE('',#12088,(#12092,#12099),.PCURVE_S1.);
#12088 = LINE('',#12089,#12090);
#12089 = CARTESIAN_POINT('',(-63.,-50.,-10.));
#12090 = VECTOR('',#12091,1.);
#12091 = DIRECTION('',(0.,0.,1.));
#12092 = PCURVE('',#10501,#12093);
#12093 = DEFINITIONAL_REPRESENTATION('',(#12094),#12098);
#12094 = LINE('',#12095,#12096);
#12095 = CARTESIAN_POINT('',(3.14159265359,0.));
#12096 = VECTOR('',#12097,1.);
#12097 = DIRECTION('',(0.,-1.));
#12098 = ( GEOMETRIC_REPRESENTATION_CONTEXT(2) 
PARAMETRIC_REPRESENTATION_CONTEXT() REPRESENTATION_CONTEXT('2D SPACE',''
  ) );
#12099 = PCURVE('',#10528,#12100);
#12100 = DEFINITIONAL_REPRESENTATION('',(#12101),#12105);
#12101 = LINE('',#12102,#12103);
#12102 = CARTESIAN_POINT('',(0.,-0.));
#12103 = VECTOR('',#12104,1.);
#12104 = DIRECTION('',(0.,-1.));
#12105 = ( GEOMETRIC_REPRESENTATION_CONTEXT(2) 
PARAMETRIC_REPRESENTATION_CONTEXT() REPRESENTATION_CONTEXT('2D SPACE',''
  ) );
#12106 = ADVANCED_FACE('',(#12107),#10558,.F.);
#12107 = FACE_BOUND('',#12108,.F.);
#12108 = EDGE_LOOP('',(#12109,#12110,#12131,#12132));
#12109 = ORIENTED_EDGE('',*,*,#10539,.F.);
#12110 = ORIENTED_EDGE('',*,*,#12111,.T.);
#12111 = EDGE_CURVE('',#10514,#11522,#12112,.T.);
#12112 = SURFACE_CURVE('',#12113,(#12117,#12124),.PCURVE_S1.);
#12113 = LINE('',#12114,#12115);
#12114 = CARTESIAN_POINT('',(-77.,-50.,-10.));
#12115 = VECTOR('',#12116,1.);
#12116 = DIRECTION('',(0.,0.,1.));
#12117 = PCURVE('',#10558,#12118);
#12118 = DEFINITIONAL_REPRESENTATION('',(#12119),#12123);
#12119 = LINE('',#12120,#12121);
#12120 = CARTESIAN_POINT('',(0.,0.));
#12121 = VECTOR('',#12122,1.);
#12122 = DIRECTION('',(0.,-1.));
#12123 = ( GEOMETRIC_REPRESENTATION_CONTEXT(2) 
PARAMETRIC_REPRESENTATION_CONTEXT() REPRESENTATION_CONTEXT('2D SPACE',''
  ) );
#12124 = PCURVE('',#10528,#12125);
#12125 = DEFINITIONAL_REPRESENTATION('',(#12126),#12130);
#12126 = LINE('',#12127,#12128);
#12127 = CARTESIAN_POINT('',(14.,0.));
#12128 = VECTOR('',#12129,1.);
#12129 = DIRECTION('',(0.,-1.));
#12130 = ( GEOMETRIC_REPRESENTATION_CONTEXT(2) 
PARAMETRIC_REPRESENTATION_CONTEXT() REPRESENTATION_CONTEXT('2D SPACE',''
  ) );
#12131 = ORIENTED_EDGE('',*,*,#11542,.T.);
#12132 = ORIENTED_EDGE('',*,*,#12037,.F.);
#12133 = ADVANCED_FACE('',(#12134),#10528,.F.);
#12134 = FACE_BOUND('',#12135,.F.);
#12135 = EDGE_LOOP('',(#12136,#12137,#12138,#12139));
#12136 = ORIENTED_EDGE('',*,*,#10513,.T.);
#12137 = ORIENTED_EDGE('',*,*,#12086,.T.);
#12138 = ORIENTED_EDGE('',*,*,#11521,.F.);
#12139 = ORIENTED_EDGE('',*,*,#12111,.F.);
#12140 = ADVANCED_FACE('',(#12141),#10593,.F.);
#12141 = FACE_BOUND('',#12142,.T.);
#12142 = EDGE_LOOP('',(#12143,#12144,#12165,#12166));
#12143 = ORIENTED_EDGE('',*,*,#10572,.T.);
#12144 = ORIENTED_EDGE('',*,*,#12145,.T.);
#12145 = EDGE_CURVE('',#10573,#11571,#12146,.T.);
#12146 = SEAM_CURVE('',#12147,(#12151,#12158),.PCURVE_S1.);
#12147 = LINE('',#12148,#12149);
#12148 = CARTESIAN_POINT('',(-58.3,-45.,-10.));
#12149 = VECTOR('',#12150,1.);
#12150 = DIRECTION('',(0.,0.,1.));
#12151 = PCURVE('',#10593,#12152);
#12152 = DEFINITIONAL_REPRESENTATION('',(#12153),#12157);
#12153 = LINE('',#12154,#12155);
#12154 = CARTESIAN_POINT('',(-6.28318530718,0.));
#12155 = VECTOR('',#12156,1.);
#12156 = DIRECTION('',(-0.,-1.));
#12157 = ( GEOMETRIC_REPRESENTATION_CONTEXT(2) 
PARAMETRIC_REPRESENTATION_CONTEXT() REPRESENTATION_CONTEXT('2D SPACE',''
  ) );
#12158 = PCURVE('',#10593,#12159);
#12159 = DEFINITIONAL_REPRESENTATION('',(#12160),#12164);
#12160 = LINE('',#12161,#12162);
#12161 = CARTESIAN_POINT('',(-0.,0.));
#12162 = VECTOR('',#12163,1.);
#12163 = DIRECTION('',(-0.,-1.));
#12164 = ( GEOMETRIC_REPRESENTATION_CONTEXT(2) 
PARAMETRIC_REPRESENTATION_CONTEXT() REPRESENTATION_CONTEXT('2D SPACE',''
  ) );
#12165 = ORIENTED_EDGE('',*,*,#11570,.F.);
#12166 = ORIENTED_EDGE('',*,*,#12145,.F.);
#12167 = ADVANCED_FACE('',(#12168),#10628,.F.);
#12168 = FACE_BOUND('',#12169,.T.);
#12169 = EDGE_LOOP('',(#12170,#12171,#12192,#12193));
#12170 = ORIENTED_EDGE('',*,*,#10607,.T.);
#12171 = ORIENTED_EDGE('',*,*,#12172,.T.);
#12172 = EDGE_CURVE('',#10608,#11601,#12173,.T.);
#12173 = SEAM_CURVE('',#12174,(#12178,#12185),.PCURVE_S1.);
#12174 = LINE('',#12175,#12176);
#12175 = CARTESIAN_POINT('',(-63.75,-24.,-10.));
#12176 = VECTOR('',#12177,1.);
#12177 = DIRECTION('',(0.,0.,1.));
#12178 = PCURVE('',#10628,#12179);
#12179 = DEFINITIONAL_REPRESENTATION('',(#12180),#12184);
#12180 = LINE('',#12181,#12182);
#12181 = CARTESIAN_POINT('',(-6.28318530718,0.));
#12182 = VECTOR('',#12183,1.);
#12183 = DIRECTION('',(-0.,-1.));
#12184 = ( GEOMETRIC_REPRESENTATION_CONTEXT(2) 
PARAMETRIC_REPRESENTATION_CONTEXT() REPRESENTATION_CONTEXT('2D SPACE',''
  ) );
#12185 = PCURVE('',#10628,#12186);
#12186 = DEFINITIONAL_REPRESENTATION('',(#12187),#12191);
#12187 = LINE('',#12188,#12189);
#12188 = CARTESIAN_POINT('',(-0.,0.));
#12189 = VECTOR('',#12190,1.);
#12190 = DIRECTION('',(-0.,-1.));
#12191 = ( GEOMETRIC_REPRESENTATION_CONTEXT(2) 
PARAMETRIC_REPRESENTATION_CONTEXT() REPRESENTATION_CONTEXT('2D SPACE',''
  ) );
#12192 = ORIENTED_EDGE('',*,*,#11600,.F.);
#12193 = ORIENTED_EDGE('',*,*,#12172,.F.);
#12194 = ADVANCED_FACE('',(#12195),#11034,.F.);
#12195 = FACE_BOUND('',#12196,.F.);
#12196 = EDGE_LOOP('',(#12197,#12220,#12221,#12244));
#12197 = ORIENTED_EDGE('',*,*,#12198,.F.);
#12198 = EDGE_CURVE('',#11017,#12199,#12201,.T.);
#12199 = VERTEX_POINT('',#12200);
#12200 = CARTESIAN_POINT('',(-113.,-120.,14.));
#12201 = SURFACE_CURVE('',#12202,(#12206,#12213),.PCURVE_S1.);
#12202 = LINE('',#12203,#12204);
#12203 = CARTESIAN_POINT('',(-113.,-120.,6.));
#12204 = VECTOR('',#12205,1.);
#12205 = DIRECTION('',(0.,0.,1.));
#12206 = PCURVE('',#11034,#12207);
#12207 = DEFINITIONAL_REPRESENTATION('',(#12208),#12212);
#12208 = LINE('',#12209,#12210);
#12209 = CARTESIAN_POINT('',(0.,0.));
#12210 = VECTOR('',#12211,1.);
#12211 = DIRECTION('',(1.,0.));
#12212 = ( GEOMETRIC_REPRESENTATION_CONTEXT(2) 
PARAMETRIC_REPRESENTATION_CONTEXT() REPRESENTATION_CONTEXT('2D SPACE',''
  ) );
#12213 = PCURVE('',#11116,#12214);
#12214 = DEFINITIONAL_REPRESENTATION('',(#12215),#12219);
#12215 = LINE('',#12216,#12217);
#12216 = CARTESIAN_POINT('',(0.,0.));
#12217 = VECTOR('',#12218,1.);
#12218 = DIRECTION('',(1.,0.));
#12219 = ( GEOMETRIC_REPRESENTATION_CONTEXT(2) 
PARAMETRIC_REPRESENTATION_CONTEXT() REPRESENTATION_CONTEXT('2D SPACE',''
  ) );
#12220 = ORIENTED_EDGE('',*,*,#11016,.T.);
#12221 = ORIENTED_EDGE('',*,*,#12222,.T.);
#12222 = EDGE_CURVE('',#11019,#12223,#12225,.T.);
#12223 = VERTEX_POINT('',#12224);
#12224 = CARTESIAN_POINT('',(-113.,-35.,14.));
#12225 = SURFACE_CURVE('',#12226,(#12230,#12237),.PCURVE_S1.);
#12226 = LINE('',#12227,#12228);
#12227 = CARTESIAN_POINT('',(-113.,-35.,6.));
#12228 = VECTOR('',#12229,1.);
#12229 = DIRECTION('',(0.,0.,1.));
#12230 = PCURVE('',#11034,#12231);
#12231 = DEFINITIONAL_REPRESENTATION('',(#12232),#12236);
#12232 = LINE('',#12233,#12234);
#12233 = CARTESIAN_POINT('',(0.,-85.));
#12234 = VECTOR('',#12235,1.);
#12235 = DIRECTION('',(1.,0.));
#12236 = ( GEOMETRIC_REPRESENTATION_CONTEXT(2) 
PARAMETRIC_REPRESENTATION_CONTEXT() REPRESENTATION_CONTEXT('2D SPACE',''
  ) );
#12237 = PCURVE('',#11062,#12238);
#12238 = DEFINITIONAL_REPRESENTATION('',(#12239),#12243);
#12239 = LINE('',#12240,#12241);
#12240 = CARTESIAN_POINT('',(0.,0.));
#12241 = VECTOR('',#12242,1.);
#12242 = DIRECTION('',(1.,0.));
#12243 = ( GEOMETRIC_REPRESENTATION_CONTEXT(2) 
PARAMETRIC_REPRESENTATION_CONTEXT() REPRESENTATION_CONTEXT('2D SPACE',''
  ) );
#12244 = ORIENTED_EDGE('',*,*,#12245,.F.);
#12245 = EDGE_CURVE('',#12199,#12223,#12246,.T.);
#12246 = SURFACE_CURVE('',#12247,(#12251,#12258),.PCURVE_S1.);
#12247 = LINE('',#12248,#12249);
#12248 = CARTESIAN_POINT('',(-113.,-120.,14.));
#12249 = VECTOR('',#12250,1.);
#12250 = DIRECTION('',(0.,1.,0.));
#12251 = PCURVE('',#11034,#12252);
#12252 = DEFINITIONAL_REPRESENTATION('',(#12253),#12257);
#12253 = LINE('',#12254,#12255);
#12254 = CARTESIAN_POINT('',(8.,0.));
#12255 = VECTOR('',#12256,1.);
#12256 = DIRECTION('',(0.,-1.));
#12257 = ( GEOMETRIC_REPRESENTATION_CONTEXT(2) 
PARAMETRIC_REPRESENTATION_CONTEXT() REPRESENTATION_CONTEXT('2D SPACE',''
  ) );
#12258 = PCURVE('',#12259,#12264);
#12259 = PLANE('',#12260);
#12260 = AXIS2_PLACEMENT_3D('',#12261,#12262,#12263);
#12261 = CARTESIAN_POINT('',(-113.,-120.,14.));
#12262 = DIRECTION('',(0.,0.,1.));
#12263 = DIRECTION('',(1.,0.,0.));
#12264 = DEFINITIONAL_REPRESENTATION('',(#12265),#12269);
#12265 = LINE('',#12266,#12267);
#12266 = CARTESIAN_POINT('',(0.,0.));
#12267 = VECTOR('',#12268,1.);
#12268 = DIRECTION('',(0.,1.));
#12269 = ( GEOMETRIC_REPRESENTATION_CONTEXT(2) 
PARAMETRIC_REPRESENTATION_CONTEXT() REPRESENTATION_CONTEXT('2D SPACE',''
  ) );
#12270 = ADVANCED_FACE('',(#12271),#11062,.T.);
#12271 = FACE_BOUND('',#12272,.T.);
#12272 = EDGE_LOOP('',(#12273,#12274,#12275,#12298));
#12273 = ORIENTED_EDGE('',*,*,#11046,.F.);
#12274 = ORIENTED_EDGE('',*,*,#12222,.T.);
#12275 = ORIENTED_EDGE('',*,*,#12276,.T.);
#12276 = EDGE_CURVE('',#12223,#12277,#12279,.T.);
#12277 = VERTEX_POINT('',#12278);
#12278 = CARTESIAN_POINT('',(-107.,-35.,14.));
#12279 = SURFACE_CURVE('',#12280,(#12284,#12291),.PCURVE_S1.);
#12280 = LINE('',#12281,#12282);
#12281 = CARTESIAN_POINT('',(-113.,-35.,14.));
#12282 = VECTOR('',#12283,1.);
#12283 = DIRECTION('',(1.,0.,0.));
#12284 = PCURVE('',#11062,#12285);
#12285 = DEFINITIONAL_REPRESENTATION('',(#12286),#12290);
#12286 = LINE('',#12287,#12288);
#12287 = CARTESIAN_POINT('',(8.,0.));
#12288 = VECTOR('',#12289,1.);
#12289 = DIRECTION('',(0.,1.));
#12290 = ( GEOMETRIC_REPRESENTATION_CONTEXT(2) 
PARAMETRIC_REPRESENTATION_CONTEXT() REPRESENTATION_CONTEXT('2D SPACE',''
  ) );
#12291 = PCURVE('',#12259,#12292);
#12292 = DEFINITIONAL_REPRESENTATION('',(#12293),#12297);
#12293 = LINE('',#12294,#12295);
#12294 = CARTESIAN_POINT('',(0.,85.));
#12295 = VECTOR('',#12296,1.);
#12296 = DIRECTION('',(1.,0.));
#12297 = ( GEOMETRIC_REPRESENTATION_CONTEXT(2) 
PARAMETRIC_REPRESENTATION_CONTEXT() REPRESENTATION_CONTEXT('2D SPACE',''
  ) );
#12298 = ORIENTED_EDGE('',*,*,#12299,.F.);
#12299 = EDGE_CURVE('',#11047,#12277,#12300,.T.);
#12300 = SURFACE_CURVE('',#12301,(#12305,#12312),.PCURVE_S1.);
#12301 = LINE('',#12302,#12303);
#12302 = CARTESIAN_POINT('',(-107.,-35.,6.));
#12303 = VECTOR('',#12304,1.);
#12304 = DIRECTION('',(0.,0.,1.));
#12305 = PCURVE('',#11062,#12306);
#12306 = DEFINITIONAL_REPRESENTATION('',(#12307),#12311);
#12307 = LINE('',#12308,#12309);
#12308 = CARTESIAN_POINT('',(0.,6.));
#12309 = VECTOR('',#12310,1.);
#12310 = DIRECTION('',(1.,0.));
#12311 = ( GEOMETRIC_REPRESENTATION_CONTEXT(2) 
PARAMETRIC_REPRESENTATION_CONTEXT() REPRESENTATION_CONTEXT('2D SPACE',''
  ) );
#12312 = PCURVE('',#11090,#12313);
#12313 = DEFINITIONAL_REPRESENTATION('',(#12314),#12318);
#12314 = LINE('',#12315,#12316);
#12315 = CARTESIAN_POINT('',(0.,-85.));
#12316 = VECTOR('',#12317,1.);
#12317 = DIRECTION('',(1.,0.));
#12318 = ( GEOMETRIC_REPRESENTATION_CONTEXT(2) 
PARAMETRIC_REPRESENTATION_CONTEXT() REPRESENTATION_CONTEXT('2D SPACE',''
  ) );
#12319 = ADVANCED_FACE('',(#12320),#11116,.F.);
#12320 = FACE_BOUND('',#12321,.F.);
#12321 = EDGE_LOOP('',(#12322,#12323,#12324,#12347));
#12322 = ORIENTED_EDGE('',*,*,#11102,.F.);
#12323 = ORIENTED_EDGE('',*,*,#12198,.T.);
#12324 = ORIENTED_EDGE('',*,*,#12325,.T.);
#12325 = EDGE_CURVE('',#12199,#12326,#12328,.T.);
#12326 = VERTEX_POINT('',#12327);
#12327 = CARTESIAN_POINT('',(-107.,-120.,14.));
#12328 = SURFACE_CURVE('',#12329,(#12333,#12340),.PCURVE_S1.);
#12329 = LINE('',#12330,#12331);
#12330 = CARTESIAN_POINT('',(-113.,-120.,14.));
#12331 = VECTOR('',#12332,1.);
#12332 = DIRECTION('',(1.,0.,0.));
#12333 = PCURVE('',#11116,#12334);
#12334 = DEFINITIONAL_REPRESENTATION('',(#12335),#12339);
#12335 = LINE('',#12336,#12337);
#12336 = CARTESIAN_POINT('',(8.,0.));
#12337 = VECTOR('',#12338,1.);
#12338 = DIRECTION('',(0.,1.));
#12339 = ( GEOMETRIC_REPRESENTATION_CONTEXT(2) 
PARAMETRIC_REPRESENTATION_CONTEXT() REPRESENTATION_CONTEXT('2D SPACE',''
  ) );
#12340 = PCURVE('',#12259,#12341);
#12341 = DEFINITIONAL_REPRESENTATION('',(#12342),#12346);
#12342 = LINE('',#12343,#12344);
#12343 = CARTESIAN_POINT('',(0.,0.));
#12344 = VECTOR('',#12345,1.);
#12345 = DIRECTION('',(1.,0.));
#12346 = ( GEOMETRIC_REPRESENTATION_CONTEXT(2) 
PARAMETRIC_REPRESENTATION_CONTEXT() REPRESENTATION_CONTEXT('2D SPACE',''
  ) );
#12347 = ORIENTED_EDGE('',*,*,#12348,.F.);
#12348 = EDGE_CURVE('',#11075,#12326,#12349,.T.);
#12349 = SURFACE_CURVE('',#12350,(#12354,#12361),.PCURVE_S1.);
#12350 = LINE('',#12351,#12352);
#12351 = CARTESIAN_POINT('',(-107.,-120.,6.));
#12352 = VECTOR('',#12353,1.);
#12353 = DIRECTION('',(0.,0.,1.));
#12354 = PCURVE('',#11116,#12355);
#12355 = DEFINITIONAL_REPRESENTATION('',(#12356),#12360);
#12356 = LINE('',#12357,#12358);
#12357 = CARTESIAN_POINT('',(0.,6.));
#12358 = VECTOR('',#12359,1.);
#12359 = DIRECTION('',(1.,0.));
#12360 = ( GEOMETRIC_REPRESENTATION_CONTEXT(2) 
PARAMETRIC_REPRESENTATION_CONTEXT() REPRESENTATION_CONTEXT('2D SPACE',''
  ) );
#12361 = PCURVE('',#11090,#12362);
#12362 = DEFINITIONAL_REPRESENTATION('',(#12363),#12367);
#12363 = LINE('',#12364,#12365);
#12364 = CARTESIAN_POINT('',(0.,0.));
#12365 = VECTOR('',#12366,1.);
#12366 = DIRECTION('',(1.,0.));
#12367 = ( GEOMETRIC_REPRESENTATION_CONTEXT(2) 
PARAMETRIC_REPRESENTATION_CONTEXT() REPRESENTATION_CONTEXT('2D SPACE',''
  ) );
#12368 = ADVANCED_FACE('',(#12369),#11090,.T.);
#12369 = FACE_BOUND('',#12370,.T.);
#12370 = EDGE_LOOP('',(#12371,#12372,#12373,#12374));
#12371 = ORIENTED_EDGE('',*,*,#12348,.F.);
#12372 = ORIENTED_EDGE('',*,*,#11074,.T.);
#12373 = ORIENTED_EDGE('',*,*,#12299,.T.);
#12374 = ORIENTED_EDGE('',*,*,#12375,.F.);
#12375 = EDGE_CURVE('',#12326,#12277,#12376,.T.);
#12376 = SURFACE_CURVE('',#12377,(#12381,#12388),.PCURVE_S1.);
#12377 = LINE('',#12378,#12379);
#12378 = CARTESIAN_POINT('',(-107.,-120.,14.));
#12379 = VECTOR('',#12380,1.);
#12380 = DIRECTION('',(0.,1.,0.));
#12381 = PCURVE('',#11090,#12382);
#12382 = DEFINITIONAL_REPRESENTATION('',(#12383),#12387);
#12383 = LINE('',#12384,#12385);
#12384 = CARTESIAN_POINT('',(8.,0.));
#12385 = VECTOR('',#12386,1.);
#12386 = DIRECTION('',(0.,-1.));
#12387 = ( GEOMETRIC_REPRESENTATION_CONTEXT(2) 
PARAMETRIC_REPRESENTATION_CONTEXT() REPRESENTATION_CONTEXT('2D SPACE',''
  ) );
#12388 = PCURVE('',#12259,#12389);
#12389 = DEFINITIONAL_REPRESENTATION('',(#12390),#12394);
#12390 = LINE('',#12391,#12392);
#12391 = CARTESIAN_POINT('',(6.,0.));
#12392 = VECTOR('',#12393,1.);
#12393 = DIRECTION('',(0.,1.));
#12394 = ( GEOMETRIC_REPRESENTATION_CONTEXT(2) 
PARAMETRIC_REPRESENTATION_CONTEXT() REPRESENTATION_CONTEXT('2D SPACE',''
  ) );
#12395 = ADVANCED_FACE('',(#12396),#12259,.T.);
#12396 = FACE_BOUND('',#12397,.T.);
#12397 = EDGE_LOOP('',(#12398,#12399,#12400,#12401));
#12398 = ORIENTED_EDGE('',*,*,#12245,.F.);
#12399 = ORIENTED_EDGE('',*,*,#12325,.T.);
#12400 = ORIENTED_EDGE('',*,*,#12375,.T.);
#12401 = ORIENTED_EDGE('',*,*,#12276,.F.);
#12402 = ( GEOMETRIC_REPRESENTATION_CONTEXT(3) 
GLOBAL_UNCERTAINTY_ASSIGNED_CONTEXT((#12406)) 
GLOBAL_UNIT_ASSIGNED_CONTEXT((#12403,#12404,#12405)) 
REPRESENTATION_CONTEXT('Context #1',
  '3D Context with UNIT and UNCERTAINTY') );
#12403 = ( LENGTH_UNIT() NAMED_UNIT(*) SI_UNIT(.MILLI.,.METRE.) );
#12404 = ( NAMED_UNIT(*) PLANE_ANGLE_UNIT() SI_UNIT($,.RADIAN.) );
#12405 = ( NAMED_UNIT(*) SI_UNIT($,.STERADIAN.) SOLID_ANGLE_UNIT() );
#12406 = UNCERTAINTY_MEASURE_WITH_UNIT(LENGTH_MEASURE(1.E-07),#12403,
  'distance_accuracy_value','confusion accuracy');
#12407 = CONTEXT_DEPENDENT_SHAPE_REPRESENTATION(#12408,#12410);
#12408 = ( REPRESENTATION_RELATIONSHIP('','',#9335,#10) 
REPRESENTATION_RELATIONSHIP_WITH_TRANSFORMATION(#12409) 
SHAPE_REPRESENTATION_RELATIONSHIP() );
#12409 = ITEM_DEFINED_TRANSFORMATION('','',#11,#27);
#12410 = PRODUCT_DEFINITION_SHAPE('Placement','Placement of an item',
  #12411);
#12411 = NEXT_ASSEMBLY_USAGE_OCCURRENCE('4','04_Rear_Right_Panel','',#5,
  #9330,$);
#12412 = PRODUCT_RELATED_PRODUCT_CATEGORY('part',$,(#9332));
#12413 = SHAPE_DEFINITION_REPRESENTATION(#12414,#12420);
#12414 = PRODUCT_DEFINITION_SHAPE('','',#12415);
#12415 = PRODUCT_DEFINITION('design','',#12416,#12419);
#12416 = PRODUCT_DEFINITION_FORMATION('','',#12417);
#12417 = PRODUCT('05_Transverse_Joint_Plate','05_Transverse_Joint_Plate'
  ,'',(#12418));
#12418 = PRODUCT_CONTEXT('',#2,'mechanical');
#12419 = PRODUCT_DEFINITION_CONTEXT('part definition',#2,'design');
#12420 = ADVANCED_BREP_SHAPE_REPRESENTATION('',(#11,#12421),#13455);
#12421 = MANIFOLD_SOLID_BREP('',#12422);
#12422 = CLOSED_SHELL('',(#12423,#12543,#12883,#12933,#12987,#13232,
    #13259,#13286,#13313,#13340,#13347,#13374,#13401,#13428));
#12423 = ADVANCED_FACE('',(#12424),#12438,.F.);
#12424 = FACE_BOUND('',#12425,.F.);
#12425 = EDGE_LOOP('',(#12426,#12461,#12489,#12517));
#12426 = ORIENTED_EDGE('',*,*,#12427,.F.);
#12427 = EDGE_CURVE('',#12428,#12430,#12432,.T.);
#12428 = VERTEX_POINT('',#12429);
#12429 = CARTESIAN_POINT('',(-40.,-83.,12.));
#12430 = VERTEX_POINT('',#12431);
#12431 = CARTESIAN_POINT('',(-40.,-57.,12.));
#12432 = SURFACE_CURVE('',#12433,(#12437,#12449),.PCURVE_S1.);
#12433 = LINE('',#12434,#12435);
#12434 = CARTESIAN_POINT('',(-40.,-86.,12.));
#12435 = VECTOR('',#12436,1.);
#12436 = DIRECTION('',(0.,1.,0.));
#12437 = PCURVE('',#12438,#12443);
#12438 = PLANE('',#12439);
#12439 = AXIS2_PLACEMENT_3D('',#12440,#12441,#12442);
#12440 = CARTESIAN_POINT('',(-40.,-86.,6.));
#12441 = DIRECTION('',(1.,0.,0.));
#12442 = DIRECTION('',(0.,0.,1.));
#12443 = DEFINITIONAL_REPRESENTATION('',(#12444),#12448);
#12444 = LINE('',#12445,#12446);
#12445 = CARTESIAN_POINT('',(6.,0.));
#12446 = VECTOR('',#12447,1.);
#12447 = DIRECTION('',(0.,-1.));
#12448 = ( GEOMETRIC_REPRESENTATION_CONTEXT(2) 
PARAMETRIC_REPRESENTATION_CONTEXT() REPRESENTATION_CONTEXT('2D SPACE',''
  ) );
#12449 = PCURVE('',#12450,#12455);
#12450 = PLANE('',#12451);
#12451 = AXIS2_PLACEMENT_3D('',#12452,#12453,#12454);
#12452 = CARTESIAN_POINT('',(-40.,-86.,12.));
#12453 = DIRECTION('',(0.,0.,1.));
#12454 = DIRECTION('',(1.,0.,0.));
#12455 = DEFINITIONAL_REPRESENTATION('',(#12456),#12460);
#12456 = LINE('',#12457,#12458);
#12457 = CARTESIAN_POINT('',(0.,0.));
#12458 = VECTOR('',#12459,1.);
#12459 = DIRECTION('',(0.,1.));
#12460 = ( GEOMETRIC_REPRESENTATION_CONTEXT(2) 
PARAMETRIC_REPRESENTATION_CONTEXT() REPRESENTATION_CONTEXT('2D SPACE',''
  ) );
#12461 = ORIENTED_EDGE('',*,*,#12462,.F.);
#12462 = EDGE_CURVE('',#12463,#12428,#12465,.T.);
#12463 = VERTEX_POINT('',#12464);
#12464 = CARTESIAN_POINT('',(-40.,-83.,6.));
#12465 = SURFACE_CURVE('',#12466,(#12470,#12477),.PCURVE_S1.);
#12466 = LINE('',#12467,#12468);
#12467 = CARTESIAN_POINT('',(-40.,-83.,6.));
#12468 = VECTOR('',#12469,1.);
#12469 = DIRECTION('',(0.,0.,1.));
#12470 = PCURVE('',#12438,#12471);
#12471 = DEFINITIONAL_REPRESENTATION('',(#12472),#12476);
#12472 = LINE('',#12473,#12474);
#12473 = CARTESIAN_POINT('',(0.,-3.));
#12474 = VECTOR('',#12475,1.);
#12475 = DIRECTION('',(1.,0.));
#12476 = ( GEOMETRIC_REPRESENTATION_CONTEXT(2) 
PARAMETRIC_REPRESENTATION_CONTEXT() REPRESENTATION_CONTEXT('2D SPACE',''
  ) );
#12477 = PCURVE('',#12478,#12483);
#12478 = CYLINDRICAL_SURFACE('',#12479,3.);
#12479 = AXIS2_PLACEMENT_3D('',#12480,#12481,#12482);
#12480 = CARTESIAN_POINT('',(-37.,-83.,6.));
#12481 = DIRECTION('',(0.,0.,1.));
#12482 = DIRECTION('',(-1.,-0.,0.));
#12483 = DEFINITIONAL_REPRESENTATION('',(#12484),#12488);
#12484 = LINE('',#12485,#12486);
#12485 = CARTESIAN_POINT('',(0.,0.));
#12486 = VECTOR('',#12487,1.);
#12487 = DIRECTION('',(0.,1.));
#12488 = ( GEOMETRIC_REPRESENTATION_CONTEXT(2) 
PARAMETRIC_REPRESENTATION_CONTEXT() REPRESENTATION_CONTEXT('2D SPACE',''
  ) );
#12489 = ORIENTED_EDGE('',*,*,#12490,.T.);
#12490 = EDGE_CURVE('',#12463,#12491,#12493,.T.);
#12491 = VERTEX_POINT('',#12492);
#12492 = CARTESIAN_POINT('',(-40.,-57.,6.));
#12493 = SURFACE_CURVE('',#12494,(#12498,#12505),.PCURVE_S1.);
#12494 = LINE('',#12495,#12496);
#12495 = CARTESIAN_POINT('',(-40.,-86.,6.));
#12496 = VECTOR('',#12497,1.);
#12497 = DIRECTION('',(0.,1.,0.));
#12498 = PCURVE('',#12438,#12499);
#12499 = DEFINITIONAL_REPRESENTATION('',(#12500),#12504);
#12500 = LINE('',#12501,#12502);
#12501 = CARTESIAN_POINT('',(0.,0.));
#12502 = VECTOR('',#12503,1.);
#12503 = DIRECTION('',(0.,-1.));
#12504 = ( GEOMETRIC_REPRESENTATION_CONTEXT(2) 
PARAMETRIC_REPRESENTATION_CONTEXT() REPRESENTATION_CONTEXT('2D SPACE',''
  ) );
#12505 = PCURVE('',#12506,#12511);
#12506 = PLANE('',#12507);
#12507 = AXIS2_PLACEMENT_3D('',#12508,#12509,#12510);
#12508 = CARTESIAN_POINT('',(-40.,-86.,6.));
#12509 = DIRECTION('',(0.,0.,1.));
#12510 = DIRECTION('',(1.,0.,0.));
#12511 = DEFINITIONAL_REPRESENTATION('',(#12512),#12516);
#12512 = LINE('',#12513,#12514);
#12513 = CARTESIAN_POINT('',(0.,0.));
#12514 = VECTOR('',#12515,1.);
#12515 = DIRECTION('',(0.,1.));
#12516 = ( GEOMETRIC_REPRESENTATION_CONTEXT(2) 
PARAMETRIC_REPRESENTATION_CONTEXT() REPRESENTATION_CONTEXT('2D SPACE',''
  ) );
#12517 = ORIENTED_EDGE('',*,*,#12518,.T.);
#12518 = EDGE_CURVE('',#12491,#12430,#12519,.T.);
#12519 = SURFACE_CURVE('',#12520,(#12524,#12531),.PCURVE_S1.);
#12520 = LINE('',#12521,#12522);
#12521 = CARTESIAN_POINT('',(-40.,-57.,6.));
#12522 = VECTOR('',#12523,1.);
#12523 = DIRECTION('',(0.,0.,1.));
#12524 = PCURVE('',#12438,#12525);
#12525 = DEFINITIONAL_REPRESENTATION('',(#12526),#12530);
#12526 = LINE('',#12527,#12528);
#12527 = CARTESIAN_POINT('',(0.,-29.));
#12528 = VECTOR('',#12529,1.);
#12529 = DIRECTION('',(1.,0.));
#12530 = ( GEOMETRIC_REPRESENTATION_CONTEXT(2) 
PARAMETRIC_REPRESENTATION_CONTEXT() REPRESENTATION_CONTEXT('2D SPACE',''
  ) );
#12531 = PCURVE('',#12532,#12537);
#12532 = CYLINDRICAL_SURFACE('',#12533,3.);
#12533 = AXIS2_PLACEMENT_3D('',#12534,#12535,#12536);
#12534 = CARTESIAN_POINT('',(-37.,-57.,6.));
#12535 = DIRECTION('',(0.,0.,1.));
#12536 = DIRECTION('',(-1.,-0.,0.));
#12537 = DEFINITIONAL_REPRESENTATION('',(#12538),#12542);
#12538 = LINE('',#12539,#12540);
#12539 = CARTESIAN_POINT('',(-0.,0.));
#12540 = VECTOR('',#12541,1.);
#12541 = DIRECTION('',(-0.,1.));
#12542 = ( GEOMETRIC_REPRESENTATION_CONTEXT(2) 
PARAMETRIC_REPRESENTATION_CONTEXT() REPRESENTATION_CONTEXT('2D SPACE',''
  ) );
#12543 = ADVANCED_FACE('',(#12544,#12743,#12778,#12813,#12848),#12450,
  .T.);
#12544 = FACE_BOUND('',#12545,.T.);
#12545 = EDGE_LOOP('',(#12546,#12547,#12571,#12599,#12632,#12660,#12689,
    #12717));
#12546 = ORIENTED_EDGE('',*,*,#12427,.F.);
#12547 = ORIENTED_EDGE('',*,*,#12548,.T.);
#12548 = EDGE_CURVE('',#12428,#12549,#12551,.T.);
#12549 = VERTEX_POINT('',#12550);
#12550 = CARTESIAN_POINT('',(-37.,-86.,12.));
#12551 = SURFACE_CURVE('',#12552,(#12557,#12564),.PCURVE_S1.);
#12552 = CIRCLE('',#12553,3.);
#12553 = AXIS2_PLACEMENT_3D('',#12554,#12555,#12556);
#12554 = CARTESIAN_POINT('',(-37.,-83.,12.));
#12555 = DIRECTION('',(0.,0.,1.));
#12556 = DIRECTION('',(0.,-1.,0.));
#12557 = PCURVE('',#12450,#12558);
#12558 = DEFINITIONAL_REPRESENTATION('',(#12559),#12563);
#12559 = CIRCLE('',#12560,3.);
#12560 = AXIS2_PLACEMENT_2D('',#12561,#12562);
#12561 = CARTESIAN_POINT('',(3.,3.));
#12562 = DIRECTION('',(0.,-1.));
#12563 = ( GEOMETRIC_REPRESENTATION_CONTEXT(2) 
PARAMETRIC_REPRESENTATION_CONTEXT() REPRESENTATION_CONTEXT('2D SPACE',''
  ) );
#12564 = PCURVE('',#12478,#12565);
#12565 = DEFINITIONAL_REPRESENTATION('',(#12566),#12570);
#12566 = LINE('',#12567,#12568);
#12567 = CARTESIAN_POINT('',(-4.712388980385,6.));
#12568 = VECTOR('',#12569,1.);
#12569 = DIRECTION('',(1.,0.));
#12570 = ( GEOMETRIC_REPRESENTATION_CONTEXT(2) 
PARAMETRIC_REPRESENTATION_CONTEXT() REPRESENTATION_CONTEXT('2D SPACE',''
  ) );
#12571 = ORIENTED_EDGE('',*,*,#12572,.T.);
#12572 = EDGE_CURVE('',#12549,#12573,#12575,.T.);
#12573 = VERTEX_POINT('',#12574);
#12574 = CARTESIAN_POINT('',(37.,-86.,12.));
#12575 = SURFACE_CURVE('',#12576,(#12580,#12587),.PCURVE_S1.);
#12576 = LINE('',#12577,#12578);
#12577 = CARTESIAN_POINT('',(-40.,-86.,12.));
#12578 = VECTOR('',#12579,1.);
#12579 = DIRECTION('',(1.,0.,0.));
#12580 = PCURVE('',#12450,#12581);
#12581 = DEFINITIONAL_REPRESENTATION('',(#12582),#12586);
#12582 = LINE('',#12583,#12584);
#12583 = CARTESIAN_POINT('',(0.,0.));
#12584 = VECTOR('',#12585,1.);
#12585 = DIRECTION('',(1.,0.));
#12586 = ( GEOMETRIC_REPRESENTATION_CONTEXT(2) 
PARAMETRIC_REPRESENTATION_CONTEXT() REPRESENTATION_CONTEXT('2D SPACE',''
  ) );
#12587 = PCURVE('',#12588,#12593);
#12588 = PLANE('',#12589);
#12589 = AXIS2_PLACEMENT_3D('',#12590,#12591,#12592);
#12590 = CARTESIAN_POINT('',(-40.,-86.,6.));
#12591 = DIRECTION('',(0.,1.,0.));
#12592 = DIRECTION('',(0.,0.,1.));
#12593 = DEFINITIONAL_REPRESENTATION('',(#12594),#12598);
#12594 = LINE('',#12595,#12596);
#12595 = CARTESIAN_POINT('',(6.,0.));
#12596 = VECTOR('',#12597,1.);
#12597 = DIRECTION('',(0.,1.));
#12598 = ( GEOMETRIC_REPRESENTATION_CONTEXT(2) 
PARAMETRIC_REPRESENTATION_CONTEXT() REPRESENTATION_CONTEXT('2D SPACE',''
  ) );
#12599 = ORIENTED_EDGE('',*,*,#12600,.F.);
#12600 = EDGE_CURVE('',#12601,#12573,#12603,.T.);
#12601 = VERTEX_POINT('',#12602);
#12602 = CARTESIAN_POINT('',(40.,-83.,12.));
#12603 = SURFACE_CURVE('',#12604,(#12609,#12620),.PCURVE_S1.);
#12604 = CIRCLE('',#12605,3.);
#12605 = AXIS2_PLACEMENT_3D('',#12606,#12607,#12608);
#12606 = CARTESIAN_POINT('',(37.,-83.,12.));
#12607 = DIRECTION('',(-0.,-0.,-1.));
#12608 = DIRECTION('',(0.,-1.,0.));
#12609 = PCURVE('',#12450,#12610);
#12610 = DEFINITIONAL_REPRESENTATION('',(#12611),#12619);
#12611 = ( BOUNDED_CURVE() B_SPLINE_CURVE(2,(#12612,#12613,#12614,#12615
    ,#12616,#12617,#12618),.UNSPECIFIED.,.T.,.F.) 
B_SPLINE_CURVE_WITH_KNOTS((1,2,2,2,2,1),(-2.094395102393,0.,
    2.094395102393,4.188790204786,6.28318530718,8.377580409573),
.UNSPECIFIED.) CURVE() GEOMETRIC_REPRESENTATION_ITEM() 
RATIONAL_B_SPLINE_CURVE((1.,0.5,1.,0.5,1.,0.5,1.)) REPRESENTATION_ITEM(
  '') );
#12612 = CARTESIAN_POINT('',(77.,0.));
#12613 = CARTESIAN_POINT('',(71.803847577293,0.));
#12614 = CARTESIAN_POINT('',(74.401923788647,4.5));
#12615 = CARTESIAN_POINT('',(77.,9.));
#12616 = CARTESIAN_POINT('',(79.598076211353,4.5));
#12617 = CARTESIAN_POINT('',(82.196152422707,4.440892098501E-15));
#12618 = CARTESIAN_POINT('',(77.,0.));
#12619 = ( GEOMETRIC_REPRESENTATION_CONTEXT(2) 
PARAMETRIC_REPRESENTATION_CONTEXT() REPRESENTATION_CONTEXT('2D SPACE',''
  ) );
#12620 = PCURVE('',#12621,#12626);
#12621 = CYLINDRICAL_SURFACE('',#12622,3.);
#12622 = AXIS2_PLACEMENT_3D('',#12623,#12624,#12625);
#12623 = CARTESIAN_POINT('',(37.,-83.,6.));
#12624 = DIRECTION('',(0.,0.,1.));
#12625 = DIRECTION('',(1.,0.,-0.));
#12626 = DEFINITIONAL_REPRESENTATION('',(#12627),#12631);
#12627 = LINE('',#12628,#12629);
#12628 = CARTESIAN_POINT('',(4.712388980385,6.));
#12629 = VECTOR('',#12630,1.);
#12630 = DIRECTION('',(-1.,0.));
#12631 = ( GEOMETRIC_REPRESENTATION_CONTEXT(2) 
PARAMETRIC_REPRESENTATION_CONTEXT() REPRESENTATION_CONTEXT('2D SPACE',''
  ) );
#12632 = ORIENTED_EDGE('',*,*,#12633,.T.);
#12633 = EDGE_CURVE('',#12601,#12634,#12636,.T.);
#12634 = VERTEX_POINT('',#12635);
#12635 = CARTESIAN_POINT('',(40.,-57.,12.));
#12636 = SURFACE_CURVE('',#12637,(#12641,#12648),.PCURVE_S1.);
#12637 = LINE('',#12638,#12639);
#12638 = CARTESIAN_POINT('',(40.,-86.,12.));
#12639 = VECTOR('',#12640,1.);
#12640 = DIRECTION('',(0.,1.,0.));
#12641 = PCURVE('',#12450,#12642);
#12642 = DEFINITIONAL_REPRESENTATION('',(#12643),#12647);
#12643 = LINE('',#12644,#12645);
#12644 = CARTESIAN_POINT('',(80.,0.));
#12645 = VECTOR('',#12646,1.);
#12646 = DIRECTION('',(0.,1.));
#12647 = ( GEOMETRIC_REPRESENTATION_CONTEXT(2) 
PARAMETRIC_REPRESENTATION_CONTEXT() REPRESENTATION_CONTEXT('2D SPACE',''
  ) );
#12648 = PCURVE('',#12649,#12654);
#12649 = PLANE('',#12650);
#12650 = AXIS2_PLACEMENT_3D('',#12651,#12652,#12653);
#12651 = CARTESIAN_POINT('',(40.,-86.,6.));
#12652 = DIRECTION('',(1.,0.,0.));
#12653 = DIRECTION('',(0.,0.,1.));
#12654 = DEFINITIONAL_REPRESENTATION('',(#12655),#12659);
#12655 = LINE('',#12656,#12657);
#12656 = CARTESIAN_POINT('',(6.,0.));
#12657 = VECTOR('',#12658,1.);
#12658 = DIRECTION('',(0.,-1.));
#12659 = ( GEOMETRIC_REPRESENTATION_CONTEXT(2) 
PARAMETRIC_REPRESENTATION_CONTEXT() REPRESENTATION_CONTEXT('2D SPACE',''
  ) );
#12660 = ORIENTED_EDGE('',*,*,#12661,.T.);
#12661 = EDGE_CURVE('',#12634,#12662,#12664,.T.);
#12662 = VERTEX_POINT('',#12663);
#12663 = CARTESIAN_POINT('',(37.,-54.,12.));
#12664 = SURFACE_CURVE('',#12665,(#12670,#12677),.PCURVE_S1.);
#12665 = CIRCLE('',#12666,3.);
#12666 = AXIS2_PLACEMENT_3D('',#12667,#12668,#12669);
#12667 = CARTESIAN_POINT('',(37.,-57.,12.));
#12668 = DIRECTION('',(0.,0.,1.));
#12669 = DIRECTION('',(0.,-1.,0.));
#12670 = PCURVE('',#12450,#12671);
#12671 = DEFINITIONAL_REPRESENTATION('',(#12672),#12676);
#12672 = CIRCLE('',#12673,3.);
#12673 = AXIS2_PLACEMENT_2D('',#12674,#12675);
#12674 = CARTESIAN_POINT('',(77.,29.));
#12675 = DIRECTION('',(0.,-1.));
#12676 = ( GEOMETRIC_REPRESENTATION_CONTEXT(2) 
PARAMETRIC_REPRESENTATION_CONTEXT() REPRESENTATION_CONTEXT('2D SPACE',''
  ) );
#12677 = PCURVE('',#12678,#12683);
#12678 = CYLINDRICAL_SURFACE('',#12679,3.);
#12679 = AXIS2_PLACEMENT_3D('',#12680,#12681,#12682);
#12680 = CARTESIAN_POINT('',(37.,-57.,6.));
#12681 = DIRECTION('',(0.,0.,1.));
#12682 = DIRECTION('',(1.,0.,-0.));
#12683 = DEFINITIONAL_REPRESENTATION('',(#12684),#12688);
#12684 = LINE('',#12685,#12686);
#12685 = CARTESIAN_POINT('',(-1.570796326795,6.));
#12686 = VECTOR('',#12687,1.);
#12687 = DIRECTION('',(1.,0.));
#12688 = ( GEOMETRIC_REPRESENTATION_CONTEXT(2) 
PARAMETRIC_REPRESENTATION_CONTEXT() REPRESENTATION_CONTEXT('2D SPACE',''
  ) );
#12689 = ORIENTED_EDGE('',*,*,#12690,.F.);
#12690 = EDGE_CURVE('',#12691,#12662,#12693,.T.);
#12691 = VERTEX_POINT('',#12692);
#12692 = CARTESIAN_POINT('',(-37.,-54.,12.));
#12693 = SURFACE_CURVE('',#12694,(#12698,#12705),.PCURVE_S1.);
#12694 = LINE('',#12695,#12696);
#12695 = CARTESIAN_POINT('',(-40.,-54.,12.));
#12696 = VECTOR('',#12697,1.);
#12697 = DIRECTION('',(1.,0.,0.));
#12698 = PCURVE('',#12450,#12699);
#12699 = DEFINITIONAL_REPRESENTATION('',(#12700),#12704);
#12700 = LINE('',#12701,#12702);
#12701 = CARTESIAN_POINT('',(0.,32.));
#12702 = VECTOR('',#12703,1.);
#12703 = DIRECTION('',(1.,0.));
#12704 = ( GEOMETRIC_REPRESENTATION_CONTEXT(2) 
PARAMETRIC_REPRESENTATION_CONTEXT() REPRESENTATION_CONTEXT('2D SPACE',''
  ) );
#12705 = PCURVE('',#12706,#12711);
#12706 = PLANE('',#12707);
#12707 = AXIS2_PLACEMENT_3D('',#12708,#12709,#12710);
#12708 = CARTESIAN_POINT('',(-40.,-54.,6.));
#12709 = DIRECTION('',(0.,1.,0.));
#12710 = DIRECTION('',(0.,0.,1.));
#12711 = DEFINITIONAL_REPRESENTATION('',(#12712),#12716);
#12712 = LINE('',#12713,#12714);
#12713 = CARTESIAN_POINT('',(6.,0.));
#12714 = VECTOR('',#12715,1.);
#12715 = DIRECTION('',(0.,1.));
#12716 = ( GEOMETRIC_REPRESENTATION_CONTEXT(2) 
PARAMETRIC_REPRESENTATION_CONTEXT() REPRESENTATION_CONTEXT('2D SPACE',''
  ) );
#12717 = ORIENTED_EDGE('',*,*,#12718,.F.);
#12718 = EDGE_CURVE('',#12430,#12691,#12719,.T.);
#12719 = SURFACE_CURVE('',#12720,(#12725,#12736),.PCURVE_S1.);
#12720 = CIRCLE('',#12721,3.);
#12721 = AXIS2_PLACEMENT_3D('',#12722,#12723,#12724);
#12722 = CARTESIAN_POINT('',(-37.,-57.,12.));
#12723 = DIRECTION('',(-0.,-0.,-1.));
#12724 = DIRECTION('',(0.,-1.,0.));
#12725 = PCURVE('',#12450,#12726);
#12726 = DEFINITIONAL_REPRESENTATION('',(#12727),#12735);
#12727 = ( BOUNDED_CURVE() B_SPLINE_CURVE(2,(#12728,#12729,#12730,#12731
    ,#12732,#12733,#12734),.UNSPECIFIED.,.T.,.F.) 
B_SPLINE_CURVE_WITH_KNOTS((1,2,2,2,2,1),(-2.094395102393,0.,
    2.094395102393,4.188790204786,6.28318530718,8.377580409573),
.UNSPECIFIED.) CURVE() GEOMETRIC_REPRESENTATION_ITEM() 
RATIONAL_B_SPLINE_CURVE((1.,0.5,1.,0.5,1.,0.5,1.)) REPRESENTATION_ITEM(
  '') );
#12728 = CARTESIAN_POINT('',(3.,26.));
#12729 = CARTESIAN_POINT('',(-2.196152422707,26.));
#12730 = CARTESIAN_POINT('',(0.401923788647,30.5));
#12731 = CARTESIAN_POINT('',(3.,35.));
#12732 = CARTESIAN_POINT('',(5.598076211353,30.5));
#12733 = CARTESIAN_POINT('',(8.196152422707,26.));
#12734 = CARTESIAN_POINT('',(3.,26.));
#12735 = ( GEOMETRIC_REPRESENTATION_CONTEXT(2) 
PARAMETRIC_REPRESENTATION_CONTEXT() REPRESENTATION_CONTEXT('2D SPACE',''
  ) );
#12736 = PCURVE('',#12532,#12737);
#12737 = DEFINITIONAL_REPRESENTATION('',(#12738),#12742);
#12738 = LINE('',#12739,#12740);
#12739 = CARTESIAN_POINT('',(1.570796326795,6.));
#12740 = VECTOR('',#12741,1.);
#12741 = DIRECTION('',(-1.,0.));
#12742 = ( GEOMETRIC_REPRESENTATION_CONTEXT(2) 
PARAMETRIC_REPRESENTATION_CONTEXT() REPRESENTATION_CONTEXT('2D SPACE',''
  ) );
#12743 = FACE_BOUND('',#12744,.T.);
#12744 = EDGE_LOOP('',(#12745));
#12745 = ORIENTED_EDGE('',*,*,#12746,.T.);
#12746 = EDGE_CURVE('',#12747,#12747,#12749,.T.);
#12747 = VERTEX_POINT('',#12748);
#12748 = CARTESIAN_POINT('',(-21.75,-79.,12.));
#12749 = SURFACE_CURVE('',#12750,(#12755,#12766),.PCURVE_S1.);
#12750 = CIRCLE('',#12751,2.25);
#12751 = AXIS2_PLACEMENT_3D('',#12752,#12753,#12754);
#12752 = CARTESIAN_POINT('',(-24.,-79.,12.));
#12753 = DIRECTION('',(0.,0.,-1.));
#12754 = DIRECTION('',(1.,0.,0.));
#12755 = PCURVE('',#12450,#12756);
#12756 = DEFINITIONAL_REPRESENTATION('',(#12757),#12765);
#12757 = ( BOUNDED_CURVE() B_SPLINE_CURVE(2,(#12758,#12759,#12760,#12761
    ,#12762,#12763,#12764),.UNSPECIFIED.,.T.,.F.) 
B_SPLINE_CURVE_WITH_KNOTS((1,2,2,2,2,1),(-2.094395102393,0.,
    2.094395102393,4.188790204786,6.28318530718,8.377580409573),
.UNSPECIFIED.) CURVE() GEOMETRIC_REPRESENTATION_ITEM() 
RATIONAL_B_SPLINE_CURVE((1.,0.5,1.,0.5,1.,0.5,1.)) REPRESENTATION_ITEM(
  '') );
#12758 = CARTESIAN_POINT('',(18.25,7.));
#12759 = CARTESIAN_POINT('',(18.25,3.10288568297));
#12760 = CARTESIAN_POINT('',(14.875,5.051442841485));
#12761 = CARTESIAN_POINT('',(11.5,7.));
#12762 = CARTESIAN_POINT('',(14.875,8.948557158515));
#12763 = CARTESIAN_POINT('',(18.25,10.89711431703));
#12764 = CARTESIAN_POINT('',(18.25,7.));
#12765 = ( GEOMETRIC_REPRESENTATION_CONTEXT(2) 
PARAMETRIC_REPRESENTATION_CONTEXT() REPRESENTATION_CONTEXT('2D SPACE',''
  ) );
#12766 = PCURVE('',#12767,#12772);
#12767 = CYLINDRICAL_SURFACE('',#12768,2.25);
#12768 = AXIS2_PLACEMENT_3D('',#12769,#12770,#12771);
#12769 = CARTESIAN_POINT('',(-24.,-79.,-10.));
#12770 = DIRECTION('',(-0.,-0.,-1.));
#12771 = DIRECTION('',(1.,0.,0.));
#12772 = DEFINITIONAL_REPRESENTATION('',(#12773),#12777);
#12773 = LINE('',#12774,#12775);
#12774 = CARTESIAN_POINT('',(-6.28318530718,-22.));
#12775 = VECTOR('',#12776,1.);
#12776 = DIRECTION('',(1.,-0.));
#12777 = ( GEOMETRIC_REPRESENTATION_CONTEXT(2) 
PARAMETRIC_REPRESENTATION_CONTEXT() REPRESENTATION_CONTEXT('2D SPACE',''
  ) );
#12778 = FACE_BOUND('',#12779,.T.);
#12779 = EDGE_LOOP('',(#12780));
#12780 = ORIENTED_EDGE('',*,*,#12781,.T.);
#12781 = EDGE_CURVE('',#12782,#12782,#12784,.T.);
#12782 = VERTEX_POINT('',#12783);
#12783 = CARTESIAN_POINT('',(26.25,-79.,12.));
#12784 = SURFACE_CURVE('',#12785,(#12790,#12801),.PCURVE_S1.);
#12785 = CIRCLE('',#12786,2.25);
#12786 = AXIS2_PLACEMENT_3D('',#12787,#12788,#12789);
#12787 = CARTESIAN_POINT('',(24.,-79.,12.));
#12788 = DIRECTION('',(0.,0.,-1.));
#12789 = DIRECTION('',(1.,0.,0.));
#12790 = PCURVE('',#12450,#12791);
#12791 = DEFINITIONAL_REPRESENTATION('',(#12792),#12800);
#12792 = ( BOUNDED_CURVE() B_SPLINE_CURVE(2,(#12793,#12794,#12795,#12796
    ,#12797,#12798,#12799),.UNSPECIFIED.,.T.,.F.) 
B_SPLINE_CURVE_WITH_KNOTS((1,2,2,2,2,1),(-2.094395102393,0.,
    2.094395102393,4.188790204786,6.28318530718,8.377580409573),
.UNSPECIFIED.) CURVE() GEOMETRIC_REPRESENTATION_ITEM() 
RATIONAL_B_SPLINE_CURVE((1.,0.5,1.,0.5,1.,0.5,1.)) REPRESENTATION_ITEM(
  '') );
#12793 = CARTESIAN_POINT('',(66.25,7.));
#12794 = CARTESIAN_POINT('',(66.25,3.10288568297));
#12795 = CARTESIAN_POINT('',(62.875,5.051442841485));
#12796 = CARTESIAN_POINT('',(59.5,7.));
#12797 = CARTESIAN_POINT('',(62.875,8.948557158515));
#12798 = CARTESIAN_POINT('',(66.25,10.89711431703));
#12799 = CARTESIAN_POINT('',(66.25,7.));
#12800 = ( GEOMETRIC_REPRESENTATION_CONTEXT(2) 
PARAMETRIC_REPRESENTATION_CONTEXT() REPRESENTATION_CONTEXT('2D SPACE',''
  ) );
#12801 = PCURVE('',#12802,#12807);
#12802 = CYLINDRICAL_SURFACE('',#12803,2.25);
#12803 = AXIS2_PLACEMENT_3D('',#12804,#12805,#12806);
#12804 = CARTESIAN_POINT('',(24.,-79.,-10.));
#12805 = DIRECTION('',(-0.,-0.,-1.));
#12806 = DIRECTION('',(1.,0.,0.));
#12807 = DEFINITIONAL_REPRESENTATION('',(#12808),#12812);
#12808 = LINE('',#12809,#12810);
#12809 = CARTESIAN_POINT('',(-6.28318530718,-22.));
#12810 = VECTOR('',#12811,1.);
#12811 = DIRECTION('',(1.,-0.));
#12812 = ( GEOMETRIC_REPRESENTATION_CONTEXT(2) 
PARAMETRIC_REPRESENTATION_CONTEXT() REPRESENTATION_CONTEXT('2D SPACE',''
  ) );
#12813 = FACE_BOUND('',#12814,.T.);
#12814 = EDGE_LOOP('',(#12815));
#12815 = ORIENTED_EDGE('',*,*,#12816,.T.);
#12816 = EDGE_CURVE('',#12817,#12817,#12819,.T.);
#12817 = VERTEX_POINT('',#12818);
#12818 = CARTESIAN_POINT('',(-21.75,-61.,12.));
#12819 = SURFACE_CURVE('',#12820,(#12825,#12836),.PCURVE_S1.);
#12820 = CIRCLE('',#12821,2.25);
#12821 = AXIS2_PLACEMENT_3D('',#12822,#12823,#12824);
#12822 = CARTESIAN_POINT('',(-24.,-61.,12.));
#12823 = DIRECTION('',(0.,0.,-1.));
#12824 = DIRECTION('',(1.,0.,0.));
#12825 = PCURVE('',#12450,#12826);
#12826 = DEFINITIONAL_REPRESENTATION('',(#12827),#12835);
#12827 = ( BOUNDED_CURVE() B_SPLINE_CURVE(2,(#12828,#12829,#12830,#12831
    ,#12832,#12833,#12834),.UNSPECIFIED.,.T.,.F.) 
B_SPLINE_CURVE_WITH_KNOTS((1,2,2,2,2,1),(-2.094395102393,0.,
    2.094395102393,4.188790204786,6.28318530718,8.377580409573),
.UNSPECIFIED.) CURVE() GEOMETRIC_REPRESENTATION_ITEM() 
RATIONAL_B_SPLINE_CURVE((1.,0.5,1.,0.5,1.,0.5,1.)) REPRESENTATION_ITEM(
  '') );
#12828 = CARTESIAN_POINT('',(18.25,25.));
#12829 = CARTESIAN_POINT('',(18.25,21.10288568297));
#12830 = CARTESIAN_POINT('',(14.875,23.051442841485));
#12831 = CARTESIAN_POINT('',(11.5,25.));
#12832 = CARTESIAN_POINT('',(14.875,26.948557158515));
#12833 = CARTESIAN_POINT('',(18.25,28.89711431703));
#12834 = CARTESIAN_POINT('',(18.25,25.));
#12835 = ( GEOMETRIC_REPRESENTATION_CONTEXT(2) 
PARAMETRIC_REPRESENTATION_CONTEXT() REPRESENTATION_CONTEXT('2D SPACE',''
  ) );
#12836 = PCURVE('',#12837,#12842);
#12837 = CYLINDRICAL_SURFACE('',#12838,2.25);
#12838 = AXIS2_PLACEMENT_3D('',#12839,#12840,#12841);
#12839 = CARTESIAN_POINT('',(-24.,-61.,-10.));
#12840 = DIRECTION('',(-0.,-0.,-1.));
#12841 = DIRECTION('',(1.,0.,0.));
#12842 = DEFINITIONAL_REPRESENTATION('',(#12843),#12847);
#12843 = LINE('',#12844,#12845);
#12844 = CARTESIAN_POINT('',(-6.28318530718,-22.));
#12845 = VECTOR('',#12846,1.);
#12846 = DIRECTION('',(1.,-0.));
#12847 = ( GEOMETRIC_REPRESENTATION_CONTEXT(2) 
PARAMETRIC_REPRESENTATION_CONTEXT() REPRESENTATION_CONTEXT('2D SPACE',''
  ) );
#12848 = FACE_BOUND('',#12849,.T.);
#12849 = EDGE_LOOP('',(#12850));
#12850 = ORIENTED_EDGE('',*,*,#12851,.T.);
#12851 = EDGE_CURVE('',#12852,#12852,#12854,.T.);
#12852 = VERTEX_POINT('',#12853);
#12853 = CARTESIAN_POINT('',(26.25,-61.,12.));
#12854 = SURFACE_CURVE('',#12855,(#12860,#12871),.PCURVE_S1.);
#12855 = CIRCLE('',#12856,2.25);
#12856 = AXIS2_PLACEMENT_3D('',#12857,#12858,#12859);
#12857 = CARTESIAN_POINT('',(24.,-61.,12.));
#12858 = DIRECTION('',(0.,0.,-1.));
#12859 = DIRECTION('',(1.,0.,0.));
#12860 = PCURVE('',#12450,#12861);
#12861 = DEFINITIONAL_REPRESENTATION('',(#12862),#12870);
#12862 = ( BOUNDED_CURVE() B_SPLINE_CURVE(2,(#12863,#12864,#12865,#12866
    ,#12867,#12868,#12869),.UNSPECIFIED.,.T.,.F.) 
B_SPLINE_CURVE_WITH_KNOTS((1,2,2,2,2,1),(-2.094395102393,0.,
    2.094395102393,4.188790204786,6.28318530718,8.377580409573),
.UNSPECIFIED.) CURVE() GEOMETRIC_REPRESENTATION_ITEM() 
RATIONAL_B_SPLINE_CURVE((1.,0.5,1.,0.5,1.,0.5,1.)) REPRESENTATION_ITEM(
  '') );
#12863 = CARTESIAN_POINT('',(66.25,25.));
#12864 = CARTESIAN_POINT('',(66.25,21.10288568297));
#12865 = CARTESIAN_POINT('',(62.875,23.051442841485));
#12866 = CARTESIAN_POINT('',(59.5,25.));
#12867 = CARTESIAN_POINT('',(62.875,26.948557158515));
#12868 = CARTESIAN_POINT('',(66.25,28.89711431703));
#12869 = CARTESIAN_POINT('',(66.25,25.));
#12870 = ( GEOMETRIC_REPRESENTATION_CONTEXT(2) 
PARAMETRIC_REPRESENTATION_CONTEXT() REPRESENTATION_CONTEXT('2D SPACE',''
  ) );
#12871 = PCURVE('',#12872,#12877);
#12872 = CYLINDRICAL_SURFACE('',#12873,2.25);
#12873 = AXIS2_PLACEMENT_3D('',#12874,#12875,#12876);
#12874 = CARTESIAN_POINT('',(24.,-61.,-10.));
#12875 = DIRECTION('',(-0.,-0.,-1.));
#12876 = DIRECTION('',(1.,0.,0.));
#12877 = DEFINITIONAL_REPRESENTATION('',(#12878),#12882);
#12878 = LINE('',#12879,#12880);
#12879 = CARTESIAN_POINT('',(-6.28318530718,-22.));
#12880 = VECTOR('',#12881,1.);
#12881 = DIRECTION('',(1.,-0.));
#12882 = ( GEOMETRIC_REPRESENTATION_CONTEXT(2) 
PARAMETRIC_REPRESENTATION_CONTEXT() REPRESENTATION_CONTEXT('2D SPACE',''
  ) );
#12883 = ADVANCED_FACE('',(#12884),#12478,.T.);
#12884 = FACE_BOUND('',#12885,.T.);
#12885 = EDGE_LOOP('',(#12886,#12910,#12931,#12932));
#12886 = ORIENTED_EDGE('',*,*,#12887,.T.);
#12887 = EDGE_CURVE('',#12463,#12888,#12890,.T.);
#12888 = VERTEX_POINT('',#12889);
#12889 = CARTESIAN_POINT('',(-37.,-86.,6.));
#12890 = SURFACE_CURVE('',#12891,(#12896,#12903),.PCURVE_S1.);
#12891 = CIRCLE('',#12892,3.);
#12892 = AXIS2_PLACEMENT_3D('',#12893,#12894,#12895);
#12893 = CARTESIAN_POINT('',(-37.,-83.,6.));
#12894 = DIRECTION('',(0.,0.,1.));
#12895 = DIRECTION('',(0.,-1.,0.));
#12896 = PCURVE('',#12478,#12897);
#12897 = DEFINITIONAL_REPRESENTATION('',(#12898),#12902);
#12898 = LINE('',#12899,#12900);
#12899 = CARTESIAN_POINT('',(-4.712388980385,0.));
#12900 = VECTOR('',#12901,1.);
#12901 = DIRECTION('',(1.,0.));
#12902 = ( GEOMETRIC_REPRESENTATION_CONTEXT(2) 
PARAMETRIC_REPRESENTATION_CONTEXT() REPRESENTATION_CONTEXT('2D SPACE',''
  ) );
#12903 = PCURVE('',#12506,#12904);
#12904 = DEFINITIONAL_REPRESENTATION('',(#12905),#12909);
#12905 = CIRCLE('',#12906,3.);
#12906 = AXIS2_PLACEMENT_2D('',#12907,#12908);
#12907 = CARTESIAN_POINT('',(3.,3.));
#12908 = DIRECTION('',(0.,-1.));
#12909 = ( GEOMETRIC_REPRESENTATION_CONTEXT(2) 
PARAMETRIC_REPRESENTATION_CONTEXT() REPRESENTATION_CONTEXT('2D SPACE',''
  ) );
#12910 = ORIENTED_EDGE('',*,*,#12911,.T.);
#12911 = EDGE_CURVE('',#12888,#12549,#12912,.T.);
#12912 = SURFACE_CURVE('',#12913,(#12917,#12924),.PCURVE_S1.);
#12913 = LINE('',#12914,#12915);
#12914 = CARTESIAN_POINT('',(-37.,-86.,6.));
#12915 = VECTOR('',#12916,1.);
#12916 = DIRECTION('',(0.,0.,1.));
#12917 = PCURVE('',#12478,#12918);
#12918 = DEFINITIONAL_REPRESENTATION('',(#12919),#12923);
#12919 = LINE('',#12920,#12921);
#12920 = CARTESIAN_POINT('',(1.570796326795,0.));
#12921 = VECTOR('',#12922,1.);
#12922 = DIRECTION('',(0.,1.));
#12923 = ( GEOMETRIC_REPRESENTATION_CONTEXT(2) 
PARAMETRIC_REPRESENTATION_CONTEXT() REPRESENTATION_CONTEXT('2D SPACE',''
  ) );
#12924 = PCURVE('',#12588,#12925);
#12925 = DEFINITIONAL_REPRESENTATION('',(#12926),#12930);
#12926 = LINE('',#12927,#12928);
#12927 = CARTESIAN_POINT('',(0.,3.));
#12928 = VECTOR('',#12929,1.);
#12929 = DIRECTION('',(1.,0.));
#12930 = ( GEOMETRIC_REPRESENTATION_CONTEXT(2) 
PARAMETRIC_REPRESENTATION_CONTEXT() REPRESENTATION_CONTEXT('2D SPACE',''
  ) );
#12931 = ORIENTED_EDGE('',*,*,#12548,.F.);
#12932 = ORIENTED_EDGE('',*,*,#12462,.F.);
#12933 = ADVANCED_FACE('',(#12934),#12532,.T.);
#12934 = FACE_BOUND('',#12935,.F.);
#12935 = EDGE_LOOP('',(#12936,#12964,#12985,#12986));
#12936 = ORIENTED_EDGE('',*,*,#12937,.T.);
#12937 = EDGE_CURVE('',#12491,#12938,#12940,.T.);
#12938 = VERTEX_POINT('',#12939);
#12939 = CARTESIAN_POINT('',(-37.,-54.,6.));
#12940 = SURFACE_CURVE('',#12941,(#12946,#12953),.PCURVE_S1.);
#12941 = CIRCLE('',#12942,3.);
#12942 = AXIS2_PLACEMENT_3D('',#12943,#12944,#12945);
#12943 = CARTESIAN_POINT('',(-37.,-57.,6.));
#12944 = DIRECTION('',(-0.,-0.,-1.));
#12945 = DIRECTION('',(0.,-1.,0.));
#12946 = PCURVE('',#12532,#12947);
#12947 = DEFINITIONAL_REPRESENTATION('',(#12948),#12952);
#12948 = LINE('',#12949,#12950);
#12949 = CARTESIAN_POINT('',(1.570796326795,-0.));
#12950 = VECTOR('',#12951,1.);
#12951 = DIRECTION('',(-1.,0.));
#12952 = ( GEOMETRIC_REPRESENTATION_CONTEXT(2) 
PARAMETRIC_REPRESENTATION_CONTEXT() REPRESENTATION_CONTEXT('2D SPACE',''
  ) );
#12953 = PCURVE('',#12506,#12954);
#12954 = DEFINITIONAL_REPRESENTATION('',(#12955),#12963);
#12955 = ( BOUNDED_CURVE() B_SPLINE_CURVE(2,(#12956,#12957,#12958,#12959
    ,#12960,#12961,#12962),.UNSPECIFIED.,.T.,.F.) 
B_SPLINE_CURVE_WITH_KNOTS((1,2,2,2,2,1),(-2.094395102393,0.,
    2.094395102393,4.188790204786,6.28318530718,8.377580409573),
.UNSPECIFIED.) CURVE() GEOMETRIC_REPRESENTATION_ITEM() 
RATIONAL_B_SPLINE_CURVE((1.,0.5,1.,0.5,1.,0.5,1.)) REPRESENTATION_ITEM(
  '') );
#12956 = CARTESIAN_POINT('',(3.,26.));
#12957 = CARTESIAN_POINT('',(-2.196152422707,26.));
#12958 = CARTESIAN_POINT('',(0.401923788647,30.5));
#12959 = CARTESIAN_POINT('',(3.,35.));
#12960 = CARTESIAN_POINT('',(5.598076211353,30.5));
#12961 = CARTESIAN_POINT('',(8.196152422707,26.));
#12962 = CARTESIAN_POINT('',(3.,26.));
#12963 = ( GEOMETRIC_REPRESENTATION_CONTEXT(2) 
PARAMETRIC_REPRESENTATION_CONTEXT() REPRESENTATION_CONTEXT('2D SPACE',''
  ) );
#12964 = ORIENTED_EDGE('',*,*,#12965,.T.);
#12965 = EDGE_CURVE('',#12938,#12691,#12966,.T.);
#12966 = SURFACE_CURVE('',#12967,(#12971,#12978),.PCURVE_S1.);
#12967 = LINE('',#12968,#12969);
#12968 = CARTESIAN_POINT('',(-37.,-54.,6.));
#12969 = VECTOR('',#12970,1.);
#12970 = DIRECTION('',(0.,0.,1.));
#12971 = PCURVE('',#12532,#12972);
#12972 = DEFINITIONAL_REPRESENTATION('',(#12973),#12977);
#12973 = LINE('',#12974,#12975);
#12974 = CARTESIAN_POINT('',(-1.570796326795,0.));
#12975 = VECTOR('',#12976,1.);
#12976 = DIRECTION('',(-0.,1.));
#12977 = ( GEOMETRIC_REPRESENTATION_CONTEXT(2) 
PARAMETRIC_REPRESENTATION_CONTEXT() REPRESENTATION_CONTEXT('2D SPACE',''
  ) );
#12978 = PCURVE('',#12706,#12979);
#12979 = DEFINITIONAL_REPRESENTATION('',(#12980),#12984);
#12980 = LINE('',#12981,#12982);
#12981 = CARTESIAN_POINT('',(0.,3.));
#12982 = VECTOR('',#12983,1.);
#12983 = DIRECTION('',(1.,0.));
#12984 = ( GEOMETRIC_REPRESENTATION_CONTEXT(2) 
PARAMETRIC_REPRESENTATION_CONTEXT() REPRESENTATION_CONTEXT('2D SPACE',''
  ) );
#12985 = ORIENTED_EDGE('',*,*,#12718,.F.);
#12986 = ORIENTED_EDGE('',*,*,#12518,.F.);
#12987 = ADVANCED_FACE('',(#12988,#13112,#13142,#13172,#13202),#12506,
  .F.);
#12988 = FACE_BOUND('',#12989,.F.);
#12989 = EDGE_LOOP('',(#12990,#12991,#12992,#13015,#13043,#13066,#13090,
    #13111));
#12990 = ORIENTED_EDGE('',*,*,#12490,.F.);
#12991 = ORIENTED_EDGE('',*,*,#12887,.T.);
#12992 = ORIENTED_EDGE('',*,*,#12993,.T.);
#12993 = EDGE_CURVE('',#12888,#12994,#12996,.T.);
#12994 = VERTEX_POINT('',#12995);
#12995 = CARTESIAN_POINT('',(37.,-86.,6.));
#12996 = SURFACE_CURVE('',#12997,(#13001,#13008),.PCURVE_S1.);
#12997 = LINE('',#12998,#12999);
#12998 = CARTESIAN_POINT('',(-40.,-86.,6.));
#12999 = VECTOR('',#13000,1.);
#13000 = DIRECTION('',(1.,0.,0.));
#13001 = PCURVE('',#12506,#13002);
#13002 = DEFINITIONAL_REPRESENTATION('',(#13003),#13007);
#13003 = LINE('',#13004,#13005);
#13004 = CARTESIAN_POINT('',(0.,0.));
#13005 = VECTOR('',#13006,1.);
#13006 = DIRECTION('',(1.,0.));
#13007 = ( GEOMETRIC_REPRESENTATION_CONTEXT(2) 
PARAMETRIC_REPRESENTATION_CONTEXT() REPRESENTATION_CONTEXT('2D SPACE',''
  ) );
#13008 = PCURVE('',#12588,#13009);
#13009 = DEFINITIONAL_REPRESENTATION('',(#13010),#13014);
#13010 = LINE('',#13011,#13012);
#13011 = CARTESIAN_POINT('',(0.,0.));
#13012 = VECTOR('',#13013,1.);
#13013 = DIRECTION('',(0.,1.));
#13014 = ( GEOMETRIC_REPRESENTATION_CONTEXT(2) 
PARAMETRIC_REPRESENTATION_CONTEXT() REPRESENTATION_CONTEXT('2D SPACE',''
  ) );
#13015 = ORIENTED_EDGE('',*,*,#13016,.F.);
#13016 = EDGE_CURVE('',#13017,#12994,#13019,.T.);
#13017 = VERTEX_POINT('',#13018);
#13018 = CARTESIAN_POINT('',(40.,-83.,6.));
#13019 = SURFACE_CURVE('',#13020,(#13025,#13036),.PCURVE_S1.);
#13020 = CIRCLE('',#13021,3.);
#13021 = AXIS2_PLACEMENT_3D('',#13022,#13023,#13024);
#13022 = CARTESIAN_POINT('',(37.,-83.,6.));
#13023 = DIRECTION('',(-0.,-0.,-1.));
#13024 = DIRECTION('',(0.,-1.,0.));
#13025 = PCURVE('',#12506,#13026);
#13026 = DEFINITIONAL_REPRESENTATION('',(#13027),#13035);
#13027 = ( BOUNDED_CURVE() B_SPLINE_CURVE(2,(#13028,#13029,#13030,#13031
    ,#13032,#13033,#13034),.UNSPECIFIED.,.T.,.F.) 
B_SPLINE_CURVE_WITH_KNOTS((1,2,2,2,2,1),(-2.094395102393,0.,
    2.094395102393,4.188790204786,6.28318530718,8.377580409573),
.UNSPECIFIED.) CURVE() GEOMETRIC_REPRESENTATION_ITEM() 
RATIONAL_B_SPLINE_CURVE((1.,0.5,1.,0.5,1.,0.5,1.)) REPRESENTATION_ITEM(
  '') );
#13028 = CARTESIAN_POINT('',(77.,0.));
#13029 = CARTESIAN_POINT('',(71.803847577293,0.));
#13030 = CARTESIAN_POINT('',(74.401923788647,4.5));
#13031 = CARTESIAN_POINT('',(77.,9.));
#13032 = CARTESIAN_POINT('',(79.598076211353,4.5));
#13033 = CARTESIAN_POINT('',(82.196152422707,4.440892098501E-15));
#13034 = CARTESIAN_POINT('',(77.,0.));
#13035 = ( GEOMETRIC_REPRESENTATION_CONTEXT(2) 
PARAMETRIC_REPRESENTATION_CONTEXT() REPRESENTATION_CONTEXT('2D SPACE',''
  ) );
#13036 = PCURVE('',#12621,#13037);
#13037 = DEFINITIONAL_REPRESENTATION('',(#13038),#13042);
#13038 = LINE('',#13039,#13040);
#13039 = CARTESIAN_POINT('',(4.712388980385,-0.));
#13040 = VECTOR('',#13041,1.);
#13041 = DIRECTION('',(-1.,0.));
#13042 = ( GEOMETRIC_REPRESENTATION_CONTEXT(2) 
PARAMETRIC_REPRESENTATION_CONTEXT() REPRESENTATION_CONTEXT('2D SPACE',''
  ) );
#13043 = ORIENTED_EDGE('',*,*,#13044,.T.);
#13044 = EDGE_CURVE('',#13017,#13045,#13047,.T.);
#13045 = VERTEX_POINT('',#13046);
#13046 = CARTESIAN_POINT('',(40.,-57.,6.));
#13047 = SURFACE_CURVE('',#13048,(#13052,#13059),.PCURVE_S1.);
#13048 = LINE('',#13049,#13050);
#13049 = CARTESIAN_POINT('',(40.,-86.,6.));
#13050 = VECTOR('',#13051,1.);
#13051 = DIRECTION('',(0.,1.,0.));
#13052 = PCURVE('',#12506,#13053);
#13053 = DEFINITIONAL_REPRESENTATION('',(#13054),#13058);
#13054 = LINE('',#13055,#13056);
#13055 = CARTESIAN_POINT('',(80.,0.));
#13056 = VECTOR('',#13057,1.);
#13057 = DIRECTION('',(0.,1.));
#13058 = ( GEOMETRIC_REPRESENTATION_CONTEXT(2) 
PARAMETRIC_REPRESENTATION_CONTEXT() REPRESENTATION_CONTEXT('2D SPACE',''
  ) );
#13059 = PCURVE('',#12649,#13060);
#13060 = DEFINITIONAL_REPRESENTATION('',(#13061),#13065);
#13061 = LINE('',#13062,#13063);
#13062 = CARTESIAN_POINT('',(0.,0.));
#13063 = VECTOR('',#13064,1.);
#13064 = DIRECTION('',(0.,-1.));
#13065 = ( GEOMETRIC_REPRESENTATION_CONTEXT(2) 
PARAMETRIC_REPRESENTATION_CONTEXT() REPRESENTATION_CONTEXT('2D SPACE',''
  ) );
#13066 = ORIENTED_EDGE('',*,*,#13067,.T.);
#13067 = EDGE_CURVE('',#13045,#13068,#13070,.T.);
#13068 = VERTEX_POINT('',#13069);
#13069 = CARTESIAN_POINT('',(37.,-54.,6.));
#13070 = SURFACE_CURVE('',#13071,(#13076,#13083),.PCURVE_S1.);
#13071 = CIRCLE('',#13072,3.);
#13072 = AXIS2_PLACEMENT_3D('',#13073,#13074,#13075);
#13073 = CARTESIAN_POINT('',(37.,-57.,6.));
#13074 = DIRECTION('',(0.,0.,1.));
#13075 = DIRECTION('',(0.,-1.,0.));
#13076 = PCURVE('',#12506,#13077);
#13077 = DEFINITIONAL_REPRESENTATION('',(#13078),#13082);
#13078 = CIRCLE('',#13079,3.);
#13079 = AXIS2_PLACEMENT_2D('',#13080,#13081);
#13080 = CARTESIAN_POINT('',(77.,29.));
#13081 = DIRECTION('',(0.,-1.));
#13082 = ( GEOMETRIC_REPRESENTATION_CONTEXT(2) 
PARAMETRIC_REPRESENTATION_CONTEXT() REPRESENTATION_CONTEXT('2D SPACE',''
  ) );
#13083 = PCURVE('',#12678,#13084);
#13084 = DEFINITIONAL_REPRESENTATION('',(#13085),#13089);
#13085 = LINE('',#13086,#13087);
#13086 = CARTESIAN_POINT('',(-1.570796326795,0.));
#13087 = VECTOR('',#13088,1.);
#13088 = DIRECTION('',(1.,0.));
#13089 = ( GEOMETRIC_REPRESENTATION_CONTEXT(2) 
PARAMETRIC_REPRESENTATION_CONTEXT() REPRESENTATION_CONTEXT('2D SPACE',''
  ) );
#13090 = ORIENTED_EDGE('',*,*,#13091,.F.);
#13091 = EDGE_CURVE('',#12938,#13068,#13092,.T.);
#13092 = SURFACE_CURVE('',#13093,(#13097,#13104),.PCURVE_S1.);
#13093 = LINE('',#13094,#13095);
#13094 = CARTESIAN_POINT('',(-40.,-54.,6.));
#13095 = VECTOR('',#13096,1.);
#13096 = DIRECTION('',(1.,0.,0.));
#13097 = PCURVE('',#12506,#13098);
#13098 = DEFINITIONAL_REPRESENTATION('',(#13099),#13103);
#13099 = LINE('',#13100,#13101);
#13100 = CARTESIAN_POINT('',(0.,32.));
#13101 = VECTOR('',#13102,1.);
#13102 = DIRECTION('',(1.,0.));
#13103 = ( GEOMETRIC_REPRESENTATION_CONTEXT(2) 
PARAMETRIC_REPRESENTATION_CONTEXT() REPRESENTATION_CONTEXT('2D SPACE',''
  ) );
#13104 = PCURVE('',#12706,#13105);
#13105 = DEFINITIONAL_REPRESENTATION('',(#13106),#13110);
#13106 = LINE('',#13107,#13108);
#13107 = CARTESIAN_POINT('',(0.,0.));
#13108 = VECTOR('',#13109,1.);
#13109 = DIRECTION('',(0.,1.));
#13110 = ( GEOMETRIC_REPRESENTATION_CONTEXT(2) 
PARAMETRIC_REPRESENTATION_CONTEXT() REPRESENTATION_CONTEXT('2D SPACE',''
  ) );
#13111 = ORIENTED_EDGE('',*,*,#12937,.F.);
#13112 = FACE_BOUND('',#13113,.F.);
#13113 = EDGE_LOOP('',(#13114));
#13114 = ORIENTED_EDGE('',*,*,#13115,.T.);
#13115 = EDGE_CURVE('',#13116,#13116,#13118,.T.);
#13116 = VERTEX_POINT('',#13117);
#13117 = CARTESIAN_POINT('',(-21.75,-79.,6.));
#13118 = SURFACE_CURVE('',#13119,(#13124,#13135),.PCURVE_S1.);
#13119 = CIRCLE('',#13120,2.25);
#13120 = AXIS2_PLACEMENT_3D('',#13121,#13122,#13123);
#13121 = CARTESIAN_POINT('',(-24.,-79.,6.));
#13122 = DIRECTION('',(0.,0.,-1.));
#13123 = DIRECTION('',(1.,0.,0.));
#13124 = PCURVE('',#12506,#13125);
#13125 = DEFINITIONAL_REPRESENTATION('',(#13126),#13134);
#13126 = ( BOUNDED_CURVE() B_SPLINE_CURVE(2,(#13127,#13128,#13129,#13130
    ,#13131,#13132,#13133),.UNSPECIFIED.,.T.,.F.) 
B_SPLINE_CURVE_WITH_KNOTS((1,2,2,2,2,1),(-2.094395102393,0.,
    2.094395102393,4.188790204786,6.28318530718,8.377580409573),
.UNSPECIFIED.) CURVE() GEOMETRIC_REPRESENTATION_ITEM() 
RATIONAL_B_SPLINE_CURVE((1.,0.5,1.,0.5,1.,0.5,1.)) REPRESENTATION_ITEM(
  '') );
#13127 = CARTESIAN_POINT('',(18.25,7.));
#13128 = CARTESIAN_POINT('',(18.25,3.10288568297));
#13129 = CARTESIAN_POINT('',(14.875,5.051442841485));
#13130 = CARTESIAN_POINT('',(11.5,7.));
#13131 = CARTESIAN_POINT('',(14.875,8.948557158515));
#13132 = CARTESIAN_POINT('',(18.25,10.89711431703));
#13133 = CARTESIAN_POINT('',(18.25,7.));
#13134 = ( GEOMETRIC_REPRESENTATION_CONTEXT(2) 
PARAMETRIC_REPRESENTATION_CONTEXT() REPRESENTATION_CONTEXT('2D SPACE',''
  ) );
#13135 = PCURVE('',#12767,#13136);
#13136 = DEFINITIONAL_REPRESENTATION('',(#13137),#13141);
#13137 = LINE('',#13138,#13139);
#13138 = CARTESIAN_POINT('',(-6.28318530718,-16.));
#13139 = VECTOR('',#13140,1.);
#13140 = DIRECTION('',(1.,-0.));
#13141 = ( GEOMETRIC_REPRESENTATION_CONTEXT(2) 
PARAMETRIC_REPRESENTATION_CONTEXT() REPRESENTATION_CONTEXT('2D SPACE',''
  ) );
#13142 = FACE_BOUND('',#13143,.F.);
#13143 = EDGE_LOOP('',(#13144));
#13144 = ORIENTED_EDGE('',*,*,#13145,.T.);
#13145 = EDGE_CURVE('',#13146,#13146,#13148,.T.);
#13146 = VERTEX_POINT('',#13147);
#13147 = CARTESIAN_POINT('',(26.25,-79.,6.));
#13148 = SURFACE_CURVE('',#13149,(#13154,#13165),.PCURVE_S1.);
#13149 = CIRCLE('',#13150,2.25);
#13150 = AXIS2_PLACEMENT_3D('',#13151,#13152,#13153);
#13151 = CARTESIAN_POINT('',(24.,-79.,6.));
#13152 = DIRECTION('',(0.,0.,-1.));
#13153 = DIRECTION('',(1.,0.,0.));
#13154 = PCURVE('',#12506,#13155);
#13155 = DEFINITIONAL_REPRESENTATION('',(#13156),#13164);
#13156 = ( BOUNDED_CURVE() B_SPLINE_CURVE(2,(#13157,#13158,#13159,#13160
    ,#13161,#13162,#13163),.UNSPECIFIED.,.T.,.F.) 
B_SPLINE_CURVE_WITH_KNOTS((1,2,2,2,2,1),(-2.094395102393,0.,
    2.094395102393,4.188790204786,6.28318530718,8.377580409573),
.UNSPECIFIED.) CURVE() GEOMETRIC_REPRESENTATION_ITEM() 
RATIONAL_B_SPLINE_CURVE((1.,0.5,1.,0.5,1.,0.5,1.)) REPRESENTATION_ITEM(
  '') );
#13157 = CARTESIAN_POINT('',(66.25,7.));
#13158 = CARTESIAN_POINT('',(66.25,3.10288568297));
#13159 = CARTESIAN_POINT('',(62.875,5.051442841485));
#13160 = CARTESIAN_POINT('',(59.5,7.));
#13161 = CARTESIAN_POINT('',(62.875,8.948557158515));
#13162 = CARTESIAN_POINT('',(66.25,10.89711431703));
#13163 = CARTESIAN_POINT('',(66.25,7.));
#13164 = ( GEOMETRIC_REPRESENTATION_CONTEXT(2) 
PARAMETRIC_REPRESENTATION_CONTEXT() REPRESENTATION_CONTEXT('2D SPACE',''
  ) );
#13165 = PCURVE('',#12802,#13166);
#13166 = DEFINITIONAL_REPRESENTATION('',(#13167),#13171);
#13167 = LINE('',#13168,#13169);
#13168 = CARTESIAN_POINT('',(-6.28318530718,-16.));
#13169 = VECTOR('',#13170,1.);
#13170 = DIRECTION('',(1.,-0.));
#13171 = ( GEOMETRIC_REPRESENTATION_CONTEXT(2) 
PARAMETRIC_REPRESENTATION_CONTEXT() REPRESENTATION_CONTEXT('2D SPACE',''
  ) );
#13172 = FACE_BOUND('',#13173,.F.);
#13173 = EDGE_LOOP('',(#13174));
#13174 = ORIENTED_EDGE('',*,*,#13175,.T.);
#13175 = EDGE_CURVE('',#13176,#13176,#13178,.T.);
#13176 = VERTEX_POINT('',#13177);
#13177 = CARTESIAN_POINT('',(-21.75,-61.,6.));
#13178 = SURFACE_CURVE('',#13179,(#13184,#13195),.PCURVE_S1.);
#13179 = CIRCLE('',#13180,2.25);
#13180 = AXIS2_PLACEMENT_3D('',#13181,#13182,#13183);
#13181 = CARTESIAN_POINT('',(-24.,-61.,6.));
#13182 = DIRECTION('',(0.,0.,-1.));
#13183 = DIRECTION('',(1.,0.,0.));
#13184 = PCURVE('',#12506,#13185);
#13185 = DEFINITIONAL_REPRESENTATION('',(#13186),#13194);
#13186 = ( BOUNDED_CURVE() B_SPLINE_CURVE(2,(#13187,#13188,#13189,#13190
    ,#13191,#13192,#13193),.UNSPECIFIED.,.T.,.F.) 
B_SPLINE_CURVE_WITH_KNOTS((1,2,2,2,2,1),(-2.094395102393,0.,
    2.094395102393,4.188790204786,6.28318530718,8.377580409573),
.UNSPECIFIED.) CURVE() GEOMETRIC_REPRESENTATION_ITEM() 
RATIONAL_B_SPLINE_CURVE((1.,0.5,1.,0.5,1.,0.5,1.)) REPRESENTATION_ITEM(
  '') );
#13187 = CARTESIAN_POINT('',(18.25,25.));
#13188 = CARTESIAN_POINT('',(18.25,21.10288568297));
#13189 = CARTESIAN_POINT('',(14.875,23.051442841485));
#13190 = CARTESIAN_POINT('',(11.5,25.));
#13191 = CARTESIAN_POINT('',(14.875,26.948557158515));
#13192 = CARTESIAN_POINT('',(18.25,28.89711431703));
#13193 = CARTESIAN_POINT('',(18.25,25.));
#13194 = ( GEOMETRIC_REPRESENTATION_CONTEXT(2) 
PARAMETRIC_REPRESENTATION_CONTEXT() REPRESENTATION_CONTEXT('2D SPACE',''
  ) );
#13195 = PCURVE('',#12837,#13196);
#13196 = DEFINITIONAL_REPRESENTATION('',(#13197),#13201);
#13197 = LINE('',#13198,#13199);
#13198 = CARTESIAN_POINT('',(-6.28318530718,-16.));
#13199 = VECTOR('',#13200,1.);
#13200 = DIRECTION('',(1.,-0.));
#13201 = ( GEOMETRIC_REPRESENTATION_CONTEXT(2) 
PARAMETRIC_REPRESENTATION_CONTEXT() REPRESENTATION_CONTEXT('2D SPACE',''
  ) );
#13202 = FACE_BOUND('',#13203,.F.);
#13203 = EDGE_LOOP('',(#13204));
#13204 = ORIENTED_EDGE('',*,*,#13205,.T.);
#13205 = EDGE_CURVE('',#13206,#13206,#13208,.T.);
#13206 = VERTEX_POINT('',#13207);
#13207 = CARTESIAN_POINT('',(26.25,-61.,6.));
#13208 = SURFACE_CURVE('',#13209,(#13214,#13225),.PCURVE_S1.);
#13209 = CIRCLE('',#13210,2.25);
#13210 = AXIS2_PLACEMENT_3D('',#13211,#13212,#13213);
#13211 = CARTESIAN_POINT('',(24.,-61.,6.));
#13212 = DIRECTION('',(0.,0.,-1.));
#13213 = DIRECTION('',(1.,0.,0.));
#13214 = PCURVE('',#12506,#13215);
#13215 = DEFINITIONAL_REPRESENTATION('',(#13216),#13224);
#13216 = ( BOUNDED_CURVE() B_SPLINE_CURVE(2,(#13217,#13218,#13219,#13220
    ,#13221,#13222,#13223),.UNSPECIFIED.,.T.,.F.) 
B_SPLINE_CURVE_WITH_KNOTS((1,2,2,2,2,1),(-2.094395102393,0.,
    2.094395102393,4.188790204786,6.28318530718,8.377580409573),
.UNSPECIFIED.) CURVE() GEOMETRIC_REPRESENTATION_ITEM() 
RATIONAL_B_SPLINE_CURVE((1.,0.5,1.,0.5,1.,0.5,1.)) REPRESENTATION_ITEM(
  '') );
#13217 = CARTESIAN_POINT('',(66.25,25.));
#13218 = CARTESIAN_POINT('',(66.25,21.10288568297));
#13219 = CARTESIAN_POINT('',(62.875,23.051442841485));
#13220 = CARTESIAN_POINT('',(59.5,25.));
#13221 = CARTESIAN_POINT('',(62.875,26.948557158515));
#13222 = CARTESIAN_POINT('',(66.25,28.89711431703));
#13223 = CARTESIAN_POINT('',(66.25,25.));
#13224 = ( GEOMETRIC_REPRESENTATION_CONTEXT(2) 
PARAMETRIC_REPRESENTATION_CONTEXT() REPRESENTATION_CONTEXT('2D SPACE',''
  ) );
#13225 = PCURVE('',#12872,#13226);
#13226 = DEFINITIONAL_REPRESENTATION('',(#13227),#13231);
#13227 = LINE('',#13228,#13229);
#13228 = CARTESIAN_POINT('',(-6.28318530718,-16.));
#13229 = VECTOR('',#13230,1.);
#13230 = DIRECTION('',(1.,-0.));
#13231 = ( GEOMETRIC_REPRESENTATION_CONTEXT(2) 
PARAMETRIC_REPRESENTATION_CONTEXT() REPRESENTATION_CONTEXT('2D SPACE',''
  ) );
#13232 = ADVANCED_FACE('',(#13233),#12588,.F.);
#13233 = FACE_BOUND('',#13234,.F.);
#13234 = EDGE_LOOP('',(#13235,#13236,#13237,#13238));
#13235 = ORIENTED_EDGE('',*,*,#12993,.F.);
#13236 = ORIENTED_EDGE('',*,*,#12911,.T.);
#13237 = ORIENTED_EDGE('',*,*,#12572,.T.);
#13238 = ORIENTED_EDGE('',*,*,#13239,.F.);
#13239 = EDGE_CURVE('',#12994,#12573,#13240,.T.);
#13240 = SURFACE_CURVE('',#13241,(#13245,#13252),.PCURVE_S1.);
#13241 = LINE('',#13242,#13243);
#13242 = CARTESIAN_POINT('',(37.,-86.,6.));
#13243 = VECTOR('',#13244,1.);
#13244 = DIRECTION('',(0.,0.,1.));
#13245 = PCURVE('',#12588,#13246);
#13246 = DEFINITIONAL_REPRESENTATION('',(#13247),#13251);
#13247 = LINE('',#13248,#13249);
#13248 = CARTESIAN_POINT('',(0.,77.));
#13249 = VECTOR('',#13250,1.);
#13250 = DIRECTION('',(1.,0.));
#13251 = ( GEOMETRIC_REPRESENTATION_CONTEXT(2) 
PARAMETRIC_REPRESENTATION_CONTEXT() REPRESENTATION_CONTEXT('2D SPACE',''
  ) );
#13252 = PCURVE('',#12621,#13253);
#13253 = DEFINITIONAL_REPRESENTATION('',(#13254),#13258);
#13254 = LINE('',#13255,#13256);
#13255 = CARTESIAN_POINT('',(-1.570796326795,0.));
#13256 = VECTOR('',#13257,1.);
#13257 = DIRECTION('',(-0.,1.));
#13258 = ( GEOMETRIC_REPRESENTATION_CONTEXT(2) 
PARAMETRIC_REPRESENTATION_CONTEXT() REPRESENTATION_CONTEXT('2D SPACE',''
  ) );
#13259 = ADVANCED_FACE('',(#13260),#12706,.T.);
#13260 = FACE_BOUND('',#13261,.T.);
#13261 = EDGE_LOOP('',(#13262,#13263,#13264,#13265));
#13262 = ORIENTED_EDGE('',*,*,#13091,.F.);
#13263 = ORIENTED_EDGE('',*,*,#12965,.T.);
#13264 = ORIENTED_EDGE('',*,*,#12690,.T.);
#13265 = ORIENTED_EDGE('',*,*,#13266,.F.);
#13266 = EDGE_CURVE('',#13068,#12662,#13267,.T.);
#13267 = SURFACE_CURVE('',#13268,(#13272,#13279),.PCURVE_S1.);
#13268 = LINE('',#13269,#13270);
#13269 = CARTESIAN_POINT('',(37.,-54.,6.));
#13270 = VECTOR('',#13271,1.);
#13271 = DIRECTION('',(0.,0.,1.));
#13272 = PCURVE('',#12706,#13273);
#13273 = DEFINITIONAL_REPRESENTATION('',(#13274),#13278);
#13274 = LINE('',#13275,#13276);
#13275 = CARTESIAN_POINT('',(0.,77.));
#13276 = VECTOR('',#13277,1.);
#13277 = DIRECTION('',(1.,0.));
#13278 = ( GEOMETRIC_REPRESENTATION_CONTEXT(2) 
PARAMETRIC_REPRESENTATION_CONTEXT() REPRESENTATION_CONTEXT('2D SPACE',''
  ) );
#13279 = PCURVE('',#12678,#13280);
#13280 = DEFINITIONAL_REPRESENTATION('',(#13281),#13285);
#13281 = LINE('',#13282,#13283);
#13282 = CARTESIAN_POINT('',(1.570796326795,0.));
#13283 = VECTOR('',#13284,1.);
#13284 = DIRECTION('',(0.,1.));
#13285 = ( GEOMETRIC_REPRESENTATION_CONTEXT(2) 
PARAMETRIC_REPRESENTATION_CONTEXT() REPRESENTATION_CONTEXT('2D SPACE',''
  ) );
#13286 = ADVANCED_FACE('',(#13287),#12621,.T.);
#13287 = FACE_BOUND('',#13288,.F.);
#13288 = EDGE_LOOP('',(#13289,#13290,#13291,#13292));
#13289 = ORIENTED_EDGE('',*,*,#13016,.T.);
#13290 = ORIENTED_EDGE('',*,*,#13239,.T.);
#13291 = ORIENTED_EDGE('',*,*,#12600,.F.);
#13292 = ORIENTED_EDGE('',*,*,#13293,.F.);
#13293 = EDGE_CURVE('',#13017,#12601,#13294,.T.);
#13294 = SURFACE_CURVE('',#13295,(#13299,#13306),.PCURVE_S1.);
#13295 = LINE('',#13296,#13297);
#13296 = CARTESIAN_POINT('',(40.,-83.,6.));
#13297 = VECTOR('',#13298,1.);
#13298 = DIRECTION('',(0.,0.,1.));
#13299 = PCURVE('',#12621,#13300);
#13300 = DEFINITIONAL_REPRESENTATION('',(#13301),#13305);
#13301 = LINE('',#13302,#13303);
#13302 = CARTESIAN_POINT('',(-0.,0.));
#13303 = VECTOR('',#13304,1.);
#13304 = DIRECTION('',(-0.,1.));
#13305 = ( GEOMETRIC_REPRESENTATION_CONTEXT(2) 
PARAMETRIC_REPRESENTATION_CONTEXT() REPRESENTATION_CONTEXT('2D SPACE',''
  ) );
#13306 = PCURVE('',#12649,#13307);
#13307 = DEFINITIONAL_REPRESENTATION('',(#13308),#13312);
#13308 = LINE('',#13309,#13310);
#13309 = CARTESIAN_POINT('',(0.,-3.));
#13310 = VECTOR('',#13311,1.);
#13311 = DIRECTION('',(1.,0.));
#13312 = ( GEOMETRIC_REPRESENTATION_CONTEXT(2) 
PARAMETRIC_REPRESENTATION_CONTEXT() REPRESENTATION_CONTEXT('2D SPACE',''
  ) );
#13313 = ADVANCED_FACE('',(#13314),#12678,.T.);
#13314 = FACE_BOUND('',#13315,.T.);
#13315 = EDGE_LOOP('',(#13316,#13317,#13318,#13319));
#13316 = ORIENTED_EDGE('',*,*,#13067,.T.);
#13317 = ORIENTED_EDGE('',*,*,#13266,.T.);
#13318 = ORIENTED_EDGE('',*,*,#12661,.F.);
#13319 = ORIENTED_EDGE('',*,*,#13320,.F.);
#13320 = EDGE_CURVE('',#13045,#12634,#13321,.T.);
#13321 = SURFACE_CURVE('',#13322,(#13326,#13333),.PCURVE_S1.);
#13322 = LINE('',#13323,#13324);
#13323 = CARTESIAN_POINT('',(40.,-57.,6.));
#13324 = VECTOR('',#13325,1.);
#13325 = DIRECTION('',(0.,0.,1.));
#13326 = PCURVE('',#12678,#13327);
#13327 = DEFINITIONAL_REPRESENTATION('',(#13328),#13332);
#13328 = LINE('',#13329,#13330);
#13329 = CARTESIAN_POINT('',(0.,0.));
#13330 = VECTOR('',#13331,1.);
#13331 = DIRECTION('',(0.,1.));
#13332 = ( GEOMETRIC_REPRESENTATION_CONTEXT(2) 
PARAMETRIC_REPRESENTATION_CONTEXT() REPRESENTATION_CONTEXT('2D SPACE',''
  ) );
#13333 = PCURVE('',#12649,#13334);
#13334 = DEFINITIONAL_REPRESENTATION('',(#13335),#13339);
#13335 = LINE('',#13336,#13337);
#13336 = CARTESIAN_POINT('',(0.,-29.));
#13337 = VECTOR('',#13338,1.);
#13338 = DIRECTION('',(1.,0.));
#13339 = ( GEOMETRIC_REPRESENTATION_CONTEXT(2) 
PARAMETRIC_REPRESENTATION_CONTEXT() REPRESENTATION_CONTEXT('2D SPACE',''
  ) );
#13340 = ADVANCED_FACE('',(#13341),#12649,.T.);
#13341 = FACE_BOUND('',#13342,.T.);
#13342 = EDGE_LOOP('',(#13343,#13344,#13345,#13346));
#13343 = ORIENTED_EDGE('',*,*,#12633,.F.);
#13344 = ORIENTED_EDGE('',*,*,#13293,.F.);
#13345 = ORIENTED_EDGE('',*,*,#13044,.T.);
#13346 = ORIENTED_EDGE('',*,*,#13320,.T.);
#13347 = ADVANCED_FACE('',(#13348),#12767,.F.);
#13348 = FACE_BOUND('',#13349,.T.);
#13349 = EDGE_LOOP('',(#13350,#13351,#13372,#13373));
#13350 = ORIENTED_EDGE('',*,*,#13115,.T.);
#13351 = ORIENTED_EDGE('',*,*,#13352,.T.);
#13352 = EDGE_CURVE('',#13116,#12747,#13353,.T.);
#13353 = SEAM_CURVE('',#13354,(#13358,#13365),.PCURVE_S1.);
#13354 = LINE('',#13355,#13356);
#13355 = CARTESIAN_POINT('',(-21.75,-79.,-10.));
#13356 = VECTOR('',#13357,1.);
#13357 = DIRECTION('',(0.,0.,1.));
#13358 = PCURVE('',#12767,#13359);
#13359 = DEFINITIONAL_REPRESENTATION('',(#13360),#13364);
#13360 = LINE('',#13361,#13362);
#13361 = CARTESIAN_POINT('',(-6.28318530718,0.));
#13362 = VECTOR('',#13363,1.);
#13363 = DIRECTION('',(-0.,-1.));
#13364 = ( GEOMETRIC_REPRESENTATION_CONTEXT(2) 
PARAMETRIC_REPRESENTATION_CONTEXT() REPRESENTATION_CONTEXT('2D SPACE',''
  ) );
#13365 = PCURVE('',#12767,#13366);
#13366 = DEFINITIONAL_REPRESENTATION('',(#13367),#13371);
#13367 = LINE('',#13368,#13369);
#13368 = CARTESIAN_POINT('',(-0.,0.));
#13369 = VECTOR('',#13370,1.);
#13370 = DIRECTION('',(-0.,-1.));
#13371 = ( GEOMETRIC_REPRESENTATION_CONTEXT(2) 
PARAMETRIC_REPRESENTATION_CONTEXT() REPRESENTATION_CONTEXT('2D SPACE',''
  ) );
#13372 = ORIENTED_EDGE('',*,*,#12746,.F.);
#13373 = ORIENTED_EDGE('',*,*,#13352,.F.);
#13374 = ADVANCED_FACE('',(#13375),#12802,.F.);
#13375 = FACE_BOUND('',#13376,.T.);
#13376 = EDGE_LOOP('',(#13377,#13378,#13399,#13400));
#13377 = ORIENTED_EDGE('',*,*,#13145,.T.);
#13378 = ORIENTED_EDGE('',*,*,#13379,.T.);
#13379 = EDGE_CURVE('',#13146,#12782,#13380,.T.);
#13380 = SEAM_CURVE('',#13381,(#13385,#13392),.PCURVE_S1.);
#13381 = LINE('',#13382,#13383);
#13382 = CARTESIAN_POINT('',(26.25,-79.,-10.));
#13383 = VECTOR('',#13384,1.);
#13384 = DIRECTION('',(0.,0.,1.));
#13385 = PCURVE('',#12802,#13386);
#13386 = DEFINITIONAL_REPRESENTATION('',(#13387),#13391);
#13387 = LINE('',#13388,#13389);
#13388 = CARTESIAN_POINT('',(-6.28318530718,0.));
#13389 = VECTOR('',#13390,1.);
#13390 = DIRECTION('',(-0.,-1.));
#13391 = ( GEOMETRIC_REPRESENTATION_CONTEXT(2) 
PARAMETRIC_REPRESENTATION_CONTEXT() REPRESENTATION_CONTEXT('2D SPACE',''
  ) );
#13392 = PCURVE('',#12802,#13393);
#13393 = DEFINITIONAL_REPRESENTATION('',(#13394),#13398);
#13394 = LINE('',#13395,#13396);
#13395 = CARTESIAN_POINT('',(-0.,0.));
#13396 = VECTOR('',#13397,1.);
#13397 = DIRECTION('',(-0.,-1.));
#13398 = ( GEOMETRIC_REPRESENTATION_CONTEXT(2) 
PARAMETRIC_REPRESENTATION_CONTEXT() REPRESENTATION_CONTEXT('2D SPACE',''
  ) );
#13399 = ORIENTED_EDGE('',*,*,#12781,.F.);
#13400 = ORIENTED_EDGE('',*,*,#13379,.F.);
#13401 = ADVANCED_FACE('',(#13402),#12837,.F.);
#13402 = FACE_BOUND('',#13403,.T.);
#13403 = EDGE_LOOP('',(#13404,#13405,#13426,#13427));
#13404 = ORIENTED_EDGE('',*,*,#13175,.T.);
#13405 = ORIENTED_EDGE('',*,*,#13406,.T.);
#13406 = EDGE_CURVE('',#13176,#12817,#13407,.T.);
#13407 = SEAM_CURVE('',#13408,(#13412,#13419),.PCURVE_S1.);
#13408 = LINE('',#13409,#13410);
#13409 = CARTESIAN_POINT('',(-21.75,-61.,-10.));
#13410 = VECTOR('',#13411,1.);
#13411 = DIRECTION('',(0.,0.,1.));
#13412 = PCURVE('',#12837,#13413);
#13413 = DEFINITIONAL_REPRESENTATION('',(#13414),#13418);
#13414 = LINE('',#13415,#13416);
#13415 = CARTESIAN_POINT('',(-6.28318530718,0.));
#13416 = VECTOR('',#13417,1.);
#13417 = DIRECTION('',(-0.,-1.));
#13418 = ( GEOMETRIC_REPRESENTATION_CONTEXT(2) 
PARAMETRIC_REPRESENTATION_CONTEXT() REPRESENTATION_CONTEXT('2D SPACE',''
  ) );
#13419 = PCURVE('',#12837,#13420);
#13420 = DEFINITIONAL_REPRESENTATION('',(#13421),#13425);
#13421 = LINE('',#13422,#13423);
#13422 = CARTESIAN_POINT('',(-0.,0.));
#13423 = VECTOR('',#13424,1.);
#13424 = DIRECTION('',(-0.,-1.));
#13425 = ( GEOMETRIC_REPRESENTATION_CONTEXT(2) 
PARAMETRIC_REPRESENTATION_CONTEXT() REPRESENTATION_CONTEXT('2D SPACE',''
  ) );
#13426 = ORIENTED_EDGE('',*,*,#12816,.F.);
#13427 = ORIENTED_EDGE('',*,*,#13406,.F.);
#13428 = ADVANCED_FACE('',(#13429),#12872,.F.);
#13429 = FACE_BOUND('',#13430,.T.);
#13430 = EDGE_LOOP('',(#13431,#13432,#13453,#13454));
#13431 = ORIENTED_EDGE('',*,*,#13205,.T.);
#13432 = ORIENTED_EDGE('',*,*,#13433,.T.);
#13433 = EDGE_CURVE('',#13206,#12852,#13434,.T.);
#13434 = SEAM_CURVE('',#13435,(#13439,#13446),.PCURVE_S1.);
#13435 = LINE('',#13436,#13437);
#13436 = CARTESIAN_POINT('',(26.25,-61.,-10.));
#13437 = VECTOR('',#13438,1.);
#13438 = DIRECTION('',(0.,0.,1.));
#13439 = PCURVE('',#12872,#13440);
#13440 = DEFINITIONAL_REPRESENTATION('',(#13441),#13445);
#13441 = LINE('',#13442,#13443);
#13442 = CARTESIAN_POINT('',(-6.28318530718,0.));
#13443 = VECTOR('',#13444,1.);
#13444 = DIRECTION('',(-0.,-1.));
#13445 = ( GEOMETRIC_REPRESENTATION_CONTEXT(2) 
PARAMETRIC_REPRESENTATION_CONTEXT() REPRESENTATION_CONTEXT('2D SPACE',''
  ) );
#13446 = PCURVE('',#12872,#13447);
#13447 = DEFINITIONAL_REPRESENTATION('',(#13448),#13452);
#13448 = LINE('',#13449,#13450);
#13449 = CARTESIAN_POINT('',(-0.,0.));
#13450 = VECTOR('',#13451,1.);
#13451 = DIRECTION('',(-0.,-1.));
#13452 = ( GEOMETRIC_REPRESENTATION_CONTEXT(2) 
PARAMETRIC_REPRESENTATION_CONTEXT() REPRESENTATION_CONTEXT('2D SPACE',''
  ) );
#13453 = ORIENTED_EDGE('',*,*,#12851,.F.);
#13454 = ORIENTED_EDGE('',*,*,#13433,.F.);
#13455 = ( GEOMETRIC_REPRESENTATION_CONTEXT(3) 
GLOBAL_UNCERTAINTY_ASSIGNED_CONTEXT((#13459)) 
GLOBAL_UNIT_ASSIGNED_CONTEXT((#13456,#13457,#13458)) 
REPRESENTATION_CONTEXT('Context #1',
  '3D Context with UNIT and UNCERTAINTY') );
#13456 = ( LENGTH_UNIT() NAMED_UNIT(*) SI_UNIT(.MILLI.,.METRE.) );
#13457 = ( NAMED_UNIT(*) PLANE_ANGLE_UNIT() SI_UNIT($,.RADIAN.) );
#13458 = ( NAMED_UNIT(*) SI_UNIT($,.STERADIAN.) SOLID_ANGLE_UNIT() );
#13459 = UNCERTAINTY_MEASURE_WITH_UNIT(LENGTH_MEASURE(1.E-07),#13456,
  'distance_accuracy_value','confusion accuracy');
#13460 = CONTEXT_DEPENDENT_SHAPE_REPRESENTATION(#13461,#13463);
#13461 = ( REPRESENTATION_RELATIONSHIP('','',#12420,#10) 
REPRESENTATION_RELATIONSHIP_WITH_TRANSFORMATION(#13462) 
SHAPE_REPRESENTATION_RELATIONSHIP() );
#13462 = ITEM_DEFINED_TRANSFORMATION('','',#11,#31);
#13463 = PRODUCT_DEFINITION_SHAPE('Placement','Placement of an item',
  #13464);
#13464 = NEXT_ASSEMBLY_USAGE_OCCURRENCE('5','05_Transverse_Joint_Plate',
  '',#5,#12415,$);
#13465 = PRODUCT_RELATED_PRODUCT_CATEGORY('part',$,(#12417));
#13466 = SHAPE_DEFINITION_REPRESENTATION(#13467,#13473);
#13467 = PRODUCT_DEFINITION_SHAPE('','',#13468);
#13468 = PRODUCT_DEFINITION('design','',#13469,#13472);
#13469 = PRODUCT_DEFINITION_FORMATION('','',#13470);
#13470 = PRODUCT('06_Transverse_Joint_Plate','06_Transverse_Joint_Plate'
  ,'',(#13471));
#13471 = PRODUCT_CONTEXT('',#2,'mechanical');
#13472 = PRODUCT_DEFINITION_CONTEXT('part definition',#2,'design');
#13473 = ADVANCED_BREP_SHAPE_REPRESENTATION('',(#11,#13474),#14508);
#13474 = MANIFOLD_SOLID_BREP('',#13475);
#13475 = CLOSED_SHELL('',(#13476,#13596,#13936,#13986,#14040,#14285,
    #14312,#14339,#14366,#14393,#14400,#14427,#14454,#14481));
#13476 = ADVANCED_FACE('',(#13477),#13491,.F.);
#13477 = FACE_BOUND('',#13478,.F.);
#13478 = EDGE_LOOP('',(#13479,#13514,#13542,#13570));
#13479 = ORIENTED_EDGE('',*,*,#13480,.F.);
#13480 = EDGE_CURVE('',#13481,#13483,#13485,.T.);
#13481 = VERTEX_POINT('',#13482);
#13482 = CARTESIAN_POINT('',(-40.,57.,12.));
#13483 = VERTEX_POINT('',#13484);
#13484 = CARTESIAN_POINT('',(-40.,83.,12.));
#13485 = SURFACE_CURVE('',#13486,(#13490,#13502),.PCURVE_S1.);
#13486 = LINE('',#13487,#13488);
#13487 = CARTESIAN_POINT('',(-40.,54.,12.));
#13488 = VECTOR('',#13489,1.);
#13489 = DIRECTION('',(0.,1.,0.));
#13490 = PCURVE('',#13491,#13496);
#13491 = PLANE('',#13492);
#13492 = AXIS2_PLACEMENT_3D('',#13493,#13494,#13495);
#13493 = CARTESIAN_POINT('',(-40.,54.,6.));
#13494 = DIRECTION('',(1.,0.,0.));
#13495 = DIRECTION('',(0.,0.,1.));
#13496 = DEFINITIONAL_REPRESENTATION('',(#13497),#13501);
#13497 = LINE('',#13498,#13499);
#13498 = CARTESIAN_POINT('',(6.,0.));
#13499 = VECTOR('',#13500,1.);
#13500 = DIRECTION('',(0.,-1.));
#13501 = ( GEOMETRIC_REPRESENTATION_CONTEXT(2) 
PARAMETRIC_REPRESENTATION_CONTEXT() REPRESENTATION_CONTEXT('2D SPACE',''
  ) );
#13502 = PCURVE('',#13503,#13508);
#13503 = PLANE('',#13504);
#13504 = AXIS2_PLACEMENT_3D('',#13505,#13506,#13507);
#13505 = CARTESIAN_POINT('',(-40.,54.,12.));
#13506 = DIRECTION('',(0.,0.,1.));
#13507 = DIRECTION('',(1.,0.,0.));
#13508 = DEFINITIONAL_REPRESENTATION('',(#13509),#13513);
#13509 = LINE('',#13510,#13511);
#13510 = CARTESIAN_POINT('',(0.,0.));
#13511 = VECTOR('',#13512,1.);
#13512 = DIRECTION('',(0.,1.));
#13513 = ( GEOMETRIC_REPRESENTATION_CONTEXT(2) 
PARAMETRIC_REPRESENTATION_CONTEXT() REPRESENTATION_CONTEXT('2D SPACE',''
  ) );
#13514 = ORIENTED_EDGE('',*,*,#13515,.F.);
#13515 = EDGE_CURVE('',#13516,#13481,#13518,.T.);
#13516 = VERTEX_POINT('',#13517);
#13517 = CARTESIAN_POINT('',(-40.,57.,6.));
#13518 = SURFACE_CURVE('',#13519,(#13523,#13530),.PCURVE_S1.);
#13519 = LINE('',#13520,#13521);
#13520 = CARTESIAN_POINT('',(-40.,57.,6.));
#13521 = VECTOR('',#13522,1.);
#13522 = DIRECTION('',(0.,0.,1.));
#13523 = PCURVE('',#13491,#13524);
#13524 = DEFINITIONAL_REPRESENTATION('',(#13525),#13529);
#13525 = LINE('',#13526,#13527);
#13526 = CARTESIAN_POINT('',(0.,-3.));
#13527 = VECTOR('',#13528,1.);
#13528 = DIRECTION('',(1.,0.));
#13529 = ( GEOMETRIC_REPRESENTATION_CONTEXT(2) 
PARAMETRIC_REPRESENTATION_CONTEXT() REPRESENTATION_CONTEXT('2D SPACE',''
  ) );
#13530 = PCURVE('',#13531,#13536);
#13531 = CYLINDRICAL_SURFACE('',#13532,3.);
#13532 = AXIS2_PLACEMENT_3D('',#13533,#13534,#13535);
#13533 = CARTESIAN_POINT('',(-37.,57.,6.));
#13534 = DIRECTION('',(0.,0.,1.));
#13535 = DIRECTION('',(-1.,-0.,0.));
#13536 = DEFINITIONAL_REPRESENTATION('',(#13537),#13541);
#13537 = LINE('',#13538,#13539);
#13538 = CARTESIAN_POINT('',(0.,0.));
#13539 = VECTOR('',#13540,1.);
#13540 = DIRECTION('',(0.,1.));
#13541 = ( GEOMETRIC_REPRESENTATION_CONTEXT(2) 
PARAMETRIC_REPRESENTATION_CONTEXT() REPRESENTATION_CONTEXT('2D SPACE',''
  ) );
#13542 = ORIENTED_EDGE('',*,*,#13543,.T.);
#13543 = EDGE_CURVE('',#13516,#13544,#13546,.T.);
#13544 = VERTEX_POINT('',#13545);
#13545 = CARTESIAN_POINT('',(-40.,83.,6.));
#13546 = SURFACE_CURVE('',#13547,(#13551,#13558),.PCURVE_S1.);
#13547 = LINE('',#13548,#13549);
#13548 = CARTESIAN_POINT('',(-40.,54.,6.));
#13549 = VECTOR('',#13550,1.);
#13550 = DIRECTION('',(0.,1.,0.));
#13551 = PCURVE('',#13491,#13552);
#13552 = DEFINITIONAL_REPRESENTATION('',(#13553),#13557);
#13553 = LINE('',#13554,#13555);
#13554 = CARTESIAN_POINT('',(0.,0.));
#13555 = VECTOR('',#13556,1.);
#13556 = DIRECTION('',(0.,-1.));
#13557 = ( GEOMETRIC_REPRESENTATION_CONTEXT(2) 
PARAMETRIC_REPRESENTATION_CONTEXT() REPRESENTATION_CONTEXT('2D SPACE',''
  ) );
#13558 = PCURVE('',#13559,#13564);
#13559 = PLANE('',#13560);
#13560 = AXIS2_PLACEMENT_3D('',#13561,#13562,#13563);
#13561 = CARTESIAN_POINT('',(-40.,54.,6.));
#13562 = DIRECTION('',(0.,0.,1.));
#13563 = DIRECTION('',(1.,0.,0.));
#13564 = DEFINITIONAL_REPRESENTATION('',(#13565),#13569);
#13565 = LINE('',#13566,#13567);
#13566 = CARTESIAN_POINT('',(0.,0.));
#13567 = VECTOR('',#13568,1.);
#13568 = DIRECTION('',(0.,1.));
#13569 = ( GEOMETRIC_REPRESENTATION_CONTEXT(2) 
PARAMETRIC_REPRESENTATION_CONTEXT() REPRESENTATION_CONTEXT('2D SPACE',''
  ) );
#13570 = ORIENTED_EDGE('',*,*,#13571,.T.);
#13571 = EDGE_CURVE('',#13544,#13483,#13572,.T.);
#13572 = SURFACE_CURVE('',#13573,(#13577,#13584),.PCURVE_S1.);
#13573 = LINE('',#13574,#13575);
#13574 = CARTESIAN_POINT('',(-40.,83.,6.));
#13575 = VECTOR('',#13576,1.);
#13576 = DIRECTION('',(0.,0.,1.));
#13577 = PCURVE('',#13491,#13578);
#13578 = DEFINITIONAL_REPRESENTATION('',(#13579),#13583);
#13579 = LINE('',#13580,#13581);
#13580 = CARTESIAN_POINT('',(0.,-29.));
#13581 = VECTOR('',#13582,1.);
#13582 = DIRECTION('',(1.,0.));
#13583 = ( GEOMETRIC_REPRESENTATION_CONTEXT(2) 
PARAMETRIC_REPRESENTATION_CONTEXT() REPRESENTATION_CONTEXT('2D SPACE',''
  ) );
#13584 = PCURVE('',#13585,#13590);
#13585 = CYLINDRICAL_SURFACE('',#13586,3.);
#13586 = AXIS2_PLACEMENT_3D('',#13587,#13588,#13589);
#13587 = CARTESIAN_POINT('',(-37.,83.,6.));
#13588 = DIRECTION('',(0.,0.,1.));
#13589 = DIRECTION('',(-1.,-0.,0.));
#13590 = DEFINITIONAL_REPRESENTATION('',(#13591),#13595);
#13591 = LINE('',#13592,#13593);
#13592 = CARTESIAN_POINT('',(-0.,0.));
#13593 = VECTOR('',#13594,1.);
#13594 = DIRECTION('',(-0.,1.));
#13595 = ( GEOMETRIC_REPRESENTATION_CONTEXT(2) 
PARAMETRIC_REPRESENTATION_CONTEXT() REPRESENTATION_CONTEXT('2D SPACE',''
  ) );
#13596 = ADVANCED_FACE('',(#13597,#13796,#13831,#13866,#13901),#13503,
  .T.);
#13597 = FACE_BOUND('',#13598,.T.);
#13598 = EDGE_LOOP('',(#13599,#13600,#13624,#13652,#13685,#13713,#13742,
    #13770));
#13599 = ORIENTED_EDGE('',*,*,#13480,.F.);
#13600 = ORIENTED_EDGE('',*,*,#13601,.T.);
#13601 = EDGE_CURVE('',#13481,#13602,#13604,.T.);
#13602 = VERTEX_POINT('',#13603);
#13603 = CARTESIAN_POINT('',(-37.,54.,12.));
#13604 = SURFACE_CURVE('',#13605,(#13610,#13617),.PCURVE_S1.);
#13605 = CIRCLE('',#13606,3.);
#13606 = AXIS2_PLACEMENT_3D('',#13607,#13608,#13609);
#13607 = CARTESIAN_POINT('',(-37.,57.,12.));
#13608 = DIRECTION('',(0.,0.,1.));
#13609 = DIRECTION('',(0.,-1.,0.));
#13610 = PCURVE('',#13503,#13611);
#13611 = DEFINITIONAL_REPRESENTATION('',(#13612),#13616);
#13612 = CIRCLE('',#13613,3.);
#13613 = AXIS2_PLACEMENT_2D('',#13614,#13615);
#13614 = CARTESIAN_POINT('',(3.,3.));
#13615 = DIRECTION('',(0.,-1.));
#13616 = ( GEOMETRIC_REPRESENTATION_CONTEXT(2) 
PARAMETRIC_REPRESENTATION_CONTEXT() REPRESENTATION_CONTEXT('2D SPACE',''
  ) );
#13617 = PCURVE('',#13531,#13618);
#13618 = DEFINITIONAL_REPRESENTATION('',(#13619),#13623);
#13619 = LINE('',#13620,#13621);
#13620 = CARTESIAN_POINT('',(-4.712388980385,6.));
#13621 = VECTOR('',#13622,1.);
#13622 = DIRECTION('',(1.,0.));
#13623 = ( GEOMETRIC_REPRESENTATION_CONTEXT(2) 
PARAMETRIC_REPRESENTATION_CONTEXT() REPRESENTATION_CONTEXT('2D SPACE',''
  ) );
#13624 = ORIENTED_EDGE('',*,*,#13625,.T.);
#13625 = EDGE_CURVE('',#13602,#13626,#13628,.T.);
#13626 = VERTEX_POINT('',#13627);
#13627 = CARTESIAN_POINT('',(37.,54.,12.));
#13628 = SURFACE_CURVE('',#13629,(#13633,#13640),.PCURVE_S1.);
#13629 = LINE('',#13630,#13631);
#13630 = CARTESIAN_POINT('',(-40.,54.,12.));
#13631 = VECTOR('',#13632,1.);
#13632 = DIRECTION('',(1.,0.,0.));
#13633 = PCURVE('',#13503,#13634);
#13634 = DEFINITIONAL_REPRESENTATION('',(#13635),#13639);
#13635 = LINE('',#13636,#13637);
#13636 = CARTESIAN_POINT('',(0.,0.));
#13637 = VECTOR('',#13638,1.);
#13638 = DIRECTION('',(1.,0.));
#13639 = ( GEOMETRIC_REPRESENTATION_CONTEXT(2) 
PARAMETRIC_REPRESENTATION_CONTEXT() REPRESENTATION_CONTEXT('2D SPACE',''
  ) );
#13640 = PCURVE('',#13641,#13646);
#13641 = PLANE('',#13642);
#13642 = AXIS2_PLACEMENT_3D('',#13643,#13644,#13645);
#13643 = CARTESIAN_POINT('',(-40.,54.,6.));
#13644 = DIRECTION('',(0.,1.,0.));
#13645 = DIRECTION('',(0.,0.,1.));
#13646 = DEFINITIONAL_REPRESENTATION('',(#13647),#13651);
#13647 = LINE('',#13648,#13649);
#13648 = CARTESIAN_POINT('',(6.,0.));
#13649 = VECTOR('',#13650,1.);
#13650 = DIRECTION('',(0.,1.));
#13651 = ( GEOMETRIC_REPRESENTATION_CONTEXT(2) 
PARAMETRIC_REPRESENTATION_CONTEXT() REPRESENTATION_CONTEXT('2D SPACE',''
  ) );
#13652 = ORIENTED_EDGE('',*,*,#13653,.F.);
#13653 = EDGE_CURVE('',#13654,#13626,#13656,.T.);
#13654 = VERTEX_POINT('',#13655);
#13655 = CARTESIAN_POINT('',(40.,57.,12.));
#13656 = SURFACE_CURVE('',#13657,(#13662,#13673),.PCURVE_S1.);
#13657 = CIRCLE('',#13658,3.);
#13658 = AXIS2_PLACEMENT_3D('',#13659,#13660,#13661);
#13659 = CARTESIAN_POINT('',(37.,57.,12.));
#13660 = DIRECTION('',(-0.,-0.,-1.));
#13661 = DIRECTION('',(0.,-1.,0.));
#13662 = PCURVE('',#13503,#13663);
#13663 = DEFINITIONAL_REPRESENTATION('',(#13664),#13672);
#13664 = ( BOUNDED_CURVE() B_SPLINE_CURVE(2,(#13665,#13666,#13667,#13668
    ,#13669,#13670,#13671),.UNSPECIFIED.,.T.,.F.) 
B_SPLINE_CURVE_WITH_KNOTS((1,2,2,2,2,1),(-2.094395102393,0.,
    2.094395102393,4.188790204786,6.28318530718,8.377580409573),
.UNSPECIFIED.) CURVE() GEOMETRIC_REPRESENTATION_ITEM() 
RATIONAL_B_SPLINE_CURVE((1.,0.5,1.,0.5,1.,0.5,1.)) REPRESENTATION_ITEM(
  '') );
#13665 = CARTESIAN_POINT('',(77.,0.));
#13666 = CARTESIAN_POINT('',(71.803847577293,0.));
#13667 = CARTESIAN_POINT('',(74.401923788647,4.5));
#13668 = CARTESIAN_POINT('',(77.,9.));
#13669 = CARTESIAN_POINT('',(79.598076211353,4.5));
#13670 = CARTESIAN_POINT('',(82.196152422707,4.440892098501E-15));
#13671 = CARTESIAN_POINT('',(77.,0.));
#13672 = ( GEOMETRIC_REPRESENTATION_CONTEXT(2) 
PARAMETRIC_REPRESENTATION_CONTEXT() REPRESENTATION_CONTEXT('2D SPACE',''
  ) );
#13673 = PCURVE('',#13674,#13679);
#13674 = CYLINDRICAL_SURFACE('',#13675,3.);
#13675 = AXIS2_PLACEMENT_3D('',#13676,#13677,#13678);
#13676 = CARTESIAN_POINT('',(37.,57.,6.));
#13677 = DIRECTION('',(0.,0.,1.));
#13678 = DIRECTION('',(1.,0.,-0.));
#13679 = DEFINITIONAL_REPRESENTATION('',(#13680),#13684);
#13680 = LINE('',#13681,#13682);
#13681 = CARTESIAN_POINT('',(4.712388980385,6.));
#13682 = VECTOR('',#13683,1.);
#13683 = DIRECTION('',(-1.,0.));
#13684 = ( GEOMETRIC_REPRESENTATION_CONTEXT(2) 
PARAMETRIC_REPRESENTATION_CONTEXT() REPRESENTATION_CONTEXT('2D SPACE',''
  ) );
#13685 = ORIENTED_EDGE('',*,*,#13686,.T.);
#13686 = EDGE_CURVE('',#13654,#13687,#13689,.T.);
#13687 = VERTEX_POINT('',#13688);
#13688 = CARTESIAN_POINT('',(40.,83.,12.));
#13689 = SURFACE_CURVE('',#13690,(#13694,#13701),.PCURVE_S1.);
#13690 = LINE('',#13691,#13692);
#13691 = CARTESIAN_POINT('',(40.,54.,12.));
#13692 = VECTOR('',#13693,1.);
#13693 = DIRECTION('',(0.,1.,0.));
#13694 = PCURVE('',#13503,#13695);
#13695 = DEFINITIONAL_REPRESENTATION('',(#13696),#13700);
#13696 = LINE('',#13697,#13698);
#13697 = CARTESIAN_POINT('',(80.,0.));
#13698 = VECTOR('',#13699,1.);
#13699 = DIRECTION('',(0.,1.));
#13700 = ( GEOMETRIC_REPRESENTATION_CONTEXT(2) 
PARAMETRIC_REPRESENTATION_CONTEXT() REPRESENTATION_CONTEXT('2D SPACE',''
  ) );
#13701 = PCURVE('',#13702,#13707);
#13702 = PLANE('',#13703);
#13703 = AXIS2_PLACEMENT_3D('',#13704,#13705,#13706);
#13704 = CARTESIAN_POINT('',(40.,54.,6.));
#13705 = DIRECTION('',(1.,0.,0.));
#13706 = DIRECTION('',(0.,0.,1.));
#13707 = DEFINITIONAL_REPRESENTATION('',(#13708),#13712);
#13708 = LINE('',#13709,#13710);
#13709 = CARTESIAN_POINT('',(6.,0.));
#13710 = VECTOR('',#13711,1.);
#13711 = DIRECTION('',(0.,-1.));
#13712 = ( GEOMETRIC_REPRESENTATION_CONTEXT(2) 
PARAMETRIC_REPRESENTATION_CONTEXT() REPRESENTATION_CONTEXT('2D SPACE',''
  ) );
#13713 = ORIENTED_EDGE('',*,*,#13714,.T.);
#13714 = EDGE_CURVE('',#13687,#13715,#13717,.T.);
#13715 = VERTEX_POINT('',#13716);
#13716 = CARTESIAN_POINT('',(37.,86.,12.));
#13717 = SURFACE_CURVE('',#13718,(#13723,#13730),.PCURVE_S1.);
#13718 = CIRCLE('',#13719,3.);
#13719 = AXIS2_PLACEMENT_3D('',#13720,#13721,#13722);
#13720 = CARTESIAN_POINT('',(37.,83.,12.));
#13721 = DIRECTION('',(0.,0.,1.));
#13722 = DIRECTION('',(0.,-1.,0.));
#13723 = PCURVE('',#13503,#13724);
#13724 = DEFINITIONAL_REPRESENTATION('',(#13725),#13729);
#13725 = CIRCLE('',#13726,3.);
#13726 = AXIS2_PLACEMENT_2D('',#13727,#13728);
#13727 = CARTESIAN_POINT('',(77.,29.));
#13728 = DIRECTION('',(0.,-1.));
#13729 = ( GEOMETRIC_REPRESENTATION_CONTEXT(2) 
PARAMETRIC_REPRESENTATION_CONTEXT() REPRESENTATION_CONTEXT('2D SPACE',''
  ) );
#13730 = PCURVE('',#13731,#13736);
#13731 = CYLINDRICAL_SURFACE('',#13732,3.);
#13732 = AXIS2_PLACEMENT_3D('',#13733,#13734,#13735);
#13733 = CARTESIAN_POINT('',(37.,83.,6.));
#13734 = DIRECTION('',(0.,0.,1.));
#13735 = DIRECTION('',(1.,0.,-0.));
#13736 = DEFINITIONAL_REPRESENTATION('',(#13737),#13741);
#13737 = LINE('',#13738,#13739);
#13738 = CARTESIAN_POINT('',(-1.570796326795,6.));
#13739 = VECTOR('',#13740,1.);
#13740 = DIRECTION('',(1.,0.));
#13741 = ( GEOMETRIC_REPRESENTATION_CONTEXT(2) 
PARAMETRIC_REPRESENTATION_CONTEXT() REPRESENTATION_CONTEXT('2D SPACE',''
  ) );
#13742 = ORIENTED_EDGE('',*,*,#13743,.F.);
#13743 = EDGE_CURVE('',#13744,#13715,#13746,.T.);
#13744 = VERTEX_POINT('',#13745);
#13745 = CARTESIAN_POINT('',(-37.,86.,12.));
#13746 = SURFACE_CURVE('',#13747,(#13751,#13758),.PCURVE_S1.);
#13747 = LINE('',#13748,#13749);
#13748 = CARTESIAN_POINT('',(-40.,86.,12.));
#13749 = VECTOR('',#13750,1.);
#13750 = DIRECTION('',(1.,0.,0.));
#13751 = PCURVE('',#13503,#13752);
#13752 = DEFINITIONAL_REPRESENTATION('',(#13753),#13757);
#13753 = LINE('',#13754,#13755);
#13754 = CARTESIAN_POINT('',(0.,32.));
#13755 = VECTOR('',#13756,1.);
#13756 = DIRECTION('',(1.,0.));
#13757 = ( GEOMETRIC_REPRESENTATION_CONTEXT(2) 
PARAMETRIC_REPRESENTATION_CONTEXT() REPRESENTATION_CONTEXT('2D SPACE',''
  ) );
#13758 = PCURVE('',#13759,#13764);
#13759 = PLANE('',#13760);
#13760 = AXIS2_PLACEMENT_3D('',#13761,#13762,#13763);
#13761 = CARTESIAN_POINT('',(-40.,86.,6.));
#13762 = DIRECTION('',(0.,1.,0.));
#13763 = DIRECTION('',(0.,0.,1.));
#13764 = DEFINITIONAL_REPRESENTATION('',(#13765),#13769);
#13765 = LINE('',#13766,#13767);
#13766 = CARTESIAN_POINT('',(6.,0.));
#13767 = VECTOR('',#13768,1.);
#13768 = DIRECTION('',(0.,1.));
#13769 = ( GEOMETRIC_REPRESENTATION_CONTEXT(2) 
PARAMETRIC_REPRESENTATION_CONTEXT() REPRESENTATION_CONTEXT('2D SPACE',''
  ) );
#13770 = ORIENTED_EDGE('',*,*,#13771,.F.);
#13771 = EDGE_CURVE('',#13483,#13744,#13772,.T.);
#13772 = SURFACE_CURVE('',#13773,(#13778,#13789),.PCURVE_S1.);
#13773 = CIRCLE('',#13774,3.);
#13774 = AXIS2_PLACEMENT_3D('',#13775,#13776,#13777);
#13775 = CARTESIAN_POINT('',(-37.,83.,12.));
#13776 = DIRECTION('',(-0.,-0.,-1.));
#13777 = DIRECTION('',(0.,-1.,0.));
#13778 = PCURVE('',#13503,#13779);
#13779 = DEFINITIONAL_REPRESENTATION('',(#13780),#13788);
#13780 = ( BOUNDED_CURVE() B_SPLINE_CURVE(2,(#13781,#13782,#13783,#13784
    ,#13785,#13786,#13787),.UNSPECIFIED.,.T.,.F.) 
B_SPLINE_CURVE_WITH_KNOTS((1,2,2,2,2,1),(-2.094395102393,0.,
    2.094395102393,4.188790204786,6.28318530718,8.377580409573),
.UNSPECIFIED.) CURVE() GEOMETRIC_REPRESENTATION_ITEM() 
RATIONAL_B_SPLINE_CURVE((1.,0.5,1.,0.5,1.,0.5,1.)) REPRESENTATION_ITEM(
  '') );
#13781 = CARTESIAN_POINT('',(3.,26.));
#13782 = CARTESIAN_POINT('',(-2.196152422707,26.));
#13783 = CARTESIAN_POINT('',(0.401923788647,30.5));
#13784 = CARTESIAN_POINT('',(3.,35.));
#13785 = CARTESIAN_POINT('',(5.598076211353,30.5));
#13786 = CARTESIAN_POINT('',(8.196152422707,26.));
#13787 = CARTESIAN_POINT('',(3.,26.));
#13788 = ( GEOMETRIC_REPRESENTATION_CONTEXT(2) 
PARAMETRIC_REPRESENTATION_CONTEXT() REPRESENTATION_CONTEXT('2D SPACE',''
  ) );
#13789 = PCURVE('',#13585,#13790);
#13790 = DEFINITIONAL_REPRESENTATION('',(#13791),#13795);
#13791 = LINE('',#13792,#13793);
#13792 = CARTESIAN_POINT('',(1.570796326795,6.));
#13793 = VECTOR('',#13794,1.);
#13794 = DIRECTION('',(-1.,0.));
#13795 = ( GEOMETRIC_REPRESENTATION_CONTEXT(2) 
PARAMETRIC_REPRESENTATION_CONTEXT() REPRESENTATION_CONTEXT('2D SPACE',''
  ) );
#13796 = FACE_BOUND('',#13797,.T.);
#13797 = EDGE_LOOP('',(#13798));
#13798 = ORIENTED_EDGE('',*,*,#13799,.T.);
#13799 = EDGE_CURVE('',#13800,#13800,#13802,.T.);
#13800 = VERTEX_POINT('',#13801);
#13801 = CARTESIAN_POINT('',(-21.75,61.,12.));
#13802 = SURFACE_CURVE('',#13803,(#13808,#13819),.PCURVE_S1.);
#13803 = CIRCLE('',#13804,2.25);
#13804 = AXIS2_PLACEMENT_3D('',#13805,#13806,#13807);
#13805 = CARTESIAN_POINT('',(-24.,61.,12.));
#13806 = DIRECTION('',(0.,0.,-1.));
#13807 = DIRECTION('',(1.,0.,0.));
#13808 = PCURVE('',#13503,#13809);
#13809 = DEFINITIONAL_REPRESENTATION('',(#13810),#13818);
#13810 = ( BOUNDED_CURVE() B_SPLINE_CURVE(2,(#13811,#13812,#13813,#13814
    ,#13815,#13816,#13817),.UNSPECIFIED.,.T.,.F.) 
B_SPLINE_CURVE_WITH_KNOTS((1,2,2,2,2,1),(-2.094395102393,0.,
    2.094395102393,4.188790204786,6.28318530718,8.377580409573),
.UNSPECIFIED.) CURVE() GEOMETRIC_REPRESENTATION_ITEM() 
RATIONAL_B_SPLINE_CURVE((1.,0.5,1.,0.5,1.,0.5,1.)) REPRESENTATION_ITEM(
  '') );
#13811 = CARTESIAN_POINT('',(18.25,7.));
#13812 = CARTESIAN_POINT('',(18.25,3.10288568297));
#13813 = CARTESIAN_POINT('',(14.875,5.051442841485));
#13814 = CARTESIAN_POINT('',(11.5,7.));
#13815 = CARTESIAN_POINT('',(14.875,8.948557158515));
#13816 = CARTESIAN_POINT('',(18.25,10.89711431703));
#13817 = CARTESIAN_POINT('',(18.25,7.));
#13818 = ( GEOMETRIC_REPRESENTATION_CONTEXT(2) 
PARAMETRIC_REPRESENTATION_CONTEXT() REPRESENTATION_CONTEXT('2D SPACE',''
  ) );
#13819 = PCURVE('',#13820,#13825);
#13820 = CYLINDRICAL_SURFACE('',#13821,2.25);
#13821 = AXIS2_PLACEMENT_3D('',#13822,#13823,#13824);
#13822 = CARTESIAN_POINT('',(-24.,61.,-10.));
#13823 = DIRECTION('',(-0.,-0.,-1.));
#13824 = DIRECTION('',(1.,0.,0.));
#13825 = DEFINITIONAL_REPRESENTATION('',(#13826),#13830);
#13826 = LINE('',#13827,#13828);
#13827 = CARTESIAN_POINT('',(-6.28318530718,-22.));
#13828 = VECTOR('',#13829,1.);
#13829 = DIRECTION('',(1.,-0.));
#13830 = ( GEOMETRIC_REPRESENTATION_CONTEXT(2) 
PARAMETRIC_REPRESENTATION_CONTEXT() REPRESENTATION_CONTEXT('2D SPACE',''
  ) );
#13831 = FACE_BOUND('',#13832,.T.);
#13832 = EDGE_LOOP('',(#13833));
#13833 = ORIENTED_EDGE('',*,*,#13834,.T.);
#13834 = EDGE_CURVE('',#13835,#13835,#13837,.T.);
#13835 = VERTEX_POINT('',#13836);
#13836 = CARTESIAN_POINT('',(26.25,61.,12.));
#13837 = SURFACE_CURVE('',#13838,(#13843,#13854),.PCURVE_S1.);
#13838 = CIRCLE('',#13839,2.25);
#13839 = AXIS2_PLACEMENT_3D('',#13840,#13841,#13842);
#13840 = CARTESIAN_POINT('',(24.,61.,12.));
#13841 = DIRECTION('',(0.,0.,-1.));
#13842 = DIRECTION('',(1.,0.,0.));
#13843 = PCURVE('',#13503,#13844);
#13844 = DEFINITIONAL_REPRESENTATION('',(#13845),#13853);
#13845 = ( BOUNDED_CURVE() B_SPLINE_CURVE(2,(#13846,#13847,#13848,#13849
    ,#13850,#13851,#13852),.UNSPECIFIED.,.T.,.F.) 
B_SPLINE_CURVE_WITH_KNOTS((1,2,2,2,2,1),(-2.094395102393,0.,
    2.094395102393,4.188790204786,6.28318530718,8.377580409573),
.UNSPECIFIED.) CURVE() GEOMETRIC_REPRESENTATION_ITEM() 
RATIONAL_B_SPLINE_CURVE((1.,0.5,1.,0.5,1.,0.5,1.)) REPRESENTATION_ITEM(
  '') );
#13846 = CARTESIAN_POINT('',(66.25,7.));
#13847 = CARTESIAN_POINT('',(66.25,3.10288568297));
#13848 = CARTESIAN_POINT('',(62.875,5.051442841485));
#13849 = CARTESIAN_POINT('',(59.5,7.));
#13850 = CARTESIAN_POINT('',(62.875,8.948557158515));
#13851 = CARTESIAN_POINT('',(66.25,10.89711431703));
#13852 = CARTESIAN_POINT('',(66.25,7.));
#13853 = ( GEOMETRIC_REPRESENTATION_CONTEXT(2) 
PARAMETRIC_REPRESENTATION_CONTEXT() REPRESENTATION_CONTEXT('2D SPACE',''
  ) );
#13854 = PCURVE('',#13855,#13860);
#13855 = CYLINDRICAL_SURFACE('',#13856,2.25);
#13856 = AXIS2_PLACEMENT_3D('',#13857,#13858,#13859);
#13857 = CARTESIAN_POINT('',(24.,61.,-10.));
#13858 = DIRECTION('',(-0.,-0.,-1.));
#13859 = DIRECTION('',(1.,0.,0.));
#13860 = DEFINITIONAL_REPRESENTATION('',(#13861),#13865);
#13861 = LINE('',#13862,#13863);
#13862 = CARTESIAN_POINT('',(-6.28318530718,-22.));
#13863 = VECTOR('',#13864,1.);
#13864 = DIRECTION('',(1.,-0.));
#13865 = ( GEOMETRIC_REPRESENTATION_CONTEXT(2) 
PARAMETRIC_REPRESENTATION_CONTEXT() REPRESENTATION_CONTEXT('2D SPACE',''
  ) );
#13866 = FACE_BOUND('',#13867,.T.);
#13867 = EDGE_LOOP('',(#13868));
#13868 = ORIENTED_EDGE('',*,*,#13869,.T.);
#13869 = EDGE_CURVE('',#13870,#13870,#13872,.T.);
#13870 = VERTEX_POINT('',#13871);
#13871 = CARTESIAN_POINT('',(-21.75,79.,12.));
#13872 = SURFACE_CURVE('',#13873,(#13878,#13889),.PCURVE_S1.);
#13873 = CIRCLE('',#13874,2.25);
#13874 = AXIS2_PLACEMENT_3D('',#13875,#13876,#13877);
#13875 = CARTESIAN_POINT('',(-24.,79.,12.));
#13876 = DIRECTION('',(0.,0.,-1.));
#13877 = DIRECTION('',(1.,0.,0.));
#13878 = PCURVE('',#13503,#13879);
#13879 = DEFINITIONAL_REPRESENTATION('',(#13880),#13888);
#13880 = ( BOUNDED_CURVE() B_SPLINE_CURVE(2,(#13881,#13882,#13883,#13884
    ,#13885,#13886,#13887),.UNSPECIFIED.,.T.,.F.) 
B_SPLINE_CURVE_WITH_KNOTS((1,2,2,2,2,1),(-2.094395102393,0.,
    2.094395102393,4.188790204786,6.28318530718,8.377580409573),
.UNSPECIFIED.) CURVE() GEOMETRIC_REPRESENTATION_ITEM() 
RATIONAL_B_SPLINE_CURVE((1.,0.5,1.,0.5,1.,0.5,1.)) REPRESENTATION_ITEM(
  '') );
#13881 = CARTESIAN_POINT('',(18.25,25.));
#13882 = CARTESIAN_POINT('',(18.25,21.10288568297));
#13883 = CARTESIAN_POINT('',(14.875,23.051442841485));
#13884 = CARTESIAN_POINT('',(11.5,25.));
#13885 = CARTESIAN_POINT('',(14.875,26.948557158515));
#13886 = CARTESIAN_POINT('',(18.25,28.89711431703));
#13887 = CARTESIAN_POINT('',(18.25,25.));
#13888 = ( GEOMETRIC_REPRESENTATION_CONTEXT(2) 
PARAMETRIC_REPRESENTATION_CONTEXT() REPRESENTATION_CONTEXT('2D SPACE',''
  ) );
#13889 = PCURVE('',#13890,#13895);
#13890 = CYLINDRICAL_SURFACE('',#13891,2.25);
#13891 = AXIS2_PLACEMENT_3D('',#13892,#13893,#13894);
#13892 = CARTESIAN_POINT('',(-24.,79.,-10.));
#13893 = DIRECTION('',(-0.,-0.,-1.));
#13894 = DIRECTION('',(1.,0.,0.));
#13895 = DEFINITIONAL_REPRESENTATION('',(#13896),#13900);
#13896 = LINE('',#13897,#13898);
#13897 = CARTESIAN_POINT('',(-6.28318530718,-22.));
#13898 = VECTOR('',#13899,1.);
#13899 = DIRECTION('',(1.,-0.));
#13900 = ( GEOMETRIC_REPRESENTATION_CONTEXT(2) 
PARAMETRIC_REPRESENTATION_CONTEXT() REPRESENTATION_CONTEXT('2D SPACE',''
  ) );
#13901 = FACE_BOUND('',#13902,.T.);
#13902 = EDGE_LOOP('',(#13903));
#13903 = ORIENTED_EDGE('',*,*,#13904,.T.);
#13904 = EDGE_CURVE('',#13905,#13905,#13907,.T.);
#13905 = VERTEX_POINT('',#13906);
#13906 = CARTESIAN_POINT('',(26.25,79.,12.));
#13907 = SURFACE_CURVE('',#13908,(#13913,#13924),.PCURVE_S1.);
#13908 = CIRCLE('',#13909,2.25);
#13909 = AXIS2_PLACEMENT_3D('',#13910,#13911,#13912);
#13910 = CARTESIAN_POINT('',(24.,79.,12.));
#13911 = DIRECTION('',(0.,0.,-1.));
#13912 = DIRECTION('',(1.,0.,0.));
#13913 = PCURVE('',#13503,#13914);
#13914 = DEFINITIONAL_REPRESENTATION('',(#13915),#13923);
#13915 = ( BOUNDED_CURVE() B_SPLINE_CURVE(2,(#13916,#13917,#13918,#13919
    ,#13920,#13921,#13922),.UNSPECIFIED.,.T.,.F.) 
B_SPLINE_CURVE_WITH_KNOTS((1,2,2,2,2,1),(-2.094395102393,0.,
    2.094395102393,4.188790204786,6.28318530718,8.377580409573),
.UNSPECIFIED.) CURVE() GEOMETRIC_REPRESENTATION_ITEM() 
RATIONAL_B_SPLINE_CURVE((1.,0.5,1.,0.5,1.,0.5,1.)) REPRESENTATION_ITEM(
  '') );
#13916 = CARTESIAN_POINT('',(66.25,25.));
#13917 = CARTESIAN_POINT('',(66.25,21.10288568297));
#13918 = CARTESIAN_POINT('',(62.875,23.051442841485));
#13919 = CARTESIAN_POINT('',(59.5,25.));
#13920 = CARTESIAN_POINT('',(62.875,26.948557158515));
#13921 = CARTESIAN_POINT('',(66.25,28.89711431703));
#13922 = CARTESIAN_POINT('',(66.25,25.));
#13923 = ( GEOMETRIC_REPRESENTATION_CONTEXT(2) 
PARAMETRIC_REPRESENTATION_CONTEXT() REPRESENTATION_CONTEXT('2D SPACE',''
  ) );
#13924 = PCURVE('',#13925,#13930);
#13925 = CYLINDRICAL_SURFACE('',#13926,2.25);
#13926 = AXIS2_PLACEMENT_3D('',#13927,#13928,#13929);
#13927 = CARTESIAN_POINT('',(24.,79.,-10.));
#13928 = DIRECTION('',(-0.,-0.,-1.));
#13929 = DIRECTION('',(1.,0.,0.));
#13930 = DEFINITIONAL_REPRESENTATION('',(#13931),#13935);
#13931 = LINE('',#13932,#13933);
#13932 = CARTESIAN_POINT('',(-6.28318530718,-22.));
#13933 = VECTOR('',#13934,1.);
#13934 = DIRECTION('',(1.,-0.));
#13935 = ( GEOMETRIC_REPRESENTATION_CONTEXT(2) 
PARAMETRIC_REPRESENTATION_CONTEXT() REPRESENTATION_CONTEXT('2D SPACE',''
  ) );
#13936 = ADVANCED_FACE('',(#13937),#13531,.T.);
#13937 = FACE_BOUND('',#13938,.T.);
#13938 = EDGE_LOOP('',(#13939,#13963,#13984,#13985));
#13939 = ORIENTED_EDGE('',*,*,#13940,.T.);
#13940 = EDGE_CURVE('',#13516,#13941,#13943,.T.);
#13941 = VERTEX_POINT('',#13942);
#13942 = CARTESIAN_POINT('',(-37.,54.,6.));
#13943 = SURFACE_CURVE('',#13944,(#13949,#13956),.PCURVE_S1.);
#13944 = CIRCLE('',#13945,3.);
#13945 = AXIS2_PLACEMENT_3D('',#13946,#13947,#13948);
#13946 = CARTESIAN_POINT('',(-37.,57.,6.));
#13947 = DIRECTION('',(0.,0.,1.));
#13948 = DIRECTION('',(0.,-1.,0.));
#13949 = PCURVE('',#13531,#13950);
#13950 = DEFINITIONAL_REPRESENTATION('',(#13951),#13955);
#13951 = LINE('',#13952,#13953);
#13952 = CARTESIAN_POINT('',(-4.712388980385,0.));
#13953 = VECTOR('',#13954,1.);
#13954 = DIRECTION('',(1.,0.));
#13955 = ( GEOMETRIC_REPRESENTATION_CONTEXT(2) 
PARAMETRIC_REPRESENTATION_CONTEXT() REPRESENTATION_CONTEXT('2D SPACE',''
  ) );
#13956 = PCURVE('',#13559,#13957);
#13957 = DEFINITIONAL_REPRESENTATION('',(#13958),#13962);
#13958 = CIRCLE('',#13959,3.);
#13959 = AXIS2_PLACEMENT_2D('',#13960,#13961);
#13960 = CARTESIAN_POINT('',(3.,3.));
#13961 = DIRECTION('',(0.,-1.));
#13962 = ( GEOMETRIC_REPRESENTATION_CONTEXT(2) 
PARAMETRIC_REPRESENTATION_CONTEXT() REPRESENTATION_CONTEXT('2D SPACE',''
  ) );
#13963 = ORIENTED_EDGE('',*,*,#13964,.T.);
#13964 = EDGE_CURVE('',#13941,#13602,#13965,.T.);
#13965 = SURFACE_CURVE('',#13966,(#13970,#13977),.PCURVE_S1.);
#13966 = LINE('',#13967,#13968);
#13967 = CARTESIAN_POINT('',(-37.,54.,6.));
#13968 = VECTOR('',#13969,1.);
#13969 = DIRECTION('',(0.,0.,1.));
#13970 = PCURVE('',#13531,#13971);
#13971 = DEFINITIONAL_REPRESENTATION('',(#13972),#13976);
#13972 = LINE('',#13973,#13974);
#13973 = CARTESIAN_POINT('',(1.570796326795,0.));
#13974 = VECTOR('',#13975,1.);
#13975 = DIRECTION('',(0.,1.));
#13976 = ( GEOMETRIC_REPRESENTATION_CONTEXT(2) 
PARAMETRIC_REPRESENTATION_CONTEXT() REPRESENTATION_CONTEXT('2D SPACE',''
  ) );
#13977 = PCURVE('',#13641,#13978);
#13978 = DEFINITIONAL_REPRESENTATION('',(#13979),#13983);
#13979 = LINE('',#13980,#13981);
#13980 = CARTESIAN_POINT('',(0.,3.));
#13981 = VECTOR('',#13982,1.);
#13982 = DIRECTION('',(1.,0.));
#13983 = ( GEOMETRIC_REPRESENTATION_CONTEXT(2) 
PARAMETRIC_REPRESENTATION_CONTEXT() REPRESENTATION_CONTEXT('2D SPACE',''
  ) );
#13984 = ORIENTED_EDGE('',*,*,#13601,.F.);
#13985 = ORIENTED_EDGE('',*,*,#13515,.F.);
#13986 = ADVANCED_FACE('',(#13987),#13585,.T.);
#13987 = FACE_BOUND('',#13988,.F.);
#13988 = EDGE_LOOP('',(#13989,#14017,#14038,#14039));
#13989 = ORIENTED_EDGE('',*,*,#13990,.T.);
#13990 = EDGE_CURVE('',#13544,#13991,#13993,.T.);
#13991 = VERTEX_POINT('',#13992);
#13992 = CARTESIAN_POINT('',(-37.,86.,6.));
#13993 = SURFACE_CURVE('',#13994,(#13999,#14006),.PCURVE_S1.);
#13994 = CIRCLE('',#13995,3.);
#13995 = AXIS2_PLACEMENT_3D('',#13996,#13997,#13998);
#13996 = CARTESIAN_POINT('',(-37.,83.,6.));
#13997 = DIRECTION('',(-0.,-0.,-1.));
#13998 = DIRECTION('',(0.,-1.,0.));
#13999 = PCURVE('',#13585,#14000);
#14000 = DEFINITIONAL_REPRESENTATION('',(#14001),#14005);
#14001 = LINE('',#14002,#14003);
#14002 = CARTESIAN_POINT('',(1.570796326795,-0.));
#14003 = VECTOR('',#14004,1.);
#14004 = DIRECTION('',(-1.,0.));
#14005 = ( GEOMETRIC_REPRESENTATION_CONTEXT(2) 
PARAMETRIC_REPRESENTATION_CONTEXT() REPRESENTATION_CONTEXT('2D SPACE',''
  ) );
#14006 = PCURVE('',#13559,#14007);
#14007 = DEFINITIONAL_REPRESENTATION('',(#14008),#14016);
#14008 = ( BOUNDED_CURVE() B_SPLINE_CURVE(2,(#14009,#14010,#14011,#14012
    ,#14013,#14014,#14015),.UNSPECIFIED.,.T.,.F.) 
B_SPLINE_CURVE_WITH_KNOTS((1,2,2,2,2,1),(-2.094395102393,0.,
    2.094395102393,4.188790204786,6.28318530718,8.377580409573),
.UNSPECIFIED.) CURVE() GEOMETRIC_REPRESENTATION_ITEM() 
RATIONAL_B_SPLINE_CURVE((1.,0.5,1.,0.5,1.,0.5,1.)) REPRESENTATION_ITEM(
  '') );
#14009 = CARTESIAN_POINT('',(3.,26.));
#14010 = CARTESIAN_POINT('',(-2.196152422707,26.));
#14011 = CARTESIAN_POINT('',(0.401923788647,30.5));
#14012 = CARTESIAN_POINT('',(3.,35.));
#14013 = CARTESIAN_POINT('',(5.598076211353,30.5));
#14014 = CARTESIAN_POINT('',(8.196152422707,26.));
#14015 = CARTESIAN_POINT('',(3.,26.));
#14016 = ( GEOMETRIC_REPRESENTATION_CONTEXT(2) 
PARAMETRIC_REPRESENTATION_CONTEXT() REPRESENTATION_CONTEXT('2D SPACE',''
  ) );
#14017 = ORIENTED_EDGE('',*,*,#14018,.T.);
#14018 = EDGE_CURVE('',#13991,#13744,#14019,.T.);
#14019 = SURFACE_CURVE('',#14020,(#14024,#14031),.PCURVE_S1.);
#14020 = LINE('',#14021,#14022);
#14021 = CARTESIAN_POINT('',(-37.,86.,6.));
#14022 = VECTOR('',#14023,1.);
#14023 = DIRECTION('',(0.,0.,1.));
#14024 = PCURVE('',#13585,#14025);
#14025 = DEFINITIONAL_REPRESENTATION('',(#14026),#14030);
#14026 = LINE('',#14027,#14028);
#14027 = CARTESIAN_POINT('',(-1.570796326795,0.));
#14028 = VECTOR('',#14029,1.);
#14029 = DIRECTION('',(-0.,1.));
#14030 = ( GEOMETRIC_REPRESENTATION_CONTEXT(2) 
PARAMETRIC_REPRESENTATION_CONTEXT() REPRESENTATION_CONTEXT('2D SPACE',''
  ) );
#14031 = PCURVE('',#13759,#14032);
#14032 = DEFINITIONAL_REPRESENTATION('',(#14033),#14037);
#14033 = LINE('',#14034,#14035);
#14034 = CARTESIAN_POINT('',(0.,3.));
#14035 = VECTOR('',#14036,1.);
#14036 = DIRECTION('',(1.,0.));
#14037 = ( GEOMETRIC_REPRESENTATION_CONTEXT(2) 
PARAMETRIC_REPRESENTATION_CONTEXT() REPRESENTATION_CONTEXT('2D SPACE',''
  ) );
#14038 = ORIENTED_EDGE('',*,*,#13771,.F.);
#14039 = ORIENTED_EDGE('',*,*,#13571,.F.);
#14040 = ADVANCED_FACE('',(#14041,#14165,#14195,#14225,#14255),#13559,
  .F.);
#14041 = FACE_BOUND('',#14042,.F.);
#14042 = EDGE_LOOP('',(#14043,#14044,#14045,#14068,#14096,#14119,#14143,
    #14164));
#14043 = ORIENTED_EDGE('',*,*,#13543,.F.);
#14044 = ORIENTED_EDGE('',*,*,#13940,.T.);
#14045 = ORIENTED_EDGE('',*,*,#14046,.T.);
#14046 = EDGE_CURVE('',#13941,#14047,#14049,.T.);
#14047 = VERTEX_POINT('',#14048);
#14048 = CARTESIAN_POINT('',(37.,54.,6.));
#14049 = SURFACE_CURVE('',#14050,(#14054,#14061),.PCURVE_S1.);
#14050 = LINE('',#14051,#14052);
#14051 = CARTESIAN_POINT('',(-40.,54.,6.));
#14052 = VECTOR('',#14053,1.);
#14053 = DIRECTION('',(1.,0.,0.));
#14054 = PCURVE('',#13559,#14055);
#14055 = DEFINITIONAL_REPRESENTATION('',(#14056),#14060);
#14056 = LINE('',#14057,#14058);
#14057 = CARTESIAN_POINT('',(0.,0.));
#14058 = VECTOR('',#14059,1.);
#14059 = DIRECTION('',(1.,0.));
#14060 = ( GEOMETRIC_REPRESENTATION_CONTEXT(2) 
PARAMETRIC_REPRESENTATION_CONTEXT() REPRESENTATION_CONTEXT('2D SPACE',''
  ) );
#14061 = PCURVE('',#13641,#14062);
#14062 = DEFINITIONAL_REPRESENTATION('',(#14063),#14067);
#14063 = LINE('',#14064,#14065);
#14064 = CARTESIAN_POINT('',(0.,0.));
#14065 = VECTOR('',#14066,1.);
#14066 = DIRECTION('',(0.,1.));
#14067 = ( GEOMETRIC_REPRESENTATION_CONTEXT(2) 
PARAMETRIC_REPRESENTATION_CONTEXT() REPRESENTATION_CONTEXT('2D SPACE',''
  ) );
#14068 = ORIENTED_EDGE('',*,*,#14069,.F.);
#14069 = EDGE_CURVE('',#14070,#14047,#14072,.T.);
#14070 = VERTEX_POINT('',#14071);
#14071 = CARTESIAN_POINT('',(40.,57.,6.));
#14072 = SURFACE_CURVE('',#14073,(#14078,#14089),.PCURVE_S1.);
#14073 = CIRCLE('',#14074,3.);
#14074 = AXIS2_PLACEMENT_3D('',#14075,#14076,#14077);
#14075 = CARTESIAN_POINT('',(37.,57.,6.));
#14076 = DIRECTION('',(-0.,-0.,-1.));
#14077 = DIRECTION('',(0.,-1.,0.));
#14078 = PCURVE('',#13559,#14079);
#14079 = DEFINITIONAL_REPRESENTATION('',(#14080),#14088);
#14080 = ( BOUNDED_CURVE() B_SPLINE_CURVE(2,(#14081,#14082,#14083,#14084
    ,#14085,#14086,#14087),.UNSPECIFIED.,.T.,.F.) 
B_SPLINE_CURVE_WITH_KNOTS((1,2,2,2,2,1),(-2.094395102393,0.,
    2.094395102393,4.188790204786,6.28318530718,8.377580409573),
.UNSPECIFIED.) CURVE() GEOMETRIC_REPRESENTATION_ITEM() 
RATIONAL_B_SPLINE_CURVE((1.,0.5,1.,0.5,1.,0.5,1.)) REPRESENTATION_ITEM(
  '') );
#14081 = CARTESIAN_POINT('',(77.,0.));
#14082 = CARTESIAN_POINT('',(71.803847577293,0.));
#14083 = CARTESIAN_POINT('',(74.401923788647,4.5));
#14084 = CARTESIAN_POINT('',(77.,9.));
#14085 = CARTESIAN_POINT('',(79.598076211353,4.5));
#14086 = CARTESIAN_POINT('',(82.196152422707,4.440892098501E-15));
#14087 = CARTESIAN_POINT('',(77.,0.));
#14088 = ( GEOMETRIC_REPRESENTATION_CONTEXT(2) 
PARAMETRIC_REPRESENTATION_CONTEXT() REPRESENTATION_CONTEXT('2D SPACE',''
  ) );
#14089 = PCURVE('',#13674,#14090);
#14090 = DEFINITIONAL_REPRESENTATION('',(#14091),#14095);
#14091 = LINE('',#14092,#14093);
#14092 = CARTESIAN_POINT('',(4.712388980385,-0.));
#14093 = VECTOR('',#14094,1.);
#14094 = DIRECTION('',(-1.,0.));
#14095 = ( GEOMETRIC_REPRESENTATION_CONTEXT(2) 
PARAMETRIC_REPRESENTATION_CONTEXT() REPRESENTATION_CONTEXT('2D SPACE',''
  ) );
#14096 = ORIENTED_EDGE('',*,*,#14097,.T.);
#14097 = EDGE_CURVE('',#14070,#14098,#14100,.T.);
#14098 = VERTEX_POINT('',#14099);
#14099 = CARTESIAN_POINT('',(40.,83.,6.));
#14100 = SURFACE_CURVE('',#14101,(#14105,#14112),.PCURVE_S1.);
#14101 = LINE('',#14102,#14103);
#14102 = CARTESIAN_POINT('',(40.,54.,6.));
#14103 = VECTOR('',#14104,1.);
#14104 = DIRECTION('',(0.,1.,0.));
#14105 = PCURVE('',#13559,#14106);
#14106 = DEFINITIONAL_REPRESENTATION('',(#14107),#14111);
#14107 = LINE('',#14108,#14109);
#14108 = CARTESIAN_POINT('',(80.,0.));
#14109 = VECTOR('',#14110,1.);
#14110 = DIRECTION('',(0.,1.));
#14111 = ( GEOMETRIC_REPRESENTATION_CONTEXT(2) 
PARAMETRIC_REPRESENTATION_CONTEXT() REPRESENTATION_CONTEXT('2D SPACE',''
  ) );
#14112 = PCURVE('',#13702,#14113);
#14113 = DEFINITIONAL_REPRESENTATION('',(#14114),#14118);
#14114 = LINE('',#14115,#14116);
#14115 = CARTESIAN_POINT('',(0.,0.));
#14116 = VECTOR('',#14117,1.);
#14117 = DIRECTION('',(0.,-1.));
#14118 = ( GEOMETRIC_REPRESENTATION_CONTEXT(2) 
PARAMETRIC_REPRESENTATION_CONTEXT() REPRESENTATION_CONTEXT('2D SPACE',''
  ) );
#14119 = ORIENTED_EDGE('',*,*,#14120,.T.);
#14120 = EDGE_CURVE('',#14098,#14121,#14123,.T.);
#14121 = VERTEX_POINT('',#14122);
#14122 = CARTESIAN_POINT('',(37.,86.,6.));
#14123 = SURFACE_CURVE('',#14124,(#14129,#14136),.PCURVE_S1.);
#14124 = CIRCLE('',#14125,3.);
#14125 = AXIS2_PLACEMENT_3D('',#14126,#14127,#14128);
#14126 = CARTESIAN_POINT('',(37.,83.,6.));
#14127 = DIRECTION('',(0.,0.,1.));
#14128 = DIRECTION('',(0.,-1.,0.));
#14129 = PCURVE('',#13559,#14130);
#14130 = DEFINITIONAL_REPRESENTATION('',(#14131),#14135);
#14131 = CIRCLE('',#14132,3.);
#14132 = AXIS2_PLACEMENT_2D('',#14133,#14134);
#14133 = CARTESIAN_POINT('',(77.,29.));
#14134 = DIRECTION('',(0.,-1.));
#14135 = ( GEOMETRIC_REPRESENTATION_CONTEXT(2) 
PARAMETRIC_REPRESENTATION_CONTEXT() REPRESENTATION_CONTEXT('2D SPACE',''
  ) );
#14136 = PCURVE('',#13731,#14137);
#14137 = DEFINITIONAL_REPRESENTATION('',(#14138),#14142);
#14138 = LINE('',#14139,#14140);
#14139 = CARTESIAN_POINT('',(-1.570796326795,0.));
#14140 = VECTOR('',#14141,1.);
#14141 = DIRECTION('',(1.,0.));
#14142 = ( GEOMETRIC_REPRESENTATION_CONTEXT(2) 
PARAMETRIC_REPRESENTATION_CONTEXT() REPRESENTATION_CONTEXT('2D SPACE',''
  ) );
#14143 = ORIENTED_EDGE('',*,*,#14144,.F.);
#14144 = EDGE_CURVE('',#13991,#14121,#14145,.T.);
#14145 = SURFACE_CURVE('',#14146,(#14150,#14157),.PCURVE_S1.);
#14146 = LINE('',#14147,#14148);
#14147 = CARTESIAN_POINT('',(-40.,86.,6.));
#14148 = VECTOR('',#14149,1.);
#14149 = DIRECTION('',(1.,0.,0.));
#14150 = PCURVE('',#13559,#14151);
#14151 = DEFINITIONAL_REPRESENTATION('',(#14152),#14156);
#14152 = LINE('',#14153,#14154);
#14153 = CARTESIAN_POINT('',(0.,32.));
#14154 = VECTOR('',#14155,1.);
#14155 = DIRECTION('',(1.,0.));
#14156 = ( GEOMETRIC_REPRESENTATION_CONTEXT(2) 
PARAMETRIC_REPRESENTATION_CONTEXT() REPRESENTATION_CONTEXT('2D SPACE',''
  ) );
#14157 = PCURVE('',#13759,#14158);
#14158 = DEFINITIONAL_REPRESENTATION('',(#14159),#14163);
#14159 = LINE('',#14160,#14161);
#14160 = CARTESIAN_POINT('',(0.,0.));
#14161 = VECTOR('',#14162,1.);
#14162 = DIRECTION('',(0.,1.));
#14163 = ( GEOMETRIC_REPRESENTATION_CONTEXT(2) 
PARAMETRIC_REPRESENTATION_CONTEXT() REPRESENTATION_CONTEXT('2D SPACE',''
  ) );
#14164 = ORIENTED_EDGE('',*,*,#13990,.F.);
#14165 = FACE_BOUND('',#14166,.F.);
#14166 = EDGE_LOOP('',(#14167));
#14167 = ORIENTED_EDGE('',*,*,#14168,.T.);
#14168 = EDGE_CURVE('',#14169,#14169,#14171,.T.);
#14169 = VERTEX_POINT('',#14170);
#14170 = CARTESIAN_POINT('',(-21.75,61.,6.));
#14171 = SURFACE_CURVE('',#14172,(#14177,#14188),.PCURVE_S1.);
#14172 = CIRCLE('',#14173,2.25);
#14173 = AXIS2_PLACEMENT_3D('',#14174,#14175,#14176);
#14174 = CARTESIAN_POINT('',(-24.,61.,6.));
#14175 = DIRECTION('',(0.,0.,-1.));
#14176 = DIRECTION('',(1.,0.,0.));
#14177 = PCURVE('',#13559,#14178);
#14178 = DEFINITIONAL_REPRESENTATION('',(#14179),#14187);
#14179 = ( BOUNDED_CURVE() B_SPLINE_CURVE(2,(#14180,#14181,#14182,#14183
    ,#14184,#14185,#14186),.UNSPECIFIED.,.T.,.F.) 
B_SPLINE_CURVE_WITH_KNOTS((1,2,2,2,2,1),(-2.094395102393,0.,
    2.094395102393,4.188790204786,6.28318530718,8.377580409573),
.UNSPECIFIED.) CURVE() GEOMETRIC_REPRESENTATION_ITEM() 
RATIONAL_B_SPLINE_CURVE((1.,0.5,1.,0.5,1.,0.5,1.)) REPRESENTATION_ITEM(
  '') );
#14180 = CARTESIAN_POINT('',(18.25,7.));
#14181 = CARTESIAN_POINT('',(18.25,3.10288568297));
#14182 = CARTESIAN_POINT('',(14.875,5.051442841485));
#14183 = CARTESIAN_POINT('',(11.5,7.));
#14184 = CARTESIAN_POINT('',(14.875,8.948557158515));
#14185 = CARTESIAN_POINT('',(18.25,10.89711431703));
#14186 = CARTESIAN_POINT('',(18.25,7.));
#14187 = ( GEOMETRIC_REPRESENTATION_CONTEXT(2) 
PARAMETRIC_REPRESENTATION_CONTEXT() REPRESENTATION_CONTEXT('2D SPACE',''
  ) );
#14188 = PCURVE('',#13820,#14189);
#14189 = DEFINITIONAL_REPRESENTATION('',(#14190),#14194);
#14190 = LINE('',#14191,#14192);
#14191 = CARTESIAN_POINT('',(-6.28318530718,-16.));
#14192 = VECTOR('',#14193,1.);
#14193 = DIRECTION('',(1.,-0.));
#14194 = ( GEOMETRIC_REPRESENTATION_CONTEXT(2) 
PARAMETRIC_REPRESENTATION_CONTEXT() REPRESENTATION_CONTEXT('2D SPACE',''
  ) );
#14195 = FACE_BOUND('',#14196,.F.);
#14196 = EDGE_LOOP('',(#14197));
#14197 = ORIENTED_EDGE('',*,*,#14198,.T.);
#14198 = EDGE_CURVE('',#14199,#14199,#14201,.T.);
#14199 = VERTEX_POINT('',#14200);
#14200 = CARTESIAN_POINT('',(26.25,61.,6.));
#14201 = SURFACE_CURVE('',#14202,(#14207,#14218),.PCURVE_S1.);
#14202 = CIRCLE('',#14203,2.25);
#14203 = AXIS2_PLACEMENT_3D('',#14204,#14205,#14206);
#14204 = CARTESIAN_POINT('',(24.,61.,6.));
#14205 = DIRECTION('',(0.,0.,-1.));
#14206 = DIRECTION('',(1.,0.,0.));
#14207 = PCURVE('',#13559,#14208);
#14208 = DEFINITIONAL_REPRESENTATION('',(#14209),#14217);
#14209 = ( BOUNDED_CURVE() B_SPLINE_CURVE(2,(#14210,#14211,#14212,#14213
    ,#14214,#14215,#14216),.UNSPECIFIED.,.T.,.F.) 
B_SPLINE_CURVE_WITH_KNOTS((1,2,2,2,2,1),(-2.094395102393,0.,
    2.094395102393,4.188790204786,6.28318530718,8.377580409573),
.UNSPECIFIED.) CURVE() GEOMETRIC_REPRESENTATION_ITEM() 
RATIONAL_B_SPLINE_CURVE((1.,0.5,1.,0.5,1.,0.5,1.)) REPRESENTATION_ITEM(
  '') );
#14210 = CARTESIAN_POINT('',(66.25,7.));
#14211 = CARTESIAN_POINT('',(66.25,3.10288568297));
#14212 = CARTESIAN_POINT('',(62.875,5.051442841485));
#14213 = CARTESIAN_POINT('',(59.5,7.));
#14214 = CARTESIAN_POINT('',(62.875,8.948557158515));
#14215 = CARTESIAN_POINT('',(66.25,10.89711431703));
#14216 = CARTESIAN_POINT('',(66.25,7.));
#14217 = ( GEOMETRIC_REPRESENTATION_CONTEXT(2) 
PARAMETRIC_REPRESENTATION_CONTEXT() REPRESENTATION_CONTEXT('2D SPACE',''
  ) );
#14218 = PCURVE('',#13855,#14219);
#14219 = DEFINITIONAL_REPRESENTATION('',(#14220),#14224);
#14220 = LINE('',#14221,#14222);
#14221 = CARTESIAN_POINT('',(-6.28318530718,-16.));
#14222 = VECTOR('',#14223,1.);
#14223 = DIRECTION('',(1.,-0.));
#14224 = ( GEOMETRIC_REPRESENTATION_CONTEXT(2) 
PARAMETRIC_REPRESENTATION_CONTEXT() REPRESENTATION_CONTEXT('2D SPACE',''
  ) );
#14225 = FACE_BOUND('',#14226,.F.);
#14226 = EDGE_LOOP('',(#14227));
#14227 = ORIENTED_EDGE('',*,*,#14228,.T.);
#14228 = EDGE_CURVE('',#14229,#14229,#14231,.T.);
#14229 = VERTEX_POINT('',#14230);
#14230 = CARTESIAN_POINT('',(-21.75,79.,6.));
#14231 = SURFACE_CURVE('',#14232,(#14237,#14248),.PCURVE_S1.);
#14232 = CIRCLE('',#14233,2.25);
#14233 = AXIS2_PLACEMENT_3D('',#14234,#14235,#14236);
#14234 = CARTESIAN_POINT('',(-24.,79.,6.));
#14235 = DIRECTION('',(0.,0.,-1.));
#14236 = DIRECTION('',(1.,0.,0.));
#14237 = PCURVE('',#13559,#14238);
#14238 = DEFINITIONAL_REPRESENTATION('',(#14239),#14247);
#14239 = ( BOUNDED_CURVE() B_SPLINE_CURVE(2,(#14240,#14241,#14242,#14243
    ,#14244,#14245,#14246),.UNSPECIFIED.,.T.,.F.) 
B_SPLINE_CURVE_WITH_KNOTS((1,2,2,2,2,1),(-2.094395102393,0.,
    2.094395102393,4.188790204786,6.28318530718,8.377580409573),
.UNSPECIFIED.) CURVE() GEOMETRIC_REPRESENTATION_ITEM() 
RATIONAL_B_SPLINE_CURVE((1.,0.5,1.,0.5,1.,0.5,1.)) REPRESENTATION_ITEM(
  '') );
#14240 = CARTESIAN_POINT('',(18.25,25.));
#14241 = CARTESIAN_POINT('',(18.25,21.10288568297));
#14242 = CARTESIAN_POINT('',(14.875,23.051442841485));
#14243 = CARTESIAN_POINT('',(11.5,25.));
#14244 = CARTESIAN_POINT('',(14.875,26.948557158515));
#14245 = CARTESIAN_POINT('',(18.25,28.89711431703));
#14246 = CARTESIAN_POINT('',(18.25,25.));
#14247 = ( GEOMETRIC_REPRESENTATION_CONTEXT(2) 
PARAMETRIC_REPRESENTATION_CONTEXT() REPRESENTATION_CONTEXT('2D SPACE',''
  ) );
#14248 = PCURVE('',#13890,#14249);
#14249 = DEFINITIONAL_REPRESENTATION('',(#14250),#14254);
#14250 = LINE('',#14251,#14252);
#14251 = CARTESIAN_POINT('',(-6.28318530718,-16.));
#14252 = VECTOR('',#14253,1.);
#14253 = DIRECTION('',(1.,-0.));
#14254 = ( GEOMETRIC_REPRESENTATION_CONTEXT(2) 
PARAMETRIC_REPRESENTATION_CONTEXT() REPRESENTATION_CONTEXT('2D SPACE',''
  ) );
#14255 = FACE_BOUND('',#14256,.F.);
#14256 = EDGE_LOOP('',(#14257));
#14257 = ORIENTED_EDGE('',*,*,#14258,.T.);
#14258 = EDGE_CURVE('',#14259,#14259,#14261,.T.);
#14259 = VERTEX_POINT('',#14260);
#14260 = CARTESIAN_POINT('',(26.25,79.,6.));
#14261 = SURFACE_CURVE('',#14262,(#14267,#14278),.PCURVE_S1.);
#14262 = CIRCLE('',#14263,2.25);
#14263 = AXIS2_PLACEMENT_3D('',#14264,#14265,#14266);
#14264 = CARTESIAN_POINT('',(24.,79.,6.));
#14265 = DIRECTION('',(0.,0.,-1.));
#14266 = DIRECTION('',(1.,0.,0.));
#14267 = PCURVE('',#13559,#14268);
#14268 = DEFINITIONAL_REPRESENTATION('',(#14269),#14277);
#14269 = ( BOUNDED_CURVE() B_SPLINE_CURVE(2,(#14270,#14271,#14272,#14273
    ,#14274,#14275,#14276),.UNSPECIFIED.,.T.,.F.) 
B_SPLINE_CURVE_WITH_KNOTS((1,2,2,2,2,1),(-2.094395102393,0.,
    2.094395102393,4.188790204786,6.28318530718,8.377580409573),
.UNSPECIFIED.) CURVE() GEOMETRIC_REPRESENTATION_ITEM() 
RATIONAL_B_SPLINE_CURVE((1.,0.5,1.,0.5,1.,0.5,1.)) REPRESENTATION_ITEM(
  '') );
#14270 = CARTESIAN_POINT('',(66.25,25.));
#14271 = CARTESIAN_POINT('',(66.25,21.10288568297));
#14272 = CARTESIAN_POINT('',(62.875,23.051442841485));
#14273 = CARTESIAN_POINT('',(59.5,25.));
#14274 = CARTESIAN_POINT('',(62.875,26.948557158515));
#14275 = CARTESIAN_POINT('',(66.25,28.89711431703));
#14276 = CARTESIAN_POINT('',(66.25,25.));
#14277 = ( GEOMETRIC_REPRESENTATION_CONTEXT(2) 
PARAMETRIC_REPRESENTATION_CONTEXT() REPRESENTATION_CONTEXT('2D SPACE',''
  ) );
#14278 = PCURVE('',#13925,#14279);
#14279 = DEFINITIONAL_REPRESENTATION('',(#14280),#14284);
#14280 = LINE('',#14281,#14282);
#14281 = CARTESIAN_POINT('',(-6.28318530718,-16.));
#14282 = VECTOR('',#14283,1.);
#14283 = DIRECTION('',(1.,-0.));
#14284 = ( GEOMETRIC_REPRESENTATION_CONTEXT(2) 
PARAMETRIC_REPRESENTATION_CONTEXT() REPRESENTATION_CONTEXT('2D SPACE',''
  ) );
#14285 = ADVANCED_FACE('',(#14286),#13641,.F.);
#14286 = FACE_BOUND('',#14287,.F.);
#14287 = EDGE_LOOP('',(#14288,#14289,#14290,#14291));
#14288 = ORIENTED_EDGE('',*,*,#14046,.F.);
#14289 = ORIENTED_EDGE('',*,*,#13964,.T.);
#14290 = ORIENTED_EDGE('',*,*,#13625,.T.);
#14291 = ORIENTED_EDGE('',*,*,#14292,.F.);
#14292 = EDGE_CURVE('',#14047,#13626,#14293,.T.);
#14293 = SURFACE_CURVE('',#14294,(#14298,#14305),.PCURVE_S1.);
#14294 = LINE('',#14295,#14296);
#14295 = CARTESIAN_POINT('',(37.,54.,6.));
#14296 = VECTOR('',#14297,1.);
#14297 = DIRECTION('',(0.,0.,1.));
#14298 = PCURVE('',#13641,#14299);
#14299 = DEFINITIONAL_REPRESENTATION('',(#14300),#14304);
#14300 = LINE('',#14301,#14302);
#14301 = CARTESIAN_POINT('',(0.,77.));
#14302 = VECTOR('',#14303,1.);
#14303 = DIRECTION('',(1.,0.));
#14304 = ( GEOMETRIC_REPRESENTATION_CONTEXT(2) 
PARAMETRIC_REPRESENTATION_CONTEXT() REPRESENTATION_CONTEXT('2D SPACE',''
  ) );
#14305 = PCURVE('',#13674,#14306);
#14306 = DEFINITIONAL_REPRESENTATION('',(#14307),#14311);
#14307 = LINE('',#14308,#14309);
#14308 = CARTESIAN_POINT('',(-1.570796326795,0.));
#14309 = VECTOR('',#14310,1.);
#14310 = DIRECTION('',(-0.,1.));
#14311 = ( GEOMETRIC_REPRESENTATION_CONTEXT(2) 
PARAMETRIC_REPRESENTATION_CONTEXT() REPRESENTATION_CONTEXT('2D SPACE',''
  ) );
#14312 = ADVANCED_FACE('',(#14313),#13759,.T.);
#14313 = FACE_BOUND('',#14314,.T.);
#14314 = EDGE_LOOP('',(#14315,#14316,#14317,#14318));
#14315 = ORIENTED_EDGE('',*,*,#14144,.F.);
#14316 = ORIENTED_EDGE('',*,*,#14018,.T.);
#14317 = ORIENTED_EDGE('',*,*,#13743,.T.);
#14318 = ORIENTED_EDGE('',*,*,#14319,.F.);
#14319 = EDGE_CURVE('',#14121,#13715,#14320,.T.);
#14320 = SURFACE_CURVE('',#14321,(#14325,#14332),.PCURVE_S1.);
#14321 = LINE('',#14322,#14323);
#14322 = CARTESIAN_POINT('',(37.,86.,6.));
#14323 = VECTOR('',#14324,1.);
#14324 = DIRECTION('',(0.,0.,1.));
#14325 = PCURVE('',#13759,#14326);
#14326 = DEFINITIONAL_REPRESENTATION('',(#14327),#14331);
#14327 = LINE('',#14328,#14329);
#14328 = CARTESIAN_POINT('',(0.,77.));
#14329 = VECTOR('',#14330,1.);
#14330 = DIRECTION('',(1.,0.));
#14331 = ( GEOMETRIC_REPRESENTATION_CONTEXT(2) 
PARAMETRIC_REPRESENTATION_CONTEXT() REPRESENTATION_CONTEXT('2D SPACE',''
  ) );
#14332 = PCURVE('',#13731,#14333);
#14333 = DEFINITIONAL_REPRESENTATION('',(#14334),#14338);
#14334 = LINE('',#14335,#14336);
#14335 = CARTESIAN_POINT('',(1.570796326795,0.));
#14336 = VECTOR('',#14337,1.);
#14337 = DIRECTION('',(0.,1.));
#14338 = ( GEOMETRIC_REPRESENTATION_CONTEXT(2) 
PARAMETRIC_REPRESENTATION_CONTEXT() REPRESENTATION_CONTEXT('2D SPACE',''
  ) );
#14339 = ADVANCED_FACE('',(#14340),#13674,.T.);
#14340 = FACE_BOUND('',#14341,.F.);
#14341 = EDGE_LOOP('',(#14342,#14343,#14344,#14345));
#14342 = ORIENTED_EDGE('',*,*,#14069,.T.);
#14343 = ORIENTED_EDGE('',*,*,#14292,.T.);
#14344 = ORIENTED_EDGE('',*,*,#13653,.F.);
#14345 = ORIENTED_EDGE('',*,*,#14346,.F.);
#14346 = EDGE_CURVE('',#14070,#13654,#14347,.T.);
#14347 = SURFACE_CURVE('',#14348,(#14352,#14359),.PCURVE_S1.);
#14348 = LINE('',#14349,#14350);
#14349 = CARTESIAN_POINT('',(40.,57.,6.));
#14350 = VECTOR('',#14351,1.);
#14351 = DIRECTION('',(0.,0.,1.));
#14352 = PCURVE('',#13674,#14353);
#14353 = DEFINITIONAL_REPRESENTATION('',(#14354),#14358);
#14354 = LINE('',#14355,#14356);
#14355 = CARTESIAN_POINT('',(-0.,0.));
#14356 = VECTOR('',#14357,1.);
#14357 = DIRECTION('',(-0.,1.));
#14358 = ( GEOMETRIC_REPRESENTATION_CONTEXT(2) 
PARAMETRIC_REPRESENTATION_CONTEXT() REPRESENTATION_CONTEXT('2D SPACE',''
  ) );
#14359 = PCURVE('',#13702,#14360);
#14360 = DEFINITIONAL_REPRESENTATION('',(#14361),#14365);
#14361 = LINE('',#14362,#14363);
#14362 = CARTESIAN_POINT('',(0.,-3.));
#14363 = VECTOR('',#14364,1.);
#14364 = DIRECTION('',(1.,0.));
#14365 = ( GEOMETRIC_REPRESENTATION_CONTEXT(2) 
PARAMETRIC_REPRESENTATION_CONTEXT() REPRESENTATION_CONTEXT('2D SPACE',''
  ) );
#14366 = ADVANCED_FACE('',(#14367),#13731,.T.);
#14367 = FACE_BOUND('',#14368,.T.);
#14368 = EDGE_LOOP('',(#14369,#14370,#14371,#14372));
#14369 = ORIENTED_EDGE('',*,*,#14120,.T.);
#14370 = ORIENTED_EDGE('',*,*,#14319,.T.);
#14371 = ORIENTED_EDGE('',*,*,#13714,.F.);
#14372 = ORIENTED_EDGE('',*,*,#14373,.F.);
#14373 = EDGE_CURVE('',#14098,#13687,#14374,.T.);
#14374 = SURFACE_CURVE('',#14375,(#14379,#14386),.PCURVE_S1.);
#14375 = LINE('',#14376,#14377);
#14376 = CARTESIAN_POINT('',(40.,83.,6.));
#14377 = VECTOR('',#14378,1.);
#14378 = DIRECTION('',(0.,0.,1.));
#14379 = PCURVE('',#13731,#14380);
#14380 = DEFINITIONAL_REPRESENTATION('',(#14381),#14385);
#14381 = LINE('',#14382,#14383);
#14382 = CARTESIAN_POINT('',(0.,0.));
#14383 = VECTOR('',#14384,1.);
#14384 = DIRECTION('',(0.,1.));
#14385 = ( GEOMETRIC_REPRESENTATION_CONTEXT(2) 
PARAMETRIC_REPRESENTATION_CONTEXT() REPRESENTATION_CONTEXT('2D SPACE',''
  ) );
#14386 = PCURVE('',#13702,#14387);
#14387 = DEFINITIONAL_REPRESENTATION('',(#14388),#14392);
#14388 = LINE('',#14389,#14390);
#14389 = CARTESIAN_POINT('',(0.,-29.));
#14390 = VECTOR('',#14391,1.);
#14391 = DIRECTION('',(1.,0.));
#14392 = ( GEOMETRIC_REPRESENTATION_CONTEXT(2) 
PARAMETRIC_REPRESENTATION_CONTEXT() REPRESENTATION_CONTEXT('2D SPACE',''
  ) );
#14393 = ADVANCED_FACE('',(#14394),#13702,.T.);
#14394 = FACE_BOUND('',#14395,.T.);
#14395 = EDGE_LOOP('',(#14396,#14397,#14398,#14399));
#14396 = ORIENTED_EDGE('',*,*,#13686,.F.);
#14397 = ORIENTED_EDGE('',*,*,#14346,.F.);
#14398 = ORIENTED_EDGE('',*,*,#14097,.T.);
#14399 = ORIENTED_EDGE('',*,*,#14373,.T.);
#14400 = ADVANCED_FACE('',(#14401),#13820,.F.);
#14401 = FACE_BOUND('',#14402,.T.);
#14402 = EDGE_LOOP('',(#14403,#14404,#14425,#14426));
#14403 = ORIENTED_EDGE('',*,*,#14168,.T.);
#14404 = ORIENTED_EDGE('',*,*,#14405,.T.);
#14405 = EDGE_CURVE('',#14169,#13800,#14406,.T.);
#14406 = SEAM_CURVE('',#14407,(#14411,#14418),.PCURVE_S1.);
#14407 = LINE('',#14408,#14409);
#14408 = CARTESIAN_POINT('',(-21.75,61.,-10.));
#14409 = VECTOR('',#14410,1.);
#14410 = DIRECTION('',(0.,0.,1.));
#14411 = PCURVE('',#13820,#14412);
#14412 = DEFINITIONAL_REPRESENTATION('',(#14413),#14417);
#14413 = LINE('',#14414,#14415);
#14414 = CARTESIAN_POINT('',(-6.28318530718,0.));
#14415 = VECTOR('',#14416,1.);
#14416 = DIRECTION('',(-0.,-1.));
#14417 = ( GEOMETRIC_REPRESENTATION_CONTEXT(2) 
PARAMETRIC_REPRESENTATION_CONTEXT() REPRESENTATION_CONTEXT('2D SPACE',''
  ) );
#14418 = PCURVE('',#13820,#14419);
#14419 = DEFINITIONAL_REPRESENTATION('',(#14420),#14424);
#14420 = LINE('',#14421,#14422);
#14421 = CARTESIAN_POINT('',(-0.,0.));
#14422 = VECTOR('',#14423,1.);
#14423 = DIRECTION('',(-0.,-1.));
#14424 = ( GEOMETRIC_REPRESENTATION_CONTEXT(2) 
PARAMETRIC_REPRESENTATION_CONTEXT() REPRESENTATION_CONTEXT('2D SPACE',''
  ) );
#14425 = ORIENTED_EDGE('',*,*,#13799,.F.);
#14426 = ORIENTED_EDGE('',*,*,#14405,.F.);
#14427 = ADVANCED_FACE('',(#14428),#13855,.F.);
#14428 = FACE_BOUND('',#14429,.T.);
#14429 = EDGE_LOOP('',(#14430,#14431,#14452,#14453));
#14430 = ORIENTED_EDGE('',*,*,#14198,.T.);
#14431 = ORIENTED_EDGE('',*,*,#14432,.T.);
#14432 = EDGE_CURVE('',#14199,#13835,#14433,.T.);
#14433 = SEAM_CURVE('',#14434,(#14438,#14445),.PCURVE_S1.);
#14434 = LINE('',#14435,#14436);
#14435 = CARTESIAN_POINT('',(26.25,61.,-10.));
#14436 = VECTOR('',#14437,1.);
#14437 = DIRECTION('',(0.,0.,1.));
#14438 = PCURVE('',#13855,#14439);
#14439 = DEFINITIONAL_REPRESENTATION('',(#14440),#14444);
#14440 = LINE('',#14441,#14442);
#14441 = CARTESIAN_POINT('',(-6.28318530718,0.));
#14442 = VECTOR('',#14443,1.);
#14443 = DIRECTION('',(-0.,-1.));
#14444 = ( GEOMETRIC_REPRESENTATION_CONTEXT(2) 
PARAMETRIC_REPRESENTATION_CONTEXT() REPRESENTATION_CONTEXT('2D SPACE',''
  ) );
#14445 = PCURVE('',#13855,#14446);
#14446 = DEFINITIONAL_REPRESENTATION('',(#14447),#14451);
#14447 = LINE('',#14448,#14449);
#14448 = CARTESIAN_POINT('',(-0.,0.));
#14449 = VECTOR('',#14450,1.);
#14450 = DIRECTION('',(-0.,-1.));
#14451 = ( GEOMETRIC_REPRESENTATION_CONTEXT(2) 
PARAMETRIC_REPRESENTATION_CONTEXT() REPRESENTATION_CONTEXT('2D SPACE',''
  ) );
#14452 = ORIENTED_EDGE('',*,*,#13834,.F.);
#14453 = ORIENTED_EDGE('',*,*,#14432,.F.);
#14454 = ADVANCED_FACE('',(#14455),#13890,.F.);
#14455 = FACE_BOUND('',#14456,.T.);
#14456 = EDGE_LOOP('',(#14457,#14458,#14479,#14480));
#14457 = ORIENTED_EDGE('',*,*,#14228,.T.);
#14458 = ORIENTED_EDGE('',*,*,#14459,.T.);
#14459 = EDGE_CURVE('',#14229,#13870,#14460,.T.);
#14460 = SEAM_CURVE('',#14461,(#14465,#14472),.PCURVE_S1.);
#14461 = LINE('',#14462,#14463);
#14462 = CARTESIAN_POINT('',(-21.75,79.,-10.));
#14463 = VECTOR('',#14464,1.);
#14464 = DIRECTION('',(0.,0.,1.));
#14465 = PCURVE('',#13890,#14466);
#14466 = DEFINITIONAL_REPRESENTATION('',(#14467),#14471);
#14467 = LINE('',#14468,#14469);
#14468 = CARTESIAN_POINT('',(-6.28318530718,0.));
#14469 = VECTOR('',#14470,1.);
#14470 = DIRECTION('',(-0.,-1.));
#14471 = ( GEOMETRIC_REPRESENTATION_CONTEXT(2) 
PARAMETRIC_REPRESENTATION_CONTEXT() REPRESENTATION_CONTEXT('2D SPACE',''
  ) );
#14472 = PCURVE('',#13890,#14473);
#14473 = DEFINITIONAL_REPRESENTATION('',(#14474),#14478);
#14474 = LINE('',#14475,#14476);
#14475 = CARTESIAN_POINT('',(-0.,0.));
#14476 = VECTOR('',#14477,1.);
#14477 = DIRECTION('',(-0.,-1.));
#14478 = ( GEOMETRIC_REPRESENTATION_CONTEXT(2) 
PARAMETRIC_REPRESENTATION_CONTEXT() REPRESENTATION_CONTEXT('2D SPACE',''
  ) );
#14479 = ORIENTED_EDGE('',*,*,#13869,.F.);
#14480 = ORIENTED_EDGE('',*,*,#14459,.F.);
#14481 = ADVANCED_FACE('',(#14482),#13925,.F.);
#14482 = FACE_BOUND('',#14483,.T.);
#14483 = EDGE_LOOP('',(#14484,#14485,#14506,#14507));
#14484 = ORIENTED_EDGE('',*,*,#14258,.T.);
#14485 = ORIENTED_EDGE('',*,*,#14486,.T.);
#14486 = EDGE_CURVE('',#14259,#13905,#14487,.T.);
#14487 = SEAM_CURVE('',#14488,(#14492,#14499),.PCURVE_S1.);
#14488 = LINE('',#14489,#14490);
#14489 = CARTESIAN_POINT('',(26.25,79.,-10.));
#14490 = VECTOR('',#14491,1.);
#14491 = DIRECTION('',(0.,0.,1.));
#14492 = PCURVE('',#13925,#14493);
#14493 = DEFINITIONAL_REPRESENTATION('',(#14494),#14498);
#14494 = LINE('',#14495,#14496);
#14495 = CARTESIAN_POINT('',(-6.28318530718,0.));
#14496 = VECTOR('',#14497,1.);
#14497 = DIRECTION('',(-0.,-1.));
#14498 = ( GEOMETRIC_REPRESENTATION_CONTEXT(2) 
PARAMETRIC_REPRESENTATION_CONTEXT() REPRESENTATION_CONTEXT('2D SPACE',''
  ) );
#14499 = PCURVE('',#13925,#14500);
#14500 = DEFINITIONAL_REPRESENTATION('',(#14501),#14505);
#14501 = LINE('',#14502,#14503);
#14502 = CARTESIAN_POINT('',(-0.,0.));
#14503 = VECTOR('',#14504,1.);
#14504 = DIRECTION('',(-0.,-1.));
#14505 = ( GEOMETRIC_REPRESENTATION_CONTEXT(2) 
PARAMETRIC_REPRESENTATION_CONTEXT() REPRESENTATION_CONTEXT('2D SPACE',''
  ) );
#14506 = ORIENTED_EDGE('',*,*,#13904,.F.);
#14507 = ORIENTED_EDGE('',*,*,#14486,.F.);
#14508 = ( GEOMETRIC_REPRESENTATION_CONTEXT(3) 
GLOBAL_UNCERTAINTY_ASSIGNED_CONTEXT((#14512)) 
GLOBAL_UNIT_ASSIGNED_CONTEXT((#14509,#14510,#14511)) 
REPRESENTATION_CONTEXT('Context #1',
  '3D Context with UNIT and UNCERTAINTY') );
#14509 = ( LENGTH_UNIT() NAMED_UNIT(*) SI_UNIT(.MILLI.,.METRE.) );
#14510 = ( NAMED_UNIT(*) PLANE_ANGLE_UNIT() SI_UNIT($,.RADIAN.) );
#14511 = ( NAMED_UNIT(*) SI_UNIT($,.STERADIAN.) SOLID_ANGLE_UNIT() );
#14512 = UNCERTAINTY_MEASURE_WITH_UNIT(LENGTH_MEASURE(1.E-07),#14509,
  'distance_accuracy_value','confusion accuracy');
#14513 = CONTEXT_DEPENDENT_SHAPE_REPRESENTATION(#14514,#14516);
#14514 = ( REPRESENTATION_RELATIONSHIP('','',#13473,#10) 
REPRESENTATION_RELATIONSHIP_WITH_TRANSFORMATION(#14515) 
SHAPE_REPRESENTATION_RELATIONSHIP() );
#14515 = ITEM_DEFINED_TRANSFORMATION('','',#11,#35);
#14516 = PRODUCT_DEFINITION_SHAPE('Placement','Placement of an item',
  #14517);
#14517 = NEXT_ASSEMBLY_USAGE_OCCURRENCE('6','06_Transverse_Joint_Plate',
  '',#5,#13468,$);
#14518 = PRODUCT_RELATED_PRODUCT_CATEGORY('part',$,(#13470));
#14519 = SHAPE_DEFINITION_REPRESENTATION(#14520,#14526);
#14520 = PRODUCT_DEFINITION_SHAPE('','',#14521);
#14521 = PRODUCT_DEFINITION('design','',#14522,#14525);
#14522 = PRODUCT_DEFINITION_FORMATION('','',#14523);
#14523 = PRODUCT('07_Longitudinal_Joint_Plate',
  '07_Longitudinal_Joint_Plate','',(#14524));
#14524 = PRODUCT_CONTEXT('',#2,'mechanical');
#14525 = PRODUCT_DEFINITION_CONTEXT('part definition',#2,'design');
#14526 = ADVANCED_BREP_SHAPE_REPRESENTATION('',(#11,#14527),#15561);
#14527 = MANIFOLD_SOLID_BREP('',#14528);
#14528 = CLOSED_SHELL('',(#14529,#14649,#14989,#15039,#15093,#15338,
    #15365,#15392,#15419,#15446,#15453,#15480,#15507,#15534));
#14529 = ADVANCED_FACE('',(#14530),#14544,.F.);
#14530 = FACE_BOUND('',#14531,.F.);
#14531 = EDGE_LOOP('',(#14532,#14567,#14595,#14623));
#14532 = ORIENTED_EDGE('',*,*,#14533,.F.);
#14533 = EDGE_CURVE('',#14534,#14536,#14538,.T.);
#14534 = VERTEX_POINT('',#14535);
#14535 = CARTESIAN_POINT('',(-91.,-37.,12.));
#14536 = VERTEX_POINT('',#14537);
#14537 = CARTESIAN_POINT('',(-91.,37.,12.));
#14538 = SURFACE_CURVE('',#14539,(#14543,#14555),.PCURVE_S1.);
#14539 = LINE('',#14540,#14541);
#14540 = CARTESIAN_POINT('',(-91.,-40.,12.));
#14541 = VECTOR('',#14542,1.);
#14542 = DIRECTION('',(0.,1.,0.));
#14543 = PCURVE('',#14544,#14549);
#14544 = PLANE('',#14545);
#14545 = AXIS2_PLACEMENT_3D('',#14546,#14547,#14548);
#14546 = CARTESIAN_POINT('',(-91.,-40.,6.));
#14547 = DIRECTION('',(1.,0.,0.));
#14548 = DIRECTION('',(0.,0.,1.));
#14549 = DEFINITIONAL_REPRESENTATION('',(#14550),#14554);
#14550 = LINE('',#14551,#14552);
#14551 = CARTESIAN_POINT('',(6.,0.));
#14552 = VECTOR('',#14553,1.);
#14553 = DIRECTION('',(0.,-1.));
#14554 = ( GEOMETRIC_REPRESENTATION_CONTEXT(2) 
PARAMETRIC_REPRESENTATION_CONTEXT() REPRESENTATION_CONTEXT('2D SPACE',''
  ) );
#14555 = PCURVE('',#14556,#14561);
#14556 = PLANE('',#14557);
#14557 = AXIS2_PLACEMENT_3D('',#14558,#14559,#14560);
#14558 = CARTESIAN_POINT('',(-91.,-40.,12.));
#14559 = DIRECTION('',(0.,0.,1.));
#14560 = DIRECTION('',(1.,0.,0.));
#14561 = DEFINITIONAL_REPRESENTATION('',(#14562),#14566);
#14562 = LINE('',#14563,#14564);
#14563 = CARTESIAN_POINT('',(0.,0.));
#14564 = VECTOR('',#14565,1.);
#14565 = DIRECTION('',(0.,1.));
#14566 = ( GEOMETRIC_REPRESENTATION_CONTEXT(2) 
PARAMETRIC_REPRESENTATION_CONTEXT() REPRESENTATION_CONTEXT('2D SPACE',''
  ) );
#14567 = ORIENTED_EDGE('',*,*,#14568,.F.);
#14568 = EDGE_CURVE('',#14569,#14534,#14571,.T.);
#14569 = VERTEX_POINT('',#14570);
#14570 = CARTESIAN_POINT('',(-91.,-37.,6.));
#14571 = SURFACE_CURVE('',#14572,(#14576,#14583),.PCURVE_S1.);
#14572 = LINE('',#14573,#14574);
#14573 = CARTESIAN_POINT('',(-91.,-37.,6.));
#14574 = VECTOR('',#14575,1.);
#14575 = DIRECTION('',(0.,0.,1.));
#14576 = PCURVE('',#14544,#14577);
#14577 = DEFINITIONAL_REPRESENTATION('',(#14578),#14582);
#14578 = LINE('',#14579,#14580);
#14579 = CARTESIAN_POINT('',(0.,-3.));
#14580 = VECTOR('',#14581,1.);
#14581 = DIRECTION('',(1.,0.));
#14582 = ( GEOMETRIC_REPRESENTATION_CONTEXT(2) 
PARAMETRIC_REPRESENTATION_CONTEXT() REPRESENTATION_CONTEXT('2D SPACE',''
  ) );
#14583 = PCURVE('',#14584,#14589);
#14584 = CYLINDRICAL_SURFACE('',#14585,3.);
#14585 = AXIS2_PLACEMENT_3D('',#14586,#14587,#14588);
#14586 = CARTESIAN_POINT('',(-88.,-37.,6.));
#14587 = DIRECTION('',(0.,0.,1.));
#14588 = DIRECTION('',(-1.,-0.,0.));
#14589 = DEFINITIONAL_REPRESENTATION('',(#14590),#14594);
#14590 = LINE('',#14591,#14592);
#14591 = CARTESIAN_POINT('',(0.,0.));
#14592 = VECTOR('',#14593,1.);
#14593 = DIRECTION('',(0.,1.));
#14594 = ( GEOMETRIC_REPRESENTATION_CONTEXT(2) 
PARAMETRIC_REPRESENTATION_CONTEXT() REPRESENTATION_CONTEXT('2D SPACE',''
  ) );
#14595 = ORIENTED_EDGE('',*,*,#14596,.T.);
#14596 = EDGE_CURVE('',#14569,#14597,#14599,.T.);
#14597 = VERTEX_POINT('',#14598);
#14598 = CARTESIAN_POINT('',(-91.,37.,6.));
#14599 = SURFACE_CURVE('',#14600,(#14604,#14611),.PCURVE_S1.);
#14600 = LINE('',#14601,#14602);
#14601 = CARTESIAN_POINT('',(-91.,-40.,6.));
#14602 = VECTOR('',#14603,1.);
#14603 = DIRECTION('',(0.,1.,0.));
#14604 = PCURVE('',#14544,#14605);
#14605 = DEFINITIONAL_REPRESENTATION('',(#14606),#14610);
#14606 = LINE('',#14607,#14608);
#14607 = CARTESIAN_POINT('',(0.,0.));
#14608 = VECTOR('',#14609,1.);
#14609 = DIRECTION('',(0.,-1.));
#14610 = ( GEOMETRIC_REPRESENTATION_CONTEXT(2) 
PARAMETRIC_REPRESENTATION_CONTEXT() REPRESENTATION_CONTEXT('2D SPACE',''
  ) );
#14611 = PCURVE('',#14612,#14617);
#14612 = PLANE('',#14613);
#14613 = AXIS2_PLACEMENT_3D('',#14614,#14615,#14616);
#14614 = CARTESIAN_POINT('',(-91.,-40.,6.));
#14615 = DIRECTION('',(0.,0.,1.));
#14616 = DIRECTION('',(1.,0.,0.));
#14617 = DEFINITIONAL_REPRESENTATION('',(#14618),#14622);
#14618 = LINE('',#14619,#14620);
#14619 = CARTESIAN_POINT('',(0.,0.));
#14620 = VECTOR('',#14621,1.);
#14621 = DIRECTION('',(0.,1.));
#14622 = ( GEOMETRIC_REPRESENTATION_CONTEXT(2) 
PARAMETRIC_REPRESENTATION_CONTEXT() REPRESENTATION_CONTEXT('2D SPACE',''
  ) );
#14623 = ORIENTED_EDGE('',*,*,#14624,.T.);
#14624 = EDGE_CURVE('',#14597,#14536,#14625,.T.);
#14625 = SURFACE_CURVE('',#14626,(#14630,#14637),.PCURVE_S1.);
#14626 = LINE('',#14627,#14628);
#14627 = CARTESIAN_POINT('',(-91.,37.,6.));
#14628 = VECTOR('',#14629,1.);
#14629 = DIRECTION('',(0.,0.,1.));
#14630 = PCURVE('',#14544,#14631);
#14631 = DEFINITIONAL_REPRESENTATION('',(#14632),#14636);
#14632 = LINE('',#14633,#14634);
#14633 = CARTESIAN_POINT('',(0.,-77.));
#14634 = VECTOR('',#14635,1.);
#14635 = DIRECTION('',(1.,0.));
#14636 = ( GEOMETRIC_REPRESENTATION_CONTEXT(2) 
PARAMETRIC_REPRESENTATION_CONTEXT() REPRESENTATION_CONTEXT('2D SPACE',''
  ) );
#14637 = PCURVE('',#14638,#14643);
#14638 = CYLINDRICAL_SURFACE('',#14639,3.);
#14639 = AXIS2_PLACEMENT_3D('',#14640,#14641,#14642);
#14640 = CARTESIAN_POINT('',(-88.,37.,6.));
#14641 = DIRECTION('',(0.,0.,1.));
#14642 = DIRECTION('',(-1.,-0.,0.));
#14643 = DEFINITIONAL_REPRESENTATION('',(#14644),#14648);
#14644 = LINE('',#14645,#14646);
#14645 = CARTESIAN_POINT('',(-0.,0.));
#14646 = VECTOR('',#14647,1.);
#14647 = DIRECTION('',(-0.,1.));
#14648 = ( GEOMETRIC_REPRESENTATION_CONTEXT(2) 
PARAMETRIC_REPRESENTATION_CONTEXT() REPRESENTATION_CONTEXT('2D SPACE',''
  ) );
#14649 = ADVANCED_FACE('',(#14650,#14849,#14884,#14919,#14954),#14556,
  .T.);
#14650 = FACE_BOUND('',#14651,.T.);
#14651 = EDGE_LOOP('',(#14652,#14653,#14677,#14705,#14738,#14766,#14795,
    #14823));
#14652 = ORIENTED_EDGE('',*,*,#14533,.F.);
#14653 = ORIENTED_EDGE('',*,*,#14654,.T.);
#14654 = EDGE_CURVE('',#14534,#14655,#14657,.T.);
#14655 = VERTEX_POINT('',#14656);
#14656 = CARTESIAN_POINT('',(-88.,-40.,12.));
#14657 = SURFACE_CURVE('',#14658,(#14663,#14670),.PCURVE_S1.);
#14658 = CIRCLE('',#14659,3.);
#14659 = AXIS2_PLACEMENT_3D('',#14660,#14661,#14662);
#14660 = CARTESIAN_POINT('',(-88.,-37.,12.));
#14661 = DIRECTION('',(0.,0.,1.));
#14662 = DIRECTION('',(0.,-1.,0.));
#14663 = PCURVE('',#14556,#14664);
#14664 = DEFINITIONAL_REPRESENTATION('',(#14665),#14669);
#14665 = CIRCLE('',#14666,3.);
#14666 = AXIS2_PLACEMENT_2D('',#14667,#14668);
#14667 = CARTESIAN_POINT('',(3.,3.));
#14668 = DIRECTION('',(0.,-1.));
#14669 = ( GEOMETRIC_REPRESENTATION_CONTEXT(2) 
PARAMETRIC_REPRESENTATION_CONTEXT() REPRESENTATION_CONTEXT('2D SPACE',''
  ) );
#14670 = PCURVE('',#14584,#14671);
#14671 = DEFINITIONAL_REPRESENTATION('',(#14672),#14676);
#14672 = LINE('',#14673,#14674);
#14673 = CARTESIAN_POINT('',(-4.712388980385,6.));
#14674 = VECTOR('',#14675,1.);
#14675 = DIRECTION('',(1.,0.));
#14676 = ( GEOMETRIC_REPRESENTATION_CONTEXT(2) 
PARAMETRIC_REPRESENTATION_CONTEXT() REPRESENTATION_CONTEXT('2D SPACE',''
  ) );
#14677 = ORIENTED_EDGE('',*,*,#14678,.T.);
#14678 = EDGE_CURVE('',#14655,#14679,#14681,.T.);
#14679 = VERTEX_POINT('',#14680);
#14680 = CARTESIAN_POINT('',(-62.,-40.,12.));
#14681 = SURFACE_CURVE('',#14682,(#14686,#14693),.PCURVE_S1.);
#14682 = LINE('',#14683,#14684);
#14683 = CARTESIAN_POINT('',(-91.,-40.,12.));
#14684 = VECTOR('',#14685,1.);
#14685 = DIRECTION('',(1.,0.,0.));
#14686 = PCURVE('',#14556,#14687);
#14687 = DEFINITIONAL_REPRESENTATION('',(#14688),#14692);
#14688 = LINE('',#14689,#14690);
#14689 = CARTESIAN_POINT('',(0.,0.));
#14690 = VECTOR('',#14691,1.);
#14691 = DIRECTION('',(1.,0.));
#14692 = ( GEOMETRIC_REPRESENTATION_CONTEXT(2) 
PARAMETRIC_REPRESENTATION_CONTEXT() REPRESENTATION_CONTEXT('2D SPACE',''
  ) );
#14693 = PCURVE('',#14694,#14699);
#14694 = PLANE('',#14695);
#14695 = AXIS2_PLACEMENT_3D('',#14696,#14697,#14698);
#14696 = CARTESIAN_POINT('',(-91.,-40.,6.));
#14697 = DIRECTION('',(0.,1.,0.));
#14698 = DIRECTION('',(0.,0.,1.));
#14699 = DEFINITIONAL_REPRESENTATION('',(#14700),#14704);
#14700 = LINE('',#14701,#14702);
#14701 = CARTESIAN_POINT('',(6.,0.));
#14702 = VECTOR('',#14703,1.);
#14703 = DIRECTION('',(0.,1.));
#14704 = ( GEOMETRIC_REPRESENTATION_CONTEXT(2) 
PARAMETRIC_REPRESENTATION_CONTEXT() REPRESENTATION_CONTEXT('2D SPACE',''
  ) );
#14705 = ORIENTED_EDGE('',*,*,#14706,.F.);
#14706 = EDGE_CURVE('',#14707,#14679,#14709,.T.);
#14707 = VERTEX_POINT('',#14708);
#14708 = CARTESIAN_POINT('',(-59.,-37.,12.));
#14709 = SURFACE_CURVE('',#14710,(#14715,#14726),.PCURVE_S1.);
#14710 = CIRCLE('',#14711,3.);
#14711 = AXIS2_PLACEMENT_3D('',#14712,#14713,#14714);
#14712 = CARTESIAN_POINT('',(-62.,-37.,12.));
#14713 = DIRECTION('',(-0.,-0.,-1.));
#14714 = DIRECTION('',(0.,-1.,0.));
#14715 = PCURVE('',#14556,#14716);
#14716 = DEFINITIONAL_REPRESENTATION('',(#14717),#14725);
#14717 = ( BOUNDED_CURVE() B_SPLINE_CURVE(2,(#14718,#14719,#14720,#14721
    ,#14722,#14723,#14724),.UNSPECIFIED.,.T.,.F.) 
B_SPLINE_CURVE_WITH_KNOTS((1,2,2,2,2,1),(-2.094395102393,0.,
    2.094395102393,4.188790204786,6.28318530718,8.377580409573),
.UNSPECIFIED.) CURVE() GEOMETRIC_REPRESENTATION_ITEM() 
RATIONAL_B_SPLINE_CURVE((1.,0.5,1.,0.5,1.,0.5,1.)) REPRESENTATION_ITEM(
  '') );
#14718 = CARTESIAN_POINT('',(29.,0.));
#14719 = CARTESIAN_POINT('',(23.803847577293,0.));
#14720 = CARTESIAN_POINT('',(26.401923788647,4.5));
#14721 = CARTESIAN_POINT('',(29.,9.));
#14722 = CARTESIAN_POINT('',(31.598076211353,4.5));
#14723 = CARTESIAN_POINT('',(34.196152422707,4.440892098501E-15));
#14724 = CARTESIAN_POINT('',(29.,0.));
#14725 = ( GEOMETRIC_REPRESENTATION_CONTEXT(2) 
PARAMETRIC_REPRESENTATION_CONTEXT() REPRESENTATION_CONTEXT('2D SPACE',''
  ) );
#14726 = PCURVE('',#14727,#14732);
#14727 = CYLINDRICAL_SURFACE('',#14728,3.);
#14728 = AXIS2_PLACEMENT_3D('',#14729,#14730,#14731);
#14729 = CARTESIAN_POINT('',(-62.,-37.,6.));
#14730 = DIRECTION('',(0.,0.,1.));
#14731 = DIRECTION('',(1.,0.,-0.));
#14732 = DEFINITIONAL_REPRESENTATION('',(#14733),#14737);
#14733 = LINE('',#14734,#14735);
#14734 = CARTESIAN_POINT('',(4.712388980385,6.));
#14735 = VECTOR('',#14736,1.);
#14736 = DIRECTION('',(-1.,0.));
#14737 = ( GEOMETRIC_REPRESENTATION_CONTEXT(2) 
PARAMETRIC_REPRESENTATION_CONTEXT() REPRESENTATION_CONTEXT('2D SPACE',''
  ) );
#14738 = ORIENTED_EDGE('',*,*,#14739,.T.);
#14739 = EDGE_CURVE('',#14707,#14740,#14742,.T.);
#14740 = VERTEX_POINT('',#14741);
#14741 = CARTESIAN_POINT('',(-59.,37.,12.));
#14742 = SURFACE_CURVE('',#14743,(#14747,#14754),.PCURVE_S1.);
#14743 = LINE('',#14744,#14745);
#14744 = CARTESIAN_POINT('',(-59.,-40.,12.));
#14745 = VECTOR('',#14746,1.);
#14746 = DIRECTION('',(0.,1.,0.));
#14747 = PCURVE('',#14556,#14748);
#14748 = DEFINITIONAL_REPRESENTATION('',(#14749),#14753);
#14749 = LINE('',#14750,#14751);
#14750 = CARTESIAN_POINT('',(32.,0.));
#14751 = VECTOR('',#14752,1.);
#14752 = DIRECTION('',(0.,1.));
#14753 = ( GEOMETRIC_REPRESENTATION_CONTEXT(2) 
PARAMETRIC_REPRESENTATION_CONTEXT() REPRESENTATION_CONTEXT('2D SPACE',''
  ) );
#14754 = PCURVE('',#14755,#14760);
#14755 = PLANE('',#14756);
#14756 = AXIS2_PLACEMENT_3D('',#14757,#14758,#14759);
#14757 = CARTESIAN_POINT('',(-59.,-40.,6.));
#14758 = DIRECTION('',(1.,0.,0.));
#14759 = DIRECTION('',(0.,0.,1.));
#14760 = DEFINITIONAL_REPRESENTATION('',(#14761),#14765);
#14761 = LINE('',#14762,#14763);
#14762 = CARTESIAN_POINT('',(6.,0.));
#14763 = VECTOR('',#14764,1.);
#14764 = DIRECTION('',(0.,-1.));
#14765 = ( GEOMETRIC_REPRESENTATION_CONTEXT(2) 
PARAMETRIC_REPRESENTATION_CONTEXT() REPRESENTATION_CONTEXT('2D SPACE',''
  ) );
#14766 = ORIENTED_EDGE('',*,*,#14767,.T.);
#14767 = EDGE_CURVE('',#14740,#14768,#14770,.T.);
#14768 = VERTEX_POINT('',#14769);
#14769 = CARTESIAN_POINT('',(-62.,40.,12.));
#14770 = SURFACE_CURVE('',#14771,(#14776,#14783),.PCURVE_S1.);
#14771 = CIRCLE('',#14772,3.);
#14772 = AXIS2_PLACEMENT_3D('',#14773,#14774,#14775);
#14773 = CARTESIAN_POINT('',(-62.,37.,12.));
#14774 = DIRECTION('',(0.,0.,1.));
#14775 = DIRECTION('',(0.,-1.,0.));
#14776 = PCURVE('',#14556,#14777);
#14777 = DEFINITIONAL_REPRESENTATION('',(#14778),#14782);
#14778 = CIRCLE('',#14779,3.);
#14779 = AXIS2_PLACEMENT_2D('',#14780,#14781);
#14780 = CARTESIAN_POINT('',(29.,77.));
#14781 = DIRECTION('',(0.,-1.));
#14782 = ( GEOMETRIC_REPRESENTATION_CONTEXT(2) 
PARAMETRIC_REPRESENTATION_CONTEXT() REPRESENTATION_CONTEXT('2D SPACE',''
  ) );
#14783 = PCURVE('',#14784,#14789);
#14784 = CYLINDRICAL_SURFACE('',#14785,3.);
#14785 = AXIS2_PLACEMENT_3D('',#14786,#14787,#14788);
#14786 = CARTESIAN_POINT('',(-62.,37.,6.));
#14787 = DIRECTION('',(0.,0.,1.));
#14788 = DIRECTION('',(1.,0.,-0.));
#14789 = DEFINITIONAL_REPRESENTATION('',(#14790),#14794);
#14790 = LINE('',#14791,#14792);
#14791 = CARTESIAN_POINT('',(-1.570796326795,6.));
#14792 = VECTOR('',#14793,1.);
#14793 = DIRECTION('',(1.,0.));
#14794 = ( GEOMETRIC_REPRESENTATION_CONTEXT(2) 
PARAMETRIC_REPRESENTATION_CONTEXT() REPRESENTATION_CONTEXT('2D SPACE',''
  ) );
#14795 = ORIENTED_EDGE('',*,*,#14796,.F.);
#14796 = EDGE_CURVE('',#14797,#14768,#14799,.T.);
#14797 = VERTEX_POINT('',#14798);
#14798 = CARTESIAN_POINT('',(-88.,40.,12.));
#14799 = SURFACE_CURVE('',#14800,(#14804,#14811),.PCURVE_S1.);
#14800 = LINE('',#14801,#14802);
#14801 = CARTESIAN_POINT('',(-91.,40.,12.));
#14802 = VECTOR('',#14803,1.);
#14803 = DIRECTION('',(1.,0.,0.));
#14804 = PCURVE('',#14556,#14805);
#14805 = DEFINITIONAL_REPRESENTATION('',(#14806),#14810);
#14806 = LINE('',#14807,#14808);
#14807 = CARTESIAN_POINT('',(0.,80.));
#14808 = VECTOR('',#14809,1.);
#14809 = DIRECTION('',(1.,0.));
#14810 = ( GEOMETRIC_REPRESENTATION_CONTEXT(2) 
PARAMETRIC_REPRESENTATION_CONTEXT() REPRESENTATION_CONTEXT('2D SPACE',''
  ) );
#14811 = PCURVE('',#14812,#14817);
#14812 = PLANE('',#14813);
#14813 = AXIS2_PLACEMENT_3D('',#14814,#14815,#14816);
#14814 = CARTESIAN_POINT('',(-91.,40.,6.));
#14815 = DIRECTION('',(0.,1.,0.));
#14816 = DIRECTION('',(0.,0.,1.));
#14817 = DEFINITIONAL_REPRESENTATION('',(#14818),#14822);
#14818 = LINE('',#14819,#14820);
#14819 = CARTESIAN_POINT('',(6.,0.));
#14820 = VECTOR('',#14821,1.);
#14821 = DIRECTION('',(0.,1.));
#14822 = ( GEOMETRIC_REPRESENTATION_CONTEXT(2) 
PARAMETRIC_REPRESENTATION_CONTEXT() REPRESENTATION_CONTEXT('2D SPACE',''
  ) );
#14823 = ORIENTED_EDGE('',*,*,#14824,.F.);
#14824 = EDGE_CURVE('',#14536,#14797,#14825,.T.);
#14825 = SURFACE_CURVE('',#14826,(#14831,#14842),.PCURVE_S1.);
#14826 = CIRCLE('',#14827,3.);
#14827 = AXIS2_PLACEMENT_3D('',#14828,#14829,#14830);
#14828 = CARTESIAN_POINT('',(-88.,37.,12.));
#14829 = DIRECTION('',(-0.,-0.,-1.));
#14830 = DIRECTION('',(0.,-1.,0.));
#14831 = PCURVE('',#14556,#14832);
#14832 = DEFINITIONAL_REPRESENTATION('',(#14833),#14841);
#14833 = ( BOUNDED_CURVE() B_SPLINE_CURVE(2,(#14834,#14835,#14836,#14837
    ,#14838,#14839,#14840),.UNSPECIFIED.,.T.,.F.) 
B_SPLINE_CURVE_WITH_KNOTS((1,2,2,2,2,1),(-2.094395102393,0.,
    2.094395102393,4.188790204786,6.28318530718,8.377580409573),
.UNSPECIFIED.) CURVE() GEOMETRIC_REPRESENTATION_ITEM() 
RATIONAL_B_SPLINE_CURVE((1.,0.5,1.,0.5,1.,0.5,1.)) REPRESENTATION_ITEM(
  '') );
#14834 = CARTESIAN_POINT('',(3.,74.));
#14835 = CARTESIAN_POINT('',(-2.196152422707,74.));
#14836 = CARTESIAN_POINT('',(0.401923788647,78.5));
#14837 = CARTESIAN_POINT('',(3.,83.));
#14838 = CARTESIAN_POINT('',(5.598076211353,78.5));
#14839 = CARTESIAN_POINT('',(8.196152422707,74.));
#14840 = CARTESIAN_POINT('',(3.,74.));
#14841 = ( GEOMETRIC_REPRESENTATION_CONTEXT(2) 
PARAMETRIC_REPRESENTATION_CONTEXT() REPRESENTATION_CONTEXT('2D SPACE',''
  ) );
#14842 = PCURVE('',#14638,#14843);
#14843 = DEFINITIONAL_REPRESENTATION('',(#14844),#14848);
#14844 = LINE('',#14845,#14846);
#14845 = CARTESIAN_POINT('',(1.570796326795,6.));
#14846 = VECTOR('',#14847,1.);
#14847 = DIRECTION('',(-1.,0.));
#14848 = ( GEOMETRIC_REPRESENTATION_CONTEXT(2) 
PARAMETRIC_REPRESENTATION_CONTEXT() REPRESENTATION_CONTEXT('2D SPACE',''
  ) );
#14849 = FACE_BOUND('',#14850,.T.);
#14850 = EDGE_LOOP('',(#14851));
#14851 = ORIENTED_EDGE('',*,*,#14852,.T.);
#14852 = EDGE_CURVE('',#14853,#14853,#14855,.T.);
#14853 = VERTEX_POINT('',#14854);
#14854 = CARTESIAN_POINT('',(-81.75,-24.,12.));
#14855 = SURFACE_CURVE('',#14856,(#14861,#14872),.PCURVE_S1.);
#14856 = CIRCLE('',#14857,2.25);
#14857 = AXIS2_PLACEMENT_3D('',#14858,#14859,#14860);
#14858 = CARTESIAN_POINT('',(-84.,-24.,12.));
#14859 = DIRECTION('',(0.,0.,-1.));
#14860 = DIRECTION('',(1.,0.,0.));
#14861 = PCURVE('',#14556,#14862);
#14862 = DEFINITIONAL_REPRESENTATION('',(#14863),#14871);
#14863 = ( BOUNDED_CURVE() B_SPLINE_CURVE(2,(#14864,#14865,#14866,#14867
    ,#14868,#14869,#14870),.UNSPECIFIED.,.T.,.F.) 
B_SPLINE_CURVE_WITH_KNOTS((1,2,2,2,2,1),(-2.094395102393,0.,
    2.094395102393,4.188790204786,6.28318530718,8.377580409573),
.UNSPECIFIED.) CURVE() GEOMETRIC_REPRESENTATION_ITEM() 
RATIONAL_B_SPLINE_CURVE((1.,0.5,1.,0.5,1.,0.5,1.)) REPRESENTATION_ITEM(
  '') );
#14864 = CARTESIAN_POINT('',(9.25,16.));
#14865 = CARTESIAN_POINT('',(9.25,12.10288568297));
#14866 = CARTESIAN_POINT('',(5.875,14.051442841485));
#14867 = CARTESIAN_POINT('',(2.5,16.));
#14868 = CARTESIAN_POINT('',(5.875,17.948557158515));
#14869 = CARTESIAN_POINT('',(9.25,19.89711431703));
#14870 = CARTESIAN_POINT('',(9.25,16.));
#14871 = ( GEOMETRIC_REPRESENTATION_CONTEXT(2) 
PARAMETRIC_REPRESENTATION_CONTEXT() REPRESENTATION_CONTEXT('2D SPACE',''
  ) );
#14872 = PCURVE('',#14873,#14878);
#14873 = CYLINDRICAL_SURFACE('',#14874,2.25);
#14874 = AXIS2_PLACEMENT_3D('',#14875,#14876,#14877);
#14875 = CARTESIAN_POINT('',(-84.,-24.,-10.));
#14876 = DIRECTION('',(-0.,-0.,-1.));
#14877 = DIRECTION('',(1.,0.,0.));
#14878 = DEFINITIONAL_REPRESENTATION('',(#14879),#14883);
#14879 = LINE('',#14880,#14881);
#14880 = CARTESIAN_POINT('',(-6.28318530718,-22.));
#14881 = VECTOR('',#14882,1.);
#14882 = DIRECTION('',(1.,-0.));
#14883 = ( GEOMETRIC_REPRESENTATION_CONTEXT(2) 
PARAMETRIC_REPRESENTATION_CONTEXT() REPRESENTATION_CONTEXT('2D SPACE',''
  ) );
#14884 = FACE_BOUND('',#14885,.T.);
#14885 = EDGE_LOOP('',(#14886));
#14886 = ORIENTED_EDGE('',*,*,#14887,.T.);
#14887 = EDGE_CURVE('',#14888,#14888,#14890,.T.);
#14888 = VERTEX_POINT('',#14889);
#14889 = CARTESIAN_POINT('',(-63.75,-24.,12.));
#14890 = SURFACE_CURVE('',#14891,(#14896,#14907),.PCURVE_S1.);
#14891 = CIRCLE('',#14892,2.25);
#14892 = AXIS2_PLACEMENT_3D('',#14893,#14894,#14895);
#14893 = CARTESIAN_POINT('',(-66.,-24.,12.));
#14894 = DIRECTION('',(0.,0.,-1.));
#14895 = DIRECTION('',(1.,0.,0.));
#14896 = PCURVE('',#14556,#14897);
#14897 = DEFINITIONAL_REPRESENTATION('',(#14898),#14906);
#14898 = ( BOUNDED_CURVE() B_SPLINE_CURVE(2,(#14899,#14900,#14901,#14902
    ,#14903,#14904,#14905),.UNSPECIFIED.,.T.,.F.) 
B_SPLINE_CURVE_WITH_KNOTS((1,2,2,2,2,1),(-2.094395102393,0.,
    2.094395102393,4.188790204786,6.28318530718,8.377580409573),
.UNSPECIFIED.) CURVE() GEOMETRIC_REPRESENTATION_ITEM() 
RATIONAL_B_SPLINE_CURVE((1.,0.5,1.,0.5,1.,0.5,1.)) REPRESENTATION_ITEM(
  '') );
#14899 = CARTESIAN_POINT('',(27.25,16.));
#14900 = CARTESIAN_POINT('',(27.25,12.10288568297));
#14901 = CARTESIAN_POINT('',(23.875,14.051442841485));
#14902 = CARTESIAN_POINT('',(20.5,16.));
#14903 = CARTESIAN_POINT('',(23.875,17.948557158515));
#14904 = CARTESIAN_POINT('',(27.25,19.89711431703));
#14905 = CARTESIAN_POINT('',(27.25,16.));
#14906 = ( GEOMETRIC_REPRESENTATION_CONTEXT(2) 
PARAMETRIC_REPRESENTATION_CONTEXT() REPRESENTATION_CONTEXT('2D SPACE',''
  ) );
#14907 = PCURVE('',#14908,#14913);
#14908 = CYLINDRICAL_SURFACE('',#14909,2.25);
#14909 = AXIS2_PLACEMENT_3D('',#14910,#14911,#14912);
#14910 = CARTESIAN_POINT('',(-66.,-24.,-10.));
#14911 = DIRECTION('',(-0.,-0.,-1.));
#14912 = DIRECTION('',(1.,0.,0.));
#14913 = DEFINITIONAL_REPRESENTATION('',(#14914),#14918);
#14914 = LINE('',#14915,#14916);
#14915 = CARTESIAN_POINT('',(-6.28318530718,-22.));
#14916 = VECTOR('',#14917,1.);
#14917 = DIRECTION('',(1.,-0.));
#14918 = ( GEOMETRIC_REPRESENTATION_CONTEXT(2) 
PARAMETRIC_REPRESENTATION_CONTEXT() REPRESENTATION_CONTEXT('2D SPACE',''
  ) );
#14919 = FACE_BOUND('',#14920,.T.);
#14920 = EDGE_LOOP('',(#14921));
#14921 = ORIENTED_EDGE('',*,*,#14922,.T.);
#14922 = EDGE_CURVE('',#14923,#14923,#14925,.T.);
#14923 = VERTEX_POINT('',#14924);
#14924 = CARTESIAN_POINT('',(-81.75,24.,12.));
#14925 = SURFACE_CURVE('',#14926,(#14931,#14942),.PCURVE_S1.);
#14926 = CIRCLE('',#14927,2.25);
#14927 = AXIS2_PLACEMENT_3D('',#14928,#14929,#14930);
#14928 = CARTESIAN_POINT('',(-84.,24.,12.));
#14929 = DIRECTION('',(0.,0.,-1.));
#14930 = DIRECTION('',(1.,0.,0.));
#14931 = PCURVE('',#14556,#14932);
#14932 = DEFINITIONAL_REPRESENTATION('',(#14933),#14941);
#14933 = ( BOUNDED_CURVE() B_SPLINE_CURVE(2,(#14934,#14935,#14936,#14937
    ,#14938,#14939,#14940),.UNSPECIFIED.,.T.,.F.) 
B_SPLINE_CURVE_WITH_KNOTS((1,2,2,2,2,1),(-2.094395102393,0.,
    2.094395102393,4.188790204786,6.28318530718,8.377580409573),
.UNSPECIFIED.) CURVE() GEOMETRIC_REPRESENTATION_ITEM() 
RATIONAL_B_SPLINE_CURVE((1.,0.5,1.,0.5,1.,0.5,1.)) REPRESENTATION_ITEM(
  '') );
#14934 = CARTESIAN_POINT('',(9.25,64.));
#14935 = CARTESIAN_POINT('',(9.25,60.10288568297));
#14936 = CARTESIAN_POINT('',(5.875,62.051442841485));
#14937 = CARTESIAN_POINT('',(2.5,64.));
#14938 = CARTESIAN_POINT('',(5.875,65.948557158515));
#14939 = CARTESIAN_POINT('',(9.25,67.89711431703));
#14940 = CARTESIAN_POINT('',(9.25,64.));
#14941 = ( GEOMETRIC_REPRESENTATION_CONTEXT(2) 
PARAMETRIC_REPRESENTATION_CONTEXT() REPRESENTATION_CONTEXT('2D SPACE',''
  ) );
#14942 = PCURVE('',#14943,#14948);
#14943 = CYLINDRICAL_SURFACE('',#14944,2.25);
#14944 = AXIS2_PLACEMENT_3D('',#14945,#14946,#14947);
#14945 = CARTESIAN_POINT('',(-84.,24.,-10.));
#14946 = DIRECTION('',(-0.,-0.,-1.));
#14947 = DIRECTION('',(1.,0.,0.));
#14948 = DEFINITIONAL_REPRESENTATION('',(#14949),#14953);
#14949 = LINE('',#14950,#14951);
#14950 = CARTESIAN_POINT('',(-6.28318530718,-22.));
#14951 = VECTOR('',#14952,1.);
#14952 = DIRECTION('',(1.,-0.));
#14953 = ( GEOMETRIC_REPRESENTATION_CONTEXT(2) 
PARAMETRIC_REPRESENTATION_CONTEXT() REPRESENTATION_CONTEXT('2D SPACE',''
  ) );
#14954 = FACE_BOUND('',#14955,.T.);
#14955 = EDGE_LOOP('',(#14956));
#14956 = ORIENTED_EDGE('',*,*,#14957,.T.);
#14957 = EDGE_CURVE('',#14958,#14958,#14960,.T.);
#14958 = VERTEX_POINT('',#14959);
#14959 = CARTESIAN_POINT('',(-63.75,24.,12.));
#14960 = SURFACE_CURVE('',#14961,(#14966,#14977),.PCURVE_S1.);
#14961 = CIRCLE('',#14962,2.25);
#14962 = AXIS2_PLACEMENT_3D('',#14963,#14964,#14965);
#14963 = CARTESIAN_POINT('',(-66.,24.,12.));
#14964 = DIRECTION('',(0.,0.,-1.));
#14965 = DIRECTION('',(1.,0.,0.));
#14966 = PCURVE('',#14556,#14967);
#14967 = DEFINITIONAL_REPRESENTATION('',(#14968),#14976);
#14968 = ( BOUNDED_CURVE() B_SPLINE_CURVE(2,(#14969,#14970,#14971,#14972
    ,#14973,#14974,#14975),.UNSPECIFIED.,.T.,.F.) 
B_SPLINE_CURVE_WITH_KNOTS((1,2,2,2,2,1),(-2.094395102393,0.,
    2.094395102393,4.188790204786,6.28318530718,8.377580409573),
.UNSPECIFIED.) CURVE() GEOMETRIC_REPRESENTATION_ITEM() 
RATIONAL_B_SPLINE_CURVE((1.,0.5,1.,0.5,1.,0.5,1.)) REPRESENTATION_ITEM(
  '') );
#14969 = CARTESIAN_POINT('',(27.25,64.));
#14970 = CARTESIAN_POINT('',(27.25,60.10288568297));
#14971 = CARTESIAN_POINT('',(23.875,62.051442841485));
#14972 = CARTESIAN_POINT('',(20.5,64.));
#14973 = CARTESIAN_POINT('',(23.875,65.948557158515));
#14974 = CARTESIAN_POINT('',(27.25,67.89711431703));
#14975 = CARTESIAN_POINT('',(27.25,64.));
#14976 = ( GEOMETRIC_REPRESENTATION_CONTEXT(2) 
PARAMETRIC_REPRESENTATION_CONTEXT() REPRESENTATION_CONTEXT('2D SPACE',''
  ) );
#14977 = PCURVE('',#14978,#14983);
#14978 = CYLINDRICAL_SURFACE('',#14979,2.25);
#14979 = AXIS2_PLACEMENT_3D('',#14980,#14981,#14982);
#14980 = CARTESIAN_POINT('',(-66.,24.,-10.));
#14981 = DIRECTION('',(-0.,-0.,-1.));
#14982 = DIRECTION('',(1.,0.,0.));
#14983 = DEFINITIONAL_REPRESENTATION('',(#14984),#14988);
#14984 = LINE('',#14985,#14986);
#14985 = CARTESIAN_POINT('',(-6.28318530718,-22.));
#14986 = VECTOR('',#14987,1.);
#14987 = DIRECTION('',(1.,-0.));
#14988 = ( GEOMETRIC_REPRESENTATION_CONTEXT(2) 
PARAMETRIC_REPRESENTATION_CONTEXT() REPRESENTATION_CONTEXT('2D SPACE',''
  ) );
#14989 = ADVANCED_FACE('',(#14990),#14584,.T.);
#14990 = FACE_BOUND('',#14991,.T.);
#14991 = EDGE_LOOP('',(#14992,#15016,#15037,#15038));
#14992 = ORIENTED_EDGE('',*,*,#14993,.T.);
#14993 = EDGE_CURVE('',#14569,#14994,#14996,.T.);
#14994 = VERTEX_POINT('',#14995);
#14995 = CARTESIAN_POINT('',(-88.,-40.,6.));
#14996 = SURFACE_CURVE('',#14997,(#15002,#15009),.PCURVE_S1.);
#14997 = CIRCLE('',#14998,3.);
#14998 = AXIS2_PLACEMENT_3D('',#14999,#15000,#15001);
#14999 = CARTESIAN_POINT('',(-88.,-37.,6.));
#15000 = DIRECTION('',(0.,0.,1.));
#15001 = DIRECTION('',(0.,-1.,0.));
#15002 = PCURVE('',#14584,#15003);
#15003 = DEFINITIONAL_REPRESENTATION('',(#15004),#15008);
#15004 = LINE('',#15005,#15006);
#15005 = CARTESIAN_POINT('',(-4.712388980385,0.));
#15006 = VECTOR('',#15007,1.);
#15007 = DIRECTION('',(1.,0.));
#15008 = ( GEOMETRIC_REPRESENTATION_CONTEXT(2) 
PARAMETRIC_REPRESENTATION_CONTEXT() REPRESENTATION_CONTEXT('2D SPACE',''
  ) );
#15009 = PCURVE('',#14612,#15010);
#15010 = DEFINITIONAL_REPRESENTATION('',(#15011),#15015);
#15011 = CIRCLE('',#15012,3.);
#15012 = AXIS2_PLACEMENT_2D('',#15013,#15014);
#15013 = CARTESIAN_POINT('',(3.,3.));
#15014 = DIRECTION('',(0.,-1.));
#15015 = ( GEOMETRIC_REPRESENTATION_CONTEXT(2) 
PARAMETRIC_REPRESENTATION_CONTEXT() REPRESENTATION_CONTEXT('2D SPACE',''
  ) );
#15016 = ORIENTED_EDGE('',*,*,#15017,.T.);
#15017 = EDGE_CURVE('',#14994,#14655,#15018,.T.);
#15018 = SURFACE_CURVE('',#15019,(#15023,#15030),.PCURVE_S1.);
#15019 = LINE('',#15020,#15021);
#15020 = CARTESIAN_POINT('',(-88.,-40.,6.));
#15021 = VECTOR('',#15022,1.);
#15022 = DIRECTION('',(0.,0.,1.));
#15023 = PCURVE('',#14584,#15024);
#15024 = DEFINITIONAL_REPRESENTATION('',(#15025),#15029);
#15025 = LINE('',#15026,#15027);
#15026 = CARTESIAN_POINT('',(1.570796326795,0.));
#15027 = VECTOR('',#15028,1.);
#15028 = DIRECTION('',(0.,1.));
#15029 = ( GEOMETRIC_REPRESENTATION_CONTEXT(2) 
PARAMETRIC_REPRESENTATION_CONTEXT() REPRESENTATION_CONTEXT('2D SPACE',''
  ) );
#15030 = PCURVE('',#14694,#15031);
#15031 = DEFINITIONAL_REPRESENTATION('',(#15032),#15036);
#15032 = LINE('',#15033,#15034);
#15033 = CARTESIAN_POINT('',(0.,3.));
#15034 = VECTOR('',#15035,1.);
#15035 = DIRECTION('',(1.,0.));
#15036 = ( GEOMETRIC_REPRESENTATION_CONTEXT(2) 
PARAMETRIC_REPRESENTATION_CONTEXT() REPRESENTATION_CONTEXT('2D SPACE',''
  ) );
#15037 = ORIENTED_EDGE('',*,*,#14654,.F.);
#15038 = ORIENTED_EDGE('',*,*,#14568,.F.);
#15039 = ADVANCED_FACE('',(#15040),#14638,.T.);
#15040 = FACE_BOUND('',#15041,.F.);
#15041 = EDGE_LOOP('',(#15042,#15070,#15091,#15092));
#15042 = ORIENTED_EDGE('',*,*,#15043,.T.);
#15043 = EDGE_CURVE('',#14597,#15044,#15046,.T.);
#15044 = VERTEX_POINT('',#15045);
#15045 = CARTESIAN_POINT('',(-88.,40.,6.));
#15046 = SURFACE_CURVE('',#15047,(#15052,#15059),.PCURVE_S1.);
#15047 = CIRCLE('',#15048,3.);
#15048 = AXIS2_PLACEMENT_3D('',#15049,#15050,#15051);
#15049 = CARTESIAN_POINT('',(-88.,37.,6.));
#15050 = DIRECTION('',(-0.,-0.,-1.));
#15051 = DIRECTION('',(0.,-1.,0.));
#15052 = PCURVE('',#14638,#15053);
#15053 = DEFINITIONAL_REPRESENTATION('',(#15054),#15058);
#15054 = LINE('',#15055,#15056);
#15055 = CARTESIAN_POINT('',(1.570796326795,-0.));
#15056 = VECTOR('',#15057,1.);
#15057 = DIRECTION('',(-1.,0.));
#15058 = ( GEOMETRIC_REPRESENTATION_CONTEXT(2) 
PARAMETRIC_REPRESENTATION_CONTEXT() REPRESENTATION_CONTEXT('2D SPACE',''
  ) );
#15059 = PCURVE('',#14612,#15060);
#15060 = DEFINITIONAL_REPRESENTATION('',(#15061),#15069);
#15061 = ( BOUNDED_CURVE() B_SPLINE_CURVE(2,(#15062,#15063,#15064,#15065
    ,#15066,#15067,#15068),.UNSPECIFIED.,.T.,.F.) 
B_SPLINE_CURVE_WITH_KNOTS((1,2,2,2,2,1),(-2.094395102393,0.,
    2.094395102393,4.188790204786,6.28318530718,8.377580409573),
.UNSPECIFIED.) CURVE() GEOMETRIC_REPRESENTATION_ITEM() 
RATIONAL_B_SPLINE_CURVE((1.,0.5,1.,0.5,1.,0.5,1.)) REPRESENTATION_ITEM(
  '') );
#15062 = CARTESIAN_POINT('',(3.,74.));
#15063 = CARTESIAN_POINT('',(-2.196152422707,74.));
#15064 = CARTESIAN_POINT('',(0.401923788647,78.5));
#15065 = CARTESIAN_POINT('',(3.,83.));
#15066 = CARTESIAN_POINT('',(5.598076211353,78.5));
#15067 = CARTESIAN_POINT('',(8.196152422707,74.));
#15068 = CARTESIAN_POINT('',(3.,74.));
#15069 = ( GEOMETRIC_REPRESENTATION_CONTEXT(2) 
PARAMETRIC_REPRESENTATION_CONTEXT() REPRESENTATION_CONTEXT('2D SPACE',''
  ) );
#15070 = ORIENTED_EDGE('',*,*,#15071,.T.);
#15071 = EDGE_CURVE('',#15044,#14797,#15072,.T.);
#15072 = SURFACE_CURVE('',#15073,(#15077,#15084),.PCURVE_S1.);
#15073 = LINE('',#15074,#15075);
#15074 = CARTESIAN_POINT('',(-88.,40.,6.));
#15075 = VECTOR('',#15076,1.);
#15076 = DIRECTION('',(0.,0.,1.));
#15077 = PCURVE('',#14638,#15078);
#15078 = DEFINITIONAL_REPRESENTATION('',(#15079),#15083);
#15079 = LINE('',#15080,#15081);
#15080 = CARTESIAN_POINT('',(-1.570796326795,0.));
#15081 = VECTOR('',#15082,1.);
#15082 = DIRECTION('',(-0.,1.));
#15083 = ( GEOMETRIC_REPRESENTATION_CONTEXT(2) 
PARAMETRIC_REPRESENTATION_CONTEXT() REPRESENTATION_CONTEXT('2D SPACE',''
  ) );
#15084 = PCURVE('',#14812,#15085);
#15085 = DEFINITIONAL_REPRESENTATION('',(#15086),#15090);
#15086 = LINE('',#15087,#15088);
#15087 = CARTESIAN_POINT('',(0.,3.));
#15088 = VECTOR('',#15089,1.);
#15089 = DIRECTION('',(1.,0.));
#15090 = ( GEOMETRIC_REPRESENTATION_CONTEXT(2) 
PARAMETRIC_REPRESENTATION_CONTEXT() REPRESENTATION_CONTEXT('2D SPACE',''
  ) );
#15091 = ORIENTED_EDGE('',*,*,#14824,.F.);
#15092 = ORIENTED_EDGE('',*,*,#14624,.F.);
#15093 = ADVANCED_FACE('',(#15094,#15218,#15248,#15278,#15308),#14612,
  .F.);
#15094 = FACE_BOUND('',#15095,.F.);
#15095 = EDGE_LOOP('',(#15096,#15097,#15098,#15121,#15149,#15172,#15196,
    #15217));
#15096 = ORIENTED_EDGE('',*,*,#14596,.F.);
#15097 = ORIENTED_EDGE('',*,*,#14993,.T.);
#15098 = ORIENTED_EDGE('',*,*,#15099,.T.);
#15099 = EDGE_CURVE('',#14994,#15100,#15102,.T.);
#15100 = VERTEX_POINT('',#15101);
#15101 = CARTESIAN_POINT('',(-62.,-40.,6.));
#15102 = SURFACE_CURVE('',#15103,(#15107,#15114),.PCURVE_S1.);
#15103 = LINE('',#15104,#15105);
#15104 = CARTESIAN_POINT('',(-91.,-40.,6.));
#15105 = VECTOR('',#15106,1.);
#15106 = DIRECTION('',(1.,0.,0.));
#15107 = PCURVE('',#14612,#15108);
#15108 = DEFINITIONAL_REPRESENTATION('',(#15109),#15113);
#15109 = LINE('',#15110,#15111);
#15110 = CARTESIAN_POINT('',(0.,0.));
#15111 = VECTOR('',#15112,1.);
#15112 = DIRECTION('',(1.,0.));
#15113 = ( GEOMETRIC_REPRESENTATION_CONTEXT(2) 
PARAMETRIC_REPRESENTATION_CONTEXT() REPRESENTATION_CONTEXT('2D SPACE',''
  ) );
#15114 = PCURVE('',#14694,#15115);
#15115 = DEFINITIONAL_REPRESENTATION('',(#15116),#15120);
#15116 = LINE('',#15117,#15118);
#15117 = CARTESIAN_POINT('',(0.,0.));
#15118 = VECTOR('',#15119,1.);
#15119 = DIRECTION('',(0.,1.));
#15120 = ( GEOMETRIC_REPRESENTATION_CONTEXT(2) 
PARAMETRIC_REPRESENTATION_CONTEXT() REPRESENTATION_CONTEXT('2D SPACE',''
  ) );
#15121 = ORIENTED_EDGE('',*,*,#15122,.F.);
#15122 = EDGE_CURVE('',#15123,#15100,#15125,.T.);
#15123 = VERTEX_POINT('',#15124);
#15124 = CARTESIAN_POINT('',(-59.,-37.,6.));
#15125 = SURFACE_CURVE('',#15126,(#15131,#15142),.PCURVE_S1.);
#15126 = CIRCLE('',#15127,3.);
#15127 = AXIS2_PLACEMENT_3D('',#15128,#15129,#15130);
#15128 = CARTESIAN_POINT('',(-62.,-37.,6.));
#15129 = DIRECTION('',(-0.,-0.,-1.));
#15130 = DIRECTION('',(0.,-1.,0.));
#15131 = PCURVE('',#14612,#15132);
#15132 = DEFINITIONAL_REPRESENTATION('',(#15133),#15141);
#15133 = ( BOUNDED_CURVE() B_SPLINE_CURVE(2,(#15134,#15135,#15136,#15137
    ,#15138,#15139,#15140),.UNSPECIFIED.,.T.,.F.) 
B_SPLINE_CURVE_WITH_KNOTS((1,2,2,2,2,1),(-2.094395102393,0.,
    2.094395102393,4.188790204786,6.28318530718,8.377580409573),
.UNSPECIFIED.) CURVE() GEOMETRIC_REPRESENTATION_ITEM() 
RATIONAL_B_SPLINE_CURVE((1.,0.5,1.,0.5,1.,0.5,1.)) REPRESENTATION_ITEM(
  '') );
#15134 = CARTESIAN_POINT('',(29.,0.));
#15135 = CARTESIAN_POINT('',(23.803847577293,0.));
#15136 = CARTESIAN_POINT('',(26.401923788647,4.5));
#15137 = CARTESIAN_POINT('',(29.,9.));
#15138 = CARTESIAN_POINT('',(31.598076211353,4.5));
#15139 = CARTESIAN_POINT('',(34.196152422707,4.440892098501E-15));
#15140 = CARTESIAN_POINT('',(29.,0.));
#15141 = ( GEOMETRIC_REPRESENTATION_CONTEXT(2) 
PARAMETRIC_REPRESENTATION_CONTEXT() REPRESENTATION_CONTEXT('2D SPACE',''
  ) );
#15142 = PCURVE('',#14727,#15143);
#15143 = DEFINITIONAL_REPRESENTATION('',(#15144),#15148);
#15144 = LINE('',#15145,#15146);
#15145 = CARTESIAN_POINT('',(4.712388980385,-0.));
#15146 = VECTOR('',#15147,1.);
#15147 = DIRECTION('',(-1.,0.));
#15148 = ( GEOMETRIC_REPRESENTATION_CONTEXT(2) 
PARAMETRIC_REPRESENTATION_CONTEXT() REPRESENTATION_CONTEXT('2D SPACE',''
  ) );
#15149 = ORIENTED_EDGE('',*,*,#15150,.T.);
#15150 = EDGE_CURVE('',#15123,#15151,#15153,.T.);
#15151 = VERTEX_POINT('',#15152);
#15152 = CARTESIAN_POINT('',(-59.,37.,6.));
#15153 = SURFACE_CURVE('',#15154,(#15158,#15165),.PCURVE_S1.);
#15154 = LINE('',#15155,#15156);
#15155 = CARTESIAN_POINT('',(-59.,-40.,6.));
#15156 = VECTOR('',#15157,1.);
#15157 = DIRECTION('',(0.,1.,0.));
#15158 = PCURVE('',#14612,#15159);
#15159 = DEFINITIONAL_REPRESENTATION('',(#15160),#15164);
#15160 = LINE('',#15161,#15162);
#15161 = CARTESIAN_POINT('',(32.,0.));
#15162 = VECTOR('',#15163,1.);
#15163 = DIRECTION('',(0.,1.));
#15164 = ( GEOMETRIC_REPRESENTATION_CONTEXT(2) 
PARAMETRIC_REPRESENTATION_CONTEXT() REPRESENTATION_CONTEXT('2D SPACE',''
  ) );
#15165 = PCURVE('',#14755,#15166);
#15166 = DEFINITIONAL_REPRESENTATION('',(#15167),#15171);
#15167 = LINE('',#15168,#15169);
#15168 = CARTESIAN_POINT('',(0.,0.));
#15169 = VECTOR('',#15170,1.);
#15170 = DIRECTION('',(0.,-1.));
#15171 = ( GEOMETRIC_REPRESENTATION_CONTEXT(2) 
PARAMETRIC_REPRESENTATION_CONTEXT() REPRESENTATION_CONTEXT('2D SPACE',''
  ) );
#15172 = ORIENTED_EDGE('',*,*,#15173,.T.);
#15173 = EDGE_CURVE('',#15151,#15174,#15176,.T.);
#15174 = VERTEX_POINT('',#15175);
#15175 = CARTESIAN_POINT('',(-62.,40.,6.));
#15176 = SURFACE_CURVE('',#15177,(#15182,#15189),.PCURVE_S1.);
#15177 = CIRCLE('',#15178,3.);
#15178 = AXIS2_PLACEMENT_3D('',#15179,#15180,#15181);
#15179 = CARTESIAN_POINT('',(-62.,37.,6.));
#15180 = DIRECTION('',(0.,0.,1.));
#15181 = DIRECTION('',(0.,-1.,0.));
#15182 = PCURVE('',#14612,#15183);
#15183 = DEFINITIONAL_REPRESENTATION('',(#15184),#15188);
#15184 = CIRCLE('',#15185,3.);
#15185 = AXIS2_PLACEMENT_2D('',#15186,#15187);
#15186 = CARTESIAN_POINT('',(29.,77.));
#15187 = DIRECTION('',(0.,-1.));
#15188 = ( GEOMETRIC_REPRESENTATION_CONTEXT(2) 
PARAMETRIC_REPRESENTATION_CONTEXT() REPRESENTATION_CONTEXT('2D SPACE',''
  ) );
#15189 = PCURVE('',#14784,#15190);
#15190 = DEFINITIONAL_REPRESENTATION('',(#15191),#15195);
#15191 = LINE('',#15192,#15193);
#15192 = CARTESIAN_POINT('',(-1.570796326795,0.));
#15193 = VECTOR('',#15194,1.);
#15194 = DIRECTION('',(1.,0.));
#15195 = ( GEOMETRIC_REPRESENTATION_CONTEXT(2) 
PARAMETRIC_REPRESENTATION_CONTEXT() REPRESENTATION_CONTEXT('2D SPACE',''
  ) );
#15196 = ORIENTED_EDGE('',*,*,#15197,.F.);
#15197 = EDGE_CURVE('',#15044,#15174,#15198,.T.);
#15198 = SURFACE_CURVE('',#15199,(#15203,#15210),.PCURVE_S1.);
#15199 = LINE('',#15200,#15201);
#15200 = CARTESIAN_POINT('',(-91.,40.,6.));
#15201 = VECTOR('',#15202,1.);
#15202 = DIRECTION('',(1.,0.,0.));
#15203 = PCURVE('',#14612,#15204);
#15204 = DEFINITIONAL_REPRESENTATION('',(#15205),#15209);
#15205 = LINE('',#15206,#15207);
#15206 = CARTESIAN_POINT('',(0.,80.));
#15207 = VECTOR('',#15208,1.);
#15208 = DIRECTION('',(1.,0.));
#15209 = ( GEOMETRIC_REPRESENTATION_CONTEXT(2) 
PARAMETRIC_REPRESENTATION_CONTEXT() REPRESENTATION_CONTEXT('2D SPACE',''
  ) );
#15210 = PCURVE('',#14812,#15211);
#15211 = DEFINITIONAL_REPRESENTATION('',(#15212),#15216);
#15212 = LINE('',#15213,#15214);
#15213 = CARTESIAN_POINT('',(0.,0.));
#15214 = VECTOR('',#15215,1.);
#15215 = DIRECTION('',(0.,1.));
#15216 = ( GEOMETRIC_REPRESENTATION_CONTEXT(2) 
PARAMETRIC_REPRESENTATION_CONTEXT() REPRESENTATION_CONTEXT('2D SPACE',''
  ) );
#15217 = ORIENTED_EDGE('',*,*,#15043,.F.);
#15218 = FACE_BOUND('',#15219,.F.);
#15219 = EDGE_LOOP('',(#15220));
#15220 = ORIENTED_EDGE('',*,*,#15221,.T.);
#15221 = EDGE_CURVE('',#15222,#15222,#15224,.T.);
#15222 = VERTEX_POINT('',#15223);
#15223 = CARTESIAN_POINT('',(-81.75,-24.,6.));
#15224 = SURFACE_CURVE('',#15225,(#15230,#15241),.PCURVE_S1.);
#15225 = CIRCLE('',#15226,2.25);
#15226 = AXIS2_PLACEMENT_3D('',#15227,#15228,#15229);
#15227 = CARTESIAN_POINT('',(-84.,-24.,6.));
#15228 = DIRECTION('',(0.,0.,-1.));
#15229 = DIRECTION('',(1.,0.,0.));
#15230 = PCURVE('',#14612,#15231);
#15231 = DEFINITIONAL_REPRESENTATION('',(#15232),#15240);
#15232 = ( BOUNDED_CURVE() B_SPLINE_CURVE(2,(#15233,#15234,#15235,#15236
    ,#15237,#15238,#15239),.UNSPECIFIED.,.T.,.F.) 
B_SPLINE_CURVE_WITH_KNOTS((1,2,2,2,2,1),(-2.094395102393,0.,
    2.094395102393,4.188790204786,6.28318530718,8.377580409573),
.UNSPECIFIED.) CURVE() GEOMETRIC_REPRESENTATION_ITEM() 
RATIONAL_B_SPLINE_CURVE((1.,0.5,1.,0.5,1.,0.5,1.)) REPRESENTATION_ITEM(
  '') );
#15233 = CARTESIAN_POINT('',(9.25,16.));
#15234 = CARTESIAN_POINT('',(9.25,12.10288568297));
#15235 = CARTESIAN_POINT('',(5.875,14.051442841485));
#15236 = CARTESIAN_POINT('',(2.5,16.));
#15237 = CARTESIAN_POINT('',(5.875,17.948557158515));
#15238 = CARTESIAN_POINT('',(9.25,19.89711431703));
#15239 = CARTESIAN_POINT('',(9.25,16.));
#15240 = ( GEOMETRIC_REPRESENTATION_CONTEXT(2) 
PARAMETRIC_REPRESENTATION_CONTEXT() REPRESENTATION_CONTEXT('2D SPACE',''
  ) );
#15241 = PCURVE('',#14873,#15242);
#15242 = DEFINITIONAL_REPRESENTATION('',(#15243),#15247);
#15243 = LINE('',#15244,#15245);
#15244 = CARTESIAN_POINT('',(-6.28318530718,-16.));
#15245 = VECTOR('',#15246,1.);
#15246 = DIRECTION('',(1.,-0.));
#15247 = ( GEOMETRIC_REPRESENTATION_CONTEXT(2) 
PARAMETRIC_REPRESENTATION_CONTEXT() REPRESENTATION_CONTEXT('2D SPACE',''
  ) );
#15248 = FACE_BOUND('',#15249,.F.);
#15249 = EDGE_LOOP('',(#15250));
#15250 = ORIENTED_EDGE('',*,*,#15251,.T.);
#15251 = EDGE_CURVE('',#15252,#15252,#15254,.T.);
#15252 = VERTEX_POINT('',#15253);
#15253 = CARTESIAN_POINT('',(-63.75,-24.,6.));
#15254 = SURFACE_CURVE('',#15255,(#15260,#15271),.PCURVE_S1.);
#15255 = CIRCLE('',#15256,2.25);
#15256 = AXIS2_PLACEMENT_3D('',#15257,#15258,#15259);
#15257 = CARTESIAN_POINT('',(-66.,-24.,6.));
#15258 = DIRECTION('',(0.,0.,-1.));
#15259 = DIRECTION('',(1.,0.,0.));
#15260 = PCURVE('',#14612,#15261);
#15261 = DEFINITIONAL_REPRESENTATION('',(#15262),#15270);
#15262 = ( BOUNDED_CURVE() B_SPLINE_CURVE(2,(#15263,#15264,#15265,#15266
    ,#15267,#15268,#15269),.UNSPECIFIED.,.T.,.F.) 
B_SPLINE_CURVE_WITH_KNOTS((1,2,2,2,2,1),(-2.094395102393,0.,
    2.094395102393,4.188790204786,6.28318530718,8.377580409573),
.UNSPECIFIED.) CURVE() GEOMETRIC_REPRESENTATION_ITEM() 
RATIONAL_B_SPLINE_CURVE((1.,0.5,1.,0.5,1.,0.5,1.)) REPRESENTATION_ITEM(
  '') );
#15263 = CARTESIAN_POINT('',(27.25,16.));
#15264 = CARTESIAN_POINT('',(27.25,12.10288568297));
#15265 = CARTESIAN_POINT('',(23.875,14.051442841485));
#15266 = CARTESIAN_POINT('',(20.5,16.));
#15267 = CARTESIAN_POINT('',(23.875,17.948557158515));
#15268 = CARTESIAN_POINT('',(27.25,19.89711431703));
#15269 = CARTESIAN_POINT('',(27.25,16.));
#15270 = ( GEOMETRIC_REPRESENTATION_CONTEXT(2) 
PARAMETRIC_REPRESENTATION_CONTEXT() REPRESENTATION_CONTEXT('2D SPACE',''
  ) );
#15271 = PCURVE('',#14908,#15272);
#15272 = DEFINITIONAL_REPRESENTATION('',(#15273),#15277);
#15273 = LINE('',#15274,#15275);
#15274 = CARTESIAN_POINT('',(-6.28318530718,-16.));
#15275 = VECTOR('',#15276,1.);
#15276 = DIRECTION('',(1.,-0.));
#15277 = ( GEOMETRIC_REPRESENTATION_CONTEXT(2) 
PARAMETRIC_REPRESENTATION_CONTEXT() REPRESENTATION_CONTEXT('2D SPACE',''
  ) );
#15278 = FACE_BOUND('',#15279,.F.);
#15279 = EDGE_LOOP('',(#15280));
#15280 = ORIENTED_EDGE('',*,*,#15281,.T.);
#15281 = EDGE_CURVE('',#15282,#15282,#15284,.T.);
#15282 = VERTEX_POINT('',#15283);
#15283 = CARTESIAN_POINT('',(-81.75,24.,6.));
#15284 = SURFACE_CURVE('',#15285,(#15290,#15301),.PCURVE_S1.);
#15285 = CIRCLE('',#15286,2.25);
#15286 = AXIS2_PLACEMENT_3D('',#15287,#15288,#15289);
#15287 = CARTESIAN_POINT('',(-84.,24.,6.));
#15288 = DIRECTION('',(0.,0.,-1.));
#15289 = DIRECTION('',(1.,0.,0.));
#15290 = PCURVE('',#14612,#15291);
#15291 = DEFINITIONAL_REPRESENTATION('',(#15292),#15300);
#15292 = ( BOUNDED_CURVE() B_SPLINE_CURVE(2,(#15293,#15294,#15295,#15296
    ,#15297,#15298,#15299),.UNSPECIFIED.,.T.,.F.) 
B_SPLINE_CURVE_WITH_KNOTS((1,2,2,2,2,1),(-2.094395102393,0.,
    2.094395102393,4.188790204786,6.28318530718,8.377580409573),
.UNSPECIFIED.) CURVE() GEOMETRIC_REPRESENTATION_ITEM() 
RATIONAL_B_SPLINE_CURVE((1.,0.5,1.,0.5,1.,0.5,1.)) REPRESENTATION_ITEM(
  '') );
#15293 = CARTESIAN_POINT('',(9.25,64.));
#15294 = CARTESIAN_POINT('',(9.25,60.10288568297));
#15295 = CARTESIAN_POINT('',(5.875,62.051442841485));
#15296 = CARTESIAN_POINT('',(2.5,64.));
#15297 = CARTESIAN_POINT('',(5.875,65.948557158515));
#15298 = CARTESIAN_POINT('',(9.25,67.89711431703));
#15299 = CARTESIAN_POINT('',(9.25,64.));
#15300 = ( GEOMETRIC_REPRESENTATION_CONTEXT(2) 
PARAMETRIC_REPRESENTATION_CONTEXT() REPRESENTATION_CONTEXT('2D SPACE',''
  ) );
#15301 = PCURVE('',#14943,#15302);
#15302 = DEFINITIONAL_REPRESENTATION('',(#15303),#15307);
#15303 = LINE('',#15304,#15305);
#15304 = CARTESIAN_POINT('',(-6.28318530718,-16.));
#15305 = VECTOR('',#15306,1.);
#15306 = DIRECTION('',(1.,-0.));
#15307 = ( GEOMETRIC_REPRESENTATION_CONTEXT(2) 
PARAMETRIC_REPRESENTATION_CONTEXT() REPRESENTATION_CONTEXT('2D SPACE',''
  ) );
#15308 = FACE_BOUND('',#15309,.F.);
#15309 = EDGE_LOOP('',(#15310));
#15310 = ORIENTED_EDGE('',*,*,#15311,.T.);
#15311 = EDGE_CURVE('',#15312,#15312,#15314,.T.);
#15312 = VERTEX_POINT('',#15313);
#15313 = CARTESIAN_POINT('',(-63.75,24.,6.));
#15314 = SURFACE_CURVE('',#15315,(#15320,#15331),.PCURVE_S1.);
#15315 = CIRCLE('',#15316,2.25);
#15316 = AXIS2_PLACEMENT_3D('',#15317,#15318,#15319);
#15317 = CARTESIAN_POINT('',(-66.,24.,6.));
#15318 = DIRECTION('',(0.,0.,-1.));
#15319 = DIRECTION('',(1.,0.,0.));
#15320 = PCURVE('',#14612,#15321);
#15321 = DEFINITIONAL_REPRESENTATION('',(#15322),#15330);
#15322 = ( BOUNDED_CURVE() B_SPLINE_CURVE(2,(#15323,#15324,#15325,#15326
    ,#15327,#15328,#15329),.UNSPECIFIED.,.T.,.F.) 
B_SPLINE_CURVE_WITH_KNOTS((1,2,2,2,2,1),(-2.094395102393,0.,
    2.094395102393,4.188790204786,6.28318530718,8.377580409573),
.UNSPECIFIED.) CURVE() GEOMETRIC_REPRESENTATION_ITEM() 
RATIONAL_B_SPLINE_CURVE((1.,0.5,1.,0.5,1.,0.5,1.)) REPRESENTATION_ITEM(
  '') );
#15323 = CARTESIAN_POINT('',(27.25,64.));
#15324 = CARTESIAN_POINT('',(27.25,60.10288568297));
#15325 = CARTESIAN_POINT('',(23.875,62.051442841485));
#15326 = CARTESIAN_POINT('',(20.5,64.));
#15327 = CARTESIAN_POINT('',(23.875,65.948557158515));
#15328 = CARTESIAN_POINT('',(27.25,67.89711431703));
#15329 = CARTESIAN_POINT('',(27.25,64.));
#15330 = ( GEOMETRIC_REPRESENTATION_CONTEXT(2) 
PARAMETRIC_REPRESENTATION_CONTEXT() REPRESENTATION_CONTEXT('2D SPACE',''
  ) );
#15331 = PCURVE('',#14978,#15332);
#15332 = DEFINITIONAL_REPRESENTATION('',(#15333),#15337);
#15333 = LINE('',#15334,#15335);
#15334 = CARTESIAN_POINT('',(-6.28318530718,-16.));
#15335 = VECTOR('',#15336,1.);
#15336 = DIRECTION('',(1.,-0.));
#15337 = ( GEOMETRIC_REPRESENTATION_CONTEXT(2) 
PARAMETRIC_REPRESENTATION_CONTEXT() REPRESENTATION_CONTEXT('2D SPACE',''
  ) );
#15338 = ADVANCED_FACE('',(#15339),#14694,.F.);
#15339 = FACE_BOUND('',#15340,.F.);
#15340 = EDGE_LOOP('',(#15341,#15342,#15343,#15344));
#15341 = ORIENTED_EDGE('',*,*,#15099,.F.);
#15342 = ORIENTED_EDGE('',*,*,#15017,.T.);
#15343 = ORIENTED_EDGE('',*,*,#14678,.T.);
#15344 = ORIENTED_EDGE('',*,*,#15345,.F.);
#15345 = EDGE_CURVE('',#15100,#14679,#15346,.T.);
#15346 = SURFACE_CURVE('',#15347,(#15351,#15358),.PCURVE_S1.);
#15347 = LINE('',#15348,#15349);
#15348 = CARTESIAN_POINT('',(-62.,-40.,6.));
#15349 = VECTOR('',#15350,1.);
#15350 = DIRECTION('',(0.,0.,1.));
#15351 = PCURVE('',#14694,#15352);
#15352 = DEFINITIONAL_REPRESENTATION('',(#15353),#15357);
#15353 = LINE('',#15354,#15355);
#15354 = CARTESIAN_POINT('',(0.,29.));
#15355 = VECTOR('',#15356,1.);
#15356 = DIRECTION('',(1.,0.));
#15357 = ( GEOMETRIC_REPRESENTATION_CONTEXT(2) 
PARAMETRIC_REPRESENTATION_CONTEXT() REPRESENTATION_CONTEXT('2D SPACE',''
  ) );
#15358 = PCURVE('',#14727,#15359);
#15359 = DEFINITIONAL_REPRESENTATION('',(#15360),#15364);
#15360 = LINE('',#15361,#15362);
#15361 = CARTESIAN_POINT('',(-1.570796326795,0.));
#15362 = VECTOR('',#15363,1.);
#15363 = DIRECTION('',(-0.,1.));
#15364 = ( GEOMETRIC_REPRESENTATION_CONTEXT(2) 
PARAMETRIC_REPRESENTATION_CONTEXT() REPRESENTATION_CONTEXT('2D SPACE',''
  ) );
#15365 = ADVANCED_FACE('',(#15366),#14812,.T.);
#15366 = FACE_BOUND('',#15367,.T.);
#15367 = EDGE_LOOP('',(#15368,#15369,#15370,#15371));
#15368 = ORIENTED_EDGE('',*,*,#15197,.F.);
#15369 = ORIENTED_EDGE('',*,*,#15071,.T.);
#15370 = ORIENTED_EDGE('',*,*,#14796,.T.);
#15371 = ORIENTED_EDGE('',*,*,#15372,.F.);
#15372 = EDGE_CURVE('',#15174,#14768,#15373,.T.);
#15373 = SURFACE_CURVE('',#15374,(#15378,#15385),.PCURVE_S1.);
#15374 = LINE('',#15375,#15376);
#15375 = CARTESIAN_POINT('',(-62.,40.,6.));
#15376 = VECTOR('',#15377,1.);
#15377 = DIRECTION('',(0.,0.,1.));
#15378 = PCURVE('',#14812,#15379);
#15379 = DEFINITIONAL_REPRESENTATION('',(#15380),#15384);
#15380 = LINE('',#15381,#15382);
#15381 = CARTESIAN_POINT('',(0.,29.));
#15382 = VECTOR('',#15383,1.);
#15383 = DIRECTION('',(1.,0.));
#15384 = ( GEOMETRIC_REPRESENTATION_CONTEXT(2) 
PARAMETRIC_REPRESENTATION_CONTEXT() REPRESENTATION_CONTEXT('2D SPACE',''
  ) );
#15385 = PCURVE('',#14784,#15386);
#15386 = DEFINITIONAL_REPRESENTATION('',(#15387),#15391);
#15387 = LINE('',#15388,#15389);
#15388 = CARTESIAN_POINT('',(1.570796326795,0.));
#15389 = VECTOR('',#15390,1.);
#15390 = DIRECTION('',(0.,1.));
#15391 = ( GEOMETRIC_REPRESENTATION_CONTEXT(2) 
PARAMETRIC_REPRESENTATION_CONTEXT() REPRESENTATION_CONTEXT('2D SPACE',''
  ) );
#15392 = ADVANCED_FACE('',(#15393),#14727,.T.);
#15393 = FACE_BOUND('',#15394,.F.);
#15394 = EDGE_LOOP('',(#15395,#15396,#15397,#15398));
#15395 = ORIENTED_EDGE('',*,*,#15122,.T.);
#15396 = ORIENTED_EDGE('',*,*,#15345,.T.);
#15397 = ORIENTED_EDGE('',*,*,#14706,.F.);
#15398 = ORIENTED_EDGE('',*,*,#15399,.F.);
#15399 = EDGE_CURVE('',#15123,#14707,#15400,.T.);
#15400 = SURFACE_CURVE('',#15401,(#15405,#15412),.PCURVE_S1.);
#15401 = LINE('',#15402,#15403);
#15402 = CARTESIAN_POINT('',(-59.,-37.,6.));
#15403 = VECTOR('',#15404,1.);
#15404 = DIRECTION('',(0.,0.,1.));
#15405 = PCURVE('',#14727,#15406);
#15406 = DEFINITIONAL_REPRESENTATION('',(#15407),#15411);
#15407 = LINE('',#15408,#15409);
#15408 = CARTESIAN_POINT('',(-0.,0.));
#15409 = VECTOR('',#15410,1.);
#15410 = DIRECTION('',(-0.,1.));
#15411 = ( GEOMETRIC_REPRESENTATION_CONTEXT(2) 
PARAMETRIC_REPRESENTATION_CONTEXT() REPRESENTATION_CONTEXT('2D SPACE',''
  ) );
#15412 = PCURVE('',#14755,#15413);
#15413 = DEFINITIONAL_REPRESENTATION('',(#15414),#15418);
#15414 = LINE('',#15415,#15416);
#15415 = CARTESIAN_POINT('',(0.,-3.));
#15416 = VECTOR('',#15417,1.);
#15417 = DIRECTION('',(1.,0.));
#15418 = ( GEOMETRIC_REPRESENTATION_CONTEXT(2) 
PARAMETRIC_REPRESENTATION_CONTEXT() REPRESENTATION_CONTEXT('2D SPACE',''
  ) );
#15419 = ADVANCED_FACE('',(#15420),#14784,.T.);
#15420 = FACE_BOUND('',#15421,.T.);
#15421 = EDGE_LOOP('',(#15422,#15423,#15424,#15425));
#15422 = ORIENTED_EDGE('',*,*,#15173,.T.);
#15423 = ORIENTED_EDGE('',*,*,#15372,.T.);
#15424 = ORIENTED_EDGE('',*,*,#14767,.F.);
#15425 = ORIENTED_EDGE('',*,*,#15426,.F.);
#15426 = EDGE_CURVE('',#15151,#14740,#15427,.T.);
#15427 = SURFACE_CURVE('',#15428,(#15432,#15439),.PCURVE_S1.);
#15428 = LINE('',#15429,#15430);
#15429 = CARTESIAN_POINT('',(-59.,37.,6.));
#15430 = VECTOR('',#15431,1.);
#15431 = DIRECTION('',(0.,0.,1.));
#15432 = PCURVE('',#14784,#15433);
#15433 = DEFINITIONAL_REPRESENTATION('',(#15434),#15438);
#15434 = LINE('',#15435,#15436);
#15435 = CARTESIAN_POINT('',(0.,0.));
#15436 = VECTOR('',#15437,1.);
#15437 = DIRECTION('',(0.,1.));
#15438 = ( GEOMETRIC_REPRESENTATION_CONTEXT(2) 
PARAMETRIC_REPRESENTATION_CONTEXT() REPRESENTATION_CONTEXT('2D SPACE',''
  ) );
#15439 = PCURVE('',#14755,#15440);
#15440 = DEFINITIONAL_REPRESENTATION('',(#15441),#15445);
#15441 = LINE('',#15442,#15443);
#15442 = CARTESIAN_POINT('',(0.,-77.));
#15443 = VECTOR('',#15444,1.);
#15444 = DIRECTION('',(1.,0.));
#15445 = ( GEOMETRIC_REPRESENTATION_CONTEXT(2) 
PARAMETRIC_REPRESENTATION_CONTEXT() REPRESENTATION_CONTEXT('2D SPACE',''
  ) );
#15446 = ADVANCED_FACE('',(#15447),#14755,.T.);
#15447 = FACE_BOUND('',#15448,.T.);
#15448 = EDGE_LOOP('',(#15449,#15450,#15451,#15452));
#15449 = ORIENTED_EDGE('',*,*,#14739,.F.);
#15450 = ORIENTED_EDGE('',*,*,#15399,.F.);
#15451 = ORIENTED_EDGE('',*,*,#15150,.T.);
#15452 = ORIENTED_EDGE('',*,*,#15426,.T.);
#15453 = ADVANCED_FACE('',(#15454),#14873,.F.);
#15454 = FACE_BOUND('',#15455,.T.);
#15455 = EDGE_LOOP('',(#15456,#15457,#15478,#15479));
#15456 = ORIENTED_EDGE('',*,*,#15221,.T.);
#15457 = ORIENTED_EDGE('',*,*,#15458,.T.);
#15458 = EDGE_CURVE('',#15222,#14853,#15459,.T.);
#15459 = SEAM_CURVE('',#15460,(#15464,#15471),.PCURVE_S1.);
#15460 = LINE('',#15461,#15462);
#15461 = CARTESIAN_POINT('',(-81.75,-24.,-10.));
#15462 = VECTOR('',#15463,1.);
#15463 = DIRECTION('',(0.,0.,1.));
#15464 = PCURVE('',#14873,#15465);
#15465 = DEFINITIONAL_REPRESENTATION('',(#15466),#15470);
#15466 = LINE('',#15467,#15468);
#15467 = CARTESIAN_POINT('',(-6.28318530718,0.));
#15468 = VECTOR('',#15469,1.);
#15469 = DIRECTION('',(-0.,-1.));
#15470 = ( GEOMETRIC_REPRESENTATION_CONTEXT(2) 
PARAMETRIC_REPRESENTATION_CONTEXT() REPRESENTATION_CONTEXT('2D SPACE',''
  ) );
#15471 = PCURVE('',#14873,#15472);
#15472 = DEFINITIONAL_REPRESENTATION('',(#15473),#15477);
#15473 = LINE('',#15474,#15475);
#15474 = CARTESIAN_POINT('',(-0.,0.));
#15475 = VECTOR('',#15476,1.);
#15476 = DIRECTION('',(-0.,-1.));
#15477 = ( GEOMETRIC_REPRESENTATION_CONTEXT(2) 
PARAMETRIC_REPRESENTATION_CONTEXT() REPRESENTATION_CONTEXT('2D SPACE',''
  ) );
#15478 = ORIENTED_EDGE('',*,*,#14852,.F.);
#15479 = ORIENTED_EDGE('',*,*,#15458,.F.);
#15480 = ADVANCED_FACE('',(#15481),#14908,.F.);
#15481 = FACE_BOUND('',#15482,.T.);
#15482 = EDGE_LOOP('',(#15483,#15484,#15505,#15506));
#15483 = ORIENTED_EDGE('',*,*,#15251,.T.);
#15484 = ORIENTED_EDGE('',*,*,#15485,.T.);
#15485 = EDGE_CURVE('',#15252,#14888,#15486,.T.);
#15486 = SEAM_CURVE('',#15487,(#15491,#15498),.PCURVE_S1.);
#15487 = LINE('',#15488,#15489);
#15488 = CARTESIAN_POINT('',(-63.75,-24.,-10.));
#15489 = VECTOR('',#15490,1.);
#15490 = DIRECTION('',(0.,0.,1.));
#15491 = PCURVE('',#14908,#15492);
#15492 = DEFINITIONAL_REPRESENTATION('',(#15493),#15497);
#15493 = LINE('',#15494,#15495);
#15494 = CARTESIAN_POINT('',(-6.28318530718,0.));
#15495 = VECTOR('',#15496,1.);
#15496 = DIRECTION('',(-0.,-1.));
#15497 = ( GEOMETRIC_REPRESENTATION_CONTEXT(2) 
PARAMETRIC_REPRESENTATION_CONTEXT() REPRESENTATION_CONTEXT('2D SPACE',''
  ) );
#15498 = PCURVE('',#14908,#15499);
#15499 = DEFINITIONAL_REPRESENTATION('',(#15500),#15504);
#15500 = LINE('',#15501,#15502);
#15501 = CARTESIAN_POINT('',(-0.,0.));
#15502 = VECTOR('',#15503,1.);
#15503 = DIRECTION('',(-0.,-1.));
#15504 = ( GEOMETRIC_REPRESENTATION_CONTEXT(2) 
PARAMETRIC_REPRESENTATION_CONTEXT() REPRESENTATION_CONTEXT('2D SPACE',''
  ) );
#15505 = ORIENTED_EDGE('',*,*,#14887,.F.);
#15506 = ORIENTED_EDGE('',*,*,#15485,.F.);
#15507 = ADVANCED_FACE('',(#15508),#14943,.F.);
#15508 = FACE_BOUND('',#15509,.T.);
#15509 = EDGE_LOOP('',(#15510,#15511,#15532,#15533));
#15510 = ORIENTED_EDGE('',*,*,#15281,.T.);
#15511 = ORIENTED_EDGE('',*,*,#15512,.T.);
#15512 = EDGE_CURVE('',#15282,#14923,#15513,.T.);
#15513 = SEAM_CURVE('',#15514,(#15518,#15525),.PCURVE_S1.);
#15514 = LINE('',#15515,#15516);
#15515 = CARTESIAN_POINT('',(-81.75,24.,-10.));
#15516 = VECTOR('',#15517,1.);
#15517 = DIRECTION('',(0.,0.,1.));
#15518 = PCURVE('',#14943,#15519);
#15519 = DEFINITIONAL_REPRESENTATION('',(#15520),#15524);
#15520 = LINE('',#15521,#15522);
#15521 = CARTESIAN_POINT('',(-6.28318530718,0.));
#15522 = VECTOR('',#15523,1.);
#15523 = DIRECTION('',(-0.,-1.));
#15524 = ( GEOMETRIC_REPRESENTATION_CONTEXT(2) 
PARAMETRIC_REPRESENTATION_CONTEXT() REPRESENTATION_CONTEXT('2D SPACE',''
  ) );
#15525 = PCURVE('',#14943,#15526);
#15526 = DEFINITIONAL_REPRESENTATION('',(#15527),#15531);
#15527 = LINE('',#15528,#15529);
#15528 = CARTESIAN_POINT('',(-0.,0.));
#15529 = VECTOR('',#15530,1.);
#15530 = DIRECTION('',(-0.,-1.));
#15531 = ( GEOMETRIC_REPRESENTATION_CONTEXT(2) 
PARAMETRIC_REPRESENTATION_CONTEXT() REPRESENTATION_CONTEXT('2D SPACE',''
  ) );
#15532 = ORIENTED_EDGE('',*,*,#14922,.F.);
#15533 = ORIENTED_EDGE('',*,*,#15512,.F.);
#15534 = ADVANCED_FACE('',(#15535),#14978,.F.);
#15535 = FACE_BOUND('',#15536,.T.);
#15536 = EDGE_LOOP('',(#15537,#15538,#15559,#15560));
#15537 = ORIENTED_EDGE('',*,*,#15311,.T.);
#15538 = ORIENTED_EDGE('',*,*,#15539,.T.);
#15539 = EDGE_CURVE('',#15312,#14958,#15540,.T.);
#15540 = SEAM_CURVE('',#15541,(#15545,#15552),.PCURVE_S1.);
#15541 = LINE('',#15542,#15543);
#15542 = CARTESIAN_POINT('',(-63.75,24.,-10.));
#15543 = VECTOR('',#15544,1.);
#15544 = DIRECTION('',(0.,0.,1.));
#15545 = PCURVE('',#14978,#15546);
#15546 = DEFINITIONAL_REPRESENTATION('',(#15547),#15551);
#15547 = LINE('',#15548,#15549);
#15548 = CARTESIAN_POINT('',(-6.28318530718,0.));
#15549 = VECTOR('',#15550,1.);
#15550 = DIRECTION('',(-0.,-1.));
#15551 = ( GEOMETRIC_REPRESENTATION_CONTEXT(2) 
PARAMETRIC_REPRESENTATION_CONTEXT() REPRESENTATION_CONTEXT('2D SPACE',''
  ) );
#15552 = PCURVE('',#14978,#15553);
#15553 = DEFINITIONAL_REPRESENTATION('',(#15554),#15558);
#15554 = LINE('',#15555,#15556);
#15555 = CARTESIAN_POINT('',(-0.,0.));
#15556 = VECTOR('',#15557,1.);
#15557 = DIRECTION('',(-0.,-1.));
#15558 = ( GEOMETRIC_REPRESENTATION_CONTEXT(2) 
PARAMETRIC_REPRESENTATION_CONTEXT() REPRESENTATION_CONTEXT('2D SPACE',''
  ) );
#15559 = ORIENTED_EDGE('',*,*,#14957,.F.);
#15560 = ORIENTED_EDGE('',*,*,#15539,.F.);
#15561 = ( GEOMETRIC_REPRESENTATION_CONTEXT(3) 
GLOBAL_UNCERTAINTY_ASSIGNED_CONTEXT((#15565)) 
GLOBAL_UNIT_ASSIGNED_CONTEXT((#15562,#15563,#15564)) 
REPRESENTATION_CONTEXT('Context #1',
  '3D Context with UNIT and UNCERTAINTY') );
#15562 = ( LENGTH_UNIT() NAMED_UNIT(*) SI_UNIT(.MILLI.,.METRE.) );
#15563 = ( NAMED_UNIT(*) PLANE_ANGLE_UNIT() SI_UNIT($,.RADIAN.) );
#15564 = ( NAMED_UNIT(*) SI_UNIT($,.STERADIAN.) SOLID_ANGLE_UNIT() );
#15565 = UNCERTAINTY_MEASURE_WITH_UNIT(LENGTH_MEASURE(1.E-07),#15562,
  'distance_accuracy_value','confusion accuracy');
#15566 = CONTEXT_DEPENDENT_SHAPE_REPRESENTATION(#15567,#15569);
#15567 = ( REPRESENTATION_RELATIONSHIP('','',#14526,#10) 
REPRESENTATION_RELATIONSHIP_WITH_TRANSFORMATION(#15568) 
SHAPE_REPRESENTATION_RELATIONSHIP() );
#15568 = ITEM_DEFINED_TRANSFORMATION('','',#11,#39);
#15569 = PRODUCT_DEFINITION_SHAPE('Placement','Placement of an item',
  #15570);
#15570 = NEXT_ASSEMBLY_USAGE_OCCURRENCE('7',
  '07_Longitudinal_Joint_Plate','',#5,#14521,$);
#15571 = PRODUCT_RELATED_PRODUCT_CATEGORY('part',$,(#14523));
#15572 = SHAPE_DEFINITION_REPRESENTATION(#15573,#15579);
#15573 = PRODUCT_DEFINITION_SHAPE('','',#15574);
#15574 = PRODUCT_DEFINITION('design','',#15575,#15578);
#15575 = PRODUCT_DEFINITION_FORMATION('','',#15576);
#15576 = PRODUCT('08_Longitudinal_Joint_Plate',
  '08_Longitudinal_Joint_Plate','',(#15577));
#15577 = PRODUCT_CONTEXT('',#2,'mechanical');
#15578 = PRODUCT_DEFINITION_CONTEXT('part definition',#2,'design');
#15579 = ADVANCED_BREP_SHAPE_REPRESENTATION('',(#11,#15580),#16614);
#15580 = MANIFOLD_SOLID_BREP('',#15581);
#15581 = CLOSED_SHELL('',(#15582,#15702,#16042,#16092,#16146,#16391,
    #16418,#16445,#16472,#16499,#16506,#16533,#16560,#16587));
#15582 = ADVANCED_FACE('',(#15583),#15597,.F.);
#15583 = FACE_BOUND('',#15584,.F.);
#15584 = EDGE_LOOP('',(#15585,#15620,#15648,#15676));
#15585 = ORIENTED_EDGE('',*,*,#15586,.F.);
#15586 = EDGE_CURVE('',#15587,#15589,#15591,.T.);
#15587 = VERTEX_POINT('',#15588);
#15588 = CARTESIAN_POINT('',(59.,-37.,12.));
#15589 = VERTEX_POINT('',#15590);
#15590 = CARTESIAN_POINT('',(59.,37.,12.));
#15591 = SURFACE_CURVE('',#15592,(#15596,#15608),.PCURVE_S1.);
#15592 = LINE('',#15593,#15594);
#15593 = CARTESIAN_POINT('',(59.,-40.,12.));
#15594 = VECTOR('',#15595,1.);
#15595 = DIRECTION('',(0.,1.,0.));
#15596 = PCURVE('',#15597,#15602);
#15597 = PLANE('',#15598);
#15598 = AXIS2_PLACEMENT_3D('',#15599,#15600,#15601);
#15599 = CARTESIAN_POINT('',(59.,-40.,6.));
#15600 = DIRECTION('',(1.,0.,0.));
#15601 = DIRECTION('',(0.,0.,1.));
#15602 = DEFINITIONAL_REPRESENTATION('',(#15603),#15607);
#15603 = LINE('',#15604,#15605);
#15604 = CARTESIAN_POINT('',(6.,0.));
#15605 = VECTOR('',#15606,1.);
#15606 = DIRECTION('',(0.,-1.));
#15607 = ( GEOMETRIC_REPRESENTATION_CONTEXT(2) 
PARAMETRIC_REPRESENTATION_CONTEXT() REPRESENTATION_CONTEXT('2D SPACE',''
  ) );
#15608 = PCURVE('',#15609,#15614);
#15609 = PLANE('',#15610);
#15610 = AXIS2_PLACEMENT_3D('',#15611,#15612,#15613);
#15611 = CARTESIAN_POINT('',(59.,-40.,12.));
#15612 = DIRECTION('',(0.,0.,1.));
#15613 = DIRECTION('',(1.,0.,0.));
#15614 = DEFINITIONAL_REPRESENTATION('',(#15615),#15619);
#15615 = LINE('',#15616,#15617);
#15616 = CARTESIAN_POINT('',(0.,0.));
#15617 = VECTOR('',#15618,1.);
#15618 = DIRECTION('',(0.,1.));
#15619 = ( GEOMETRIC_REPRESENTATION_CONTEXT(2) 
PARAMETRIC_REPRESENTATION_CONTEXT() REPRESENTATION_CONTEXT('2D SPACE',''
  ) );
#15620 = ORIENTED_EDGE('',*,*,#15621,.F.);
#15621 = EDGE_CURVE('',#15622,#15587,#15624,.T.);
#15622 = VERTEX_POINT('',#15623);
#15623 = CARTESIAN_POINT('',(59.,-37.,6.));
#15624 = SURFACE_CURVE('',#15625,(#15629,#15636),.PCURVE_S1.);
#15625 = LINE('',#15626,#15627);
#15626 = CARTESIAN_POINT('',(59.,-37.,6.));
#15627 = VECTOR('',#15628,1.);
#15628 = DIRECTION('',(0.,0.,1.));
#15629 = PCURVE('',#15597,#15630);
#15630 = DEFINITIONAL_REPRESENTATION('',(#15631),#15635);
#15631 = LINE('',#15632,#15633);
#15632 = CARTESIAN_POINT('',(0.,-3.));
#15633 = VECTOR('',#15634,1.);
#15634 = DIRECTION('',(1.,0.));
#15635 = ( GEOMETRIC_REPRESENTATION_CONTEXT(2) 
PARAMETRIC_REPRESENTATION_CONTEXT() REPRESENTATION_CONTEXT('2D SPACE',''
  ) );
#15636 = PCURVE('',#15637,#15642);
#15637 = CYLINDRICAL_SURFACE('',#15638,3.);
#15638 = AXIS2_PLACEMENT_3D('',#15639,#15640,#15641);
#15639 = CARTESIAN_POINT('',(62.,-37.,6.));
#15640 = DIRECTION('',(0.,0.,1.));
#15641 = DIRECTION('',(-1.,-0.,0.));
#15642 = DEFINITIONAL_REPRESENTATION('',(#15643),#15647);
#15643 = LINE('',#15644,#15645);
#15644 = CARTESIAN_POINT('',(0.,0.));
#15645 = VECTOR('',#15646,1.);
#15646 = DIRECTION('',(0.,1.));
#15647 = ( GEOMETRIC_REPRESENTATION_CONTEXT(2) 
PARAMETRIC_REPRESENTATION_CONTEXT() REPRESENTATION_CONTEXT('2D SPACE',''
  ) );
#15648 = ORIENTED_EDGE('',*,*,#15649,.T.);
#15649 = EDGE_CURVE('',#15622,#15650,#15652,.T.);
#15650 = VERTEX_POINT('',#15651);
#15651 = CARTESIAN_POINT('',(59.,37.,6.));
#15652 = SURFACE_CURVE('',#15653,(#15657,#15664),.PCURVE_S1.);
#15653 = LINE('',#15654,#15655);
#15654 = CARTESIAN_POINT('',(59.,-40.,6.));
#15655 = VECTOR('',#15656,1.);
#15656 = DIRECTION('',(0.,1.,0.));
#15657 = PCURVE('',#15597,#15658);
#15658 = DEFINITIONAL_REPRESENTATION('',(#15659),#15663);
#15659 = LINE('',#15660,#15661);
#15660 = CARTESIAN_POINT('',(0.,0.));
#15661 = VECTOR('',#15662,1.);
#15662 = DIRECTION('',(0.,-1.));
#15663 = ( GEOMETRIC_REPRESENTATION_CONTEXT(2) 
PARAMETRIC_REPRESENTATION_CONTEXT() REPRESENTATION_CONTEXT('2D SPACE',''
  ) );
#15664 = PCURVE('',#15665,#15670);
#15665 = PLANE('',#15666);
#15666 = AXIS2_PLACEMENT_3D('',#15667,#15668,#15669);
#15667 = CARTESIAN_POINT('',(59.,-40.,6.));
#15668 = DIRECTION('',(0.,0.,1.));
#15669 = DIRECTION('',(1.,0.,0.));
#15670 = DEFINITIONAL_REPRESENTATION('',(#15671),#15675);
#15671 = LINE('',#15672,#15673);
#15672 = CARTESIAN_POINT('',(0.,0.));
#15673 = VECTOR('',#15674,1.);
#15674 = DIRECTION('',(0.,1.));
#15675 = ( GEOMETRIC_REPRESENTATION_CONTEXT(2) 
PARAMETRIC_REPRESENTATION_CONTEXT() REPRESENTATION_CONTEXT('2D SPACE',''
  ) );
#15676 = ORIENTED_EDGE('',*,*,#15677,.T.);
#15677 = EDGE_CURVE('',#15650,#15589,#15678,.T.);
#15678 = SURFACE_CURVE('',#15679,(#15683,#15690),.PCURVE_S1.);
#15679 = LINE('',#15680,#15681);
#15680 = CARTESIAN_POINT('',(59.,37.,6.));
#15681 = VECTOR('',#15682,1.);
#15682 = DIRECTION('',(0.,0.,1.));
#15683 = PCURVE('',#15597,#15684);
#15684 = DEFINITIONAL_REPRESENTATION('',(#15685),#15689);
#15685 = LINE('',#15686,#15687);
#15686 = CARTESIAN_POINT('',(0.,-77.));
#15687 = VECTOR('',#15688,1.);
#15688 = DIRECTION('',(1.,0.));
#15689 = ( GEOMETRIC_REPRESENTATION_CONTEXT(2) 
PARAMETRIC_REPRESENTATION_CONTEXT() REPRESENTATION_CONTEXT('2D SPACE',''
  ) );
#15690 = PCURVE('',#15691,#15696);
#15691 = CYLINDRICAL_SURFACE('',#15692,3.);
#15692 = AXIS2_PLACEMENT_3D('',#15693,#15694,#15695);
#15693 = CARTESIAN_POINT('',(62.,37.,6.));
#15694 = DIRECTION('',(0.,0.,1.));
#15695 = DIRECTION('',(-1.,-0.,0.));
#15696 = DEFINITIONAL_REPRESENTATION('',(#15697),#15701);
#15697 = LINE('',#15698,#15699);
#15698 = CARTESIAN_POINT('',(-0.,0.));
#15699 = VECTOR('',#15700,1.);
#15700 = DIRECTION('',(-0.,1.));
#15701 = ( GEOMETRIC_REPRESENTATION_CONTEXT(2) 
PARAMETRIC_REPRESENTATION_CONTEXT() REPRESENTATION_CONTEXT('2D SPACE',''
  ) );
#15702 = ADVANCED_FACE('',(#15703,#15902,#15937,#15972,#16007),#15609,
  .T.);
#15703 = FACE_BOUND('',#15704,.T.);
#15704 = EDGE_LOOP('',(#15705,#15706,#15730,#15758,#15791,#15819,#15848,
    #15876));
#15705 = ORIENTED_EDGE('',*,*,#15586,.F.);
#15706 = ORIENTED_EDGE('',*,*,#15707,.T.);
#15707 = EDGE_CURVE('',#15587,#15708,#15710,.T.);
#15708 = VERTEX_POINT('',#15709);
#15709 = CARTESIAN_POINT('',(62.,-40.,12.));
#15710 = SURFACE_CURVE('',#15711,(#15716,#15723),.PCURVE_S1.);
#15711 = CIRCLE('',#15712,3.);
#15712 = AXIS2_PLACEMENT_3D('',#15713,#15714,#15715);
#15713 = CARTESIAN_POINT('',(62.,-37.,12.));
#15714 = DIRECTION('',(0.,0.,1.));
#15715 = DIRECTION('',(0.,-1.,0.));
#15716 = PCURVE('',#15609,#15717);
#15717 = DEFINITIONAL_REPRESENTATION('',(#15718),#15722);
#15718 = CIRCLE('',#15719,3.);
#15719 = AXIS2_PLACEMENT_2D('',#15720,#15721);
#15720 = CARTESIAN_POINT('',(3.,3.));
#15721 = DIRECTION('',(0.,-1.));
#15722 = ( GEOMETRIC_REPRESENTATION_CONTEXT(2) 
PARAMETRIC_REPRESENTATION_CONTEXT() REPRESENTATION_CONTEXT('2D SPACE',''
  ) );
#15723 = PCURVE('',#15637,#15724);
#15724 = DEFINITIONAL_REPRESENTATION('',(#15725),#15729);
#15725 = LINE('',#15726,#15727);
#15726 = CARTESIAN_POINT('',(-4.712388980385,6.));
#15727 = VECTOR('',#15728,1.);
#15728 = DIRECTION('',(1.,0.));
#15729 = ( GEOMETRIC_REPRESENTATION_CONTEXT(2) 
PARAMETRIC_REPRESENTATION_CONTEXT() REPRESENTATION_CONTEXT('2D SPACE',''
  ) );
#15730 = ORIENTED_EDGE('',*,*,#15731,.T.);
#15731 = EDGE_CURVE('',#15708,#15732,#15734,.T.);
#15732 = VERTEX_POINT('',#15733);
#15733 = CARTESIAN_POINT('',(88.,-40.,12.));
#15734 = SURFACE_CURVE('',#15735,(#15739,#15746),.PCURVE_S1.);
#15735 = LINE('',#15736,#15737);
#15736 = CARTESIAN_POINT('',(59.,-40.,12.));
#15737 = VECTOR('',#15738,1.);
#15738 = DIRECTION('',(1.,0.,0.));
#15739 = PCURVE('',#15609,#15740);
#15740 = DEFINITIONAL_REPRESENTATION('',(#15741),#15745);
#15741 = LINE('',#15742,#15743);
#15742 = CARTESIAN_POINT('',(0.,0.));
#15743 = VECTOR('',#15744,1.);
#15744 = DIRECTION('',(1.,0.));
#15745 = ( GEOMETRIC_REPRESENTATION_CONTEXT(2) 
PARAMETRIC_REPRESENTATION_CONTEXT() REPRESENTATION_CONTEXT('2D SPACE',''
  ) );
#15746 = PCURVE('',#15747,#15752);
#15747 = PLANE('',#15748);
#15748 = AXIS2_PLACEMENT_3D('',#15749,#15750,#15751);
#15749 = CARTESIAN_POINT('',(59.,-40.,6.));
#15750 = DIRECTION('',(0.,1.,0.));
#15751 = DIRECTION('',(0.,0.,1.));
#15752 = DEFINITIONAL_REPRESENTATION('',(#15753),#15757);
#15753 = LINE('',#15754,#15755);
#15754 = CARTESIAN_POINT('',(6.,0.));
#15755 = VECTOR('',#15756,1.);
#15756 = DIRECTION('',(0.,1.));
#15757 = ( GEOMETRIC_REPRESENTATION_CONTEXT(2) 
PARAMETRIC_REPRESENTATION_CONTEXT() REPRESENTATION_CONTEXT('2D SPACE',''
  ) );
#15758 = ORIENTED_EDGE('',*,*,#15759,.F.);
#15759 = EDGE_CURVE('',#15760,#15732,#15762,.T.);
#15760 = VERTEX_POINT('',#15761);
#15761 = CARTESIAN_POINT('',(91.,-37.,12.));
#15762 = SURFACE_CURVE('',#15763,(#15768,#15779),.PCURVE_S1.);
#15763 = CIRCLE('',#15764,3.);
#15764 = AXIS2_PLACEMENT_3D('',#15765,#15766,#15767);
#15765 = CARTESIAN_POINT('',(88.,-37.,12.));
#15766 = DIRECTION('',(-0.,-0.,-1.));
#15767 = DIRECTION('',(0.,-1.,0.));
#15768 = PCURVE('',#15609,#15769);
#15769 = DEFINITIONAL_REPRESENTATION('',(#15770),#15778);
#15770 = ( BOUNDED_CURVE() B_SPLINE_CURVE(2,(#15771,#15772,#15773,#15774
    ,#15775,#15776,#15777),.UNSPECIFIED.,.T.,.F.) 
B_SPLINE_CURVE_WITH_KNOTS((1,2,2,2,2,1),(-2.094395102393,0.,
    2.094395102393,4.188790204786,6.28318530718,8.377580409573),
.UNSPECIFIED.) CURVE() GEOMETRIC_REPRESENTATION_ITEM() 
RATIONAL_B_SPLINE_CURVE((1.,0.5,1.,0.5,1.,0.5,1.)) REPRESENTATION_ITEM(
  '') );
#15771 = CARTESIAN_POINT('',(29.,0.));
#15772 = CARTESIAN_POINT('',(23.803847577293,0.));
#15773 = CARTESIAN_POINT('',(26.401923788647,4.5));
#15774 = CARTESIAN_POINT('',(29.,9.));
#15775 = CARTESIAN_POINT('',(31.598076211353,4.5));
#15776 = CARTESIAN_POINT('',(34.196152422707,4.440892098501E-15));
#15777 = CARTESIAN_POINT('',(29.,0.));
#15778 = ( GEOMETRIC_REPRESENTATION_CONTEXT(2) 
PARAMETRIC_REPRESENTATION_CONTEXT() REPRESENTATION_CONTEXT('2D SPACE',''
  ) );
#15779 = PCURVE('',#15780,#15785);
#15780 = CYLINDRICAL_SURFACE('',#15781,3.);
#15781 = AXIS2_PLACEMENT_3D('',#15782,#15783,#15784);
#15782 = CARTESIAN_POINT('',(88.,-37.,6.));
#15783 = DIRECTION('',(0.,0.,1.));
#15784 = DIRECTION('',(1.,0.,-0.));
#15785 = DEFINITIONAL_REPRESENTATION('',(#15786),#15790);
#15786 = LINE('',#15787,#15788);
#15787 = CARTESIAN_POINT('',(4.712388980385,6.));
#15788 = VECTOR('',#15789,1.);
#15789 = DIRECTION('',(-1.,0.));
#15790 = ( GEOMETRIC_REPRESENTATION_CONTEXT(2) 
PARAMETRIC_REPRESENTATION_CONTEXT() REPRESENTATION_CONTEXT('2D SPACE',''
  ) );
#15791 = ORIENTED_EDGE('',*,*,#15792,.T.);
#15792 = EDGE_CURVE('',#15760,#15793,#15795,.T.);
#15793 = VERTEX_POINT('',#15794);
#15794 = CARTESIAN_POINT('',(91.,37.,12.));
#15795 = SURFACE_CURVE('',#15796,(#15800,#15807),.PCURVE_S1.);
#15796 = LINE('',#15797,#15798);
#15797 = CARTESIAN_POINT('',(91.,-40.,12.));
#15798 = VECTOR('',#15799,1.);
#15799 = DIRECTION('',(0.,1.,0.));
#15800 = PCURVE('',#15609,#15801);
#15801 = DEFINITIONAL_REPRESENTATION('',(#15802),#15806);
#15802 = LINE('',#15803,#15804);
#15803 = CARTESIAN_POINT('',(32.,0.));
#15804 = VECTOR('',#15805,1.);
#15805 = DIRECTION('',(0.,1.));
#15806 = ( GEOMETRIC_REPRESENTATION_CONTEXT(2) 
PARAMETRIC_REPRESENTATION_CONTEXT() REPRESENTATION_CONTEXT('2D SPACE',''
  ) );
#15807 = PCURVE('',#15808,#15813);
#15808 = PLANE('',#15809);
#15809 = AXIS2_PLACEMENT_3D('',#15810,#15811,#15812);
#15810 = CARTESIAN_POINT('',(91.,-40.,6.));
#15811 = DIRECTION('',(1.,0.,0.));
#15812 = DIRECTION('',(0.,0.,1.));
#15813 = DEFINITIONAL_REPRESENTATION('',(#15814),#15818);
#15814 = LINE('',#15815,#15816);
#15815 = CARTESIAN_POINT('',(6.,0.));
#15816 = VECTOR('',#15817,1.);
#15817 = DIRECTION('',(0.,-1.));
#15818 = ( GEOMETRIC_REPRESENTATION_CONTEXT(2) 
PARAMETRIC_REPRESENTATION_CONTEXT() REPRESENTATION_CONTEXT('2D SPACE',''
  ) );
#15819 = ORIENTED_EDGE('',*,*,#15820,.T.);
#15820 = EDGE_CURVE('',#15793,#15821,#15823,.T.);
#15821 = VERTEX_POINT('',#15822);
#15822 = CARTESIAN_POINT('',(88.,40.,12.));
#15823 = SURFACE_CURVE('',#15824,(#15829,#15836),.PCURVE_S1.);
#15824 = CIRCLE('',#15825,3.);
#15825 = AXIS2_PLACEMENT_3D('',#15826,#15827,#15828);
#15826 = CARTESIAN_POINT('',(88.,37.,12.));
#15827 = DIRECTION('',(0.,0.,1.));
#15828 = DIRECTION('',(0.,-1.,0.));
#15829 = PCURVE('',#15609,#15830);
#15830 = DEFINITIONAL_REPRESENTATION('',(#15831),#15835);
#15831 = CIRCLE('',#15832,3.);
#15832 = AXIS2_PLACEMENT_2D('',#15833,#15834);
#15833 = CARTESIAN_POINT('',(29.,77.));
#15834 = DIRECTION('',(0.,-1.));
#15835 = ( GEOMETRIC_REPRESENTATION_CONTEXT(2) 
PARAMETRIC_REPRESENTATION_CONTEXT() REPRESENTATION_CONTEXT('2D SPACE',''
  ) );
#15836 = PCURVE('',#15837,#15842);
#15837 = CYLINDRICAL_SURFACE('',#15838,3.);
#15838 = AXIS2_PLACEMENT_3D('',#15839,#15840,#15841);
#15839 = CARTESIAN_POINT('',(88.,37.,6.));
#15840 = DIRECTION('',(0.,0.,1.));
#15841 = DIRECTION('',(1.,0.,-0.));
#15842 = DEFINITIONAL_REPRESENTATION('',(#15843),#15847);
#15843 = LINE('',#15844,#15845);
#15844 = CARTESIAN_POINT('',(-1.570796326795,6.));
#15845 = VECTOR('',#15846,1.);
#15846 = DIRECTION('',(1.,0.));
#15847 = ( GEOMETRIC_REPRESENTATION_CONTEXT(2) 
PARAMETRIC_REPRESENTATION_CONTEXT() REPRESENTATION_CONTEXT('2D SPACE',''
  ) );
#15848 = ORIENTED_EDGE('',*,*,#15849,.F.);
#15849 = EDGE_CURVE('',#15850,#15821,#15852,.T.);
#15850 = VERTEX_POINT('',#15851);
#15851 = CARTESIAN_POINT('',(62.,40.,12.));
#15852 = SURFACE_CURVE('',#15853,(#15857,#15864),.PCURVE_S1.);
#15853 = LINE('',#15854,#15855);
#15854 = CARTESIAN_POINT('',(59.,40.,12.));
#15855 = VECTOR('',#15856,1.);
#15856 = DIRECTION('',(1.,0.,0.));
#15857 = PCURVE('',#15609,#15858);
#15858 = DEFINITIONAL_REPRESENTATION('',(#15859),#15863);
#15859 = LINE('',#15860,#15861);
#15860 = CARTESIAN_POINT('',(0.,80.));
#15861 = VECTOR('',#15862,1.);
#15862 = DIRECTION('',(1.,0.));
#15863 = ( GEOMETRIC_REPRESENTATION_CONTEXT(2) 
PARAMETRIC_REPRESENTATION_CONTEXT() REPRESENTATION_CONTEXT('2D SPACE',''
  ) );
#15864 = PCURVE('',#15865,#15870);
#15865 = PLANE('',#15866);
#15866 = AXIS2_PLACEMENT_3D('',#15867,#15868,#15869);
#15867 = CARTESIAN_POINT('',(59.,40.,6.));
#15868 = DIRECTION('',(0.,1.,0.));
#15869 = DIRECTION('',(0.,0.,1.));
#15870 = DEFINITIONAL_REPRESENTATION('',(#15871),#15875);
#15871 = LINE('',#15872,#15873);
#15872 = CARTESIAN_POINT('',(6.,0.));
#15873 = VECTOR('',#15874,1.);
#15874 = DIRECTION('',(0.,1.));
#15875 = ( GEOMETRIC_REPRESENTATION_CONTEXT(2) 
PARAMETRIC_REPRESENTATION_CONTEXT() REPRESENTATION_CONTEXT('2D SPACE',''
  ) );
#15876 = ORIENTED_EDGE('',*,*,#15877,.F.);
#15877 = EDGE_CURVE('',#15589,#15850,#15878,.T.);
#15878 = SURFACE_CURVE('',#15879,(#15884,#15895),.PCURVE_S1.);
#15879 = CIRCLE('',#15880,3.);
#15880 = AXIS2_PLACEMENT_3D('',#15881,#15882,#15883);
#15881 = CARTESIAN_POINT('',(62.,37.,12.));
#15882 = DIRECTION('',(-0.,-0.,-1.));
#15883 = DIRECTION('',(0.,-1.,0.));
#15884 = PCURVE('',#15609,#15885);
#15885 = DEFINITIONAL_REPRESENTATION('',(#15886),#15894);
#15886 = ( BOUNDED_CURVE() B_SPLINE_CURVE(2,(#15887,#15888,#15889,#15890
    ,#15891,#15892,#15893),.UNSPECIFIED.,.T.,.F.) 
B_SPLINE_CURVE_WITH_KNOTS((1,2,2,2,2,1),(-2.094395102393,0.,
    2.094395102393,4.188790204786,6.28318530718,8.377580409573),
.UNSPECIFIED.) CURVE() GEOMETRIC_REPRESENTATION_ITEM() 
RATIONAL_B_SPLINE_CURVE((1.,0.5,1.,0.5,1.,0.5,1.)) REPRESENTATION_ITEM(
  '') );
#15887 = CARTESIAN_POINT('',(3.,74.));
#15888 = CARTESIAN_POINT('',(-2.196152422707,74.));
#15889 = CARTESIAN_POINT('',(0.401923788647,78.5));
#15890 = CARTESIAN_POINT('',(3.,83.));
#15891 = CARTESIAN_POINT('',(5.598076211353,78.5));
#15892 = CARTESIAN_POINT('',(8.196152422707,74.));
#15893 = CARTESIAN_POINT('',(3.,74.));
#15894 = ( GEOMETRIC_REPRESENTATION_CONTEXT(2) 
PARAMETRIC_REPRESENTATION_CONTEXT() REPRESENTATION_CONTEXT('2D SPACE',''
  ) );
#15895 = PCURVE('',#15691,#15896);
#15896 = DEFINITIONAL_REPRESENTATION('',(#15897),#15901);
#15897 = LINE('',#15898,#15899);
#15898 = CARTESIAN_POINT('',(1.570796326795,6.));
#15899 = VECTOR('',#15900,1.);
#15900 = DIRECTION('',(-1.,0.));
#15901 = ( GEOMETRIC_REPRESENTATION_CONTEXT(2) 
PARAMETRIC_REPRESENTATION_CONTEXT() REPRESENTATION_CONTEXT('2D SPACE',''
  ) );
#15902 = FACE_BOUND('',#15903,.T.);
#15903 = EDGE_LOOP('',(#15904));
#15904 = ORIENTED_EDGE('',*,*,#15905,.T.);
#15905 = EDGE_CURVE('',#15906,#15906,#15908,.T.);
#15906 = VERTEX_POINT('',#15907);
#15907 = CARTESIAN_POINT('',(68.25,-24.,12.));
#15908 = SURFACE_CURVE('',#15909,(#15914,#15925),.PCURVE_S1.);
#15909 = CIRCLE('',#15910,2.25);
#15910 = AXIS2_PLACEMENT_3D('',#15911,#15912,#15913);
#15911 = CARTESIAN_POINT('',(66.,-24.,12.));
#15912 = DIRECTION('',(0.,0.,-1.));
#15913 = DIRECTION('',(1.,0.,0.));
#15914 = PCURVE('',#15609,#15915);
#15915 = DEFINITIONAL_REPRESENTATION('',(#15916),#15924);
#15916 = ( BOUNDED_CURVE() B_SPLINE_CURVE(2,(#15917,#15918,#15919,#15920
    ,#15921,#15922,#15923),.UNSPECIFIED.,.T.,.F.) 
B_SPLINE_CURVE_WITH_KNOTS((1,2,2,2,2,1),(-2.094395102393,0.,
    2.094395102393,4.188790204786,6.28318530718,8.377580409573),
.UNSPECIFIED.) CURVE() GEOMETRIC_REPRESENTATION_ITEM() 
RATIONAL_B_SPLINE_CURVE((1.,0.5,1.,0.5,1.,0.5,1.)) REPRESENTATION_ITEM(
  '') );
#15917 = CARTESIAN_POINT('',(9.25,16.));
#15918 = CARTESIAN_POINT('',(9.25,12.10288568297));
#15919 = CARTESIAN_POINT('',(5.875,14.051442841485));
#15920 = CARTESIAN_POINT('',(2.5,16.));
#15921 = CARTESIAN_POINT('',(5.875,17.948557158515));
#15922 = CARTESIAN_POINT('',(9.25,19.89711431703));
#15923 = CARTESIAN_POINT('',(9.25,16.));
#15924 = ( GEOMETRIC_REPRESENTATION_CONTEXT(2) 
PARAMETRIC_REPRESENTATION_CONTEXT() REPRESENTATION_CONTEXT('2D SPACE',''
  ) );
#15925 = PCURVE('',#15926,#15931);
#15926 = CYLINDRICAL_SURFACE('',#15927,2.25);
#15927 = AXIS2_PLACEMENT_3D('',#15928,#15929,#15930);
#15928 = CARTESIAN_POINT('',(66.,-24.,-10.));
#15929 = DIRECTION('',(-0.,-0.,-1.));
#15930 = DIRECTION('',(1.,0.,0.));
#15931 = DEFINITIONAL_REPRESENTATION('',(#15932),#15936);
#15932 = LINE('',#15933,#15934);
#15933 = CARTESIAN_POINT('',(-6.28318530718,-22.));
#15934 = VECTOR('',#15935,1.);
#15935 = DIRECTION('',(1.,-0.));
#15936 = ( GEOMETRIC_REPRESENTATION_CONTEXT(2) 
PARAMETRIC_REPRESENTATION_CONTEXT() REPRESENTATION_CONTEXT('2D SPACE',''
  ) );
#15937 = FACE_BOUND('',#15938,.T.);
#15938 = EDGE_LOOP('',(#15939));
#15939 = ORIENTED_EDGE('',*,*,#15940,.T.);
#15940 = EDGE_CURVE('',#15941,#15941,#15943,.T.);
#15941 = VERTEX_POINT('',#15942);
#15942 = CARTESIAN_POINT('',(86.25,-24.,12.));
#15943 = SURFACE_CURVE('',#15944,(#15949,#15960),.PCURVE_S1.);
#15944 = CIRCLE('',#15945,2.25);
#15945 = AXIS2_PLACEMENT_3D('',#15946,#15947,#15948);
#15946 = CARTESIAN_POINT('',(84.,-24.,12.));
#15947 = DIRECTION('',(0.,0.,-1.));
#15948 = DIRECTION('',(1.,0.,0.));
#15949 = PCURVE('',#15609,#15950);
#15950 = DEFINITIONAL_REPRESENTATION('',(#15951),#15959);
#15951 = ( BOUNDED_CURVE() B_SPLINE_CURVE(2,(#15952,#15953,#15954,#15955
    ,#15956,#15957,#15958),.UNSPECIFIED.,.T.,.F.) 
B_SPLINE_CURVE_WITH_KNOTS((1,2,2,2,2,1),(-2.094395102393,0.,
    2.094395102393,4.188790204786,6.28318530718,8.377580409573),
.UNSPECIFIED.) CURVE() GEOMETRIC_REPRESENTATION_ITEM() 
RATIONAL_B_SPLINE_CURVE((1.,0.5,1.,0.5,1.,0.5,1.)) REPRESENTATION_ITEM(
  '') );
#15952 = CARTESIAN_POINT('',(27.25,16.));
#15953 = CARTESIAN_POINT('',(27.25,12.10288568297));
#15954 = CARTESIAN_POINT('',(23.875,14.051442841485));
#15955 = CARTESIAN_POINT('',(20.5,16.));
#15956 = CARTESIAN_POINT('',(23.875,17.948557158515));
#15957 = CARTESIAN_POINT('',(27.25,19.89711431703));
#15958 = CARTESIAN_POINT('',(27.25,16.));
#15959 = ( GEOMETRIC_REPRESENTATION_CONTEXT(2) 
PARAMETRIC_REPRESENTATION_CONTEXT() REPRESENTATION_CONTEXT('2D SPACE',''
  ) );
#15960 = PCURVE('',#15961,#15966);
#15961 = CYLINDRICAL_SURFACE('',#15962,2.25);
#15962 = AXIS2_PLACEMENT_3D('',#15963,#15964,#15965);
#15963 = CARTESIAN_POINT('',(84.,-24.,-10.));
#15964 = DIRECTION('',(-0.,-0.,-1.));
#15965 = DIRECTION('',(1.,0.,0.));
#15966 = DEFINITIONAL_REPRESENTATION('',(#15967),#15971);
#15967 = LINE('',#15968,#15969);
#15968 = CARTESIAN_POINT('',(-6.28318530718,-22.));
#15969 = VECTOR('',#15970,1.);
#15970 = DIRECTION('',(1.,-0.));
#15971 = ( GEOMETRIC_REPRESENTATION_CONTEXT(2) 
PARAMETRIC_REPRESENTATION_CONTEXT() REPRESENTATION_CONTEXT('2D SPACE',''
  ) );
#15972 = FACE_BOUND('',#15973,.T.);
#15973 = EDGE_LOOP('',(#15974));
#15974 = ORIENTED_EDGE('',*,*,#15975,.T.);
#15975 = EDGE_CURVE('',#15976,#15976,#15978,.T.);
#15976 = VERTEX_POINT('',#15977);
#15977 = CARTESIAN_POINT('',(68.25,24.,12.));
#15978 = SURFACE_CURVE('',#15979,(#15984,#15995),.PCURVE_S1.);
#15979 = CIRCLE('',#15980,2.25);
#15980 = AXIS2_PLACEMENT_3D('',#15981,#15982,#15983);
#15981 = CARTESIAN_POINT('',(66.,24.,12.));
#15982 = DIRECTION('',(0.,0.,-1.));
#15983 = DIRECTION('',(1.,0.,0.));
#15984 = PCURVE('',#15609,#15985);
#15985 = DEFINITIONAL_REPRESENTATION('',(#15986),#15994);
#15986 = ( BOUNDED_CURVE() B_SPLINE_CURVE(2,(#15987,#15988,#15989,#15990
    ,#15991,#15992,#15993),.UNSPECIFIED.,.T.,.F.) 
B_SPLINE_CURVE_WITH_KNOTS((1,2,2,2,2,1),(-2.094395102393,0.,
    2.094395102393,4.188790204786,6.28318530718,8.377580409573),
.UNSPECIFIED.) CURVE() GEOMETRIC_REPRESENTATION_ITEM() 
RATIONAL_B_SPLINE_CURVE((1.,0.5,1.,0.5,1.,0.5,1.)) REPRESENTATION_ITEM(
  '') );
#15987 = CARTESIAN_POINT('',(9.25,64.));
#15988 = CARTESIAN_POINT('',(9.25,60.10288568297));
#15989 = CARTESIAN_POINT('',(5.875,62.051442841485));
#15990 = CARTESIAN_POINT('',(2.5,64.));
#15991 = CARTESIAN_POINT('',(5.875,65.948557158515));
#15992 = CARTESIAN_POINT('',(9.25,67.89711431703));
#15993 = CARTESIAN_POINT('',(9.25,64.));
#15994 = ( GEOMETRIC_REPRESENTATION_CONTEXT(2) 
PARAMETRIC_REPRESENTATION_CONTEXT() REPRESENTATION_CONTEXT('2D SPACE',''
  ) );
#15995 = PCURVE('',#15996,#16001);
#15996 = CYLINDRICAL_SURFACE('',#15997,2.25);
#15997 = AXIS2_PLACEMENT_3D('',#15998,#15999,#16000);
#15998 = CARTESIAN_POINT('',(66.,24.,-10.));
#15999 = DIRECTION('',(-0.,-0.,-1.));
#16000 = DIRECTION('',(1.,0.,0.));
#16001 = DEFINITIONAL_REPRESENTATION('',(#16002),#16006);
#16002 = LINE('',#16003,#16004);
#16003 = CARTESIAN_POINT('',(-6.28318530718,-22.));
#16004 = VECTOR('',#16005,1.);
#16005 = DIRECTION('',(1.,-0.));
#16006 = ( GEOMETRIC_REPRESENTATION_CONTEXT(2) 
PARAMETRIC_REPRESENTATION_CONTEXT() REPRESENTATION_CONTEXT('2D SPACE',''
  ) );
#16007 = FACE_BOUND('',#16008,.T.);
#16008 = EDGE_LOOP('',(#16009));
#16009 = ORIENTED_EDGE('',*,*,#16010,.T.);
#16010 = EDGE_CURVE('',#16011,#16011,#16013,.T.);
#16011 = VERTEX_POINT('',#16012);
#16012 = CARTESIAN_POINT('',(86.25,24.,12.));
#16013 = SURFACE_CURVE('',#16014,(#16019,#16030),.PCURVE_S1.);
#16014 = CIRCLE('',#16015,2.25);
#16015 = AXIS2_PLACEMENT_3D('',#16016,#16017,#16018);
#16016 = CARTESIAN_POINT('',(84.,24.,12.));
#16017 = DIRECTION('',(0.,0.,-1.));
#16018 = DIRECTION('',(1.,0.,0.));
#16019 = PCURVE('',#15609,#16020);
#16020 = DEFINITIONAL_REPRESENTATION('',(#16021),#16029);
#16021 = ( BOUNDED_CURVE() B_SPLINE_CURVE(2,(#16022,#16023,#16024,#16025
    ,#16026,#16027,#16028),.UNSPECIFIED.,.T.,.F.) 
B_SPLINE_CURVE_WITH_KNOTS((1,2,2,2,2,1),(-2.094395102393,0.,
    2.094395102393,4.188790204786,6.28318530718,8.377580409573),
.UNSPECIFIED.) CURVE() GEOMETRIC_REPRESENTATION_ITEM() 
RATIONAL_B_SPLINE_CURVE((1.,0.5,1.,0.5,1.,0.5,1.)) REPRESENTATION_ITEM(
  '') );
#16022 = CARTESIAN_POINT('',(27.25,64.));
#16023 = CARTESIAN_POINT('',(27.25,60.10288568297));
#16024 = CARTESIAN_POINT('',(23.875,62.051442841485));
#16025 = CARTESIAN_POINT('',(20.5,64.));
#16026 = CARTESIAN_POINT('',(23.875,65.948557158515));
#16027 = CARTESIAN_POINT('',(27.25,67.89711431703));
#16028 = CARTESIAN_POINT('',(27.25,64.));
#16029 = ( GEOMETRIC_REPRESENTATION_CONTEXT(2) 
PARAMETRIC_REPRESENTATION_CONTEXT() REPRESENTATION_CONTEXT('2D SPACE',''
  ) );
#16030 = PCURVE('',#16031,#16036);
#16031 = CYLINDRICAL_SURFACE('',#16032,2.25);
#16032 = AXIS2_PLACEMENT_3D('',#16033,#16034,#16035);
#16033 = CARTESIAN_POINT('',(84.,24.,-10.));
#16034 = DIRECTION('',(-0.,-0.,-1.));
#16035 = DIRECTION('',(1.,0.,0.));
#16036 = DEFINITIONAL_REPRESENTATION('',(#16037),#16041);
#16037 = LINE('',#16038,#16039);
#16038 = CARTESIAN_POINT('',(-6.28318530718,-22.));
#16039 = VECTOR('',#16040,1.);
#16040 = DIRECTION('',(1.,-0.));
#16041 = ( GEOMETRIC_REPRESENTATION_CONTEXT(2) 
PARAMETRIC_REPRESENTATION_CONTEXT() REPRESENTATION_CONTEXT('2D SPACE',''
  ) );
#16042 = ADVANCED_FACE('',(#16043),#15637,.T.);
#16043 = FACE_BOUND('',#16044,.T.);
#16044 = EDGE_LOOP('',(#16045,#16069,#16090,#16091));
#16045 = ORIENTED_EDGE('',*,*,#16046,.T.);
#16046 = EDGE_CURVE('',#15622,#16047,#16049,.T.);
#16047 = VERTEX_POINT('',#16048);
#16048 = CARTESIAN_POINT('',(62.,-40.,6.));
#16049 = SURFACE_CURVE('',#16050,(#16055,#16062),.PCURVE_S1.);
#16050 = CIRCLE('',#16051,3.);
#16051 = AXIS2_PLACEMENT_3D('',#16052,#16053,#16054);
#16052 = CARTESIAN_POINT('',(62.,-37.,6.));
#16053 = DIRECTION('',(0.,0.,1.));
#16054 = DIRECTION('',(0.,-1.,0.));
#16055 = PCURVE('',#15637,#16056);
#16056 = DEFINITIONAL_REPRESENTATION('',(#16057),#16061);
#16057 = LINE('',#16058,#16059);
#16058 = CARTESIAN_POINT('',(-4.712388980385,0.));
#16059 = VECTOR('',#16060,1.);
#16060 = DIRECTION('',(1.,0.));
#16061 = ( GEOMETRIC_REPRESENTATION_CONTEXT(2) 
PARAMETRIC_REPRESENTATION_CONTEXT() REPRESENTATION_CONTEXT('2D SPACE',''
  ) );
#16062 = PCURVE('',#15665,#16063);
#16063 = DEFINITIONAL_REPRESENTATION('',(#16064),#16068);
#16064 = CIRCLE('',#16065,3.);
#16065 = AXIS2_PLACEMENT_2D('',#16066,#16067);
#16066 = CARTESIAN_POINT('',(3.,3.));
#16067 = DIRECTION('',(0.,-1.));
#16068 = ( GEOMETRIC_REPRESENTATION_CONTEXT(2) 
PARAMETRIC_REPRESENTATION_CONTEXT() REPRESENTATION_CONTEXT('2D SPACE',''
  ) );
#16069 = ORIENTED_EDGE('',*,*,#16070,.T.);
#16070 = EDGE_CURVE('',#16047,#15708,#16071,.T.);
#16071 = SURFACE_CURVE('',#16072,(#16076,#16083),.PCURVE_S1.);
#16072 = LINE('',#16073,#16074);
#16073 = CARTESIAN_POINT('',(62.,-40.,6.));
#16074 = VECTOR('',#16075,1.);
#16075 = DIRECTION('',(0.,0.,1.));
#16076 = PCURVE('',#15637,#16077);
#16077 = DEFINITIONAL_REPRESENTATION('',(#16078),#16082);
#16078 = LINE('',#16079,#16080);
#16079 = CARTESIAN_POINT('',(1.570796326795,0.));
#16080 = VECTOR('',#16081,1.);
#16081 = DIRECTION('',(0.,1.));
#16082 = ( GEOMETRIC_REPRESENTATION_CONTEXT(2) 
PARAMETRIC_REPRESENTATION_CONTEXT() REPRESENTATION_CONTEXT('2D SPACE',''
  ) );
#16083 = PCURVE('',#15747,#16084);
#16084 = DEFINITIONAL_REPRESENTATION('',(#16085),#16089);
#16085 = LINE('',#16086,#16087);
#16086 = CARTESIAN_POINT('',(0.,3.));
#16087 = VECTOR('',#16088,1.);
#16088 = DIRECTION('',(1.,0.));
#16089 = ( GEOMETRIC_REPRESENTATION_CONTEXT(2) 
PARAMETRIC_REPRESENTATION_CONTEXT() REPRESENTATION_CONTEXT('2D SPACE',''
  ) );
#16090 = ORIENTED_EDGE('',*,*,#15707,.F.);
#16091 = ORIENTED_EDGE('',*,*,#15621,.F.);
#16092 = ADVANCED_FACE('',(#16093),#15691,.T.);
#16093 = FACE_BOUND('',#16094,.F.);
#16094 = EDGE_LOOP('',(#16095,#16123,#16144,#16145));
#16095 = ORIENTED_EDGE('',*,*,#16096,.T.);
#16096 = EDGE_CURVE('',#15650,#16097,#16099,.T.);
#16097 = VERTEX_POINT('',#16098);
#16098 = CARTESIAN_POINT('',(62.,40.,6.));
#16099 = SURFACE_CURVE('',#16100,(#16105,#16112),.PCURVE_S1.);
#16100 = CIRCLE('',#16101,3.);
#16101 = AXIS2_PLACEMENT_3D('',#16102,#16103,#16104);
#16102 = CARTESIAN_POINT('',(62.,37.,6.));
#16103 = DIRECTION('',(-0.,-0.,-1.));
#16104 = DIRECTION('',(0.,-1.,0.));
#16105 = PCURVE('',#15691,#16106);
#16106 = DEFINITIONAL_REPRESENTATION('',(#16107),#16111);
#16107 = LINE('',#16108,#16109);
#16108 = CARTESIAN_POINT('',(1.570796326795,-0.));
#16109 = VECTOR('',#16110,1.);
#16110 = DIRECTION('',(-1.,0.));
#16111 = ( GEOMETRIC_REPRESENTATION_CONTEXT(2) 
PARAMETRIC_REPRESENTATION_CONTEXT() REPRESENTATION_CONTEXT('2D SPACE',''
  ) );
#16112 = PCURVE('',#15665,#16113);
#16113 = DEFINITIONAL_REPRESENTATION('',(#16114),#16122);
#16114 = ( BOUNDED_CURVE() B_SPLINE_CURVE(2,(#16115,#16116,#16117,#16118
    ,#16119,#16120,#16121),.UNSPECIFIED.,.T.,.F.) 
B_SPLINE_CURVE_WITH_KNOTS((1,2,2,2,2,1),(-2.094395102393,0.,
    2.094395102393,4.188790204786,6.28318530718,8.377580409573),
.UNSPECIFIED.) CURVE() GEOMETRIC_REPRESENTATION_ITEM() 
RATIONAL_B_SPLINE_CURVE((1.,0.5,1.,0.5,1.,0.5,1.)) REPRESENTATION_ITEM(
  '') );
#16115 = CARTESIAN_POINT('',(3.,74.));
#16116 = CARTESIAN_POINT('',(-2.196152422707,74.));
#16117 = CARTESIAN_POINT('',(0.401923788647,78.5));
#16118 = CARTESIAN_POINT('',(3.,83.));
#16119 = CARTESIAN_POINT('',(5.598076211353,78.5));
#16120 = CARTESIAN_POINT('',(8.196152422707,74.));
#16121 = CARTESIAN_POINT('',(3.,74.));
#16122 = ( GEOMETRIC_REPRESENTATION_CONTEXT(2) 
PARAMETRIC_REPRESENTATION_CONTEXT() REPRESENTATION_CONTEXT('2D SPACE',''
  ) );
#16123 = ORIENTED_EDGE('',*,*,#16124,.T.);
#16124 = EDGE_CURVE('',#16097,#15850,#16125,.T.);
#16125 = SURFACE_CURVE('',#16126,(#16130,#16137),.PCURVE_S1.);
#16126 = LINE('',#16127,#16128);
#16127 = CARTESIAN_POINT('',(62.,40.,6.));
#16128 = VECTOR('',#16129,1.);
#16129 = DIRECTION('',(0.,0.,1.));
#16130 = PCURVE('',#15691,#16131);
#16131 = DEFINITIONAL_REPRESENTATION('',(#16132),#16136);
#16132 = LINE('',#16133,#16134);
#16133 = CARTESIAN_POINT('',(-1.570796326795,0.));
#16134 = VECTOR('',#16135,1.);
#16135 = DIRECTION('',(-0.,1.));
#16136 = ( GEOMETRIC_REPRESENTATION_CONTEXT(2) 
PARAMETRIC_REPRESENTATION_CONTEXT() REPRESENTATION_CONTEXT('2D SPACE',''
  ) );
#16137 = PCURVE('',#15865,#16138);
#16138 = DEFINITIONAL_REPRESENTATION('',(#16139),#16143);
#16139 = LINE('',#16140,#16141);
#16140 = CARTESIAN_POINT('',(0.,3.));
#16141 = VECTOR('',#16142,1.);
#16142 = DIRECTION('',(1.,0.));
#16143 = ( GEOMETRIC_REPRESENTATION_CONTEXT(2) 
PARAMETRIC_REPRESENTATION_CONTEXT() REPRESENTATION_CONTEXT('2D SPACE',''
  ) );
#16144 = ORIENTED_EDGE('',*,*,#15877,.F.);
#16145 = ORIENTED_EDGE('',*,*,#15677,.F.);
#16146 = ADVANCED_FACE('',(#16147,#16271,#16301,#16331,#16361),#15665,
  .F.);
#16147 = FACE_BOUND('',#16148,.F.);
#16148 = EDGE_LOOP('',(#16149,#16150,#16151,#16174,#16202,#16225,#16249,
    #16270));
#16149 = ORIENTED_EDGE('',*,*,#15649,.F.);
#16150 = ORIENTED_EDGE('',*,*,#16046,.T.);
#16151 = ORIENTED_EDGE('',*,*,#16152,.T.);
#16152 = EDGE_CURVE('',#16047,#16153,#16155,.T.);
#16153 = VERTEX_POINT('',#16154);
#16154 = CARTESIAN_POINT('',(88.,-40.,6.));
#16155 = SURFACE_CURVE('',#16156,(#16160,#16167),.PCURVE_S1.);
#16156 = LINE('',#16157,#16158);
#16157 = CARTESIAN_POINT('',(59.,-40.,6.));
#16158 = VECTOR('',#16159,1.);
#16159 = DIRECTION('',(1.,0.,0.));
#16160 = PCURVE('',#15665,#16161);
#16161 = DEFINITIONAL_REPRESENTATION('',(#16162),#16166);
#16162 = LINE('',#16163,#16164);
#16163 = CARTESIAN_POINT('',(0.,0.));
#16164 = VECTOR('',#16165,1.);
#16165 = DIRECTION('',(1.,0.));
#16166 = ( GEOMETRIC_REPRESENTATION_CONTEXT(2) 
PARAMETRIC_REPRESENTATION_CONTEXT() REPRESENTATION_CONTEXT('2D SPACE',''
  ) );
#16167 = PCURVE('',#15747,#16168);
#16168 = DEFINITIONAL_REPRESENTATION('',(#16169),#16173);
#16169 = LINE('',#16170,#16171);
#16170 = CARTESIAN_POINT('',(0.,0.));
#16171 = VECTOR('',#16172,1.);
#16172 = DIRECTION('',(0.,1.));
#16173 = ( GEOMETRIC_REPRESENTATION_CONTEXT(2) 
PARAMETRIC_REPRESENTATION_CONTEXT() REPRESENTATION_CONTEXT('2D SPACE',''
  ) );
#16174 = ORIENTED_EDGE('',*,*,#16175,.F.);
#16175 = EDGE_CURVE('',#16176,#16153,#16178,.T.);
#16176 = VERTEX_POINT('',#16177);
#16177 = CARTESIAN_POINT('',(91.,-37.,6.));
#16178 = SURFACE_CURVE('',#16179,(#16184,#16195),.PCURVE_S1.);
#16179 = CIRCLE('',#16180,3.);
#16180 = AXIS2_PLACEMENT_3D('',#16181,#16182,#16183);
#16181 = CARTESIAN_POINT('',(88.,-37.,6.));
#16182 = DIRECTION('',(-0.,-0.,-1.));
#16183 = DIRECTION('',(0.,-1.,0.));
#16184 = PCURVE('',#15665,#16185);
#16185 = DEFINITIONAL_REPRESENTATION('',(#16186),#16194);
#16186 = ( BOUNDED_CURVE() B_SPLINE_CURVE(2,(#16187,#16188,#16189,#16190
    ,#16191,#16192,#16193),.UNSPECIFIED.,.T.,.F.) 
B_SPLINE_CURVE_WITH_KNOTS((1,2,2,2,2,1),(-2.094395102393,0.,
    2.094395102393,4.188790204786,6.28318530718,8.377580409573),
.UNSPECIFIED.) CURVE() GEOMETRIC_REPRESENTATION_ITEM() 
RATIONAL_B_SPLINE_CURVE((1.,0.5,1.,0.5,1.,0.5,1.)) REPRESENTATION_ITEM(
  '') );
#16187 = CARTESIAN_POINT('',(29.,0.));
#16188 = CARTESIAN_POINT('',(23.803847577293,0.));
#16189 = CARTESIAN_POINT('',(26.401923788647,4.5));
#16190 = CARTESIAN_POINT('',(29.,9.));
#16191 = CARTESIAN_POINT('',(31.598076211353,4.5));
#16192 = CARTESIAN_POINT('',(34.196152422707,4.440892098501E-15));
#16193 = CARTESIAN_POINT('',(29.,0.));
#16194 = ( GEOMETRIC_REPRESENTATION_CONTEXT(2) 
PARAMETRIC_REPRESENTATION_CONTEXT() REPRESENTATION_CONTEXT('2D SPACE',''
  ) );
#16195 = PCURVE('',#15780,#16196);
#16196 = DEFINITIONAL_REPRESENTATION('',(#16197),#16201);
#16197 = LINE('',#16198,#16199);
#16198 = CARTESIAN_POINT('',(4.712388980385,-0.));
#16199 = VECTOR('',#16200,1.);
#16200 = DIRECTION('',(-1.,0.));
#16201 = ( GEOMETRIC_REPRESENTATION_CONTEXT(2) 
PARAMETRIC_REPRESENTATION_CONTEXT() REPRESENTATION_CONTEXT('2D SPACE',''
  ) );
#16202 = ORIENTED_EDGE('',*,*,#16203,.T.);
#16203 = EDGE_CURVE('',#16176,#16204,#16206,.T.);
#16204 = VERTEX_POINT('',#16205);
#16205 = CARTESIAN_POINT('',(91.,37.,6.));
#16206 = SURFACE_CURVE('',#16207,(#16211,#16218),.PCURVE_S1.);
#16207 = LINE('',#16208,#16209);
#16208 = CARTESIAN_POINT('',(91.,-40.,6.));
#16209 = VECTOR('',#16210,1.);
#16210 = DIRECTION('',(0.,1.,0.));
#16211 = PCURVE('',#15665,#16212);
#16212 = DEFINITIONAL_REPRESENTATION('',(#16213),#16217);
#16213 = LINE('',#16214,#16215);
#16214 = CARTESIAN_POINT('',(32.,0.));
#16215 = VECTOR('',#16216,1.);
#16216 = DIRECTION('',(0.,1.));
#16217 = ( GEOMETRIC_REPRESENTATION_CONTEXT(2) 
PARAMETRIC_REPRESENTATION_CONTEXT() REPRESENTATION_CONTEXT('2D SPACE',''
  ) );
#16218 = PCURVE('',#15808,#16219);
#16219 = DEFINITIONAL_REPRESENTATION('',(#16220),#16224);
#16220 = LINE('',#16221,#16222);
#16221 = CARTESIAN_POINT('',(0.,0.));
#16222 = VECTOR('',#16223,1.);
#16223 = DIRECTION('',(0.,-1.));
#16224 = ( GEOMETRIC_REPRESENTATION_CONTEXT(2) 
PARAMETRIC_REPRESENTATION_CONTEXT() REPRESENTATION_CONTEXT('2D SPACE',''
  ) );
#16225 = ORIENTED_EDGE('',*,*,#16226,.T.);
#16226 = EDGE_CURVE('',#16204,#16227,#16229,.T.);
#16227 = VERTEX_POINT('',#16228);
#16228 = CARTESIAN_POINT('',(88.,40.,6.));
#16229 = SURFACE_CURVE('',#16230,(#16235,#16242),.PCURVE_S1.);
#16230 = CIRCLE('',#16231,3.);
#16231 = AXIS2_PLACEMENT_3D('',#16232,#16233,#16234);
#16232 = CARTESIAN_POINT('',(88.,37.,6.));
#16233 = DIRECTION('',(0.,0.,1.));
#16234 = DIRECTION('',(0.,-1.,0.));
#16235 = PCURVE('',#15665,#16236);
#16236 = DEFINITIONAL_REPRESENTATION('',(#16237),#16241);
#16237 = CIRCLE('',#16238,3.);
#16238 = AXIS2_PLACEMENT_2D('',#16239,#16240);
#16239 = CARTESIAN_POINT('',(29.,77.));
#16240 = DIRECTION('',(0.,-1.));
#16241 = ( GEOMETRIC_REPRESENTATION_CONTEXT(2) 
PARAMETRIC_REPRESENTATION_CONTEXT() REPRESENTATION_CONTEXT('2D SPACE',''
  ) );
#16242 = PCURVE('',#15837,#16243);
#16243 = DEFINITIONAL_REPRESENTATION('',(#16244),#16248);
#16244 = LINE('',#16245,#16246);
#16245 = CARTESIAN_POINT('',(-1.570796326795,0.));
#16246 = VECTOR('',#16247,1.);
#16247 = DIRECTION('',(1.,0.));
#16248 = ( GEOMETRIC_REPRESENTATION_CONTEXT(2) 
PARAMETRIC_REPRESENTATION_CONTEXT() REPRESENTATION_CONTEXT('2D SPACE',''
  ) );
#16249 = ORIENTED_EDGE('',*,*,#16250,.F.);
#16250 = EDGE_CURVE('',#16097,#16227,#16251,.T.);
#16251 = SURFACE_CURVE('',#16252,(#16256,#16263),.PCURVE_S1.);
#16252 = LINE('',#16253,#16254);
#16253 = CARTESIAN_POINT('',(59.,40.,6.));
#16254 = VECTOR('',#16255,1.);
#16255 = DIRECTION('',(1.,0.,0.));
#16256 = PCURVE('',#15665,#16257);
#16257 = DEFINITIONAL_REPRESENTATION('',(#16258),#16262);
#16258 = LINE('',#16259,#16260);
#16259 = CARTESIAN_POINT('',(0.,80.));
#16260 = VECTOR('',#16261,1.);
#16261 = DIRECTION('',(1.,0.));
#16262 = ( GEOMETRIC_REPRESENTATION_CONTEXT(2) 
PARAMETRIC_REPRESENTATION_CONTEXT() REPRESENTATION_CONTEXT('2D SPACE',''
  ) );
#16263 = PCURVE('',#15865,#16264);
#16264 = DEFINITIONAL_REPRESENTATION('',(#16265),#16269);
#16265 = LINE('',#16266,#16267);
#16266 = CARTESIAN_POINT('',(0.,0.));
#16267 = VECTOR('',#16268,1.);
#16268 = DIRECTION('',(0.,1.));
#16269 = ( GEOMETRIC_REPRESENTATION_CONTEXT(2) 
PARAMETRIC_REPRESENTATION_CONTEXT() REPRESENTATION_CONTEXT('2D SPACE',''
  ) );
#16270 = ORIENTED_EDGE('',*,*,#16096,.F.);
#16271 = FACE_BOUND('',#16272,.F.);
#16272 = EDGE_LOOP('',(#16273));
#16273 = ORIENTED_EDGE('',*,*,#16274,.T.);
#16274 = EDGE_CURVE('',#16275,#16275,#16277,.T.);
#16275 = VERTEX_POINT('',#16276);
#16276 = CARTESIAN_POINT('',(68.25,-24.,6.));
#16277 = SURFACE_CURVE('',#16278,(#16283,#16294),.PCURVE_S1.);
#16278 = CIRCLE('',#16279,2.25);
#16279 = AXIS2_PLACEMENT_3D('',#16280,#16281,#16282);
#16280 = CARTESIAN_POINT('',(66.,-24.,6.));
#16281 = DIRECTION('',(0.,0.,-1.));
#16282 = DIRECTION('',(1.,0.,0.));
#16283 = PCURVE('',#15665,#16284);
#16284 = DEFINITIONAL_REPRESENTATION('',(#16285),#16293);
#16285 = ( BOUNDED_CURVE() B_SPLINE_CURVE(2,(#16286,#16287,#16288,#16289
    ,#16290,#16291,#16292),.UNSPECIFIED.,.T.,.F.) 
B_SPLINE_CURVE_WITH_KNOTS((1,2,2,2,2,1),(-2.094395102393,0.,
    2.094395102393,4.188790204786,6.28318530718,8.377580409573),
.UNSPECIFIED.) CURVE() GEOMETRIC_REPRESENTATION_ITEM() 
RATIONAL_B_SPLINE_CURVE((1.,0.5,1.,0.5,1.,0.5,1.)) REPRESENTATION_ITEM(
  '') );
#16286 = CARTESIAN_POINT('',(9.25,16.));
#16287 = CARTESIAN_POINT('',(9.25,12.10288568297));
#16288 = CARTESIAN_POINT('',(5.875,14.051442841485));
#16289 = CARTESIAN_POINT('',(2.5,16.));
#16290 = CARTESIAN_POINT('',(5.875,17.948557158515));
#16291 = CARTESIAN_POINT('',(9.25,19.89711431703));
#16292 = CARTESIAN_POINT('',(9.25,16.));
#16293 = ( GEOMETRIC_REPRESENTATION_CONTEXT(2) 
PARAMETRIC_REPRESENTATION_CONTEXT() REPRESENTATION_CONTEXT('2D SPACE',''
  ) );
#16294 = PCURVE('',#15926,#16295);
#16295 = DEFINITIONAL_REPRESENTATION('',(#16296),#16300);
#16296 = LINE('',#16297,#16298);
#16297 = CARTESIAN_POINT('',(-6.28318530718,-16.));
#16298 = VECTOR('',#16299,1.);
#16299 = DIRECTION('',(1.,-0.));
#16300 = ( GEOMETRIC_REPRESENTATION_CONTEXT(2) 
PARAMETRIC_REPRESENTATION_CONTEXT() REPRESENTATION_CONTEXT('2D SPACE',''
  ) );
#16301 = FACE_BOUND('',#16302,.F.);
#16302 = EDGE_LOOP('',(#16303));
#16303 = ORIENTED_EDGE('',*,*,#16304,.T.);
#16304 = EDGE_CURVE('',#16305,#16305,#16307,.T.);
#16305 = VERTEX_POINT('',#16306);
#16306 = CARTESIAN_POINT('',(86.25,-24.,6.));
#16307 = SURFACE_CURVE('',#16308,(#16313,#16324),.PCURVE_S1.);
#16308 = CIRCLE('',#16309,2.25);
#16309 = AXIS2_PLACEMENT_3D('',#16310,#16311,#16312);
#16310 = CARTESIAN_POINT('',(84.,-24.,6.));
#16311 = DIRECTION('',(0.,0.,-1.));
#16312 = DIRECTION('',(1.,0.,0.));
#16313 = PCURVE('',#15665,#16314);
#16314 = DEFINITIONAL_REPRESENTATION('',(#16315),#16323);
#16315 = ( BOUNDED_CURVE() B_SPLINE_CURVE(2,(#16316,#16317,#16318,#16319
    ,#16320,#16321,#16322),.UNSPECIFIED.,.T.,.F.) 
B_SPLINE_CURVE_WITH_KNOTS((1,2,2,2,2,1),(-2.094395102393,0.,
    2.094395102393,4.188790204786,6.28318530718,8.377580409573),
.UNSPECIFIED.) CURVE() GEOMETRIC_REPRESENTATION_ITEM() 
RATIONAL_B_SPLINE_CURVE((1.,0.5,1.,0.5,1.,0.5,1.)) REPRESENTATION_ITEM(
  '') );
#16316 = CARTESIAN_POINT('',(27.25,16.));
#16317 = CARTESIAN_POINT('',(27.25,12.10288568297));
#16318 = CARTESIAN_POINT('',(23.875,14.051442841485));
#16319 = CARTESIAN_POINT('',(20.5,16.));
#16320 = CARTESIAN_POINT('',(23.875,17.948557158515));
#16321 = CARTESIAN_POINT('',(27.25,19.89711431703));
#16322 = CARTESIAN_POINT('',(27.25,16.));
#16323 = ( GEOMETRIC_REPRESENTATION_CONTEXT(2) 
PARAMETRIC_REPRESENTATION_CONTEXT() REPRESENTATION_CONTEXT('2D SPACE',''
  ) );
#16324 = PCURVE('',#15961,#16325);
#16325 = DEFINITIONAL_REPRESENTATION('',(#16326),#16330);
#16326 = LINE('',#16327,#16328);
#16327 = CARTESIAN_POINT('',(-6.28318530718,-16.));
#16328 = VECTOR('',#16329,1.);
#16329 = DIRECTION('',(1.,-0.));
#16330 = ( GEOMETRIC_REPRESENTATION_CONTEXT(2) 
PARAMETRIC_REPRESENTATION_CONTEXT() REPRESENTATION_CONTEXT('2D SPACE',''
  ) );
#16331 = FACE_BOUND('',#16332,.F.);
#16332 = EDGE_LOOP('',(#16333));
#16333 = ORIENTED_EDGE('',*,*,#16334,.T.);
#16334 = EDGE_CURVE('',#16335,#16335,#16337,.T.);
#16335 = VERTEX_POINT('',#16336);
#16336 = CARTESIAN_POINT('',(68.25,24.,6.));
#16337 = SURFACE_CURVE('',#16338,(#16343,#16354),.PCURVE_S1.);
#16338 = CIRCLE('',#16339,2.25);
#16339 = AXIS2_PLACEMENT_3D('',#16340,#16341,#16342);
#16340 = CARTESIAN_POINT('',(66.,24.,6.));
#16341 = DIRECTION('',(0.,0.,-1.));
#16342 = DIRECTION('',(1.,0.,0.));
#16343 = PCURVE('',#15665,#16344);
#16344 = DEFINITIONAL_REPRESENTATION('',(#16345),#16353);
#16345 = ( BOUNDED_CURVE() B_SPLINE_CURVE(2,(#16346,#16347,#16348,#16349
    ,#16350,#16351,#16352),.UNSPECIFIED.,.T.,.F.) 
B_SPLINE_CURVE_WITH_KNOTS((1,2,2,2,2,1),(-2.094395102393,0.,
    2.094395102393,4.188790204786,6.28318530718,8.377580409573),
.UNSPECIFIED.) CURVE() GEOMETRIC_REPRESENTATION_ITEM() 
RATIONAL_B_SPLINE_CURVE((1.,0.5,1.,0.5,1.,0.5,1.)) REPRESENTATION_ITEM(
  '') );
#16346 = CARTESIAN_POINT('',(9.25,64.));
#16347 = CARTESIAN_POINT('',(9.25,60.10288568297));
#16348 = CARTESIAN_POINT('',(5.875,62.051442841485));
#16349 = CARTESIAN_POINT('',(2.5,64.));
#16350 = CARTESIAN_POINT('',(5.875,65.948557158515));
#16351 = CARTESIAN_POINT('',(9.25,67.89711431703));
#16352 = CARTESIAN_POINT('',(9.25,64.));
#16353 = ( GEOMETRIC_REPRESENTATION_CONTEXT(2) 
PARAMETRIC_REPRESENTATION_CONTEXT() REPRESENTATION_CONTEXT('2D SPACE',''
  ) );
#16354 = PCURVE('',#15996,#16355);
#16355 = DEFINITIONAL_REPRESENTATION('',(#16356),#16360);
#16356 = LINE('',#16357,#16358);
#16357 = CARTESIAN_POINT('',(-6.28318530718,-16.));
#16358 = VECTOR('',#16359,1.);
#16359 = DIRECTION('',(1.,-0.));
#16360 = ( GEOMETRIC_REPRESENTATION_CONTEXT(2) 
PARAMETRIC_REPRESENTATION_CONTEXT() REPRESENTATION_CONTEXT('2D SPACE',''
  ) );
#16361 = FACE_BOUND('',#16362,.F.);
#16362 = EDGE_LOOP('',(#16363));
#16363 = ORIENTED_EDGE('',*,*,#16364,.T.);
#16364 = EDGE_CURVE('',#16365,#16365,#16367,.T.);
#16365 = VERTEX_POINT('',#16366);
#16366 = CARTESIAN_POINT('',(86.25,24.,6.));
#16367 = SURFACE_CURVE('',#16368,(#16373,#16384),.PCURVE_S1.);
#16368 = CIRCLE('',#16369,2.25);
#16369 = AXIS2_PLACEMENT_3D('',#16370,#16371,#16372);
#16370 = CARTESIAN_POINT('',(84.,24.,6.));
#16371 = DIRECTION('',(0.,0.,-1.));
#16372 = DIRECTION('',(1.,0.,0.));
#16373 = PCURVE('',#15665,#16374);
#16374 = DEFINITIONAL_REPRESENTATION('',(#16375),#16383);
#16375 = ( BOUNDED_CURVE() B_SPLINE_CURVE(2,(#16376,#16377,#16378,#16379
    ,#16380,#16381,#16382),.UNSPECIFIED.,.T.,.F.) 
B_SPLINE_CURVE_WITH_KNOTS((1,2,2,2,2,1),(-2.094395102393,0.,
    2.094395102393,4.188790204786,6.28318530718,8.377580409573),
.UNSPECIFIED.) CURVE() GEOMETRIC_REPRESENTATION_ITEM() 
RATIONAL_B_SPLINE_CURVE((1.,0.5,1.,0.5,1.,0.5,1.)) REPRESENTATION_ITEM(
  '') );
#16376 = CARTESIAN_POINT('',(27.25,64.));
#16377 = CARTESIAN_POINT('',(27.25,60.10288568297));
#16378 = CARTESIAN_POINT('',(23.875,62.051442841485));
#16379 = CARTESIAN_POINT('',(20.5,64.));
#16380 = CARTESIAN_POINT('',(23.875,65.948557158515));
#16381 = CARTESIAN_POINT('',(27.25,67.89711431703));
#16382 = CARTESIAN_POINT('',(27.25,64.));
#16383 = ( GEOMETRIC_REPRESENTATION_CONTEXT(2) 
PARAMETRIC_REPRESENTATION_CONTEXT() REPRESENTATION_CONTEXT('2D SPACE',''
  ) );
#16384 = PCURVE('',#16031,#16385);
#16385 = DEFINITIONAL_REPRESENTATION('',(#16386),#16390);
#16386 = LINE('',#16387,#16388);
#16387 = CARTESIAN_POINT('',(-6.28318530718,-16.));
#16388 = VECTOR('',#16389,1.);
#16389 = DIRECTION('',(1.,-0.));
#16390 = ( GEOMETRIC_REPRESENTATION_CONTEXT(2) 
PARAMETRIC_REPRESENTATION_CONTEXT() REPRESENTATION_CONTEXT('2D SPACE',''
  ) );
#16391 = ADVANCED_FACE('',(#16392),#15747,.F.);
#16392 = FACE_BOUND('',#16393,.F.);
#16393 = EDGE_LOOP('',(#16394,#16395,#16396,#16397));
#16394 = ORIENTED_EDGE('',*,*,#16152,.F.);
#16395 = ORIENTED_EDGE('',*,*,#16070,.T.);
#16396 = ORIENTED_EDGE('',*,*,#15731,.T.);
#16397 = ORIENTED_EDGE('',*,*,#16398,.F.);
#16398 = EDGE_CURVE('',#16153,#15732,#16399,.T.);
#16399 = SURFACE_CURVE('',#16400,(#16404,#16411),.PCURVE_S1.);
#16400 = LINE('',#16401,#16402);
#16401 = CARTESIAN_POINT('',(88.,-40.,6.));
#16402 = VECTOR('',#16403,1.);
#16403 = DIRECTION('',(0.,0.,1.));
#16404 = PCURVE('',#15747,#16405);
#16405 = DEFINITIONAL_REPRESENTATION('',(#16406),#16410);
#16406 = LINE('',#16407,#16408);
#16407 = CARTESIAN_POINT('',(0.,29.));
#16408 = VECTOR('',#16409,1.);
#16409 = DIRECTION('',(1.,0.));
#16410 = ( GEOMETRIC_REPRESENTATION_CONTEXT(2) 
PARAMETRIC_REPRESENTATION_CONTEXT() REPRESENTATION_CONTEXT('2D SPACE',''
  ) );
#16411 = PCURVE('',#15780,#16412);
#16412 = DEFINITIONAL_REPRESENTATION('',(#16413),#16417);
#16413 = LINE('',#16414,#16415);
#16414 = CARTESIAN_POINT('',(-1.570796326795,0.));
#16415 = VECTOR('',#16416,1.);
#16416 = DIRECTION('',(-0.,1.));
#16417 = ( GEOMETRIC_REPRESENTATION_CONTEXT(2) 
PARAMETRIC_REPRESENTATION_CONTEXT() REPRESENTATION_CONTEXT('2D SPACE',''
  ) );
#16418 = ADVANCED_FACE('',(#16419),#15865,.T.);
#16419 = FACE_BOUND('',#16420,.T.);
#16420 = EDGE_LOOP('',(#16421,#16422,#16423,#16424));
#16421 = ORIENTED_EDGE('',*,*,#16250,.F.);
#16422 = ORIENTED_EDGE('',*,*,#16124,.T.);
#16423 = ORIENTED_EDGE('',*,*,#15849,.T.);
#16424 = ORIENTED_EDGE('',*,*,#16425,.F.);
#16425 = EDGE_CURVE('',#16227,#15821,#16426,.T.);
#16426 = SURFACE_CURVE('',#16427,(#16431,#16438),.PCURVE_S1.);
#16427 = LINE('',#16428,#16429);
#16428 = CARTESIAN_POINT('',(88.,40.,6.));
#16429 = VECTOR('',#16430,1.);
#16430 = DIRECTION('',(0.,0.,1.));
#16431 = PCURVE('',#15865,#16432);
#16432 = DEFINITIONAL_REPRESENTATION('',(#16433),#16437);
#16433 = LINE('',#16434,#16435);
#16434 = CARTESIAN_POINT('',(0.,29.));
#16435 = VECTOR('',#16436,1.);
#16436 = DIRECTION('',(1.,0.));
#16437 = ( GEOMETRIC_REPRESENTATION_CONTEXT(2) 
PARAMETRIC_REPRESENTATION_CONTEXT() REPRESENTATION_CONTEXT('2D SPACE',''
  ) );
#16438 = PCURVE('',#15837,#16439);
#16439 = DEFINITIONAL_REPRESENTATION('',(#16440),#16444);
#16440 = LINE('',#16441,#16442);
#16441 = CARTESIAN_POINT('',(1.570796326795,0.));
#16442 = VECTOR('',#16443,1.);
#16443 = DIRECTION('',(0.,1.));
#16444 = ( GEOMETRIC_REPRESENTATION_CONTEXT(2) 
PARAMETRIC_REPRESENTATION_CONTEXT() REPRESENTATION_CONTEXT('2D SPACE',''
  ) );
#16445 = ADVANCED_FACE('',(#16446),#15780,.T.);
#16446 = FACE_BOUND('',#16447,.F.);
#16447 = EDGE_LOOP('',(#16448,#16449,#16450,#16451));
#16448 = ORIENTED_EDGE('',*,*,#16175,.T.);
#16449 = ORIENTED_EDGE('',*,*,#16398,.T.);
#16450 = ORIENTED_EDGE('',*,*,#15759,.F.);
#16451 = ORIENTED_EDGE('',*,*,#16452,.F.);
#16452 = EDGE_CURVE('',#16176,#15760,#16453,.T.);
#16453 = SURFACE_CURVE('',#16454,(#16458,#16465),.PCURVE_S1.);
#16454 = LINE('',#16455,#16456);
#16455 = CARTESIAN_POINT('',(91.,-37.,6.));
#16456 = VECTOR('',#16457,1.);
#16457 = DIRECTION('',(0.,0.,1.));
#16458 = PCURVE('',#15780,#16459);
#16459 = DEFINITIONAL_REPRESENTATION('',(#16460),#16464);
#16460 = LINE('',#16461,#16462);
#16461 = CARTESIAN_POINT('',(-0.,0.));
#16462 = VECTOR('',#16463,1.);
#16463 = DIRECTION('',(-0.,1.));
#16464 = ( GEOMETRIC_REPRESENTATION_CONTEXT(2) 
PARAMETRIC_REPRESENTATION_CONTEXT() REPRESENTATION_CONTEXT('2D SPACE',''
  ) );
#16465 = PCURVE('',#15808,#16466);
#16466 = DEFINITIONAL_REPRESENTATION('',(#16467),#16471);
#16467 = LINE('',#16468,#16469);
#16468 = CARTESIAN_POINT('',(0.,-3.));
#16469 = VECTOR('',#16470,1.);
#16470 = DIRECTION('',(1.,0.));
#16471 = ( GEOMETRIC_REPRESENTATION_CONTEXT(2) 
PARAMETRIC_REPRESENTATION_CONTEXT() REPRESENTATION_CONTEXT('2D SPACE',''
  ) );
#16472 = ADVANCED_FACE('',(#16473),#15837,.T.);
#16473 = FACE_BOUND('',#16474,.T.);
#16474 = EDGE_LOOP('',(#16475,#16476,#16477,#16478));
#16475 = ORIENTED_EDGE('',*,*,#16226,.T.);
#16476 = ORIENTED_EDGE('',*,*,#16425,.T.);
#16477 = ORIENTED_EDGE('',*,*,#15820,.F.);
#16478 = ORIENTED_EDGE('',*,*,#16479,.F.);
#16479 = EDGE_CURVE('',#16204,#15793,#16480,.T.);
#16480 = SURFACE_CURVE('',#16481,(#16485,#16492),.PCURVE_S1.);
#16481 = LINE('',#16482,#16483);
#16482 = CARTESIAN_POINT('',(91.,37.,6.));
#16483 = VECTOR('',#16484,1.);
#16484 = DIRECTION('',(0.,0.,1.));
#16485 = PCURVE('',#15837,#16486);
#16486 = DEFINITIONAL_REPRESENTATION('',(#16487),#16491);
#16487 = LINE('',#16488,#16489);
#16488 = CARTESIAN_POINT('',(0.,0.));
#16489 = VECTOR('',#16490,1.);
#16490 = DIRECTION('',(0.,1.));
#16491 = ( GEOMETRIC_REPRESENTATION_CONTEXT(2) 
PARAMETRIC_REPRESENTATION_CONTEXT() REPRESENTATION_CONTEXT('2D SPACE',''
  ) );
#16492 = PCURVE('',#15808,#16493);
#16493 = DEFINITIONAL_REPRESENTATION('',(#16494),#16498);
#16494 = LINE('',#16495,#16496);
#16495 = CARTESIAN_POINT('',(0.,-77.));
#16496 = VECTOR('',#16497,1.);
#16497 = DIRECTION('',(1.,0.));
#16498 = ( GEOMETRIC_REPRESENTATION_CONTEXT(2) 
PARAMETRIC_REPRESENTATION_CONTEXT() REPRESENTATION_CONTEXT('2D SPACE',''
  ) );
#16499 = ADVANCED_FACE('',(#16500),#15808,.T.);
#16500 = FACE_BOUND('',#16501,.T.);
#16501 = EDGE_LOOP('',(#16502,#16503,#16504,#16505));
#16502 = ORIENTED_EDGE('',*,*,#15792,.F.);
#16503 = ORIENTED_EDGE('',*,*,#16452,.F.);
#16504 = ORIENTED_EDGE('',*,*,#16203,.T.);
#16505 = ORIENTED_EDGE('',*,*,#16479,.T.);
#16506 = ADVANCED_FACE('',(#16507),#15926,.F.);
#16507 = FACE_BOUND('',#16508,.T.);
#16508 = EDGE_LOOP('',(#16509,#16510,#16531,#16532));
#16509 = ORIENTED_EDGE('',*,*,#16274,.T.);
#16510 = ORIENTED_EDGE('',*,*,#16511,.T.);
#16511 = EDGE_CURVE('',#16275,#15906,#16512,.T.);
#16512 = SEAM_CURVE('',#16513,(#16517,#16524),.PCURVE_S1.);
#16513 = LINE('',#16514,#16515);
#16514 = CARTESIAN_POINT('',(68.25,-24.,-10.));
#16515 = VECTOR('',#16516,1.);
#16516 = DIRECTION('',(0.,0.,1.));
#16517 = PCURVE('',#15926,#16518);
#16518 = DEFINITIONAL_REPRESENTATION('',(#16519),#16523);
#16519 = LINE('',#16520,#16521);
#16520 = CARTESIAN_POINT('',(-6.28318530718,0.));
#16521 = VECTOR('',#16522,1.);
#16522 = DIRECTION('',(-0.,-1.));
#16523 = ( GEOMETRIC_REPRESENTATION_CONTEXT(2) 
PARAMETRIC_REPRESENTATION_CONTEXT() REPRESENTATION_CONTEXT('2D SPACE',''
  ) );
#16524 = PCURVE('',#15926,#16525);
#16525 = DEFINITIONAL_REPRESENTATION('',(#16526),#16530);
#16526 = LINE('',#16527,#16528);
#16527 = CARTESIAN_POINT('',(-0.,0.));
#16528 = VECTOR('',#16529,1.);
#16529 = DIRECTION('',(-0.,-1.));
#16530 = ( GEOMETRIC_REPRESENTATION_CONTEXT(2) 
PARAMETRIC_REPRESENTATION_CONTEXT() REPRESENTATION_CONTEXT('2D SPACE',''
  ) );
#16531 = ORIENTED_EDGE('',*,*,#15905,.F.);
#16532 = ORIENTED_EDGE('',*,*,#16511,.F.);
#16533 = ADVANCED_FACE('',(#16534),#15961,.F.);
#16534 = FACE_BOUND('',#16535,.T.);
#16535 = EDGE_LOOP('',(#16536,#16537,#16558,#16559));
#16536 = ORIENTED_EDGE('',*,*,#16304,.T.);
#16537 = ORIENTED_EDGE('',*,*,#16538,.T.);
#16538 = EDGE_CURVE('',#16305,#15941,#16539,.T.);
#16539 = SEAM_CURVE('',#16540,(#16544,#16551),.PCURVE_S1.);
#16540 = LINE('',#16541,#16542);
#16541 = CARTESIAN_POINT('',(86.25,-24.,-10.));
#16542 = VECTOR('',#16543,1.);
#16543 = DIRECTION('',(0.,0.,1.));
#16544 = PCURVE('',#15961,#16545);
#16545 = DEFINITIONAL_REPRESENTATION('',(#16546),#16550);
#16546 = LINE('',#16547,#16548);
#16547 = CARTESIAN_POINT('',(-6.28318530718,0.));
#16548 = VECTOR('',#16549,1.);
#16549 = DIRECTION('',(-0.,-1.));
#16550 = ( GEOMETRIC_REPRESENTATION_CONTEXT(2) 
PARAMETRIC_REPRESENTATION_CONTEXT() REPRESENTATION_CONTEXT('2D SPACE',''
  ) );
#16551 = PCURVE('',#15961,#16552);
#16552 = DEFINITIONAL_REPRESENTATION('',(#16553),#16557);
#16553 = LINE('',#16554,#16555);
#16554 = CARTESIAN_POINT('',(-0.,0.));
#16555 = VECTOR('',#16556,1.);
#16556 = DIRECTION('',(-0.,-1.));
#16557 = ( GEOMETRIC_REPRESENTATION_CONTEXT(2) 
PARAMETRIC_REPRESENTATION_CONTEXT() REPRESENTATION_CONTEXT('2D SPACE',''
  ) );
#16558 = ORIENTED_EDGE('',*,*,#15940,.F.);
#16559 = ORIENTED_EDGE('',*,*,#16538,.F.);
#16560 = ADVANCED_FACE('',(#16561),#15996,.F.);
#16561 = FACE_BOUND('',#16562,.T.);
#16562 = EDGE_LOOP('',(#16563,#16564,#16585,#16586));
#16563 = ORIENTED_EDGE('',*,*,#16334,.T.);
#16564 = ORIENTED_EDGE('',*,*,#16565,.T.);
#16565 = EDGE_CURVE('',#16335,#15976,#16566,.T.);
#16566 = SEAM_CURVE('',#16567,(#16571,#16578),.PCURVE_S1.);
#16567 = LINE('',#16568,#16569);
#16568 = CARTESIAN_POINT('',(68.25,24.,-10.));
#16569 = VECTOR('',#16570,1.);
#16570 = DIRECTION('',(0.,0.,1.));
#16571 = PCURVE('',#15996,#16572);
#16572 = DEFINITIONAL_REPRESENTATION('',(#16573),#16577);
#16573 = LINE('',#16574,#16575);
#16574 = CARTESIAN_POINT('',(-6.28318530718,0.));
#16575 = VECTOR('',#16576,1.);
#16576 = DIRECTION('',(-0.,-1.));
#16577 = ( GEOMETRIC_REPRESENTATION_CONTEXT(2) 
PARAMETRIC_REPRESENTATION_CONTEXT() REPRESENTATION_CONTEXT('2D SPACE',''
  ) );
#16578 = PCURVE('',#15996,#16579);
#16579 = DEFINITIONAL_REPRESENTATION('',(#16580),#16584);
#16580 = LINE('',#16581,#16582);
#16581 = CARTESIAN_POINT('',(-0.,0.));
#16582 = VECTOR('',#16583,1.);
#16583 = DIRECTION('',(-0.,-1.));
#16584 = ( GEOMETRIC_REPRESENTATION_CONTEXT(2) 
PARAMETRIC_REPRESENTATION_CONTEXT() REPRESENTATION_CONTEXT('2D SPACE',''
  ) );
#16585 = ORIENTED_EDGE('',*,*,#15975,.F.);
#16586 = ORIENTED_EDGE('',*,*,#16565,.F.);
#16587 = ADVANCED_FACE('',(#16588),#16031,.F.);
#16588 = FACE_BOUND('',#16589,.T.);
#16589 = EDGE_LOOP('',(#16590,#16591,#16612,#16613));
#16590 = ORIENTED_EDGE('',*,*,#16364,.T.);
#16591 = ORIENTED_EDGE('',*,*,#16592,.T.);
#16592 = EDGE_CURVE('',#16365,#16011,#16593,.T.);
#16593 = SEAM_CURVE('',#16594,(#16598,#16605),.PCURVE_S1.);
#16594 = LINE('',#16595,#16596);
#16595 = CARTESIAN_POINT('',(86.25,24.,-10.));
#16596 = VECTOR('',#16597,1.);
#16597 = DIRECTION('',(0.,0.,1.));
#16598 = PCURVE('',#16031,#16599);
#16599 = DEFINITIONAL_REPRESENTATION('',(#16600),#16604);
#16600 = LINE('',#16601,#16602);
#16601 = CARTESIAN_POINT('',(-6.28318530718,0.));
#16602 = VECTOR('',#16603,1.);
#16603 = DIRECTION('',(-0.,-1.));
#16604 = ( GEOMETRIC_REPRESENTATION_CONTEXT(2) 
PARAMETRIC_REPRESENTATION_CONTEXT() REPRESENTATION_CONTEXT('2D SPACE',''
  ) );
#16605 = PCURVE('',#16031,#16606);
#16606 = DEFINITIONAL_REPRESENTATION('',(#16607),#16611);
#16607 = LINE('',#16608,#16609);
#16608 = CARTESIAN_POINT('',(-0.,0.));
#16609 = VECTOR('',#16610,1.);
#16610 = DIRECTION('',(-0.,-1.));
#16611 = ( GEOMETRIC_REPRESENTATION_CONTEXT(2) 
PARAMETRIC_REPRESENTATION_CONTEXT() REPRESENTATION_CONTEXT('2D SPACE',''
  ) );
#16612 = ORIENTED_EDGE('',*,*,#16010,.F.);
#16613 = ORIENTED_EDGE('',*,*,#16592,.F.);
#16614 = ( GEOMETRIC_REPRESENTATION_CONTEXT(3) 
GLOBAL_UNCERTAINTY_ASSIGNED_CONTEXT((#16618)) 
GLOBAL_UNIT_ASSIGNED_CONTEXT((#16615,#16616,#16617)) 
REPRESENTATION_CONTEXT('Context #1',
  '3D Context with UNIT and UNCERTAINTY') );
#16615 = ( LENGTH_UNIT() NAMED_UNIT(*) SI_UNIT(.MILLI.,.METRE.) );
#16616 = ( NAMED_UNIT(*) PLANE_ANGLE_UNIT() SI_UNIT($,.RADIAN.) );
#16617 = ( NAMED_UNIT(*) SI_UNIT($,.STERADIAN.) SOLID_ANGLE_UNIT() );
#16618 = UNCERTAINTY_MEASURE_WITH_UNIT(LENGTH_MEASURE(1.E-07),#16615,
  'distance_accuracy_value','confusion accuracy');
#16619 = CONTEXT_DEPENDENT_SHAPE_REPRESENTATION(#16620,#16622);
#16620 = ( REPRESENTATION_RELATIONSHIP('','',#15579,#10) 
REPRESENTATION_RELATIONSHIP_WITH_TRANSFORMATION(#16621) 
SHAPE_REPRESENTATION_RELATIONSHIP() );
#16621 = ITEM_DEFINED_TRANSFORMATION('','',#11,#43);
#16622 = PRODUCT_DEFINITION_SHAPE('Placement','Placement of an item',
  #16623);
#16623 = NEXT_ASSEMBLY_USAGE_OCCURRENCE('8',
  '08_Longitudinal_Joint_Plate','',#5,#15574,$);
#16624 = PRODUCT_RELATED_PRODUCT_CATEGORY('part',$,(#15576));
#16625 = SHAPE_DEFINITION_REPRESENTATION(#16626,#16632);
#16626 = PRODUCT_DEFINITION_SHAPE('','',#16627);
#16627 = PRODUCT_DEFINITION('design','',#16628,#16631);
#16628 = PRODUCT_DEFINITION_FORMATION('','',#16629);
#16629 = PRODUCT('09_Rear_Castor_Adapter_Blank',
  '09_Rear_Castor_Adapter_Blank','',(#16630));
#16630 = PRODUCT_CONTEXT('',#2,'mechanical');
#16631 = PRODUCT_DEFINITION_CONTEXT('part definition',#2,'design');
#16632 = ADVANCED_BREP_SHAPE_REPRESENTATION('',(#11,#16633),#17667);
#16633 = MANIFOLD_SOLID_BREP('',#16634);
#16634 = CLOSED_SHELL('',(#16635,#16755,#17095,#17145,#17199,#17444,
    #17471,#17498,#17525,#17552,#17559,#17586,#17613,#17640));
#16635 = ADVANCED_FACE('',(#16636),#16650,.F.);
#16636 = FACE_BOUND('',#16637,.F.);
#16637 = EDGE_LOOP('',(#16638,#16673,#16701,#16729));
#16638 = ORIENTED_EDGE('',*,*,#16639,.F.);
#16639 = EDGE_CURVE('',#16640,#16642,#16644,.T.);
#16640 = VERTEX_POINT('',#16641);
#16641 = CARTESIAN_POINT('',(-162.,-28.,0.));
#16642 = VERTEX_POINT('',#16643);
#16643 = CARTESIAN_POINT('',(-162.,28.,0.));
#16644 = SURFACE_CURVE('',#16645,(#16649,#16661),.PCURVE_S1.);
#16645 = LINE('',#16646,#16647);
#16646 = CARTESIAN_POINT('',(-162.,-32.,0.));
#16647 = VECTOR('',#16648,1.);
#16648 = DIRECTION('',(0.,1.,0.));
#16649 = PCURVE('',#16650,#16655);
#16650 = PLANE('',#16651);
#16651 = AXIS2_PLACEMENT_3D('',#16652,#16653,#16654);
#16652 = CARTESIAN_POINT('',(-162.,-32.,-6.));
#16653 = DIRECTION('',(1.,0.,0.));
#16654 = DIRECTION('',(0.,0.,1.));
#16655 = DEFINITIONAL_REPRESENTATION('',(#16656),#16660);
#16656 = LINE('',#16657,#16658);
#16657 = CARTESIAN_POINT('',(6.,0.));
#16658 = VECTOR('',#16659,1.);
#16659 = DIRECTION('',(0.,-1.));
#16660 = ( GEOMETRIC_REPRESENTATION_CONTEXT(2) 
PARAMETRIC_REPRESENTATION_CONTEXT() REPRESENTATION_CONTEXT('2D SPACE',''
  ) );
#16661 = PCURVE('',#16662,#16667);
#16662 = PLANE('',#16663);
#16663 = AXIS2_PLACEMENT_3D('',#16664,#16665,#16666);
#16664 = CARTESIAN_POINT('',(-162.,-32.,0.));
#16665 = DIRECTION('',(0.,0.,1.));
#16666 = DIRECTION('',(1.,0.,0.));
#16667 = DEFINITIONAL_REPRESENTATION('',(#16668),#16672);
#16668 = LINE('',#16669,#16670);
#16669 = CARTESIAN_POINT('',(0.,0.));
#16670 = VECTOR('',#16671,1.);
#16671 = DIRECTION('',(0.,1.));
#16672 = ( GEOMETRIC_REPRESENTATION_CONTEXT(2) 
PARAMETRIC_REPRESENTATION_CONTEXT() REPRESENTATION_CONTEXT('2D SPACE',''
  ) );
#16673 = ORIENTED_EDGE('',*,*,#16674,.F.);
#16674 = EDGE_CURVE('',#16675,#16640,#16677,.T.);
#16675 = VERTEX_POINT('',#16676);
#16676 = CARTESIAN_POINT('',(-162.,-28.,-6.));
#16677 = SURFACE_CURVE('',#16678,(#16682,#16689),.PCURVE_S1.);
#16678 = LINE('',#16679,#16680);
#16679 = CARTESIAN_POINT('',(-162.,-28.,-6.));
#16680 = VECTOR('',#16681,1.);
#16681 = DIRECTION('',(0.,0.,1.));
#16682 = PCURVE('',#16650,#16683);
#16683 = DEFINITIONAL_REPRESENTATION('',(#16684),#16688);
#16684 = LINE('',#16685,#16686);
#16685 = CARTESIAN_POINT('',(0.,-4.));
#16686 = VECTOR('',#16687,1.);
#16687 = DIRECTION('',(1.,0.));
#16688 = ( GEOMETRIC_REPRESENTATION_CONTEXT(2) 
PARAMETRIC_REPRESENTATION_CONTEXT() REPRESENTATION_CONTEXT('2D SPACE',''
  ) );
#16689 = PCURVE('',#16690,#16695);
#16690 = CYLINDRICAL_SURFACE('',#16691,4.);
#16691 = AXIS2_PLACEMENT_3D('',#16692,#16693,#16694);
#16692 = CARTESIAN_POINT('',(-158.,-28.,-6.));
#16693 = DIRECTION('',(0.,0.,1.));
#16694 = DIRECTION('',(-1.,-0.,0.));
#16695 = DEFINITIONAL_REPRESENTATION('',(#16696),#16700);
#16696 = LINE('',#16697,#16698);
#16697 = CARTESIAN_POINT('',(0.,0.));
#16698 = VECTOR('',#16699,1.);
#16699 = DIRECTION('',(0.,1.));
#16700 = ( GEOMETRIC_REPRESENTATION_CONTEXT(2) 
PARAMETRIC_REPRESENTATION_CONTEXT() REPRESENTATION_CONTEXT('2D SPACE',''
  ) );
#16701 = ORIENTED_EDGE('',*,*,#16702,.T.);
#16702 = EDGE_CURVE('',#16675,#16703,#16705,.T.);
#16703 = VERTEX_POINT('',#16704);
#16704 = CARTESIAN_POINT('',(-162.,28.,-6.));
#16705 = SURFACE_CURVE('',#16706,(#16710,#16717),.PCURVE_S1.);
#16706 = LINE('',#16707,#16708);
#16707 = CARTESIAN_POINT('',(-162.,-32.,-6.));
#16708 = VECTOR('',#16709,1.);
#16709 = DIRECTION('',(0.,1.,0.));
#16710 = PCURVE('',#16650,#16711);
#16711 = DEFINITIONAL_REPRESENTATION('',(#16712),#16716);
#16712 = LINE('',#16713,#16714);
#16713 = CARTESIAN_POINT('',(0.,0.));
#16714 = VECTOR('',#16715,1.);
#16715 = DIRECTION('',(0.,-1.));
#16716 = ( GEOMETRIC_REPRESENTATION_CONTEXT(2) 
PARAMETRIC_REPRESENTATION_CONTEXT() REPRESENTATION_CONTEXT('2D SPACE',''
  ) );
#16717 = PCURVE('',#16718,#16723);
#16718 = PLANE('',#16719);
#16719 = AXIS2_PLACEMENT_3D('',#16720,#16721,#16722);
#16720 = CARTESIAN_POINT('',(-162.,-32.,-6.));
#16721 = DIRECTION('',(0.,0.,1.));
#16722 = DIRECTION('',(1.,0.,0.));
#16723 = DEFINITIONAL_REPRESENTATION('',(#16724),#16728);
#16724 = LINE('',#16725,#16726);
#16725 = CARTESIAN_POINT('',(0.,0.));
#16726 = VECTOR('',#16727,1.);
#16727 = DIRECTION('',(0.,1.));
#16728 = ( GEOMETRIC_REPRESENTATION_CONTEXT(2) 
PARAMETRIC_REPRESENTATION_CONTEXT() REPRESENTATION_CONTEXT('2D SPACE',''
  ) );
#16729 = ORIENTED_EDGE('',*,*,#16730,.T.);
#16730 = EDGE_CURVE('',#16703,#16642,#16731,.T.);
#16731 = SURFACE_CURVE('',#16732,(#16736,#16743),.PCURVE_S1.);
#16732 = LINE('',#16733,#16734);
#16733 = CARTESIAN_POINT('',(-162.,28.,-6.));
#16734 = VECTOR('',#16735,1.);
#16735 = DIRECTION('',(0.,0.,1.));
#16736 = PCURVE('',#16650,#16737);
#16737 = DEFINITIONAL_REPRESENTATION('',(#16738),#16742);
#16738 = LINE('',#16739,#16740);
#16739 = CARTESIAN_POINT('',(0.,-60.));
#16740 = VECTOR('',#16741,1.);
#16741 = DIRECTION('',(1.,0.));
#16742 = ( GEOMETRIC_REPRESENTATION_CONTEXT(2) 
PARAMETRIC_REPRESENTATION_CONTEXT() REPRESENTATION_CONTEXT('2D SPACE',''
  ) );
#16743 = PCURVE('',#16744,#16749);
#16744 = CYLINDRICAL_SURFACE('',#16745,4.);
#16745 = AXIS2_PLACEMENT_3D('',#16746,#16747,#16748);
#16746 = CARTESIAN_POINT('',(-158.,28.,-6.));
#16747 = DIRECTION('',(0.,0.,1.));
#16748 = DIRECTION('',(-1.,-0.,0.));
#16749 = DEFINITIONAL_REPRESENTATION('',(#16750),#16754);
#16750 = LINE('',#16751,#16752);
#16751 = CARTESIAN_POINT('',(-0.,0.));
#16752 = VECTOR('',#16753,1.);
#16753 = DIRECTION('',(-0.,1.));
#16754 = ( GEOMETRIC_REPRESENTATION_CONTEXT(2) 
PARAMETRIC_REPRESENTATION_CONTEXT() REPRESENTATION_CONTEXT('2D SPACE',''
  ) );
#16755 = ADVANCED_FACE('',(#16756,#16955,#16990,#17025,#17060),#16662,
  .T.);
#16756 = FACE_BOUND('',#16757,.T.);
#16757 = EDGE_LOOP('',(#16758,#16759,#16783,#16811,#16844,#16872,#16901,
    #16929));
#16758 = ORIENTED_EDGE('',*,*,#16639,.F.);
#16759 = ORIENTED_EDGE('',*,*,#16760,.T.);
#16760 = EDGE_CURVE('',#16640,#16761,#16763,.T.);
#16761 = VERTEX_POINT('',#16762);
#16762 = CARTESIAN_POINT('',(-158.,-32.,0.));
#16763 = SURFACE_CURVE('',#16764,(#16769,#16776),.PCURVE_S1.);
#16764 = CIRCLE('',#16765,4.);
#16765 = AXIS2_PLACEMENT_3D('',#16766,#16767,#16768);
#16766 = CARTESIAN_POINT('',(-158.,-28.,0.));
#16767 = DIRECTION('',(0.,0.,1.));
#16768 = DIRECTION('',(0.,-1.,0.));
#16769 = PCURVE('',#16662,#16770);
#16770 = DEFINITIONAL_REPRESENTATION('',(#16771),#16775);
#16771 = CIRCLE('',#16772,4.);
#16772 = AXIS2_PLACEMENT_2D('',#16773,#16774);
#16773 = CARTESIAN_POINT('',(4.,4.));
#16774 = DIRECTION('',(0.,-1.));
#16775 = ( GEOMETRIC_REPRESENTATION_CONTEXT(2) 
PARAMETRIC_REPRESENTATION_CONTEXT() REPRESENTATION_CONTEXT('2D SPACE',''
  ) );
#16776 = PCURVE('',#16690,#16777);
#16777 = DEFINITIONAL_REPRESENTATION('',(#16778),#16782);
#16778 = LINE('',#16779,#16780);
#16779 = CARTESIAN_POINT('',(-4.712388980385,6.));
#16780 = VECTOR('',#16781,1.);
#16781 = DIRECTION('',(1.,0.));
#16782 = ( GEOMETRIC_REPRESENTATION_CONTEXT(2) 
PARAMETRIC_REPRESENTATION_CONTEXT() REPRESENTATION_CONTEXT('2D SPACE',''
  ) );
#16783 = ORIENTED_EDGE('',*,*,#16784,.T.);
#16784 = EDGE_CURVE('',#16761,#16785,#16787,.T.);
#16785 = VERTEX_POINT('',#16786);
#16786 = CARTESIAN_POINT('',(-112.,-32.,0.));
#16787 = SURFACE_CURVE('',#16788,(#16792,#16799),.PCURVE_S1.);
#16788 = LINE('',#16789,#16790);
#16789 = CARTESIAN_POINT('',(-162.,-32.,0.));
#16790 = VECTOR('',#16791,1.);
#16791 = DIRECTION('',(1.,0.,0.));
#16792 = PCURVE('',#16662,#16793);
#16793 = DEFINITIONAL_REPRESENTATION('',(#16794),#16798);
#16794 = LINE('',#16795,#16796);
#16795 = CARTESIAN_POINT('',(0.,0.));
#16796 = VECTOR('',#16797,1.);
#16797 = DIRECTION('',(1.,0.));
#16798 = ( GEOMETRIC_REPRESENTATION_CONTEXT(2) 
PARAMETRIC_REPRESENTATION_CONTEXT() REPRESENTATION_CONTEXT('2D SPACE',''
  ) );
#16799 = PCURVE('',#16800,#16805);
#16800 = PLANE('',#16801);
#16801 = AXIS2_PLACEMENT_3D('',#16802,#16803,#16804);
#16802 = CARTESIAN_POINT('',(-162.,-32.,-6.));
#16803 = DIRECTION('',(0.,1.,0.));
#16804 = DIRECTION('',(0.,0.,1.));
#16805 = DEFINITIONAL_REPRESENTATION('',(#16806),#16810);
#16806 = LINE('',#16807,#16808);
#16807 = CARTESIAN_POINT('',(6.,0.));
#16808 = VECTOR('',#16809,1.);
#16809 = DIRECTION('',(0.,1.));
#16810 = ( GEOMETRIC_REPRESENTATION_CONTEXT(2) 
PARAMETRIC_REPRESENTATION_CONTEXT() REPRESENTATION_CONTEXT('2D SPACE',''
  ) );
#16811 = ORIENTED_EDGE('',*,*,#16812,.F.);
#16812 = EDGE_CURVE('',#16813,#16785,#16815,.T.);
#16813 = VERTEX_POINT('',#16814);
#16814 = CARTESIAN_POINT('',(-108.,-28.,0.));
#16815 = SURFACE_CURVE('',#16816,(#16821,#16832),.PCURVE_S1.);
#16816 = CIRCLE('',#16817,4.);
#16817 = AXIS2_PLACEMENT_3D('',#16818,#16819,#16820);
#16818 = CARTESIAN_POINT('',(-112.,-28.,0.));
#16819 = DIRECTION('',(-0.,-0.,-1.));
#16820 = DIRECTION('',(0.,-1.,0.));
#16821 = PCURVE('',#16662,#16822);
#16822 = DEFINITIONAL_REPRESENTATION('',(#16823),#16831);
#16823 = ( BOUNDED_CURVE() B_SPLINE_CURVE(2,(#16824,#16825,#16826,#16827
    ,#16828,#16829,#16830),.UNSPECIFIED.,.T.,.F.) 
B_SPLINE_CURVE_WITH_KNOTS((1,2,2,2,2,1),(-2.094395102393,0.,
    2.094395102393,4.188790204786,6.28318530718,8.377580409573),
.UNSPECIFIED.) CURVE() GEOMETRIC_REPRESENTATION_ITEM() 
RATIONAL_B_SPLINE_CURVE((1.,0.5,1.,0.5,1.,0.5,1.)) REPRESENTATION_ITEM(
  '') );
#16824 = CARTESIAN_POINT('',(50.,0.));
#16825 = CARTESIAN_POINT('',(43.071796769724,0.));
#16826 = CARTESIAN_POINT('',(46.535898384862,6.));
#16827 = CARTESIAN_POINT('',(50.,12.));
#16828 = CARTESIAN_POINT('',(53.464101615138,6.));
#16829 = CARTESIAN_POINT('',(56.928203230276,6.217248937901E-15));
#16830 = CARTESIAN_POINT('',(50.,0.));
#16831 = ( GEOMETRIC_REPRESENTATION_CONTEXT(2) 
PARAMETRIC_REPRESENTATION_CONTEXT() REPRESENTATION_CONTEXT('2D SPACE',''
  ) );
#16832 = PCURVE('',#16833,#16838);
#16833 = CYLINDRICAL_SURFACE('',#16834,4.);
#16834 = AXIS2_PLACEMENT_3D('',#16835,#16836,#16837);
#16835 = CARTESIAN_POINT('',(-112.,-28.,-6.));
#16836 = DIRECTION('',(0.,0.,1.));
#16837 = DIRECTION('',(1.,0.,-0.));
#16838 = DEFINITIONAL_REPRESENTATION('',(#16839),#16843);
#16839 = LINE('',#16840,#16841);
#16840 = CARTESIAN_POINT('',(4.712388980385,6.));
#16841 = VECTOR('',#16842,1.);
#16842 = DIRECTION('',(-1.,0.));
#16843 = ( GEOMETRIC_REPRESENTATION_CONTEXT(2) 
PARAMETRIC_REPRESENTATION_CONTEXT() REPRESENTATION_CONTEXT('2D SPACE',''
  ) );
#16844 = ORIENTED_EDGE('',*,*,#16845,.T.);
#16845 = EDGE_CURVE('',#16813,#16846,#16848,.T.);
#16846 = VERTEX_POINT('',#16847);
#16847 = CARTESIAN_POINT('',(-108.,28.,0.));
#16848 = SURFACE_CURVE('',#16849,(#16853,#16860),.PCURVE_S1.);
#16849 = LINE('',#16850,#16851);
#16850 = CARTESIAN_POINT('',(-108.,-32.,0.));
#16851 = VECTOR('',#16852,1.);
#16852 = DIRECTION('',(0.,1.,0.));
#16853 = PCURVE('',#16662,#16854);
#16854 = DEFINITIONAL_REPRESENTATION('',(#16855),#16859);
#16855 = LINE('',#16856,#16857);
#16856 = CARTESIAN_POINT('',(54.,0.));
#16857 = VECTOR('',#16858,1.);
#16858 = DIRECTION('',(0.,1.));
#16859 = ( GEOMETRIC_REPRESENTATION_CONTEXT(2) 
PARAMETRIC_REPRESENTATION_CONTEXT() REPRESENTATION_CONTEXT('2D SPACE',''
  ) );
#16860 = PCURVE('',#16861,#16866);
#16861 = PLANE('',#16862);
#16862 = AXIS2_PLACEMENT_3D('',#16863,#16864,#16865);
#16863 = CARTESIAN_POINT('',(-108.,-32.,-6.));
#16864 = DIRECTION('',(1.,0.,0.));
#16865 = DIRECTION('',(0.,0.,1.));
#16866 = DEFINITIONAL_REPRESENTATION('',(#16867),#16871);
#16867 = LINE('',#16868,#16869);
#16868 = CARTESIAN_POINT('',(6.,0.));
#16869 = VECTOR('',#16870,1.);
#16870 = DIRECTION('',(0.,-1.));
#16871 = ( GEOMETRIC_REPRESENTATION_CONTEXT(2) 
PARAMETRIC_REPRESENTATION_CONTEXT() REPRESENTATION_CONTEXT('2D SPACE',''
  ) );
#16872 = ORIENTED_EDGE('',*,*,#16873,.T.);
#16873 = EDGE_CURVE('',#16846,#16874,#16876,.T.);
#16874 = VERTEX_POINT('',#16875);
#16875 = CARTESIAN_POINT('',(-112.,32.,0.));
#16876 = SURFACE_CURVE('',#16877,(#16882,#16889),.PCURVE_S1.);
#16877 = CIRCLE('',#16878,4.);
#16878 = AXIS2_PLACEMENT_3D('',#16879,#16880,#16881);
#16879 = CARTESIAN_POINT('',(-112.,28.,0.));
#16880 = DIRECTION('',(0.,0.,1.));
#16881 = DIRECTION('',(0.,-1.,0.));
#16882 = PCURVE('',#16662,#16883);
#16883 = DEFINITIONAL_REPRESENTATION('',(#16884),#16888);
#16884 = CIRCLE('',#16885,4.);
#16885 = AXIS2_PLACEMENT_2D('',#16886,#16887);
#16886 = CARTESIAN_POINT('',(50.,60.));
#16887 = DIRECTION('',(0.,-1.));
#16888 = ( GEOMETRIC_REPRESENTATION_CONTEXT(2) 
PARAMETRIC_REPRESENTATION_CONTEXT() REPRESENTATION_CONTEXT('2D SPACE',''
  ) );
#16889 = PCURVE('',#16890,#16895);
#16890 = CYLINDRICAL_SURFACE('',#16891,4.);
#16891 = AXIS2_PLACEMENT_3D('',#16892,#16893,#16894);
#16892 = CARTESIAN_POINT('',(-112.,28.,-6.));
#16893 = DIRECTION('',(0.,0.,1.));
#16894 = DIRECTION('',(1.,0.,-0.));
#16895 = DEFINITIONAL_REPRESENTATION('',(#16896),#16900);
#16896 = LINE('',#16897,#16898);
#16897 = CARTESIAN_POINT('',(-1.570796326795,6.));
#16898 = VECTOR('',#16899,1.);
#16899 = DIRECTION('',(1.,0.));
#16900 = ( GEOMETRIC_REPRESENTATION_CONTEXT(2) 
PARAMETRIC_REPRESENTATION_CONTEXT() REPRESENTATION_CONTEXT('2D SPACE',''
  ) );
#16901 = ORIENTED_EDGE('',*,*,#16902,.F.);
#16902 = EDGE_CURVE('',#16903,#16874,#16905,.T.);
#16903 = VERTEX_POINT('',#16904);
#16904 = CARTESIAN_POINT('',(-158.,32.,0.));
#16905 = SURFACE_CURVE('',#16906,(#16910,#16917),.PCURVE_S1.);
#16906 = LINE('',#16907,#16908);
#16907 = CARTESIAN_POINT('',(-162.,32.,0.));
#16908 = VECTOR('',#16909,1.);
#16909 = DIRECTION('',(1.,0.,0.));
#16910 = PCURVE('',#16662,#16911);
#16911 = DEFINITIONAL_REPRESENTATION('',(#16912),#16916);
#16912 = LINE('',#16913,#16914);
#16913 = CARTESIAN_POINT('',(0.,64.));
#16914 = VECTOR('',#16915,1.);
#16915 = DIRECTION('',(1.,0.));
#16916 = ( GEOMETRIC_REPRESENTATION_CONTEXT(2) 
PARAMETRIC_REPRESENTATION_CONTEXT() REPRESENTATION_CONTEXT('2D SPACE',''
  ) );
#16917 = PCURVE('',#16918,#16923);
#16918 = PLANE('',#16919);
#16919 = AXIS2_PLACEMENT_3D('',#16920,#16921,#16922);
#16920 = CARTESIAN_POINT('',(-162.,32.,-6.));
#16921 = DIRECTION('',(0.,1.,0.));
#16922 = DIRECTION('',(0.,0.,1.));
#16923 = DEFINITIONAL_REPRESENTATION('',(#16924),#16928);
#16924 = LINE('',#16925,#16926);
#16925 = CARTESIAN_POINT('',(6.,0.));
#16926 = VECTOR('',#16927,1.);
#16927 = DIRECTION('',(0.,1.));
#16928 = ( GEOMETRIC_REPRESENTATION_CONTEXT(2) 
PARAMETRIC_REPRESENTATION_CONTEXT() REPRESENTATION_CONTEXT('2D SPACE',''
  ) );
#16929 = ORIENTED_EDGE('',*,*,#16930,.F.);
#16930 = EDGE_CURVE('',#16642,#16903,#16931,.T.);
#16931 = SURFACE_CURVE('',#16932,(#16937,#16948),.PCURVE_S1.);
#16932 = CIRCLE('',#16933,4.);
#16933 = AXIS2_PLACEMENT_3D('',#16934,#16935,#16936);
#16934 = CARTESIAN_POINT('',(-158.,28.,0.));
#16935 = DIRECTION('',(-0.,-0.,-1.));
#16936 = DIRECTION('',(0.,-1.,0.));
#16937 = PCURVE('',#16662,#16938);
#16938 = DEFINITIONAL_REPRESENTATION('',(#16939),#16947);
#16939 = ( BOUNDED_CURVE() B_SPLINE_CURVE(2,(#16940,#16941,#16942,#16943
    ,#16944,#16945,#16946),.UNSPECIFIED.,.T.,.F.) 
B_SPLINE_CURVE_WITH_KNOTS((1,2,2,2,2,1),(-2.094395102393,0.,
    2.094395102393,4.188790204786,6.28318530718,8.377580409573),
.UNSPECIFIED.) CURVE() GEOMETRIC_REPRESENTATION_ITEM() 
RATIONAL_B_SPLINE_CURVE((1.,0.5,1.,0.5,1.,0.5,1.)) REPRESENTATION_ITEM(
  '') );
#16940 = CARTESIAN_POINT('',(4.,56.));
#16941 = CARTESIAN_POINT('',(-2.928203230276,56.));
#16942 = CARTESIAN_POINT('',(0.535898384862,62.));
#16943 = CARTESIAN_POINT('',(4.,68.));
#16944 = CARTESIAN_POINT('',(7.464101615138,62.));
#16945 = CARTESIAN_POINT('',(10.928203230276,56.));
#16946 = CARTESIAN_POINT('',(4.,56.));
#16947 = ( GEOMETRIC_REPRESENTATION_CONTEXT(2) 
PARAMETRIC_REPRESENTATION_CONTEXT() REPRESENTATION_CONTEXT('2D SPACE',''
  ) );
#16948 = PCURVE('',#16744,#16949);
#16949 = DEFINITIONAL_REPRESENTATION('',(#16950),#16954);
#16950 = LINE('',#16951,#16952);
#16951 = CARTESIAN_POINT('',(1.570796326795,6.));
#16952 = VECTOR('',#16953,1.);
#16953 = DIRECTION('',(-1.,0.));
#16954 = ( GEOMETRIC_REPRESENTATION_CONTEXT(2) 
PARAMETRIC_REPRESENTATION_CONTEXT() REPRESENTATION_CONTEXT('2D SPACE',''
  ) );
#16955 = FACE_BOUND('',#16956,.T.);
#16956 = EDGE_LOOP('',(#16957));
#16957 = ORIENTED_EDGE('',*,*,#16958,.T.);
#16958 = EDGE_CURVE('',#16959,#16959,#16961,.T.);
#16959 = VERTEX_POINT('',#16960);
#16960 = CARTESIAN_POINT('',(-147.75,-22.,0.));
#16961 = SURFACE_CURVE('',#16962,(#16967,#16978),.PCURVE_S1.);
#16962 = CIRCLE('',#16963,2.25);
#16963 = AXIS2_PLACEMENT_3D('',#16964,#16965,#16966);
#16964 = CARTESIAN_POINT('',(-150.,-22.,0.));
#16965 = DIRECTION('',(0.,0.,-1.));
#16966 = DIRECTION('',(1.,0.,0.));
#16967 = PCURVE('',#16662,#16968);
#16968 = DEFINITIONAL_REPRESENTATION('',(#16969),#16977);
#16969 = ( BOUNDED_CURVE() B_SPLINE_CURVE(2,(#16970,#16971,#16972,#16973
    ,#16974,#16975,#16976),.UNSPECIFIED.,.T.,.F.) 
B_SPLINE_CURVE_WITH_KNOTS((1,2,2,2,2,1),(-2.094395102393,0.,
    2.094395102393,4.188790204786,6.28318530718,8.377580409573),
.UNSPECIFIED.) CURVE() GEOMETRIC_REPRESENTATION_ITEM() 
RATIONAL_B_SPLINE_CURVE((1.,0.5,1.,0.5,1.,0.5,1.)) REPRESENTATION_ITEM(
  '') );
#16970 = CARTESIAN_POINT('',(14.25,10.));
#16971 = CARTESIAN_POINT('',(14.25,6.10288568297));
#16972 = CARTESIAN_POINT('',(10.875,8.051442841485));
#16973 = CARTESIAN_POINT('',(7.5,10.));
#16974 = CARTESIAN_POINT('',(10.875,11.948557158515));
#16975 = CARTESIAN_POINT('',(14.25,13.89711431703));
#16976 = CARTESIAN_POINT('',(14.25,10.));
#16977 = ( GEOMETRIC_REPRESENTATION_CONTEXT(2) 
PARAMETRIC_REPRESENTATION_CONTEXT() REPRESENTATION_CONTEXT('2D SPACE',''
  ) );
#16978 = PCURVE('',#16979,#16984);
#16979 = CYLINDRICAL_SURFACE('',#16980,2.25);
#16980 = AXIS2_PLACEMENT_3D('',#16981,#16982,#16983);
#16981 = CARTESIAN_POINT('',(-150.,-22.,-10.));
#16982 = DIRECTION('',(-0.,-0.,-1.));
#16983 = DIRECTION('',(1.,0.,0.));
#16984 = DEFINITIONAL_REPRESENTATION('',(#16985),#16989);
#16985 = LINE('',#16986,#16987);
#16986 = CARTESIAN_POINT('',(-6.28318530718,-10.));
#16987 = VECTOR('',#16988,1.);
#16988 = DIRECTION('',(1.,-0.));
#16989 = ( GEOMETRIC_REPRESENTATION_CONTEXT(2) 
PARAMETRIC_REPRESENTATION_CONTEXT() REPRESENTATION_CONTEXT('2D SPACE',''
  ) );
#16990 = FACE_BOUND('',#16991,.T.);
#16991 = EDGE_LOOP('',(#16992));
#16992 = ORIENTED_EDGE('',*,*,#16993,.T.);
#16993 = EDGE_CURVE('',#16994,#16994,#16996,.T.);
#16994 = VERTEX_POINT('',#16995);
#16995 = CARTESIAN_POINT('',(-117.75,-22.,0.));
#16996 = SURFACE_CURVE('',#16997,(#17002,#17013),.PCURVE_S1.);
#16997 = CIRCLE('',#16998,2.25);
#16998 = AXIS2_PLACEMENT_3D('',#16999,#17000,#17001);
#16999 = CARTESIAN_POINT('',(-120.,-22.,0.));
#17000 = DIRECTION('',(0.,0.,-1.));
#17001 = DIRECTION('',(1.,0.,0.));
#17002 = PCURVE('',#16662,#17003);
#17003 = DEFINITIONAL_REPRESENTATION('',(#17004),#17012);
#17004 = ( BOUNDED_CURVE() B_SPLINE_CURVE(2,(#17005,#17006,#17007,#17008
    ,#17009,#17010,#17011),.UNSPECIFIED.,.T.,.F.) 
B_SPLINE_CURVE_WITH_KNOTS((1,2,2,2,2,1),(-2.094395102393,0.,
    2.094395102393,4.188790204786,6.28318530718,8.377580409573),
.UNSPECIFIED.) CURVE() GEOMETRIC_REPRESENTATION_ITEM() 
RATIONAL_B_SPLINE_CURVE((1.,0.5,1.,0.5,1.,0.5,1.)) REPRESENTATION_ITEM(
  '') );
#17005 = CARTESIAN_POINT('',(44.25,10.));
#17006 = CARTESIAN_POINT('',(44.25,6.10288568297));
#17007 = CARTESIAN_POINT('',(40.875,8.051442841485));
#17008 = CARTESIAN_POINT('',(37.5,10.));
#17009 = CARTESIAN_POINT('',(40.875,11.948557158515));
#17010 = CARTESIAN_POINT('',(44.25,13.89711431703));
#17011 = CARTESIAN_POINT('',(44.25,10.));
#17012 = ( GEOMETRIC_REPRESENTATION_CONTEXT(2) 
PARAMETRIC_REPRESENTATION_CONTEXT() REPRESENTATION_CONTEXT('2D SPACE',''
  ) );
#17013 = PCURVE('',#17014,#17019);
#17014 = CYLINDRICAL_SURFACE('',#17015,2.25);
#17015 = AXIS2_PLACEMENT_3D('',#17016,#17017,#17018);
#17016 = CARTESIAN_POINT('',(-120.,-22.,-10.));
#17017 = DIRECTION('',(-0.,-0.,-1.));
#17018 = DIRECTION('',(1.,0.,0.));
#17019 = DEFINITIONAL_REPRESENTATION('',(#17020),#17024);
#17020 = LINE('',#17021,#17022);
#17021 = CARTESIAN_POINT('',(-6.28318530718,-10.));
#17022 = VECTOR('',#17023,1.);
#17023 = DIRECTION('',(1.,-0.));
#17024 = ( GEOMETRIC_REPRESENTATION_CONTEXT(2) 
PARAMETRIC_REPRESENTATION_CONTEXT() REPRESENTATION_CONTEXT('2D SPACE',''
  ) );
#17025 = FACE_BOUND('',#17026,.T.);
#17026 = EDGE_LOOP('',(#17027));
#17027 = ORIENTED_EDGE('',*,*,#17028,.T.);
#17028 = EDGE_CURVE('',#17029,#17029,#17031,.T.);
#17029 = VERTEX_POINT('',#17030);
#17030 = CARTESIAN_POINT('',(-147.75,22.,0.));
#17031 = SURFACE_CURVE('',#17032,(#17037,#17048),.PCURVE_S1.);
#17032 = CIRCLE('',#17033,2.25);
#17033 = AXIS2_PLACEMENT_3D('',#17034,#17035,#17036);
#17034 = CARTESIAN_POINT('',(-150.,22.,0.));
#17035 = DIRECTION('',(0.,0.,-1.));
#17036 = DIRECTION('',(1.,0.,0.));
#17037 = PCURVE('',#16662,#17038);
#17038 = DEFINITIONAL_REPRESENTATION('',(#17039),#17047);
#17039 = ( BOUNDED_CURVE() B_SPLINE_CURVE(2,(#17040,#17041,#17042,#17043
    ,#17044,#17045,#17046),.UNSPECIFIED.,.T.,.F.) 
B_SPLINE_CURVE_WITH_KNOTS((1,2,2,2,2,1),(-2.094395102393,0.,
    2.094395102393,4.188790204786,6.28318530718,8.377580409573),
.UNSPECIFIED.) CURVE() GEOMETRIC_REPRESENTATION_ITEM() 
RATIONAL_B_SPLINE_CURVE((1.,0.5,1.,0.5,1.,0.5,1.)) REPRESENTATION_ITEM(
  '') );
#17040 = CARTESIAN_POINT('',(14.25,54.));
#17041 = CARTESIAN_POINT('',(14.25,50.10288568297));
#17042 = CARTESIAN_POINT('',(10.875,52.051442841485));
#17043 = CARTESIAN_POINT('',(7.5,54.));
#17044 = CARTESIAN_POINT('',(10.875,55.948557158515));
#17045 = CARTESIAN_POINT('',(14.25,57.89711431703));
#17046 = CARTESIAN_POINT('',(14.25,54.));
#17047 = ( GEOMETRIC_REPRESENTATION_CONTEXT(2) 
PARAMETRIC_REPRESENTATION_CONTEXT() REPRESENTATION_CONTEXT('2D SPACE',''
  ) );
#17048 = PCURVE('',#17049,#17054);
#17049 = CYLINDRICAL_SURFACE('',#17050,2.25);
#17050 = AXIS2_PLACEMENT_3D('',#17051,#17052,#17053);
#17051 = CARTESIAN_POINT('',(-150.,22.,-10.));
#17052 = DIRECTION('',(-0.,-0.,-1.));
#17053 = DIRECTION('',(1.,0.,0.));
#17054 = DEFINITIONAL_REPRESENTATION('',(#17055),#17059);
#17055 = LINE('',#17056,#17057);
#17056 = CARTESIAN_POINT('',(-6.28318530718,-10.));
#17057 = VECTOR('',#17058,1.);
#17058 = DIRECTION('',(1.,-0.));
#17059 = ( GEOMETRIC_REPRESENTATION_CONTEXT(2) 
PARAMETRIC_REPRESENTATION_CONTEXT() REPRESENTATION_CONTEXT('2D SPACE',''
  ) );
#17060 = FACE_BOUND('',#17061,.T.);
#17061 = EDGE_LOOP('',(#17062));
#17062 = ORIENTED_EDGE('',*,*,#17063,.T.);
#17063 = EDGE_CURVE('',#17064,#17064,#17066,.T.);
#17064 = VERTEX_POINT('',#17065);
#17065 = CARTESIAN_POINT('',(-117.75,22.,0.));
#17066 = SURFACE_CURVE('',#17067,(#17072,#17083),.PCURVE_S1.);
#17067 = CIRCLE('',#17068,2.25);
#17068 = AXIS2_PLACEMENT_3D('',#17069,#17070,#17071);
#17069 = CARTESIAN_POINT('',(-120.,22.,0.));
#17070 = DIRECTION('',(0.,0.,-1.));
#17071 = DIRECTION('',(1.,0.,0.));
#17072 = PCURVE('',#16662,#17073);
#17073 = DEFINITIONAL_REPRESENTATION('',(#17074),#17082);
#17074 = ( BOUNDED_CURVE() B_SPLINE_CURVE(2,(#17075,#17076,#17077,#17078
    ,#17079,#17080,#17081),.UNSPECIFIED.,.T.,.F.) 
B_SPLINE_CURVE_WITH_KNOTS((1,2,2,2,2,1),(-2.094395102393,0.,
    2.094395102393,4.188790204786,6.28318530718,8.377580409573),
.UNSPECIFIED.) CURVE() GEOMETRIC_REPRESENTATION_ITEM() 
RATIONAL_B_SPLINE_CURVE((1.,0.5,1.,0.5,1.,0.5,1.)) REPRESENTATION_ITEM(
  '') );
#17075 = CARTESIAN_POINT('',(44.25,54.));
#17076 = CARTESIAN_POINT('',(44.25,50.10288568297));
#17077 = CARTESIAN_POINT('',(40.875,52.051442841485));
#17078 = CARTESIAN_POINT('',(37.5,54.));
#17079 = CARTESIAN_POINT('',(40.875,55.948557158515));
#17080 = CARTESIAN_POINT('',(44.25,57.89711431703));
#17081 = CARTESIAN_POINT('',(44.25,54.));
#17082 = ( GEOMETRIC_REPRESENTATION_CONTEXT(2) 
PARAMETRIC_REPRESENTATION_CONTEXT() REPRESENTATION_CONTEXT('2D SPACE',''
  ) );
#17083 = PCURVE('',#17084,#17089);
#17084 = CYLINDRICAL_SURFACE('',#17085,2.25);
#17085 = AXIS2_PLACEMENT_3D('',#17086,#17087,#17088);
#17086 = CARTESIAN_POINT('',(-120.,22.,-10.));
#17087 = DIRECTION('',(-0.,-0.,-1.));
#17088 = DIRECTION('',(1.,0.,0.));
#17089 = DEFINITIONAL_REPRESENTATION('',(#17090),#17094);
#17090 = LINE('',#17091,#17092);
#17091 = CARTESIAN_POINT('',(-6.28318530718,-10.));
#17092 = VECTOR('',#17093,1.);
#17093 = DIRECTION('',(1.,-0.));
#17094 = ( GEOMETRIC_REPRESENTATION_CONTEXT(2) 
PARAMETRIC_REPRESENTATION_CONTEXT() REPRESENTATION_CONTEXT('2D SPACE',''
  ) );
#17095 = ADVANCED_FACE('',(#17096),#16690,.T.);
#17096 = FACE_BOUND('',#17097,.T.);
#17097 = EDGE_LOOP('',(#17098,#17122,#17143,#17144));
#17098 = ORIENTED_EDGE('',*,*,#17099,.T.);
#17099 = EDGE_CURVE('',#16675,#17100,#17102,.T.);
#17100 = VERTEX_POINT('',#17101);
#17101 = CARTESIAN_POINT('',(-158.,-32.,-6.));
#17102 = SURFACE_CURVE('',#17103,(#17108,#17115),.PCURVE_S1.);
#17103 = CIRCLE('',#17104,4.);
#17104 = AXIS2_PLACEMENT_3D('',#17105,#17106,#17107);
#17105 = CARTESIAN_POINT('',(-158.,-28.,-6.));
#17106 = DIRECTION('',(0.,0.,1.));
#17107 = DIRECTION('',(0.,-1.,0.));
#17108 = PCURVE('',#16690,#17109);
#17109 = DEFINITIONAL_REPRESENTATION('',(#17110),#17114);
#17110 = LINE('',#17111,#17112);
#17111 = CARTESIAN_POINT('',(-4.712388980385,0.));
#17112 = VECTOR('',#17113,1.);
#17113 = DIRECTION('',(1.,0.));
#17114 = ( GEOMETRIC_REPRESENTATION_CONTEXT(2) 
PARAMETRIC_REPRESENTATION_CONTEXT() REPRESENTATION_CONTEXT('2D SPACE',''
  ) );
#17115 = PCURVE('',#16718,#17116);
#17116 = DEFINITIONAL_REPRESENTATION('',(#17117),#17121);
#17117 = CIRCLE('',#17118,4.);
#17118 = AXIS2_PLACEMENT_2D('',#17119,#17120);
#17119 = CARTESIAN_POINT('',(4.,4.));
#17120 = DIRECTION('',(0.,-1.));
#17121 = ( GEOMETRIC_REPRESENTATION_CONTEXT(2) 
PARAMETRIC_REPRESENTATION_CONTEXT() REPRESENTATION_CONTEXT('2D SPACE',''
  ) );
#17122 = ORIENTED_EDGE('',*,*,#17123,.T.);
#17123 = EDGE_CURVE('',#17100,#16761,#17124,.T.);
#17124 = SURFACE_CURVE('',#17125,(#17129,#17136),.PCURVE_S1.);
#17125 = LINE('',#17126,#17127);
#17126 = CARTESIAN_POINT('',(-158.,-32.,-6.));
#17127 = VECTOR('',#17128,1.);
#17128 = DIRECTION('',(0.,0.,1.));
#17129 = PCURVE('',#16690,#17130);
#17130 = DEFINITIONAL_REPRESENTATION('',(#17131),#17135);
#17131 = LINE('',#17132,#17133);
#17132 = CARTESIAN_POINT('',(1.570796326795,0.));
#17133 = VECTOR('',#17134,1.);
#17134 = DIRECTION('',(0.,1.));
#17135 = ( GEOMETRIC_REPRESENTATION_CONTEXT(2) 
PARAMETRIC_REPRESENTATION_CONTEXT() REPRESENTATION_CONTEXT('2D SPACE',''
  ) );
#17136 = PCURVE('',#16800,#17137);
#17137 = DEFINITIONAL_REPRESENTATION('',(#17138),#17142);
#17138 = LINE('',#17139,#17140);
#17139 = CARTESIAN_POINT('',(0.,4.));
#17140 = VECTOR('',#17141,1.);
#17141 = DIRECTION('',(1.,0.));
#17142 = ( GEOMETRIC_REPRESENTATION_CONTEXT(2) 
PARAMETRIC_REPRESENTATION_CONTEXT() REPRESENTATION_CONTEXT('2D SPACE',''
  ) );
#17143 = ORIENTED_EDGE('',*,*,#16760,.F.);
#17144 = ORIENTED_EDGE('',*,*,#16674,.F.);
#17145 = ADVANCED_FACE('',(#17146),#16744,.T.);
#17146 = FACE_BOUND('',#17147,.F.);
#17147 = EDGE_LOOP('',(#17148,#17176,#17197,#17198));
#17148 = ORIENTED_EDGE('',*,*,#17149,.T.);
#17149 = EDGE_CURVE('',#16703,#17150,#17152,.T.);
#17150 = VERTEX_POINT('',#17151);
#17151 = CARTESIAN_POINT('',(-158.,32.,-6.));
#17152 = SURFACE_CURVE('',#17153,(#17158,#17165),.PCURVE_S1.);
#17153 = CIRCLE('',#17154,4.);
#17154 = AXIS2_PLACEMENT_3D('',#17155,#17156,#17157);
#17155 = CARTESIAN_POINT('',(-158.,28.,-6.));
#17156 = DIRECTION('',(-0.,-0.,-1.));
#17157 = DIRECTION('',(0.,-1.,0.));
#17158 = PCURVE('',#16744,#17159);
#17159 = DEFINITIONAL_REPRESENTATION('',(#17160),#17164);
#17160 = LINE('',#17161,#17162);
#17161 = CARTESIAN_POINT('',(1.570796326795,-0.));
#17162 = VECTOR('',#17163,1.);
#17163 = DIRECTION('',(-1.,0.));
#17164 = ( GEOMETRIC_REPRESENTATION_CONTEXT(2) 
PARAMETRIC_REPRESENTATION_CONTEXT() REPRESENTATION_CONTEXT('2D SPACE',''
  ) );
#17165 = PCURVE('',#16718,#17166);
#17166 = DEFINITIONAL_REPRESENTATION('',(#17167),#17175);
#17167 = ( BOUNDED_CURVE() B_SPLINE_CURVE(2,(#17168,#17169,#17170,#17171
    ,#17172,#17173,#17174),.UNSPECIFIED.,.T.,.F.) 
B_SPLINE_CURVE_WITH_KNOTS((1,2,2,2,2,1),(-2.094395102393,0.,
    2.094395102393,4.188790204786,6.28318530718,8.377580409573),
.UNSPECIFIED.) CURVE() GEOMETRIC_REPRESENTATION_ITEM() 
RATIONAL_B_SPLINE_CURVE((1.,0.5,1.,0.5,1.,0.5,1.)) REPRESENTATION_ITEM(
  '') );
#17168 = CARTESIAN_POINT('',(4.,56.));
#17169 = CARTESIAN_POINT('',(-2.928203230276,56.));
#17170 = CARTESIAN_POINT('',(0.535898384862,62.));
#17171 = CARTESIAN_POINT('',(4.,68.));
#17172 = CARTESIAN_POINT('',(7.464101615138,62.));
#17173 = CARTESIAN_POINT('',(10.928203230276,56.));
#17174 = CARTESIAN_POINT('',(4.,56.));
#17175 = ( GEOMETRIC_REPRESENTATION_CONTEXT(2) 
PARAMETRIC_REPRESENTATION_CONTEXT() REPRESENTATION_CONTEXT('2D SPACE',''
  ) );
#17176 = ORIENTED_EDGE('',*,*,#17177,.T.);
#17177 = EDGE_CURVE('',#17150,#16903,#17178,.T.);
#17178 = SURFACE_CURVE('',#17179,(#17183,#17190),.PCURVE_S1.);
#17179 = LINE('',#17180,#17181);
#17180 = CARTESIAN_POINT('',(-158.,32.,-6.));
#17181 = VECTOR('',#17182,1.);
#17182 = DIRECTION('',(0.,0.,1.));
#17183 = PCURVE('',#16744,#17184);
#17184 = DEFINITIONAL_REPRESENTATION('',(#17185),#17189);
#17185 = LINE('',#17186,#17187);
#17186 = CARTESIAN_POINT('',(-1.570796326795,0.));
#17187 = VECTOR('',#17188,1.);
#17188 = DIRECTION('',(-0.,1.));
#17189 = ( GEOMETRIC_REPRESENTATION_CONTEXT(2) 
PARAMETRIC_REPRESENTATION_CONTEXT() REPRESENTATION_CONTEXT('2D SPACE',''
  ) );
#17190 = PCURVE('',#16918,#17191);
#17191 = DEFINITIONAL_REPRESENTATION('',(#17192),#17196);
#17192 = LINE('',#17193,#17194);
#17193 = CARTESIAN_POINT('',(0.,4.));
#17194 = VECTOR('',#17195,1.);
#17195 = DIRECTION('',(1.,0.));
#17196 = ( GEOMETRIC_REPRESENTATION_CONTEXT(2) 
PARAMETRIC_REPRESENTATION_CONTEXT() REPRESENTATION_CONTEXT('2D SPACE',''
  ) );
#17197 = ORIENTED_EDGE('',*,*,#16930,.F.);
#17198 = ORIENTED_EDGE('',*,*,#16730,.F.);
#17199 = ADVANCED_FACE('',(#17200,#17324,#17354,#17384,#17414),#16718,
  .F.);
#17200 = FACE_BOUND('',#17201,.F.);
#17201 = EDGE_LOOP('',(#17202,#17203,#17204,#17227,#17255,#17278,#17302,
    #17323));
#17202 = ORIENTED_EDGE('',*,*,#16702,.F.);
#17203 = ORIENTED_EDGE('',*,*,#17099,.T.);
#17204 = ORIENTED_EDGE('',*,*,#17205,.T.);
#17205 = EDGE_CURVE('',#17100,#17206,#17208,.T.);
#17206 = VERTEX_POINT('',#17207);
#17207 = CARTESIAN_POINT('',(-112.,-32.,-6.));
#17208 = SURFACE_CURVE('',#17209,(#17213,#17220),.PCURVE_S1.);
#17209 = LINE('',#17210,#17211);
#17210 = CARTESIAN_POINT('',(-162.,-32.,-6.));
#17211 = VECTOR('',#17212,1.);
#17212 = DIRECTION('',(1.,0.,0.));
#17213 = PCURVE('',#16718,#17214);
#17214 = DEFINITIONAL_REPRESENTATION('',(#17215),#17219);
#17215 = LINE('',#17216,#17217);
#17216 = CARTESIAN_POINT('',(0.,0.));
#17217 = VECTOR('',#17218,1.);
#17218 = DIRECTION('',(1.,0.));
#17219 = ( GEOMETRIC_REPRESENTATION_CONTEXT(2) 
PARAMETRIC_REPRESENTATION_CONTEXT() REPRESENTATION_CONTEXT('2D SPACE',''
  ) );
#17220 = PCURVE('',#16800,#17221);
#17221 = DEFINITIONAL_REPRESENTATION('',(#17222),#17226);
#17222 = LINE('',#17223,#17224);
#17223 = CARTESIAN_POINT('',(0.,0.));
#17224 = VECTOR('',#17225,1.);
#17225 = DIRECTION('',(0.,1.));
#17226 = ( GEOMETRIC_REPRESENTATION_CONTEXT(2) 
PARAMETRIC_REPRESENTATION_CONTEXT() REPRESENTATION_CONTEXT('2D SPACE',''
  ) );
#17227 = ORIENTED_EDGE('',*,*,#17228,.F.);
#17228 = EDGE_CURVE('',#17229,#17206,#17231,.T.);
#17229 = VERTEX_POINT('',#17230);
#17230 = CARTESIAN_POINT('',(-108.,-28.,-6.));
#17231 = SURFACE_CURVE('',#17232,(#17237,#17248),.PCURVE_S1.);
#17232 = CIRCLE('',#17233,4.);
#17233 = AXIS2_PLACEMENT_3D('',#17234,#17235,#17236);
#17234 = CARTESIAN_POINT('',(-112.,-28.,-6.));
#17235 = DIRECTION('',(-0.,-0.,-1.));
#17236 = DIRECTION('',(0.,-1.,0.));
#17237 = PCURVE('',#16718,#17238);
#17238 = DEFINITIONAL_REPRESENTATION('',(#17239),#17247);
#17239 = ( BOUNDED_CURVE() B_SPLINE_CURVE(2,(#17240,#17241,#17242,#17243
    ,#17244,#17245,#17246),.UNSPECIFIED.,.T.,.F.) 
B_SPLINE_CURVE_WITH_KNOTS((1,2,2,2,2,1),(-2.094395102393,0.,
    2.094395102393,4.188790204786,6.28318530718,8.377580409573),
.UNSPECIFIED.) CURVE() GEOMETRIC_REPRESENTATION_ITEM() 
RATIONAL_B_SPLINE_CURVE((1.,0.5,1.,0.5,1.,0.5,1.)) REPRESENTATION_ITEM(
  '') );
#17240 = CARTESIAN_POINT('',(50.,0.));
#17241 = CARTESIAN_POINT('',(43.071796769724,0.));
#17242 = CARTESIAN_POINT('',(46.535898384862,6.));
#17243 = CARTESIAN_POINT('',(50.,12.));
#17244 = CARTESIAN_POINT('',(53.464101615138,6.));
#17245 = CARTESIAN_POINT('',(56.928203230276,6.217248937901E-15));
#17246 = CARTESIAN_POINT('',(50.,0.));
#17247 = ( GEOMETRIC_REPRESENTATION_CONTEXT(2) 
PARAMETRIC_REPRESENTATION_CONTEXT() REPRESENTATION_CONTEXT('2D SPACE',''
  ) );
#17248 = PCURVE('',#16833,#17249);
#17249 = DEFINITIONAL_REPRESENTATION('',(#17250),#17254);
#17250 = LINE('',#17251,#17252);
#17251 = CARTESIAN_POINT('',(4.712388980385,-0.));
#17252 = VECTOR('',#17253,1.);
#17253 = DIRECTION('',(-1.,0.));
#17254 = ( GEOMETRIC_REPRESENTATION_CONTEXT(2) 
PARAMETRIC_REPRESENTATION_CONTEXT() REPRESENTATION_CONTEXT('2D SPACE',''
  ) );
#17255 = ORIENTED_EDGE('',*,*,#17256,.T.);
#17256 = EDGE_CURVE('',#17229,#17257,#17259,.T.);
#17257 = VERTEX_POINT('',#17258);
#17258 = CARTESIAN_POINT('',(-108.,28.,-6.));
#17259 = SURFACE_CURVE('',#17260,(#17264,#17271),.PCURVE_S1.);
#17260 = LINE('',#17261,#17262);
#17261 = CARTESIAN_POINT('',(-108.,-32.,-6.));
#17262 = VECTOR('',#17263,1.);
#17263 = DIRECTION('',(0.,1.,0.));
#17264 = PCURVE('',#16718,#17265);
#17265 = DEFINITIONAL_REPRESENTATION('',(#17266),#17270);
#17266 = LINE('',#17267,#17268);
#17267 = CARTESIAN_POINT('',(54.,0.));
#17268 = VECTOR('',#17269,1.);
#17269 = DIRECTION('',(0.,1.));
#17270 = ( GEOMETRIC_REPRESENTATION_CONTEXT(2) 
PARAMETRIC_REPRESENTATION_CONTEXT() REPRESENTATION_CONTEXT('2D SPACE',''
  ) );
#17271 = PCURVE('',#16861,#17272);
#17272 = DEFINITIONAL_REPRESENTATION('',(#17273),#17277);
#17273 = LINE('',#17274,#17275);
#17274 = CARTESIAN_POINT('',(0.,0.));
#17275 = VECTOR('',#17276,1.);
#17276 = DIRECTION('',(0.,-1.));
#17277 = ( GEOMETRIC_REPRESENTATION_CONTEXT(2) 
PARAMETRIC_REPRESENTATION_CONTEXT() REPRESENTATION_CONTEXT('2D SPACE',''
  ) );
#17278 = ORIENTED_EDGE('',*,*,#17279,.T.);
#17279 = EDGE_CURVE('',#17257,#17280,#17282,.T.);
#17280 = VERTEX_POINT('',#17281);
#17281 = CARTESIAN_POINT('',(-112.,32.,-6.));
#17282 = SURFACE_CURVE('',#17283,(#17288,#17295),.PCURVE_S1.);
#17283 = CIRCLE('',#17284,4.);
#17284 = AXIS2_PLACEMENT_3D('',#17285,#17286,#17287);
#17285 = CARTESIAN_POINT('',(-112.,28.,-6.));
#17286 = DIRECTION('',(0.,0.,1.));
#17287 = DIRECTION('',(0.,-1.,0.));
#17288 = PCURVE('',#16718,#17289);
#17289 = DEFINITIONAL_REPRESENTATION('',(#17290),#17294);
#17290 = CIRCLE('',#17291,4.);
#17291 = AXIS2_PLACEMENT_2D('',#17292,#17293);
#17292 = CARTESIAN_POINT('',(50.,60.));
#17293 = DIRECTION('',(0.,-1.));
#17294 = ( GEOMETRIC_REPRESENTATION_CONTEXT(2) 
PARAMETRIC_REPRESENTATION_CONTEXT() REPRESENTATION_CONTEXT('2D SPACE',''
  ) );
#17295 = PCURVE('',#16890,#17296);
#17296 = DEFINITIONAL_REPRESENTATION('',(#17297),#17301);
#17297 = LINE('',#17298,#17299);
#17298 = CARTESIAN_POINT('',(-1.570796326795,0.));
#17299 = VECTOR('',#17300,1.);
#17300 = DIRECTION('',(1.,0.));
#17301 = ( GEOMETRIC_REPRESENTATION_CONTEXT(2) 
PARAMETRIC_REPRESENTATION_CONTEXT() REPRESENTATION_CONTEXT('2D SPACE',''
  ) );
#17302 = ORIENTED_EDGE('',*,*,#17303,.F.);
#17303 = EDGE_CURVE('',#17150,#17280,#17304,.T.);
#17304 = SURFACE_CURVE('',#17305,(#17309,#17316),.PCURVE_S1.);
#17305 = LINE('',#17306,#17307);
#17306 = CARTESIAN_POINT('',(-162.,32.,-6.));
#17307 = VECTOR('',#17308,1.);
#17308 = DIRECTION('',(1.,0.,0.));
#17309 = PCURVE('',#16718,#17310);
#17310 = DEFINITIONAL_REPRESENTATION('',(#17311),#17315);
#17311 = LINE('',#17312,#17313);
#17312 = CARTESIAN_POINT('',(0.,64.));
#17313 = VECTOR('',#17314,1.);
#17314 = DIRECTION('',(1.,0.));
#17315 = ( GEOMETRIC_REPRESENTATION_CONTEXT(2) 
PARAMETRIC_REPRESENTATION_CONTEXT() REPRESENTATION_CONTEXT('2D SPACE',''
  ) );
#17316 = PCURVE('',#16918,#17317);
#17317 = DEFINITIONAL_REPRESENTATION('',(#17318),#17322);
#17318 = LINE('',#17319,#17320);
#17319 = CARTESIAN_POINT('',(0.,0.));
#17320 = VECTOR('',#17321,1.);
#17321 = DIRECTION('',(0.,1.));
#17322 = ( GEOMETRIC_REPRESENTATION_CONTEXT(2) 
PARAMETRIC_REPRESENTATION_CONTEXT() REPRESENTATION_CONTEXT('2D SPACE',''
  ) );
#17323 = ORIENTED_EDGE('',*,*,#17149,.F.);
#17324 = FACE_BOUND('',#17325,.F.);
#17325 = EDGE_LOOP('',(#17326));
#17326 = ORIENTED_EDGE('',*,*,#17327,.T.);
#17327 = EDGE_CURVE('',#17328,#17328,#17330,.T.);
#17328 = VERTEX_POINT('',#17329);
#17329 = CARTESIAN_POINT('',(-147.75,-22.,-6.));
#17330 = SURFACE_CURVE('',#17331,(#17336,#17347),.PCURVE_S1.);
#17331 = CIRCLE('',#17332,2.25);
#17332 = AXIS2_PLACEMENT_3D('',#17333,#17334,#17335);
#17333 = CARTESIAN_POINT('',(-150.,-22.,-6.));
#17334 = DIRECTION('',(0.,0.,-1.));
#17335 = DIRECTION('',(1.,0.,0.));
#17336 = PCURVE('',#16718,#17337);
#17337 = DEFINITIONAL_REPRESENTATION('',(#17338),#17346);
#17338 = ( BOUNDED_CURVE() B_SPLINE_CURVE(2,(#17339,#17340,#17341,#17342
    ,#17343,#17344,#17345),.UNSPECIFIED.,.T.,.F.) 
B_SPLINE_CURVE_WITH_KNOTS((1,2,2,2,2,1),(-2.094395102393,0.,
    2.094395102393,4.188790204786,6.28318530718,8.377580409573),
.UNSPECIFIED.) CURVE() GEOMETRIC_REPRESENTATION_ITEM() 
RATIONAL_B_SPLINE_CURVE((1.,0.5,1.,0.5,1.,0.5,1.)) REPRESENTATION_ITEM(
  '') );
#17339 = CARTESIAN_POINT('',(14.25,10.));
#17340 = CARTESIAN_POINT('',(14.25,6.10288568297));
#17341 = CARTESIAN_POINT('',(10.875,8.051442841485));
#17342 = CARTESIAN_POINT('',(7.5,10.));
#17343 = CARTESIAN_POINT('',(10.875,11.948557158515));
#17344 = CARTESIAN_POINT('',(14.25,13.89711431703));
#17345 = CARTESIAN_POINT('',(14.25,10.));
#17346 = ( GEOMETRIC_REPRESENTATION_CONTEXT(2) 
PARAMETRIC_REPRESENTATION_CONTEXT() REPRESENTATION_CONTEXT('2D SPACE',''
  ) );
#17347 = PCURVE('',#16979,#17348);
#17348 = DEFINITIONAL_REPRESENTATION('',(#17349),#17353);
#17349 = LINE('',#17350,#17351);
#17350 = CARTESIAN_POINT('',(-6.28318530718,-4.));
#17351 = VECTOR('',#17352,1.);
#17352 = DIRECTION('',(1.,-0.));
#17353 = ( GEOMETRIC_REPRESENTATION_CONTEXT(2) 
PARAMETRIC_REPRESENTATION_CONTEXT() REPRESENTATION_CONTEXT('2D SPACE',''
  ) );
#17354 = FACE_BOUND('',#17355,.F.);
#17355 = EDGE_LOOP('',(#17356));
#17356 = ORIENTED_EDGE('',*,*,#17357,.T.);
#17357 = EDGE_CURVE('',#17358,#17358,#17360,.T.);
#17358 = VERTEX_POINT('',#17359);
#17359 = CARTESIAN_POINT('',(-117.75,-22.,-6.));
#17360 = SURFACE_CURVE('',#17361,(#17366,#17377),.PCURVE_S1.);
#17361 = CIRCLE('',#17362,2.25);
#17362 = AXIS2_PLACEMENT_3D('',#17363,#17364,#17365);
#17363 = CARTESIAN_POINT('',(-120.,-22.,-6.));
#17364 = DIRECTION('',(0.,0.,-1.));
#17365 = DIRECTION('',(1.,0.,0.));
#17366 = PCURVE('',#16718,#17367);
#17367 = DEFINITIONAL_REPRESENTATION('',(#17368),#17376);
#17368 = ( BOUNDED_CURVE() B_SPLINE_CURVE(2,(#17369,#17370,#17371,#17372
    ,#17373,#17374,#17375),.UNSPECIFIED.,.T.,.F.) 
B_SPLINE_CURVE_WITH_KNOTS((1,2,2,2,2,1),(-2.094395102393,0.,
    2.094395102393,4.188790204786,6.28318530718,8.377580409573),
.UNSPECIFIED.) CURVE() GEOMETRIC_REPRESENTATION_ITEM() 
RATIONAL_B_SPLINE_CURVE((1.,0.5,1.,0.5,1.,0.5,1.)) REPRESENTATION_ITEM(
  '') );
#17369 = CARTESIAN_POINT('',(44.25,10.));
#17370 = CARTESIAN_POINT('',(44.25,6.10288568297));
#17371 = CARTESIAN_POINT('',(40.875,8.051442841485));
#17372 = CARTESIAN_POINT('',(37.5,10.));
#17373 = CARTESIAN_POINT('',(40.875,11.948557158515));
#17374 = CARTESIAN_POINT('',(44.25,13.89711431703));
#17375 = CARTESIAN_POINT('',(44.25,10.));
#17376 = ( GEOMETRIC_REPRESENTATION_CONTEXT(2) 
PARAMETRIC_REPRESENTATION_CONTEXT() REPRESENTATION_CONTEXT('2D SPACE',''
  ) );
#17377 = PCURVE('',#17014,#17378);
#17378 = DEFINITIONAL_REPRESENTATION('',(#17379),#17383);
#17379 = LINE('',#17380,#17381);
#17380 = CARTESIAN_POINT('',(-6.28318530718,-4.));
#17381 = VECTOR('',#17382,1.);
#17382 = DIRECTION('',(1.,-0.));
#17383 = ( GEOMETRIC_REPRESENTATION_CONTEXT(2) 
PARAMETRIC_REPRESENTATION_CONTEXT() REPRESENTATION_CONTEXT('2D SPACE',''
  ) );
#17384 = FACE_BOUND('',#17385,.F.);
#17385 = EDGE_LOOP('',(#17386));
#17386 = ORIENTED_EDGE('',*,*,#17387,.T.);
#17387 = EDGE_CURVE('',#17388,#17388,#17390,.T.);
#17388 = VERTEX_POINT('',#17389);
#17389 = CARTESIAN_POINT('',(-147.75,22.,-6.));
#17390 = SURFACE_CURVE('',#17391,(#17396,#17407),.PCURVE_S1.);
#17391 = CIRCLE('',#17392,2.25);
#17392 = AXIS2_PLACEMENT_3D('',#17393,#17394,#17395);
#17393 = CARTESIAN_POINT('',(-150.,22.,-6.));
#17394 = DIRECTION('',(0.,0.,-1.));
#17395 = DIRECTION('',(1.,0.,0.));
#17396 = PCURVE('',#16718,#17397);
#17397 = DEFINITIONAL_REPRESENTATION('',(#17398),#17406);
#17398 = ( BOUNDED_CURVE() B_SPLINE_CURVE(2,(#17399,#17400,#17401,#17402
    ,#17403,#17404,#17405),.UNSPECIFIED.,.T.,.F.) 
B_SPLINE_CURVE_WITH_KNOTS((1,2,2,2,2,1),(-2.094395102393,0.,
    2.094395102393,4.188790204786,6.28318530718,8.377580409573),
.UNSPECIFIED.) CURVE() GEOMETRIC_REPRESENTATION_ITEM() 
RATIONAL_B_SPLINE_CURVE((1.,0.5,1.,0.5,1.,0.5,1.)) REPRESENTATION_ITEM(
  '') );
#17399 = CARTESIAN_POINT('',(14.25,54.));
#17400 = CARTESIAN_POINT('',(14.25,50.10288568297));
#17401 = CARTESIAN_POINT('',(10.875,52.051442841485));
#17402 = CARTESIAN_POINT('',(7.5,54.));
#17403 = CARTESIAN_POINT('',(10.875,55.948557158515));
#17404 = CARTESIAN_POINT('',(14.25,57.89711431703));
#17405 = CARTESIAN_POINT('',(14.25,54.));
#17406 = ( GEOMETRIC_REPRESENTATION_CONTEXT(2) 
PARAMETRIC_REPRESENTATION_CONTEXT() REPRESENTATION_CONTEXT('2D SPACE',''
  ) );
#17407 = PCURVE('',#17049,#17408);
#17408 = DEFINITIONAL_REPRESENTATION('',(#17409),#17413);
#17409 = LINE('',#17410,#17411);
#17410 = CARTESIAN_POINT('',(-6.28318530718,-4.));
#17411 = VECTOR('',#17412,1.);
#17412 = DIRECTION('',(1.,-0.));
#17413 = ( GEOMETRIC_REPRESENTATION_CONTEXT(2) 
PARAMETRIC_REPRESENTATION_CONTEXT() REPRESENTATION_CONTEXT('2D SPACE',''
  ) );
#17414 = FACE_BOUND('',#17415,.F.);
#17415 = EDGE_LOOP('',(#17416));
#17416 = ORIENTED_EDGE('',*,*,#17417,.T.);
#17417 = EDGE_CURVE('',#17418,#17418,#17420,.T.);
#17418 = VERTEX_POINT('',#17419);
#17419 = CARTESIAN_POINT('',(-117.75,22.,-6.));
#17420 = SURFACE_CURVE('',#17421,(#17426,#17437),.PCURVE_S1.);
#17421 = CIRCLE('',#17422,2.25);
#17422 = AXIS2_PLACEMENT_3D('',#17423,#17424,#17425);
#17423 = CARTESIAN_POINT('',(-120.,22.,-6.));
#17424 = DIRECTION('',(0.,0.,-1.));
#17425 = DIRECTION('',(1.,0.,0.));
#17426 = PCURVE('',#16718,#17427);
#17427 = DEFINITIONAL_REPRESENTATION('',(#17428),#17436);
#17428 = ( BOUNDED_CURVE() B_SPLINE_CURVE(2,(#17429,#17430,#17431,#17432
    ,#17433,#17434,#17435),.UNSPECIFIED.,.T.,.F.) 
B_SPLINE_CURVE_WITH_KNOTS((1,2,2,2,2,1),(-2.094395102393,0.,
    2.094395102393,4.188790204786,6.28318530718,8.377580409573),
.UNSPECIFIED.) CURVE() GEOMETRIC_REPRESENTATION_ITEM() 
RATIONAL_B_SPLINE_CURVE((1.,0.5,1.,0.5,1.,0.5,1.)) REPRESENTATION_ITEM(
  '') );
#17429 = CARTESIAN_POINT('',(44.25,54.));
#17430 = CARTESIAN_POINT('',(44.25,50.10288568297));
#17431 = CARTESIAN_POINT('',(40.875,52.051442841485));
#17432 = CARTESIAN_POINT('',(37.5,54.));
#17433 = CARTESIAN_POINT('',(40.875,55.948557158515));
#17434 = CARTESIAN_POINT('',(44.25,57.89711431703));
#17435 = CARTESIAN_POINT('',(44.25,54.));
#17436 = ( GEOMETRIC_REPRESENTATION_CONTEXT(2) 
PARAMETRIC_REPRESENTATION_CONTEXT() REPRESENTATION_CONTEXT('2D SPACE',''
  ) );
#17437 = PCURVE('',#17084,#17438);
#17438 = DEFINITIONAL_REPRESENTATION('',(#17439),#17443);
#17439 = LINE('',#17440,#17441);
#17440 = CARTESIAN_POINT('',(-6.28318530718,-4.));
#17441 = VECTOR('',#17442,1.);
#17442 = DIRECTION('',(1.,-0.));
#17443 = ( GEOMETRIC_REPRESENTATION_CONTEXT(2) 
PARAMETRIC_REPRESENTATION_CONTEXT() REPRESENTATION_CONTEXT('2D SPACE',''
  ) );
#17444 = ADVANCED_FACE('',(#17445),#16800,.F.);
#17445 = FACE_BOUND('',#17446,.F.);
#17446 = EDGE_LOOP('',(#17447,#17448,#17449,#17450));
#17447 = ORIENTED_EDGE('',*,*,#17205,.F.);
#17448 = ORIENTED_EDGE('',*,*,#17123,.T.);
#17449 = ORIENTED_EDGE('',*,*,#16784,.T.);
#17450 = ORIENTED_EDGE('',*,*,#17451,.F.);
#17451 = EDGE_CURVE('',#17206,#16785,#17452,.T.);
#17452 = SURFACE_CURVE('',#17453,(#17457,#17464),.PCURVE_S1.);
#17453 = LINE('',#17454,#17455);
#17454 = CARTESIAN_POINT('',(-112.,-32.,-6.));
#17455 = VECTOR('',#17456,1.);
#17456 = DIRECTION('',(0.,0.,1.));
#17457 = PCURVE('',#16800,#17458);
#17458 = DEFINITIONAL_REPRESENTATION('',(#17459),#17463);
#17459 = LINE('',#17460,#17461);
#17460 = CARTESIAN_POINT('',(0.,50.));
#17461 = VECTOR('',#17462,1.);
#17462 = DIRECTION('',(1.,0.));
#17463 = ( GEOMETRIC_REPRESENTATION_CONTEXT(2) 
PARAMETRIC_REPRESENTATION_CONTEXT() REPRESENTATION_CONTEXT('2D SPACE',''
  ) );
#17464 = PCURVE('',#16833,#17465);
#17465 = DEFINITIONAL_REPRESENTATION('',(#17466),#17470);
#17466 = LINE('',#17467,#17468);
#17467 = CARTESIAN_POINT('',(-1.570796326795,0.));
#17468 = VECTOR('',#17469,1.);
#17469 = DIRECTION('',(-0.,1.));
#17470 = ( GEOMETRIC_REPRESENTATION_CONTEXT(2) 
PARAMETRIC_REPRESENTATION_CONTEXT() REPRESENTATION_CONTEXT('2D SPACE',''
  ) );
#17471 = ADVANCED_FACE('',(#17472),#16918,.T.);
#17472 = FACE_BOUND('',#17473,.T.);
#17473 = EDGE_LOOP('',(#17474,#17475,#17476,#17477));
#17474 = ORIENTED_EDGE('',*,*,#17303,.F.);
#17475 = ORIENTED_EDGE('',*,*,#17177,.T.);
#17476 = ORIENTED_EDGE('',*,*,#16902,.T.);
#17477 = ORIENTED_EDGE('',*,*,#17478,.F.);
#17478 = EDGE_CURVE('',#17280,#16874,#17479,.T.);
#17479 = SURFACE_CURVE('',#17480,(#17484,#17491),.PCURVE_S1.);
#17480 = LINE('',#17481,#17482);
#17481 = CARTESIAN_POINT('',(-112.,32.,-6.));
#17482 = VECTOR('',#17483,1.);
#17483 = DIRECTION('',(0.,0.,1.));
#17484 = PCURVE('',#16918,#17485);
#17485 = DEFINITIONAL_REPRESENTATION('',(#17486),#17490);
#17486 = LINE('',#17487,#17488);
#17487 = CARTESIAN_POINT('',(0.,50.));
#17488 = VECTOR('',#17489,1.);
#17489 = DIRECTION('',(1.,0.));
#17490 = ( GEOMETRIC_REPRESENTATION_CONTEXT(2) 
PARAMETRIC_REPRESENTATION_CONTEXT() REPRESENTATION_CONTEXT('2D SPACE',''
  ) );
#17491 = PCURVE('',#16890,#17492);
#17492 = DEFINITIONAL_REPRESENTATION('',(#17493),#17497);
#17493 = LINE('',#17494,#17495);
#17494 = CARTESIAN_POINT('',(1.570796326795,0.));
#17495 = VECTOR('',#17496,1.);
#17496 = DIRECTION('',(0.,1.));
#17497 = ( GEOMETRIC_REPRESENTATION_CONTEXT(2) 
PARAMETRIC_REPRESENTATION_CONTEXT() REPRESENTATION_CONTEXT('2D SPACE',''
  ) );
#17498 = ADVANCED_FACE('',(#17499),#16833,.T.);
#17499 = FACE_BOUND('',#17500,.F.);
#17500 = EDGE_LOOP('',(#17501,#17502,#17503,#17504));
#17501 = ORIENTED_EDGE('',*,*,#17228,.T.);
#17502 = ORIENTED_EDGE('',*,*,#17451,.T.);
#17503 = ORIENTED_EDGE('',*,*,#16812,.F.);
#17504 = ORIENTED_EDGE('',*,*,#17505,.F.);
#17505 = EDGE_CURVE('',#17229,#16813,#17506,.T.);
#17506 = SURFACE_CURVE('',#17507,(#17511,#17518),.PCURVE_S1.);
#17507 = LINE('',#17508,#17509);
#17508 = CARTESIAN_POINT('',(-108.,-28.,-6.));
#17509 = VECTOR('',#17510,1.);
#17510 = DIRECTION('',(0.,0.,1.));
#17511 = PCURVE('',#16833,#17512);
#17512 = DEFINITIONAL_REPRESENTATION('',(#17513),#17517);
#17513 = LINE('',#17514,#17515);
#17514 = CARTESIAN_POINT('',(-0.,0.));
#17515 = VECTOR('',#17516,1.);
#17516 = DIRECTION('',(-0.,1.));
#17517 = ( GEOMETRIC_REPRESENTATION_CONTEXT(2) 
PARAMETRIC_REPRESENTATION_CONTEXT() REPRESENTATION_CONTEXT('2D SPACE',''
  ) );
#17518 = PCURVE('',#16861,#17519);
#17519 = DEFINITIONAL_REPRESENTATION('',(#17520),#17524);
#17520 = LINE('',#17521,#17522);
#17521 = CARTESIAN_POINT('',(0.,-4.));
#17522 = VECTOR('',#17523,1.);
#17523 = DIRECTION('',(1.,0.));
#17524 = ( GEOMETRIC_REPRESENTATION_CONTEXT(2) 
PARAMETRIC_REPRESENTATION_CONTEXT() REPRESENTATION_CONTEXT('2D SPACE',''
  ) );
#17525 = ADVANCED_FACE('',(#17526),#16890,.T.);
#17526 = FACE_BOUND('',#17527,.T.);
#17527 = EDGE_LOOP('',(#17528,#17529,#17530,#17531));
#17528 = ORIENTED_EDGE('',*,*,#17279,.T.);
#17529 = ORIENTED_EDGE('',*,*,#17478,.T.);
#17530 = ORIENTED_EDGE('',*,*,#16873,.F.);
#17531 = ORIENTED_EDGE('',*,*,#17532,.F.);
#17532 = EDGE_CURVE('',#17257,#16846,#17533,.T.);
#17533 = SURFACE_CURVE('',#17534,(#17538,#17545),.PCURVE_S1.);
#17534 = LINE('',#17535,#17536);
#17535 = CARTESIAN_POINT('',(-108.,28.,-6.));
#17536 = VECTOR('',#17537,1.);
#17537 = DIRECTION('',(0.,0.,1.));
#17538 = PCURVE('',#16890,#17539);
#17539 = DEFINITIONAL_REPRESENTATION('',(#17540),#17544);
#17540 = LINE('',#17541,#17542);
#17541 = CARTESIAN_POINT('',(0.,0.));
#17542 = VECTOR('',#17543,1.);
#17543 = DIRECTION('',(0.,1.));
#17544 = ( GEOMETRIC_REPRESENTATION_CONTEXT(2) 
PARAMETRIC_REPRESENTATION_CONTEXT() REPRESENTATION_CONTEXT('2D SPACE',''
  ) );
#17545 = PCURVE('',#16861,#17546);
#17546 = DEFINITIONAL_REPRESENTATION('',(#17547),#17551);
#17547 = LINE('',#17548,#17549);
#17548 = CARTESIAN_POINT('',(0.,-60.));
#17549 = VECTOR('',#17550,1.);
#17550 = DIRECTION('',(1.,0.));
#17551 = ( GEOMETRIC_REPRESENTATION_CONTEXT(2) 
PARAMETRIC_REPRESENTATION_CONTEXT() REPRESENTATION_CONTEXT('2D SPACE',''
  ) );
#17552 = ADVANCED_FACE('',(#17553),#16861,.T.);
#17553 = FACE_BOUND('',#17554,.T.);
#17554 = EDGE_LOOP('',(#17555,#17556,#17557,#17558));
#17555 = ORIENTED_EDGE('',*,*,#16845,.F.);
#17556 = ORIENTED_EDGE('',*,*,#17505,.F.);
#17557 = ORIENTED_EDGE('',*,*,#17256,.T.);
#17558 = ORIENTED_EDGE('',*,*,#17532,.T.);
#17559 = ADVANCED_FACE('',(#17560),#16979,.F.);
#17560 = FACE_BOUND('',#17561,.T.);
#17561 = EDGE_LOOP('',(#17562,#17563,#17584,#17585));
#17562 = ORIENTED_EDGE('',*,*,#17327,.T.);
#17563 = ORIENTED_EDGE('',*,*,#17564,.T.);
#17564 = EDGE_CURVE('',#17328,#16959,#17565,.T.);
#17565 = SEAM_CURVE('',#17566,(#17570,#17577),.PCURVE_S1.);
#17566 = LINE('',#17567,#17568);
#17567 = CARTESIAN_POINT('',(-147.75,-22.,-10.));
#17568 = VECTOR('',#17569,1.);
#17569 = DIRECTION('',(0.,0.,1.));
#17570 = PCURVE('',#16979,#17571);
#17571 = DEFINITIONAL_REPRESENTATION('',(#17572),#17576);
#17572 = LINE('',#17573,#17574);
#17573 = CARTESIAN_POINT('',(-6.28318530718,0.));
#17574 = VECTOR('',#17575,1.);
#17575 = DIRECTION('',(-0.,-1.));
#17576 = ( GEOMETRIC_REPRESENTATION_CONTEXT(2) 
PARAMETRIC_REPRESENTATION_CONTEXT() REPRESENTATION_CONTEXT('2D SPACE',''
  ) );
#17577 = PCURVE('',#16979,#17578);
#17578 = DEFINITIONAL_REPRESENTATION('',(#17579),#17583);
#17579 = LINE('',#17580,#17581);
#17580 = CARTESIAN_POINT('',(-0.,0.));
#17581 = VECTOR('',#17582,1.);
#17582 = DIRECTION('',(-0.,-1.));
#17583 = ( GEOMETRIC_REPRESENTATION_CONTEXT(2) 
PARAMETRIC_REPRESENTATION_CONTEXT() REPRESENTATION_CONTEXT('2D SPACE',''
  ) );
#17584 = ORIENTED_EDGE('',*,*,#16958,.F.);
#17585 = ORIENTED_EDGE('',*,*,#17564,.F.);
#17586 = ADVANCED_FACE('',(#17587),#17014,.F.);
#17587 = FACE_BOUND('',#17588,.T.);
#17588 = EDGE_LOOP('',(#17589,#17590,#17611,#17612));
#17589 = ORIENTED_EDGE('',*,*,#17357,.T.);
#17590 = ORIENTED_EDGE('',*,*,#17591,.T.);
#17591 = EDGE_CURVE('',#17358,#16994,#17592,.T.);
#17592 = SEAM_CURVE('',#17593,(#17597,#17604),.PCURVE_S1.);
#17593 = LINE('',#17594,#17595);
#17594 = CARTESIAN_POINT('',(-117.75,-22.,-10.));
#17595 = VECTOR('',#17596,1.);
#17596 = DIRECTION('',(0.,0.,1.));
#17597 = PCURVE('',#17014,#17598);
#17598 = DEFINITIONAL_REPRESENTATION('',(#17599),#17603);
#17599 = LINE('',#17600,#17601);
#17600 = CARTESIAN_POINT('',(-6.28318530718,0.));
#17601 = VECTOR('',#17602,1.);
#17602 = DIRECTION('',(-0.,-1.));
#17603 = ( GEOMETRIC_REPRESENTATION_CONTEXT(2) 
PARAMETRIC_REPRESENTATION_CONTEXT() REPRESENTATION_CONTEXT('2D SPACE',''
  ) );
#17604 = PCURVE('',#17014,#17605);
#17605 = DEFINITIONAL_REPRESENTATION('',(#17606),#17610);
#17606 = LINE('',#17607,#17608);
#17607 = CARTESIAN_POINT('',(-0.,0.));
#17608 = VECTOR('',#17609,1.);
#17609 = DIRECTION('',(-0.,-1.));
#17610 = ( GEOMETRIC_REPRESENTATION_CONTEXT(2) 
PARAMETRIC_REPRESENTATION_CONTEXT() REPRESENTATION_CONTEXT('2D SPACE',''
  ) );
#17611 = ORIENTED_EDGE('',*,*,#16993,.F.);
#17612 = ORIENTED_EDGE('',*,*,#17591,.F.);
#17613 = ADVANCED_FACE('',(#17614),#17049,.F.);
#17614 = FACE_BOUND('',#17615,.T.);
#17615 = EDGE_LOOP('',(#17616,#17617,#17638,#17639));
#17616 = ORIENTED_EDGE('',*,*,#17387,.T.);
#17617 = ORIENTED_EDGE('',*,*,#17618,.T.);
#17618 = EDGE_CURVE('',#17388,#17029,#17619,.T.);
#17619 = SEAM_CURVE('',#17620,(#17624,#17631),.PCURVE_S1.);
#17620 = LINE('',#17621,#17622);
#17621 = CARTESIAN_POINT('',(-147.75,22.,-10.));
#17622 = VECTOR('',#17623,1.);
#17623 = DIRECTION('',(0.,0.,1.));
#17624 = PCURVE('',#17049,#17625);
#17625 = DEFINITIONAL_REPRESENTATION('',(#17626),#17630);
#17626 = LINE('',#17627,#17628);
#17627 = CARTESIAN_POINT('',(-6.28318530718,0.));
#17628 = VECTOR('',#17629,1.);
#17629 = DIRECTION('',(-0.,-1.));
#17630 = ( GEOMETRIC_REPRESENTATION_CONTEXT(2) 
PARAMETRIC_REPRESENTATION_CONTEXT() REPRESENTATION_CONTEXT('2D SPACE',''
  ) );
#17631 = PCURVE('',#17049,#17632);
#17632 = DEFINITIONAL_REPRESENTATION('',(#17633),#17637);
#17633 = LINE('',#17634,#17635);
#17634 = CARTESIAN_POINT('',(-0.,0.));
#17635 = VECTOR('',#17636,1.);
#17636 = DIRECTION('',(-0.,-1.));
#17637 = ( GEOMETRIC_REPRESENTATION_CONTEXT(2) 
PARAMETRIC_REPRESENTATION_CONTEXT() REPRESENTATION_CONTEXT('2D SPACE',''
  ) );
#17638 = ORIENTED_EDGE('',*,*,#17028,.F.);
#17639 = ORIENTED_EDGE('',*,*,#17618,.F.);
#17640 = ADVANCED_FACE('',(#17641),#17084,.F.);
#17641 = FACE_BOUND('',#17642,.T.);
#17642 = EDGE_LOOP('',(#17643,#17644,#17665,#17666));
#17643 = ORIENTED_EDGE('',*,*,#17417,.T.);
#17644 = ORIENTED_EDGE('',*,*,#17645,.T.);
#17645 = EDGE_CURVE('',#17418,#17064,#17646,.T.);
#17646 = SEAM_CURVE('',#17647,(#17651,#17658),.PCURVE_S1.);
#17647 = LINE('',#17648,#17649);
#17648 = CARTESIAN_POINT('',(-117.75,22.,-10.));
#17649 = VECTOR('',#17650,1.);
#17650 = DIRECTION('',(0.,0.,1.));
#17651 = PCURVE('',#17084,#17652);
#17652 = DEFINITIONAL_REPRESENTATION('',(#17653),#17657);
#17653 = LINE('',#17654,#17655);
#17654 = CARTESIAN_POINT('',(-6.28318530718,0.));
#17655 = VECTOR('',#17656,1.);
#17656 = DIRECTION('',(-0.,-1.));
#17657 = ( GEOMETRIC_REPRESENTATION_CONTEXT(2) 
PARAMETRIC_REPRESENTATION_CONTEXT() REPRESENTATION_CONTEXT('2D SPACE',''
  ) );
#17658 = PCURVE('',#17084,#17659);
#17659 = DEFINITIONAL_REPRESENTATION('',(#17660),#17664);
#17660 = LINE('',#17661,#17662);
#17661 = CARTESIAN_POINT('',(-0.,0.));
#17662 = VECTOR('',#17663,1.);
#17663 = DIRECTION('',(-0.,-1.));
#17664 = ( GEOMETRIC_REPRESENTATION_CONTEXT(2) 
PARAMETRIC_REPRESENTATION_CONTEXT() REPRESENTATION_CONTEXT('2D SPACE',''
  ) );
#17665 = ORIENTED_EDGE('',*,*,#17063,.F.);
#17666 = ORIENTED_EDGE('',*,*,#17645,.F.);
#17667 = ( GEOMETRIC_REPRESENTATION_CONTEXT(3) 
GLOBAL_UNCERTAINTY_ASSIGNED_CONTEXT((#17671)) 
GLOBAL_UNIT_ASSIGNED_CONTEXT((#17668,#17669,#17670)) 
REPRESENTATION_CONTEXT('Context #1',
  '3D Context with UNIT and UNCERTAINTY') );
#17668 = ( LENGTH_UNIT() NAMED_UNIT(*) SI_UNIT(.MILLI.,.METRE.) );
#17669 = ( NAMED_UNIT(*) PLANE_ANGLE_UNIT() SI_UNIT($,.RADIAN.) );
#17670 = ( NAMED_UNIT(*) SI_UNIT($,.STERADIAN.) SOLID_ANGLE_UNIT() );
#17671 = UNCERTAINTY_MEASURE_WITH_UNIT(LENGTH_MEASURE(1.E-07),#17668,
  'distance_accuracy_value','confusion accuracy');
#17672 = CONTEXT_DEPENDENT_SHAPE_REPRESENTATION(#17673,#17675);
#17673 = ( REPRESENTATION_RELATIONSHIP('','',#16632,#10) 
REPRESENTATION_RELATIONSHIP_WITH_TRANSFORMATION(#17674) 
SHAPE_REPRESENTATION_RELATIONSHIP() );
#17674 = ITEM_DEFINED_TRANSFORMATION('','',#11,#47);
#17675 = PRODUCT_DEFINITION_SHAPE('Placement','Placement of an item',
  #17676);
#17676 = NEXT_ASSEMBLY_USAGE_OCCURRENCE('9',
  '09_Rear_Castor_Adapter_Blank','',#5,#16627,$);
#17677 = PRODUCT_RELATED_PRODUCT_CATEGORY('part',$,(#16629));
#17678 = MECHANICAL_DESIGN_GEOMETRIC_PRESENTATION_REPRESENTATION('',(
    #17679),#6224);
#17679 = STYLED_ITEM('color',(#17680),#3150);
#17680 = PRESENTATION_STYLE_ASSIGNMENT((#17681));
#17681 = SURFACE_STYLE_USAGE(.BOTH.,#17682);
#17682 = SURFACE_SIDE_STYLE('',(#17683));
#17683 = SURFACE_STYLE_FILL_AREA(#17684);
#17684 = FILL_AREA_STYLE('',(#17685));
#17685 = FILL_AREA_STYLE_COLOUR('',#17686);
#17686 = COLOUR_RGB('',0.199999998682,0.670000002606,0.56000001326);
#17687 = MECHANICAL_DESIGN_GEOMETRIC_PRESENTATION_REPRESENTATION('',(
    #17688),#13455);
#17688 = STYLED_ITEM('color',(#17689),#12421);
#17689 = PRESENTATION_STYLE_ASSIGNMENT((#17690));
#17690 = SURFACE_STYLE_USAGE(.BOTH.,#17691);
#17691 = SURFACE_SIDE_STYLE('',(#17692));
#17692 = SURFACE_STYLE_FILL_AREA(#17693);
#17693 = FILL_AREA_STYLE('',(#17694));
#17694 = FILL_AREA_STYLE_COLOUR('',#17695);
#17695 = COLOUR_RGB('',0.729999995167,0.760000013601,0.800000010877);
#17696 = MECHANICAL_DESIGN_GEOMETRIC_PRESENTATION_REPRESENTATION('',(
    #17697),#12402);
#17697 = STYLED_ITEM('color',(#17698),#9336);
#17698 = PRESENTATION_STYLE_ASSIGNMENT((#17699));
#17699 = SURFACE_STYLE_USAGE(.BOTH.,#17700);
#17700 = SURFACE_SIDE_STYLE('',(#17701));
#17701 = SURFACE_STYLE_FILL_AREA(#17702);
#17702 = FILL_AREA_STYLE('',(#17703));
#17703 = FILL_AREA_STYLE_COLOUR('',#17704);
#17704 = COLOUR_RGB('',0.590000005974,0.399999997426,0.760000013601);
#17705 = MECHANICAL_DESIGN_GEOMETRIC_PRESENTATION_REPRESENTATION('',(
    #17706),#14508);
#17706 = STYLED_ITEM('color',(#17707),#13474);
#17707 = PRESENTATION_STYLE_ASSIGNMENT((#17708));
#17708 = SURFACE_STYLE_USAGE(.BOTH.,#17709);
#17709 = SURFACE_SIDE_STYLE('',(#17710));
#17710 = SURFACE_STYLE_FILL_AREA(#17711);
#17711 = FILL_AREA_STYLE('',(#17712));
#17712 = FILL_AREA_STYLE_COLOUR('',#17695);
#17713 = MECHANICAL_DESIGN_GEOMETRIC_PRESENTATION_REPRESENTATION('',(
    #17714),#3131);
#17714 = STYLED_ITEM('color',(#17715),#65);
#17715 = PRESENTATION_STYLE_ASSIGNMENT((#17716));
#17716 = SURFACE_STYLE_USAGE(.BOTH.,#17717);
#17717 = SURFACE_SIDE_STYLE('',(#17718));
#17718 = SURFACE_STYLE_FILL_AREA(#17719);
#17719 = FILL_AREA_STYLE('',(#17720));
#17720 = FILL_AREA_STYLE_COLOUR('',#17721);
#17721 = COLOUR_RGB('',0.120000001395,0.480000004686,0.78000000177);
#17722 = MECHANICAL_DESIGN_GEOMETRIC_PRESENTATION_REPRESENTATION('',(
    #17723),#16614);
#17723 = STYLED_ITEM('color',(#17724),#15580);
#17724 = PRESENTATION_STYLE_ASSIGNMENT((#17725));
#17725 = SURFACE_STYLE_USAGE(.BOTH.,#17726);
#17726 = SURFACE_SIDE_STYLE('',(#17727));
#17727 = SURFACE_STYLE_FILL_AREA(#17728);
#17728 = FILL_AREA_STYLE('',(#17729));
#17729 = FILL_AREA_STYLE_COLOUR('',#17695);
#17730 = MECHANICAL_DESIGN_GEOMETRIC_PRESENTATION_REPRESENTATION('',(
    #17731),#15561);
#17731 = STYLED_ITEM('color',(#17732),#14527);
#17732 = PRESENTATION_STYLE_ASSIGNMENT((#17733));
#17733 = SURFACE_STYLE_USAGE(.BOTH.,#17734);
#17734 = SURFACE_SIDE_STYLE('',(#17735));
#17735 = SURFACE_STYLE_FILL_AREA(#17736);
#17736 = FILL_AREA_STYLE('',(#17737));
#17737 = FILL_AREA_STYLE_COLOUR('',#17695);
#17738 = MECHANICAL_DESIGN_GEOMETRIC_PRESENTATION_REPRESENTATION('',(
    #17739),#9317);
#17739 = STYLED_ITEM('color',(#17740),#6243);
#17740 = PRESENTATION_STYLE_ASSIGNMENT((#17741));
#17741 = SURFACE_STYLE_USAGE(.BOTH.,#17742);
#17742 = SURFACE_SIDE_STYLE('',(#17743));
#17743 = SURFACE_STYLE_FILL_AREA(#17744);
#17744 = FILL_AREA_STYLE('',(#17745));
#17745 = FILL_AREA_STYLE_COLOUR('',#17746);
#17746 = COLOUR_RGB('',0.910000008889,0.539999996136,0.199999998682);
#17747 = MECHANICAL_DESIGN_GEOMETRIC_PRESENTATION_REPRESENTATION('',(
    #17748),#17667);
#17748 = STYLED_ITEM('color',(#17749),#16633);
#17749 = PRESENTATION_STYLE_ASSIGNMENT((#17750));
#17750 = SURFACE_STYLE_USAGE(.BOTH.,#17751);
#17751 = SURFACE_SIDE_STYLE('',(#17752));
#17752 = SURFACE_STYLE_FILL_AREA(#17753);
#17753 = FILL_AREA_STYLE('',(#17754));
#17754 = FILL_AREA_STYLE_COLOUR('',#17755);
#17755 = COLOUR_RGB('',0.299999996101,0.380000002513,0.490000003723);
ENDSEC;
END-ISO-10303-21;
